,ADF,ADL,AFD,AIA,AIB,AIM,AIN,AIY,AIZ,ALA,AS,ASE,ASG,ASH,ASI,ASK,AUA,AVA,AVB,AVD,AVE,AVF,AVH,AVJ,AVK,AVL,AVM,AWA,AWB,AWC,Amphid sheath,Amphid socket,Anal muscle,Apoptotic germ cells,Arcade cells,BAG,BDU,Body wall muscle anterior,Body wall muscle middle,Body wall muscle posterior,CAN,CEP_ADE_PDE,Cephalic and inner labial socket,Cephalic sheath,Coelomocytes,DA_VA,DB_VB,DVA,DVB,DVC,Differentiated germ,Distal tip,Dorsal uterine cell,Embryonic cells,Excretory cells,Excretory duct,Excretory gland,GLR,Glia_1,Glia_2,Glia_3,Glia_4,HSN,Hypodermis head,Hypodermis tail,I1,I2,I4,I5,IL1,Intestinal-rectal valve,Intestine anterior,Intestine middle,Intestine posterior,LUA,M1,M2,M3,M4,M5,MI,Marginal cells,Mature sperm,Meiotic germ cells,Mitotic germ cells,NSM,OLL,OLQ,Oocytes,PDA,PDB,PHC,PLM_ALM,PLN,PVC,PVD_FLP,PVM,PVN,PVP,PVQ,PVR,PVT,PVW,Phasmid sheath,Phasmid socket,RIA,RIB,RIC,RID,RIF,RIG,RIH,RIM,RIP,RIR,RIS,RIV,RMD,RMD_LR,RME,RMF,RMG,RMH,Rectal gland,SAA,SAB,SDQ,SIA,SIB,SMB,SMD,Seam cells (bus+),Seam cells (grd+),Seminal vesicle (male),Spermatheca bag distal,Spermatheca bag proximal,Spermatheca neck distal,Spermatheca neck proximal,Spermatheca-Uterine junction,Spermatids,Spermatocytes,Syncitial pachytene spermatocytes,URA,URB,URX_AQR_PQR,URY,Unassigned hypodermis/gonadal sheath,Unassigned sex-specific muscle,Unassigned sheath cells,Unassigned uterine cells,Uterine muscle,Uterine seam cells,Uterine toroid,Uterine-vulval cells,VC,VC_4_5,VD_DD,Vulval cells,XXX,cat-4(+)ptps-1(+) intestine anterior,e1_e3 (pharyngeal epithelium),e2 (pharyngeal epithelium),g1A (pharyngeal gland),g1P (pharyngeal gland),g2 (pharyngeal gland),hmc,hyp4_to_hyp6,hyp7 (hypodermis),pm1_pm2 (pharyngeal muscle),pm3_pm4_pm5 (pharyngeal muscle),pm6_pm7 (pharyngeal muscle),sh1 (gonadal sheath distal),sh2 (gonadal sheath distal),sh3_sh4 (gonadal sheath proximal),sh5 (gonadal sheath proximal),vm1 (vulval muscle),vm2 (vulval muscle)
LFQ intensity D1_1,0.0,0.0,0.01370658886443814,0.0,0.0,0.0,0.0005463036273404674,0.0016005183855433234,0.013445042606742421,0.0,0.0,0.0,0.019246051174675927,0.0007933028266025112,0.00086790839497791,0.0,0.0007984493155271659,0.0,0.019938323124911624,0.029516281422926997,0.0223261665282842,0.005535753455228075,0.02026088801566414,0.0,0.006088273971628511,0.0003345354076051458,0.0,0.0,0.019963744424823484,0.005213163485841956,0.0,0.0,0.0026923188113100334,0.0017007738117727229,0.0,0.0,0.011308353879344785,0.0047621212861092875,0.007982659867356757,0.0,0.003670171155810554,0.02145549381110585,0.0,0.0018879955371533422,0.0,0.0,0.0,0.013203341573294239,0.0,0.009542988467513776,0.06307566171678565,0.005680861155725736,4.7199343652246084e-05,0.0,0.0,0.03630590531019623,0.0,0.0007108170408273626,0.0,0.009128548442613887,0.0,0.00825278255822163,0.005369933429940045,0.025549874380404024,0.0,0.0,0.0,0.0,0.00938684188595028,0.0,0.001868689819009754,0.0,0.002384813095205106,0.015246824258132978,0.0,0.05005070686230672,0.0,0.0,0.0,0.0,0.0,0.014129090450807206,0.012302426661838858,0.01591804923381353,0.0,0.0,0.0,0.0,0.0,0.0,0.029408917790643363,0.0,0.0,0.0,0.0,0.0,0.0,0.0,0.009415873597743771,0.0,0.001373917628658683,0.009253883218966644,0.019683631596529073,0.0,0.0,0.0,0.031225372215145722,0.0016527018509881345,0.0,0.0,0.0,0.0,0.010644357870136276,0.0,0.0,0.0077132881662364565,0.0,0.019348541331049556,0.007598505689647545,0.0,0.0,0.0017932531604506316,0.0,0.023022478363800968,0.006460475883971378,0.0,0.028225986531340126,0.0,0.0,0.012426038867158897,0.0065186573986999955,0.00988021085391647,0.0,0.010121002644842473,0.0020187039239574493,0.001549635841485191,0.0029156622825184373,0.0,0.0,0.0,0.0,0.007089623204559239,0.006926032861295922,0.010441157800125191,0.0,0.025670557287848852,0.0,0.0,0.010044630037941087,0.009199866630496451,0.007548917236814148,0.0017840862295546666,0.0,0.010264205528965835,0.004614499884850683,0.0,0.0,0.0,0.006626456454442447,0.0,0.0,0.0,0.0023258796868289005,0.0,0.0,0.0,0.018202856594194457,0.0,0.0,0.04871926410379328,0.0,0.007576021264452076,0.01644471419169413,0.0,0.016336190469646884,0.004137404945643969,0.0
LFQ intensity D1_10,0.0,0.0,0.000940624952115691,0.0,0.005273427699442451,0.0,0.0,0.010896318709425692,0.011287092944104533,0.0,0.0,0.0,0.018223545529437803,0.00109424258960904,0.000618486833736847,0.0,0.0,0.0,0.01955562704699273,0.03202742240528524,0.01794279785793698,0.0,0.013288338406507654,0.0,0.004879888969635307,0.0024558044341009217,0.0,0.0,0.03238281711173514,0.0018909544370503092,0.0,0.0,0.005878196360266603,0.0003919520339899059,0.0,0.0,0.0,0.0,0.010116184842439034,0.006376359267154283,0.004351254756427476,0.02415853320421542,0.0,0.0,0.0,0.0,0.0,0.018491691128385154,0.0,0.021403159570852034,0.05886247064305965,0.00015636533818167664,0.0017646879873917294,0.0,0.0,0.02382012099994215,0.0,0.0,0.0,0.0,0.0,0.010657862049146538,0.007366791282488713,0.014934836881929023,0.0,0.0,0.0,0.0,0.0036366250341349805,0.0,0.001044440796372426,0.0,0.0032471107520630933,0.01962451867130404,0.0,0.05559422953187243,0.0,0.0,0.0030365669595817735,0.0,0.0,0.015313221212332034,0.008463318109529744,0.018468811750945363,0.0,0.0,0.0,0.0,0.0,0.0,0.028802350616856688,0.0,0.0,0.0,0.0,0.011433553656628025,0.0,0.0,0.006741728308054984,0.0,6.641791511577764e-05,0.00010585047308649592,0.010363077049336113,0.0,0.0034860045246276343,0.0,0.03813521809617285,0.0034112043592636134,0.0,0.0,0.00030304953451882824,0.0,0.003316388914044628,0.0,0.0,0.013808484187405639,0.0,0.02162628413840488,0.0012903830649647233,0.0,0.0,0.0037443951417514675,0.0026876067082106177,0.022492367728618446,0.010770193765259386,0.00014576231209900044,0.02519008523091878,0.0,0.0,0.006821030249695004,0.008054761482775943,0.013774695483943743,0.010145487564110616,0.007898772256625004,0.0037464085955526954,0.001378866983696937,0.002875662070536989,0.0,0.0,0.0,0.0,0.0033012062738012188,0.0047979250791076195,0.00332698901205306,0.0,0.03740276950125988,0.0,0.0,0.007764943800198289,0.007078027620649967,0.011630675567539984,0.0013206996767928295,0.0,0.006445997575279509,0.0,0.0,0.0,0.0,0.006388467940482496,0.0,0.0,0.0,0.0021760033982202993,0.0,0.0,0.0,0.03394459873249473,0.0,0.0,0.04920862449305222,0.0,0.006560087341330941,0.01133599620192684,0.0,0.01803025581648332,0.01675394246592977,0.0
LFQ intensity D1_11,0.0,0.0,0.0,0.0,0.006601046496331385,0.0,0.0018534787036685314,0.014439801351216856,0.013133012032470618,0.0,0.0,0.0,0.01526314502601877,0.0012891391238128735,0.00024262902221085293,0.0,0.0,0.0,0.015953489910856055,0.029579766824397596,0.015538431529465596,0.0,0.007412689784588666,0.0,0.004797918758127807,0.0,0.0,0.0,0.019846309641599405,0.001894936411908818,0.0,0.0,0.0028023855077787736,0.001050951552110731,0.0,0.0,0.0,0.003292734048254944,0.011188466869889129,0.002676998453108103,0.0034513092885896796,0.026301145749072375,0.0,0.004797661751782251,0.0,0.0,0.0,0.011477918129900996,0.0,0.01732570829709702,0.07231589280557611,0.0012756262975406039,0.006345609106966644,0.0,0.0,0.03408064283111942,0.0,0.0,0.0,0.0,0.0,0.007148192177115765,0.0,0.03300554987733218,0.0,0.0,0.0,0.0,0.005708306119661005,0.0,0.005329029221009779,0.0,0.00495236591414719,0.03092805679657546,0.0,0.05560404020074584,0.0,0.0,0.0004820637356723777,0.0,0.0,0.01304423135071825,0.007764823727075763,0.013993660780474556,0.0,0.0,0.0,0.0033248553974269085,0.0,0.0,0.02991419375985143,0.0,0.0,0.0,0.0,0.01613555870957698,0.0,0.0,0.005631784405086198,0.0,0.007457273805585775,0.0012020110792434137,0.007002638332450357,0.0,0.0,0.0,0.018282382362886828,0.001832059251641121,0.0,0.0,0.0,0.0,0.011096433340829872,0.006814071268502257,0.002625437715647291,0.01810625960861071,0.0,0.020259422634798185,0.009216885872562301,0.0,0.0,0.0,0.0,0.024325858295091585,0.0031276378736399993,0.0,0.023619167742067935,0.0,0.0,0.00965386067017544,0.015524962366222672,0.010068945091890453,0.0,0.007619422174061636,0.0,0.003372541400669861,0.0010897785725044078,0.0,0.002748403022647449,0.0,0.0,0.00931752400312152,0.0012184066953999527,0.0013174481039016984,0.0,0.034101388201272995,0.0,0.0,0.008563906294343589,0.008354900313408364,0.016544462929139192,0.003810971950998999,0.0,0.005311128672259622,0.003911555184619756,0.0,0.0,0.0,0.01096794834971911,0.0,0.0,0.0,0.0028917397596453977,0.0,0.0,0.0,0.012663294647885853,0.0,0.0,0.04115227248241946,0.0,0.005507783268748295,0.01926387826441467,0.0,0.016526815015926177,0.01433356590311539,0.0
LFQ intensity D1_2,0.0,0.0,0.014443521410777291,0.0,0.005624080665508835,0.0,0.0016200973939311458,0.012970689498937574,0.009250022746004751,0.0,0.0,0.0,0.018172636670070547,0.0,0.000570757230670939,0.0,0.0,0.0,0.025088637633621763,0.03145656329831127,0.031876408608321895,0.0,0.016674262140111043,0.0,0.004533100366949579,0.00019498090549928347,0.0,0.0,0.01937811373680056,0.003955861729007951,0.0,0.0,0.0,0.005304806201478461,0.0,0.0,0.0,0.0,0.009242820193745734,0.005179206736251558,0.006529132517247682,0.029889293773727173,0.0,0.0,0.0,0.0,0.0,0.011773432578649273,0.0,0.015214361131096064,0.07166915746104562,0.006738804885529724,0.0029669934132150917,0.0,0.0,0.034587464560697306,0.0,0.0,0.0,0.0,0.0,0.009778937778665767,0.0,0.030305051709903327,0.0,0.0,0.0,0.0,0.004703074444960199,0.0,0.0006448616992012979,0.0,0.0,0.02189747773346843,0.0,0.041852274296141495,0.0,0.0,0.0026841176153020087,0.0,0.0,0.011373845004972306,0.01012423848086666,0.015511993980203196,0.0,0.0,0.0,0.0,0.0,0.0,0.017408524843710724,0.0,0.0,0.0,0.0,0.018502697234833224,0.0,0.0,0.011945594643988061,0.0,0.0,0.0035310360029366574,0.010260667641589633,0.0,0.0,0.0,0.03224539132512793,0.002009496756063244,0.0,0.0,0.0025782146377390015,0.0,0.002801083018559857,0.0,0.0,0.014271414531370099,0.0,0.019680088635763728,0.011397402412613234,0.0,0.0,0.0043517840280237925,0.0,0.024707431739874844,0.009817945457023153,0.0,0.02283630116178457,0.0,0.0,0.0146563563077173,0.004658781140883909,0.00864027140377916,0.0028461535050905372,0.010143793573714368,0.0,0.002582610308062211,0.001959555738051552,0.0,0.0032376182045010353,0.0,0.0,0.0027758311195625247,0.005621041191199014,0.0005379181787728864,0.0,0.045990862005664164,0.0,0.0,0.003910131047613953,0.008358133926392208,0.009846981004427158,0.0032133763872165292,0.0,0.005743203452306504,0.013092520131827177,0.0,0.0,0.004505929053820195,0.010846394504457901,0.0,0.0,0.0,0.0024165662276746033,0.0,0.0,0.004310908684172206,0.0017277138113011808,0.0,0.0,0.04897127958227985,0.0,0.0,0.013003158665406255,0.0,0.013601141549999196,0.0006756149922117966,0.0
LFQ intensity D1_3,0.0,0.0,0.013132975211482014,0.0,0.0066037939481262305,0.0,0.0012658148889680397,0.00124073598013013,0.015314468923786942,0.0,0.0,0.0,0.01656325533178175,0.0010514129636686818,0.00014385819752926298,0.0,0.0,0.0,0.013392077965030775,0.03325825329913646,0.016142138106992117,0.0,0.01570119422561089,0.0,0.005159062961535607,0.0,0.0,0.0,0.04379491342486402,0.0059066077206588515,0.0,0.0,0.0,0.0031349591458951797,0.0,0.0,0.0,9.285295789905234e-05,0.011486131325506887,0.00022597152715064206,0.002908858382988287,0.024433176793488925,0.0,0.0,0.0,0.0,0.0,0.016798804338919573,0.0,0.01718282893316021,0.07031152200589799,0.005886518086649332,0.0047045127410031235,0.0,0.0,0.029595728386898154,0.0,0.0,0.0,0.0,0.0,0.008136182249397324,0.006694747342011599,0.03640259842522015,0.0,0.0,0.0,0.0,0.004403240201129146,0.0,0.0,0.0,0.005788836385964743,0.018234646713446098,0.0,0.04606930905770278,0.0,0.0,0.0005976138375756071,0.0,0.0,0.011939263837501332,0.010230698657763807,0.014525512042977636,0.0,0.0,0.0,0.0,0.0,0.0,0.023479803381881773,0.0,0.0,0.0,0.0,0.017574163314857016,0.0,0.0,0.005456016282793418,0.0,0.005153718994428049,0.002134789722407013,0.01983701629055946,0.0,0.0,0.0,0.030115205125098722,0.000933675085003993,0.0,0.0,0.0,0.0,0.011094932640121338,0.0,0.0,0.009186701312661564,0.0,0.016837183369618584,0.0066973873739023465,0.0,0.0,0.0,0.00317733987387506,0.02198137404659967,0.0029334515994107364,0.0,0.021634663764650626,0.0,0.0,0.009236794244231156,0.015491385529514769,0.009171470342760136,0.0076851174422917536,0.008135072800707542,0.00010167942632153233,8.805784608618629e-05,0.005443112632645536,0.0,0.0025424370096174434,0.0,0.0,0.001995327551909937,0.01104225659176215,0.004599437278521994,0.0,0.03369764761655796,0.0,0.0,0.00690749760438627,0.006281678308347579,0.008072988753133645,0.0020682802575790935,0.0,0.007513003042433231,2.9145936290858263e-05,0.0,0.0,0.004168275847844905,0.014582013420406626,0.0,0.0,0.0,0.002236710006089792,0.0,0.0,0.0006472749216028856,0.0,0.0,0.0,0.04136419533287227,0.0,0.016730544729483928,0.019924580048038338,0.0,0.018549919373924164,0.0050115974013195536,0.0
LFQ intensity D1_4,0.0,0.0,0.012974041473150797,0.0,0.00646047483791048,0.0,0.0013792410002934274,0.011797428482713222,0.007979202451747668,0.0,0.0,0.0,0.017448792451989284,0.0005474676314804358,0.0004657245384317603,0.0,0.0017755581096987496,0.0,0.020365795326874808,0.03024410351279144,0.02289277794151096,0.0,0.01833317117690553,0.0,0.010722928752662196,0.0,0.0,0.0,0.020661232377981967,0.0037843231346856524,0.0,0.0,3.902926362989032e-05,0.0009934238991765507,0.0,0.0,0.0,0.0,0.01068441599404162,0.005084154387011888,0.001412668622762086,0.023445241720509626,0.0,0.002785095537703412,0.0,0.0,0.0,0.017611324941509215,0.0,0.015094454604282985,0.07476401150953722,0.0,0.002278343187689812,0.0,0.0,0.03622858063082116,0.0,0.0,0.0,0.0,0.0,0.007575776712981996,0.0,0.01688490576661981,0.0,0.0,0.0,0.0,0.0038294579602136287,0.0,5.8249065764161475e-05,0.0,0.0,0.01717182148735842,0.0,0.05039159988159639,0.0,0.0,0.001856136455321993,0.0,0.0,0.007200115369416267,0.008576159277068224,0.016031603982345793,0.0,0.0,0.0,0.0011016214283057358,0.0,0.0,0.031018157728646894,0.0,0.0,0.0,0.0,0.017586907747129246,0.0,0.0,0.009042438460048602,0.0,0.0,0.0006672919967828072,0.009136269120350008,0.0,0.011679351389746167,0.0,0.0395227740471747,0.0022093671756579854,0.0,0.0,0.0,0.0,0.0036347913198781228,0.0,0.0,0.013064596828147059,0.0,0.0207911444476688,0.005342262905033335,0.0,0.0,0.0010763782420753942,0.0,0.022678966073878846,0.004653433772789317,0.0006300987889332392,0.021668048860229563,0.0,0.0,0.008216099467825639,0.003229698122833357,0.01013552350213542,0.006343371263425728,0.008853755878764013,0.0,0.0,0.005846868646931001,0.0,0.0027770877291788507,0.0,0.0,0.0036647641025092247,0.01208812267961751,0.0001391712021949968,0.0,0.042768425166044115,0.0,0.0,0.006850046261659753,0.004366245909244488,0.018499027551549863,0.0015190198648991065,0.0,0.009210115583961882,0.0,0.0,0.0,0.0,0.01478308188806658,0.0,0.0,0.0,0.0022248409522691356,0.0,0.0,0.0,0.012353440095550259,0.0,0.0,0.043761837000031806,0.0,0.017682296017251267,0.015359759555349068,0.0,0.015364345566766845,0.01063032220127375,0.0
LFQ intensity D1_5,0.0,0.0,0.0,0.0,0.006468009335999277,0.0,0.0015178419524583754,0.01808855501295807,0.0334189803140706,0.0,0.001967961694946024,0.0,0.01618178205224255,0.001081886454892282,0.0,0.0,0.0,0.0,0.01801875379837906,0.028265129388209468,0.018176910140667666,0.0,0.014538508003795601,0.0,0.0062588669157782285,0.0,0.0,0.0,0.04360148823022045,0.0006653592137460579,0.0,0.0,0.0,0.0002688452381374784,0.0,0.0,0.0,0.0,0.011743757737400391,0.006610650284539226,0.0034616909317928797,0.02965068944211861,0.0,0.002902406161696177,0.0,0.0,0.0,0.0088318773412417,0.0,0.02058236270434719,0.07068089031683501,0.004833323221431997,0.005399050002444982,0.0,0.0,0.03436783377847881,0.0,0.0,0.0,0.0,0.0,0.006737420252095272,0.004159126516426094,0.01710339477310731,0.0,0.0,0.0,0.0,0.005445102235457362,0.0,0.008822811344127069,0.0,0.004497231094595646,0.02795414733119,0.0009109897587884199,0.05146736110581269,0.0,0.0,0.0020166295330675,0.0,0.0,0.006520563343050051,0.00949844035374735,0.014828171065381004,0.0,0.0,0.0,0.0,0.0,0.0,0.03458179926020441,0.0,0.0,0.0,0.0,0.011915934646587896,0.0,0.0,0.004351191261754563,0.0,0.004735470414773739,0.0064029571968765644,0.0002638488218443272,0.0,0.014513684960906803,0.0,0.020610544235671602,0.00037952053526965857,0.0,0.0,0.0,0.0,0.0,0.0013737131737203208,0.0,0.00994190303588723,0.0,0.021689090533467514,0.0063841685191153115,0.0,0.0,0.0,0.002742513352024071,0.021145948944791347,0.0017134530524768126,0.0,0.023047242444758923,0.0,0.0,0.004590056742835725,0.009088657917774792,0.013030924694553966,0.003950106311176117,0.006151414042370176,0.0028754502011335745,0.00021250405594659338,0.0034156953394881033,0.0,0.002454341215873374,0.0,0.0,0.00352030346374009,0.0018025773243663251,0.0003440730865208994,0.0,0.03714177409966124,0.0,0.0,0.009929128682681539,0.005899707563574793,0.012639516364467323,0.003369806394821422,0.0,0.0,0.0,0.0,0.0,0.0,0.013579447153320191,0.0,0.0,0.0,0.003485754177405478,0.0,0.0,0.0,0.0223673546281108,0.0,0.0,0.042321409749018,0.0,0.005103980595998367,0.010528805209327379,0.0,0.015779181993930184,0.013080246226098356,0.0
LFQ intensity D1_6,0.0,0.0,0.00709273568691158,0.0,0.00827784472172881,0.0,0.001876889357540612,0.00035934780522268127,0.031941124975220114,0.0,0.0023150679144570657,0.0,0.014710323778292771,0.0021733879338209803,0.0008135290429548477,0.0,0.0,0.0,0.025605895138677556,0.02357081326180959,0.004584196497716548,0.0,0.020525338782249807,0.0,0.005016106143781582,0.0,0.0,0.0,0.039138063155127426,0.0,0.0,0.0,0.013405307997883385,0.004304186580400323,0.0,0.0,0.0,0.0,0.01027561556315159,0.0,0.001980773191741537,0.0208704518014519,0.0,0.0061629491316336025,0.0,0.0,0.0,0.0028823995590741675,0.0,0.020539532744288314,0.06809925695389263,0.012315091005811907,0.0,0.0,0.0,0.04881417802292633,0.0,0.0,0.0,0.012864494202379964,0.0,0.005850900208871605,0.0021726942509421522,0.0,0.0,0.0,0.0,0.0,0.004721271111518998,0.0,0.0007562544049802711,0.0,0.0,0.025584721274616803,0.0,0.054628417453331246,0.0,0.0,0.002348425686420227,0.0,0.0,0.01503556602407894,0.008912353456663375,0.014410382233600997,0.0,0.0,0.0,0.0014410067100181535,0.0,0.0,0.0333018022637654,0.0,0.0,0.0,0.0,0.012521380407997293,0.0,0.0,0.010144891499680554,0.0,0.0,0.010530346709897996,0.012850587017993707,0.0,0.0,0.0,0.01924212971680164,0.0021118786304686276,0.0,0.0,0.0,0.0,0.0,0.007612437171554357,0.0,0.017866545634065686,0.0,0.021666489313879756,0.01582496956063732,0.0,0.0,0.0,0.0035496329312501894,0.019700288328133163,0.0,0.0,0.010446205745854214,0.0,0.0,0.01011962371585947,0.000265220886290215,0.008363734479738483,0.006994643306118044,0.008925550073892471,0.0,0.0,0.0038041937334483225,0.0,0.0035044523722850816,0.0,0.0,0.0026228755041914583,0.0,0.002836447782303781,0.0,0.03728208407621029,0.0,0.0,0.014945043679025055,0.009811547923372375,0.012255356170103007,0.003628069325000483,0.0,0.009332038656516413,0.0,0.0,0.0,0.0,0.011758980330930273,0.0,0.0,0.0,0.003178252475622888,0.0,0.0,0.005491896354941896,0.0,0.004624627908446431,0.0,0.043689071227064946,0.0,0.009753862695959608,0.013530853617544419,0.0,0.013453251252251979,0.016081843755712335,0.0
LFQ intensity D1_7,0.0,0.0,0.013854513284657142,0.0,0.008782611083441123,0.0,0.0016459428487436054,0.010102129610343435,0.007261724810743382,0.0,0.0,0.0,0.01832922452388401,0.0005409631827864462,0.0,0.0,0.0,0.0,0.02364877434120081,0.024391899473042492,0.0234804500130472,0.0,0.016417152072858703,0.0,0.005027794680811641,0.0005738710043997935,0.0,0.0,0.023153939461931342,0.011125885735594938,0.0,0.0,0.0,0.0015455522460052994,0.0,0.0,0.0,0.0016180894150882269,0.012831623231134879,0.0017961213630515464,0.006544923025883124,0.026474451763441445,0.0,0.0,0.0,0.0,0.0,0.010079216727799817,0.0,0.0074792768378871685,0.05902893233164326,0.007741121094072309,0.00538983370808644,0.0,0.0,0.01849020043064395,0.0,0.002650314505795368,0.0,0.0,0.0,0.013009568367219363,0.00396915785986565,0.019803752664695258,0.0,0.0019840093915642447,0.0,0.0,0.0,0.0,0.0018431245348376384,0.0,0.001691268092002396,0.022349590500528076,0.0,0.055721758258552995,0.0,0.0,0.0,0.0,0.0,0.014353850118325441,0.004632201176015952,0.015377728283342412,0.0,0.0,0.0,0.0015121090243086963,0.0,0.0,0.021588785943374617,0.0,0.0,0.0,0.0,0.018764755023042548,0.0,0.0,0.012362129949876113,0.0,0.0028833095619767643,0.0015195906614764276,0.009167918658946629,0.0,0.0,0.0,0.027241642419778646,0.003703505263506808,0.0,0.0,0.0,0.0,0.009314630309248242,7.534437105222106e-05,0.0,0.022104794374840656,0.0,0.021432360472075737,0.005249899573068779,0.0,0.0,0.00462895812045854,0.005794510844784031,0.026763748626129805,0.022128305496382956,0.0,0.014813109910447196,0.0,0.0,0.011366011924530794,0.0,0.010770672629788942,0.00906912127472292,0.009836735812175122,0.0,0.004532177199477269,0.0012655476046620838,0.0,0.0041833837929248175,0.0,0.0,0.00030420381313467154,0.006672240435427869,0.007597176415544229,0.0,0.04219920249921303,0.0,0.0,0.0042354346883353945,0.0031105704300219326,0.0044059930726159865,0.002783851548481037,0.0,0.004491910150272753,0.009781127528872197,0.0,0.0,0.0,0.00417573637989006,0.0,0.0,0.0,0.0032937145545034957,0.0,0.0,0.0005008437275513047,0.018426263718131823,0.0,0.0,0.049435331692182415,0.0,0.0028969130823188363,0.02192340253518502,0.0,0.02213086496382914,0.004819617866463188,0.0
LFQ intensity D1_8,0.0,0.0,0.009365862498437266,0.0,0.009962113566956891,0.0,0.001297037975224923,0.0038588711323283144,0.026881745548691143,0.0,0.0,0.0,0.017572606876083936,0.0010223630744462106,2.6209330537215894e-05,0.0,0.0,0.0,0.02355697937533999,0.02318446753563992,0.018210184423529643,0.0,0.016264831041648047,0.0,0.010883045223113192,0.0,0.0,0.0,0.04796192832865242,0.004348639316667834,0.0,0.0,0.0,0.0015526807577925465,0.0,0.0,0.0,0.002008500295643044,0.011616572434848182,0.0,0.002782940522653662,0.019080797586770074,0.0,0.0,0.0,0.0,0.0,0.019835104727054104,0.0,0.015183572896615496,0.06122762582685836,0.003492313697684976,0.005069132949480538,0.0,0.0018560625246036107,0.02652142171909416,0.0,0.0,0.0,0.0,0.0,0.013180853285602248,0.0,0.004076784483389074,0.0,0.0,0.0,0.0,0.0,0.0,0.008682608996934505,0.0,0.0009445581901372735,0.028418275131785804,0.0,0.04616499645160415,0.0,0.0,0.002168947526999548,0.0,0.0,0.006680793091882822,0.004752694656109058,0.01634450036166967,0.0,0.0,0.0,0.01314017016897803,0.0,0.0,0.01986749516133255,0.0,0.0,0.0,0.0,0.01544804730550576,0.0,0.0,0.010901995496703072,0.0,0.0,0.010919102489928455,0.010810191220331288,0.0,0.008747885398868458,0.0,0.02418727921314496,0.00397726197224511,0.0,0.0,0.0,0.0,0.01049358368384913,0.0,0.0,0.015532222142113708,0.0,0.01958370438621626,0.001817886586979403,0.0,0.0,0.005150943965195622,0.0,0.02210405579121535,0.013327537545404859,0.0,0.015204682798473661,0.0,0.0,0.01533895185063649,0.0005857478681901113,0.01135414581879638,0.005609351227187012,0.006730723581160738,0.0,0.00047087068885419983,0.000993572744979105,0.0016222536682666678,0.0024859797725006396,0.0,0.0,0.00016616760564269569,0.012060152232719541,0.001993023469160032,0.0,0.031215021180583644,0.0,0.0,0.0066764730751822906,0.0,0.014850893075348894,0.00012934624906883236,0.0,0.006048687043510415,0.011227722203029393,0.0,0.0,0.0,0.007993648947213406,0.0,0.0,0.0,0.012949523697248036,0.0,0.0,0.0,0.025752178490552686,0.0,0.0,0.048938067109303506,0.0,0.0,0.011741453259939912,0.0,0.014479234667761576,0.011334141784168281,0.0
LFQ intensity D1_9,0.0,0.0,0.012353051032459043,0.0,0.007755826412673235,0.0,0.0013984413781717242,0.0,0.024191046495393224,0.0,0.0,0.0,0.016452273576603213,0.0005001506661591094,0.000996542485795395,0.0,0.0015425764054148436,0.0,0.02865824590677367,0.03670729171743512,0.016386704449650576,0.012117383741685028,0.016957960899874943,0.0,0.007622174649043525,0.002728570971542313,0.0,0.0,0.03499092585464116,0.005109525104497509,0.0,0.0,0.0,0.0,0.0,0.0,0.013808839127879299,0.0012663048734101966,0.010568613676619784,0.0,0.0016898527768509745,0.019973917604537844,0.0,0.004383101885608364,0.0,0.0,0.0,0.00415689435094318,0.0,0.009382439676905305,0.06658559449743301,0.0,0.009620596661347791,0.0,0.0,0.030339747381787158,0.0,0.0022269425353652894,0.0,0.0007396621544770157,0.0,0.007318883997789749,0.013029050864021223,0.018009316878810626,0.0,0.0,0.0,0.0,0.0045901724207281945,0.0,0.001999366478324442,0.0,0.0,0.016733828394380135,0.0,0.048666742797217465,0.0,0.0,0.0,0.0,0.0,0.014733149104862004,0.009916498859486603,0.014698681887235995,0.0,0.0,0.0,0.00017146005908896632,0.0,0.0,0.021450731854918408,0.0,0.0,0.0,0.0,0.0,0.0,0.0,0.010854175913850093,0.0,0.0,0.016682846400970886,0.016457773018503298,0.0,0.0,0.0,0.025551938980976543,0.0008289734687062229,0.0,0.0,0.008176592861079295,0.0,0.0018409798538208443,0.0,0.0,0.009875072846964286,0.0,0.01991787848979142,0.001281689051001784,0.0,0.0,0.006447483743163915,0.003146466699671331,0.024778653292255013,0.0015576775308592512,0.0,0.007347489086280918,0.0,0.0,0.014677282511926439,0.0022709679224373197,0.010664838451596614,0.00510074860124269,0.007752905189769452,0.0,0.0,0.003320418279830746,0.0009493160869045291,0.00347637612246253,0.0,0.0,0.0032650306904755347,0.010743469297345955,0.006963036118901054,0.0,0.03643888374183801,0.0,0.0007373214425527995,0.00707129553476135,0.00748939836729132,0.010289868529765551,0.0010132404983788823,0.0,0.003960258414744262,0.007455962407816211,0.0,0.0,0.0,0.005100353357597129,0.0,0.0,0.0,0.0,0.018915459715255482,0.0,0.0,0.015911522086093144,0.0,0.0,0.03999328194112537,0.0,0.015280620834061818,0.011778329135232317,0.0,0.0150440883144339,0.007060952620421887,0.0
LFQ intensity D10_1,0.0031426616555447137,0.0,0.008918860742832956,0.0,0.008868757942210224,0.0,1.075867081343348e-18,0.0,0.02188594592409252,0.0,0.0,0.0036761287695225614,0.00038964960519494634,0.004964399107003555,1.075867081343348e-18,0.0,0.0007207308958853889,0.0,0.024024972787483796,0.05283224254105375,0.0,0.019580312632784876,0.007084273579801497,0.0,0.006559167110445627,0.0,0.0,1.2794095021380354e-18,0.005837549104089947,0.00417052193163337,0.01749273085255291,0.0,0.0021417146857672926,0.0016686302430881195,0.0,0.0,0.012766321457980307,0.012045877387245947,0.008235895234382111,0.012609005493467102,0.006326523944183359,0.015001612586827008,0.0008157734316714433,0.0,0.004590023735324202,0.0,0.0,0.029783155896071504,0.0,0.009949091550122859,0.0648979842145216,0.0,0.009543080913822517,0.0,0.0035586226095935774,0.013922964368775851,0.0,0.002313717124451421,0.0,0.0,0.0,0.0,0.0,0.02770396632828243,0.0,0.0,0.0,0.0,0.0,0.0,0.0,0.0,0.0012520294014535642,0.04803510113302948,0.0,0.04446286630192377,0.0,0.0,0.0,0.0,0.0,0.01771316190889276,0.004334458915260322,0.009185168423061541,0.0,0.0,0.0,0.0,0.0,0.0,0.012226052584689505,0.0,0.0,0.0,0.0,0.0,0.0,0.0,0.005906245768719165,0.0,0.0,0.0,0.01843402968446561,0.0,0.0,0.0,0.03762841044375339,0.013795148988560954,0.0,0.0,0.012935920003095493,0.0,0.02826300513888041,0.023348378172094356,0.0,0.0,0.0,0.03329040583204548,0.021161116451547564,0.0,0.0,3.685530388026003e-06,0.0,0.0,0.0,0.0,0.007508350936177325,0.0,0.010313818153277187,0.0,0.0,0.0,0.0,0.004995599637266084,0.0,0.01804742702399715,0.0,0.0,0.0070719501699013105,0.0,0.0,0.01559759845231252,0.0,0.0,0.0,0.0282286148275932,0.0,0.0,0.01621869217852737,0.006056737720242883,0.0,0.0,0.018744370776910102,0.0,0.0,0.008875455716265183,0.0,0.0,0.007345289072912253,0.0,0.0,0.0,0.0,0.0,0.0,0.002193185233853064,0.007076342411270039,0.01976951633803115,0.0,0.02568038364568156,0.0,0.0,0.00876805199888952,0.0,0.009518184340262305,0.01799238029705707,0.0
LFQ intensity D10_10,0.0026376958055015034,0.0,0.0,0.0,0.006567952054711907,0.0,0.00034696772072972915,0.011509336724837322,0.005232459461267789,0.0,0.0,0.0044652153480471,0.014306889204054166,0.003966743970059055,2.2413454812930414e-19,0.0,0.0019238250922758691,0.0,0.02181953447496372,0.01989294781308319,0.008326887321369587,0.015336164344646975,0.014061233596896741,0.0,0.009515557301798464,0.005267402792070848,0.0,0.0,0.019572068212575372,0.0030308804009442913,0.0,0.0,0.0,0.0013280403160843986,0.0,0.0,0.005893386534531781,0.01591883380338311,0.0029317415520845064,0.011558494625808465,0.0038755964096017234,0.026593262905450013,0.0,0.0,0.0,0.0,0.0,0.02771774133773072,0.0,0.010384420773280462,0.06576693845797857,0.00037326672960086516,0.010262704768825147,0.0,0.0032941753262207465,0.013786731413707171,0.0,0.0,0.0,0.0052986592400884585,0.0,0.004984662787601846,6.701709661632146e-05,0.041087871628387965,0.0,0.0004480530671668829,0.0,0.0021231013108514384,0.002248871222762107,0.0,0.0,0.0,0.0,0.034776149074041314,0.0,0.0570168782653282,0.0,0.0,0.0,0.0,0.0,0.02298968762371583,0.010014340802998355,0.010761048475066306,0.0,0.0,0.0,0.0,0.0,0.0,0.01278061970845257,0.0,0.0,0.0,0.0,0.010430223987353892,0.0,0.0,0.00022078946386310498,0.0,0.0,0.009186285780395946,0.0031359995039726796,0.0,0.0,0.0,0.024967907421686693,0.011496818449988429,0.0013348678950652754,0.0,0.0,0.0,0.006982712312453317,0.011917947528588588,0.004991172479506182,0.008613298134723784,0.0,0.023878255284797693,0.021549566602754373,0.0,0.0,0.0,0.0003858776565657405,0.017804829675833224,0.0003975407483103066,0.0,0.014293704931263697,0.0,0.0,0.00402093007467792,0.0,0.0,0.0,0.0039042936493032658,0.0,0.018652564283775395,0.0,0.0,0.0,0.0,0.0,0.01120004941558351,0.0,0.0,0.0,0.03651958398667467,0.0,0.0,0.011708350217584627,0.014570872028174886,0.0,0.0,0.007699227413091435,0.0,0.0,0.0,0.0,0.0,0.006604342126882033,0.0,0.0,0.0,0.0,0.02012861784481533,0.0,0.010242459450776141,0.007947271486871493,0.0178662403276694,0.0,0.02005193264392323,0.010489631931683206,0.0069116279072908935,0.010973310272827748,0.005280667944872388,0.008476985082908818,0.018031200778029652,0.0050699863782622655
LFQ intensity D10_2,0.0,0.0,0.01289699075539503,0.0,0.005112861012135359,0.0,0.0,0.0,0.001367867469538215,0.0,0.008326649772219029,0.00011096427012947309,0.00866043223082637,0.0032079166235093656,0.0006413102497811363,0.0,0.0025106953487035143,0.0,0.00876162552028528,0.02148811287768274,0.0,0.024384111480806513,0.01636591980662326,0.0017274562240745784,0.0,0.004718897827142519,0.0,0.0,0.007922801393063636,0.007876405604961785,0.0,0.0,0.0,0.005918418657548531,0.0,0.0,0.009341663287006197,0.012662470863036674,0.008597240592747338,0.006847688900698686,0.004597569960815666,0.020571207279644368,0.0,0.0,0.0,0.0,0.0,0.030293118336229514,0.0,0.0054184210804521194,0.054549856642754656,0.0,0.008080940364903833,0.0,0.0,0.01927737116762179,0.0,0.0,0.0,0.005764150282214364,0.0,0.002522000824117029,0.0,0.0007772245776933273,0.0,0.0033851564524682663,0.0,0.0,0.0010794115024238872,0.0,0.0,0.0,0.0,0.045891760211603516,0.0,0.05163556824383343,0.0,0.0,0.0011987317192881986,0.0,0.0,0.016750715356398434,0.005408631547415793,0.00843287098249791,0.0,0.0,0.0,0.0,0.0,0.0,0.009383390098213137,0.0,0.0,0.0,0.0,0.0,0.0,0.0,0.009512355484072168,0.004884666194184894,0.0,0.004392649435161444,0.017935894405702722,0.0,0.0,0.0,0.04579084444348094,0.012894611483767348,0.0,0.0,0.015447946648726377,0.0,0.0050653254454586715,0.0,0.009867181495671978,0.0,0.0,0.013098124205564913,0.01304200898574829,0.0,3.086589125744894e-05,0.004993822175679151,0.0,0.011715714323881413,0.0,0.0011201816964169376,0.0058024575180974204,0.0029560938990684715,0.0,0.0,0.015688244072099098,0.0,0.0,0.005086531476405106,0.0,0.010442482676749194,0.007762718255152373,0.0,0.0027521339193260852,0.0,0.0,0.016620176355047856,0.0,0.0,0.0,0.03324226618688467,0.0,0.0,0.015107417456053047,0.006648317595834373,0.0,0.0,0.024382944570811867,0.03309476892091541,0.0,0.0,0.0,0.012630095465522769,0.006349950234425352,0.0,0.0,0.0006817365355590539,0.0,0.02846913410714584,0.0,0.007865303572947718,0.0,0.05120842916741609,0.0,0.012989160635298517,0.0011541826446028137,0.0,0.016813315223633777,0.0012971511709895186,0.013683370588745724,0.023012828037988736,0.0
LFQ intensity D10_3,0.0021300789513238228,0.0,0.0,0.0,0.010346648492493832,0.0,0.0,0.0,0.016289223071224643,0.0,0.0,0.0044167153475846675,0.0,0.0039597741677169585,0.0,0.0,0.0,0.0,0.02577029223554247,0.03352220620437143,0.0,0.012116898684438394,0.004128388620104754,0.0,0.0035435754892213112,0.0,0.0,0.005671287459805949,0.006807058824095279,0.0016800958119894131,0.003191970001560544,0.0,0.0,0.0004592065973785682,0.0,0.0,0.014985389978964573,0.012034589189488219,0.0007617196366384335,0.015972209738892736,0.002004869674011129,0.005354762545559922,0.0,0.0,0.005291000665238591,0.0032683004378085442,0.0,0.018910733262911556,0.0,0.014664409860696783,0.06442552575650781,0.0,0.008357584471174719,0.0,0.0028696299967091994,0.0,0.0,0.0,0.0,0.0,0.0,0.002943876143559632,0.0,0.011342297436971288,0.0,0.008864682645456052,0.0,0.0,0.0,0.0,0.0,0.0,0.0006376512235958834,0.04989932855257992,0.0,0.05097375814070761,0.0,0.0,0.0013180429392787728,0.0,0.0,0.015384174021782514,9.166894661398718e-05,0.01665549795010466,0.0,0.0,0.0,0.0,0.0,0.0,0.02455345966906033,0.0,0.0,0.0,0.008807704614112781,0.0,0.0,0.0,0.007253992341900715,0.0,0.0,0.007618002373529545,0.017242072670806255,0.0,0.0,0.0,0.04160990304881403,0.013427527513052434,0.0,0.0,0.013843776919819221,0.0,0.007872821982235332,0.00095742138779067,0.0014705385111758531,0.0,0.0,0.028358499745211055,0.017223465798191017,0.0,0.0,0.0056480877409264,0.0,0.005832968844141381,0.0,0.0,0.005875397789477179,0.0010539136847354394,0.01865333435574939,0.0,0.0,0.0,0.0,0.0035022247654262957,0.0,0.02102969023863253,0.0,0.0,0.0023100295196293104,0.0,0.0,0.011576870609977632,0.0,0.0,0.0,0.02746753265905401,0.0,0.0,0.013171189738268264,0.009259335508027058,0.0,0.0004039233818387697,0.02102768741450612,0.0,0.0,0.0,0.0,0.0067719313854755075,0.011188163156918417,0.0,0.00018867686376737385,0.0,0.0,0.02121111256149657,0.0,0.012349978540809525,0.0,0.06637338517813442,0.0,0.026368176234272442,0.0,0.0017851737435481965,0.013342181367634634,0.005814083918293082,0.0025055517533589234,0.024093100026902507,0.009911989269194779
LFQ intensity D10_4,0.0,0.0,0.009400768848152326,0.0,0.013245250921734442,0.0,1.4362332806421616e-18,0.006385063105401728,0.006737914186246562,0.0,0.0,0.0,0.00761193721191435,0.003451667260286959,0.0,0.0,0.0,0.0,0.010400160171438471,0.02244570992656893,0.0,0.02463051060819291,0.015913864553508118,0.0,0.0009573905759009733,0.0034692204401612857,0.0,0.0002990151135822008,0.010079391258159579,0.004024604315857639,0.004883677008323788,0.0,0.0022819983905306577,0.006611935232304287,0.0,0.0,0.006716063348554564,0.003426817703067528,0.01833664879216054,0.012555682347222142,0.003777741055366431,0.02302887813739672,0.0024640409707453815,0.0,0.003068657940172427,0.00013318216396647232,0.0,0.023218545362470307,0.0,0.011702624580688083,0.07949816447321821,0.0,0.007780445317343795,0.0,0.0,0.014354429709685338,0.0,0.0015078219276254605,0.0,0.011099524762353716,0.0,0.00228467941748398,0.0,0.022617829241629483,0.0,0.0,0.0017290521681676125,0.0,0.004932867883434072,0.0,0.0,0.0,0.0,0.029087632128025218,0.0,0.04844690464586119,0.0,0.0,0.003002465788105665,0.0,0.0,0.023078658026199208,0.00381331416765463,0.01687258458203247,0.0,0.0,0.0,0.004555597392452735,0.0,0.0,0.010992793240500986,0.0,0.0,0.0,0.004553668931753775,0.0,0.0,0.0,0.0028073132767436064,0.0,0.0,0.009262710936663594,0.017953054239737563,0.0,0.0,0.0013876383518921253,0.03395960554662453,0.004569592502440719,0.0,0.0,0.011515731088037103,0.0,0.01436740001544694,0.009229202999345073,0.017714948051879287,0.0,0.0,0.01919556957316116,0.00843569701279054,0.0,3.574625054042713e-18,0.002437559446189667,0.0,0.006015613761197901,0.0,0.0,0.011384805793870063,0.0,0.000472637064926472,0.0,0.014574331517429009,0.0,0.0,0.005283134817345977,0.0,0.012278381289342397,0.006541852496436838,0.0,0.0029919559759136517,0.0,0.0,0.021445811916076106,0.0,0.0,0.0,0.027588189042127693,0.0,0.0,0.0147178260637886,0.014097565904918553,0.0,0.0,0.011602832463113348,0.0,0.0,0.012432518096422318,0.0,0.002809780183375917,0.00689147906497721,0.0,0.0,0.0,0.0,0.031718622379027735,0.0,0.0,0.009076478706175822,0.01325782434479958,0.0,0.02089343846560766,0.0,0.0,0.005204872149862335,0.001822118329118756,0.022032214521715623,0.020562297277875112,0.0
LFQ intensity D10_5,0.002859667737988943,0.0,0.007482485958305634,0.0,0.011382489104990906,0.0,0.00015815310486032928,0.0029799616392040115,0.011831020526689162,0.0,0.0,0.00421240253713389,0.00714998465152275,0.003069107728331402,0.0017556327251458637,0.0,0.0,0.0,0.026819440452780566,0.04104276940498684,0.0,0.015440730913168148,0.0032956936493595446,0.0,0.007112757260001707,0.002022934820646955,0.0,0.015421926471579892,0.0100463012156206,0.005776312715999907,0.014470901572696822,0.0,0.0033308963235051834,0.0010038290844549581,0.0,0.0,0.007646080199620442,0.009168299424937099,3.4114978180092684e-05,0.012121329494519136,0.0032015432628503637,0.010218011910899116,0.0,0.0,0.0027298348615278664,0.004556184208937981,0.0,0.01808622151135349,0.0,0.010758187407551478,0.061884661905303326,0.0,0.008713306012425112,0.0,0.0016494653379255245,0.0018761022954452888,0.0,0.0,0.0,0.0,0.0,0.00017379933643597942,0.0,0.031068538291529602,0.0,0.0,0.00021861880494043114,0.0,0.0,0.0,0.0,0.0,0.0,0.05325333999045014,0.0,0.05024150081652236,0.0,0.0,0.0015793504246181726,0.0,0.0,0.014067119383631112,0.0,0.019693434905182255,0.0,0.0,0.0,0.0,0.0,0.0,0.02012769908960884,0.0,0.0,0.0,0.006523622840014356,0.0006391629925237345,0.0,0.0,0.006361434214922166,0.0,0.0,0.008038997817435608,0.0,0.0,0.006204663152832897,0.0,0.03057592861332569,0.00965566027683227,0.0,0.0,0.0017929625641828202,0.0,0.01019058136996096,0.029047259902335285,0.0,0.0,0.0,0.03301239946840896,0.016742502933487145,0.0,0.0,0.003387303419539809,0.0,0.0,0.0,0.0,0.008475055712315884,0.0003494662292551585,0.014096442115863169,0.0,0.0,0.0,0.0,0.00509010586687475,0.0,0.014533444163529344,0.0,0.0,0.001388561973809502,0.0,0.0,0.013162902230467696,0.0,0.0,0.0,0.031059356588528274,0.0,0.0,0.012752120538182983,0.010436621113782067,0.0,0.0,0.010891474345042737,0.0,0.0,0.005636148485470448,0.0,0.0,0.012388522284291319,0.0,0.0,0.0,0.0,0.02419151372035053,0.0,0.00913708932736825,0.0,0.03830832877092096,0.0,0.016667032797376462,0.007376262283265996,0.011292141103986962,0.00865963994837157,0.0038663952932528876,0.005988955214576796,0.022203527762662205,0.008144269111283155
LFQ intensity D10_6,0.0020167787687018347,0.0,0.01740172170706483,0.0,0.0051641499428666015,0.0,0.001469231483639017,0.009098589856427886,0.0022230380704013897,0.0,0.0,0.0,0.005345956838870019,0.0033489484920796583,0.0,0.0,0.00015129134079951834,0.0,0.010553425432284665,0.016953244560994524,0.0008705167347786948,0.013383481924280924,0.023438807411161725,0.0,0.006856292828708661,0.0003425158135705788,0.0,0.004320282201383768,0.011675604437834573,0.006594705179119211,0.007116841085728988,0.0,0.0010963030676972108,0.008720614683421392,0.0,0.0,0.0037395531455066077,0.0014365991216635223,0.013568267386869578,0.0068232552821816195,0.003087390139736972,0.02675743582762141,0.0010960700475319417,0.004050151053232285,0.0013749721477668716,0.0019669890024168616,0.0,0.01833859636142716,0.0,0.012609876824203337,0.06760975886072867,0.0014128495094815794,0.011394053983595002,0.0,0.0,0.01685721069471299,0.0,0.0,0.0,0.00852308714136814,0.0,0.0,0.0,0.020212293567365338,0.0,0.0,0.0,0.0,0.006972011686199232,0.0,0.0,0.0,0.0018352852993557477,0.031498096870297,0.00894612250872682,0.05371695642783503,0.0,0.0,0.00013596762644345036,0.0,0.0,0.022253882646391075,0.0,0.00821862091459758,0.0,0.0,0.0,0.0,0.0,0.0,0.012361306447909911,0.0,0.0,0.0,0.002670462278018205,0.0,0.0,0.0,0.005041739078869654,0.0,0.0,0.0031043853291429302,0.008986970936018334,0.0,0.0,0.006944716011808628,0.0342119855892136,0.002835998174344014,0.0,0.0,0.0029946240520542095,0.0,0.010911777119293961,0.006094488276921449,0.019530702569849335,0.006900690428349746,0.0,0.017812579517166395,0.014177946006810405,0.0,0.0,0.003165051207208439,0.0,0.004922761555259719,0.0,0.0,0.01196492537721271,0.0,0.003759968550022693,0.001832605648467815,0.015243255701848146,0.0,0.0,0.004622758158212,0.0,0.012153338295974848,0.005544811454748874,0.0,0.010213763669924752,0.0,0.0,0.01317489245877905,0.0,0.0,0.0,0.03352702910355197,0.0,0.0,0.010535605321582781,0.01443832259095782,0.001651688393390499,0.0,0.003214961684968235,0.0007784814150562132,0.0,0.016225730305823628,0.0,0.0004336938375544557,0.00018692565448183914,0.0,0.0,0.0013463135513011417,0.0,0.027049615223179693,0.0,0.00525966779338596,0.0,0.04866891866089267,0.008181812130524097,0.014599408520561,0.0,0.0,0.01838897821035914,0.0,0.025559090255723168,0.016197557514204333,0.0
LFQ intensity D10_7,0.002522193541200417,0.0,0.00829166739033978,0.0,0.010567841328515877,0.0,1.8518077605344563e-18,0.0007882548000828857,0.03424927162097077,0.0,0.0,0.001960924412396046,0.0,0.006298211871790449,0.0010969580819375287,0.0,0.0,0.0,0.023850929999251782,0.027315774921704235,0.0,0.02291165350006626,0.007068142654693797,0.0,0.0034260872057358584,0.0009060648646677153,0.0,0.003268439039483457,0.005834505235200905,0.0033139783612890295,0.006916759701011969,0.0,0.0,0.007022225501677944,0.0,0.0,0.012001504231778612,0.012345603598052418,0.001352430185371089,0.014943633947139276,0.0012676080116681904,0.014920265438137403,0.0,0.0,0.004518544257652747,0.0013418238245682323,0.0,0.02483500587045397,0.0,0.009090288378117716,0.06698627434455334,0.0,0.00839435275030898,0.0,0.0,0.04153913877353483,0.0,0.0,0.0,0.0,0.0,0.0,0.0,0.03814484106840648,0.0,0.0,0.002311498909752423,0.0,0.0,0.0,0.0,0.0,0.0010169940004046327,0.03747104395826592,0.0,0.051324624181468353,0.0,0.0,0.0,0.0,0.0,0.009897612398916428,0.0,0.007828619976948949,0.0,0.0,0.0,0.0,0.0,0.0,0.02833706081262089,0.0,0.0,0.0,0.022340058379694237,0.0,0.0,0.0,0.003490359318289189,0.0066777217295982405,0.0,0.001698369825048732,0.016888942111346453,0.0,0.0,0.0,0.04622098937017222,0.011334949920733684,0.0,0.0,0.010907931476631895,0.0,0.012796753688439553,0.002996142160090042,0.0014662839867204116,0.0,0.0,0.027361754792730245,0.011353598834698468,0.0,0.0011087757025786762,0.0037242418750412522,0.0,0.0026926422996532465,0.005032151118029821,0.0,0.006324178229551247,0.004096594664360113,0.012388581461341034,0.0,0.0,0.0,0.0011189794064162535,0.0037040073589535752,0.0,0.019622393375012023,0.0,0.0,0.0045746940395883845,0.0,0.0,0.009686951216279719,0.0,0.0,0.0,0.014486368883716138,0.0,0.0,0.009190454230979923,0.006810228385280638,0.0,0.0007974331464406093,0.025604058336051557,0.0,0.0,0.0,0.0,0.003065909971781616,0.007226385181664918,0.0,0.0,0.0013523796672987875,0.0,0.01755084358351957,0.0,0.010300331796688085,0.0,0.007036204842064096,0.0,0.020842962141473444,0.0,0.0,0.013551145716689628,0.004579491318235821,0.00969588193086517,0.01910235748642398,0.011720864089689786
LFQ intensity D10_8,0.0014479859785003076,0.0003312505009112151,0.016516838192244802,0.0,0.009649611551258135,0.0,3.3542601570630812e-18,0.004228731989957991,0.00848566862315849,0.0,0.0,0.0014737996578623042,0.0,0.003781719495837653,3.3542601570630812e-18,0.0,0.0,0.0,0.020392971471202663,0.03699650441630995,0.0,0.012797814697601594,0.0,0.0,0.0052304076445080895,0.0,0.0,0.0,0.012534756547250801,0.006202942759653183,0.0005104247152727371,0.0,0.0,0.006069735744711568,0.0,0.0,0.015890979170955104,0.012810056967828776,0.0017677651107769936,0.01525720376930775,0.0020729814215592938,0.00543637306607856,0.0,0.0,0.0055947234549010355,0.005075037632479497,0.0,0.01734844625405846,0.0,0.01335930396343374,0.06670118214536402,0.00046754523406476294,0.009084297745175359,0.0,0.0,0.0,0.0,0.0,0.0,0.005305034307343903,0.0,0.0006511829190686594,0.0,0.026806558372536846,0.0,0.014426390173265075,0.0,0.006866303385152385,0.0,0.0,0.0,0.0,0.0036512095184114486,0.05060772817443798,0.0,0.04788649822717734,0.0,0.0,0.0,0.0,0.0,0.01418474650081418,0.002721855463736863,0.013219137812466803,0.0,0.0,0.0,0.0,0.0,0.0,0.019007484102658564,0.0,0.0,0.0,0.017927446882957773,0.0,0.0,0.0,0.0,0.0,0.005998067727866397,0.0,0.0054783662317718146,0.0,0.0,0.0,0.04433495230562044,0.011940297101025569,0.0,0.0,0.0018458060559483063,0.0,0.015826940675336583,0.0,0.0,0.0,0.0,0.027966807619962068,0.018210216313612648,0.0,0.0,0.003911533311684881,0.0,0.003797938106524214,0.0,0.0,0.006225068964994873,0.006675488792908362,0.020920599026134093,0.0,0.0,0.0,0.0,0.003143084025239657,0.0,0.018246171703097315,0.0,0.0,0.0022685178390126587,0.0,0.0,0.012604700562326574,0.0,0.0,0.0,0.02172565234141907,0.0,0.0,0.010746220323572473,0.006064587210076833,0.0,0.0,0.022042952073856086,0.0,0.0,0.00473939360310627,0.0,0.009713162723592345,0.01256808144621106,0.0,0.0,0.0,0.0,0.021134624598262132,0.0,0.009850499222450486,0.0031389553639081464,0.04824795511920768,0.0,0.017903774355296522,0.0013552656864198249,0.006369916140327358,0.014252018934599178,0.006496457031408817,0.006713066862864162,0.017100845273143775,0.009663379564958647
LFQ intensity D10_9,0.0028151483198551697,0.0,0.008790483160643223,0.0,0.012964228598475588,0.0,0.00020872125780584618,0.0,0.01454062375634687,0.0,0.0,0.0013432652900469415,0.005200222928616706,0.001757349860224329,0.0,0.0,0.0,0.0,0.023080764286201597,0.04169767756715885,0.007695906805471698,0.01590400555794965,0.0,0.0,0.0033480966977083556,0.0,0.0,0.0,0.003855747992366586,0.0059092253688624195,0.008543541584737167,0.0,0.004851832493134661,0.003362732206677831,0.0,0.0,0.013905328517095708,0.012529431210753957,0.0029953335236929685,0.016398742700504912,0.006214189116618658,0.010505733265207635,0.0019802842381159537,0.0,0.004672603271778532,0.0,0.0,0.02938424586672653,0.0,0.004067521757456996,0.06579916149379676,0.0,0.013907198751093771,0.0,0.0,0.006240103547349341,0.0,0.005127228744129363,0.0,0.001319712299470053,0.0,0.004530385939617973,0.0,0.033595115261443084,0.0,0.0030942646186892814,0.0,0.0,0.0,0.0,0.0,0.0,5.020644407038062e-05,0.050260724974961625,0.0,0.052626032910012034,0.0,0.0,0.0005053088324429186,0.0,0.0,0.015287102990731171,0.0,0.012827296861499346,0.0,0.0,0.0,0.0,0.0,0.0,0.014064365708550816,0.0,0.0,0.0,0.0,0.004484169762077553,0.0,0.0,0.00704361087082923,0.0,0.0,0.0,0.01442295410906823,0.0,0.0,0.0,0.038093436872841654,0.017657424771099366,0.0,0.0,0.012897229728208724,0.0,0.028906596129427326,0.013084805902993967,0.0,0.0,0.0,0.032175172444802766,0.020835088958846535,0.0,0.0,0.0050160114342053036,0.0,0.002760268567235865,0.0,0.0,0.004550922379265752,0.0,0.0,0.0,0.0,0.0,0.0,0.0038156085772877673,0.0,0.018848725211466785,0.0,0.0,0.00824695994546185,0.0,0.0,0.012215533914303191,0.0,0.0,0.0,0.028123641302091235,0.0,0.0,0.011281691467049888,0.008863658231489822,0.0,0.0,0.019291626376993182,0.0,0.0,0.003789855364272691,0.0,0.0025202370066741905,0.009436465557582978,0.0,0.0,0.0,0.0,0.023318418906601492,0.0,0.001180160008471484,0.004218380604113826,0.029555833298374162,0.00032416327999019426,0.016294697539306624,0.0,0.0030957238072366663,0.01151571535682786,0.004587941578897643,0.009638933293824608,0.020151140862686417,0.0
LFQ intensity D2_1,0.0,0.0,0.015136090733465064,0.0,0.009718071622218293,0.0,0.0007246055216431871,0.0,0.006433416795718126,0.0,0.0,0.0,0.016979374872878584,0.0010761770255698128,0.0019018259273704066,0.0,0.0038051014443478107,0.0,0.031780638458704345,0.04703381349697239,0.015957451984544298,0.015825474805600228,0.012547996720415608,0.0,0.0047277560695673446,0.0012884450258214646,0.0,0.0,0.0248561105204456,0.005180875173316253,0.0,0.0,0.00591200682643382,0.003112902339035063,0.0,0.0,0.017488390585230065,0.0015157905942144547,0.007337870306028125,0.011072254275407607,0.005992235952812923,0.02444825260467184,0.0,0.0,0.0,0.0,0.0,0.0,0.0,0.006531331454937148,0.05757399869527291,0.0002064263238329249,0.005299745826024716,0.0,0.0,0.013145377136101363,0.0,0.0031920886123272423,0.0,0.0,0.0,0.013244069236356055,0.000922241978861172,0.021362908368495533,0.0,0.0,0.0,0.0,0.0,0.0,0.0,0.0,0.0,0.041401358254019895,0.0,0.05643233034403211,0.0,0.0,0.001992260234177454,0.0,0.0,0.018018260361293028,0.0018134930763806264,0.013403271672218853,0.0,0.0,0.0,0.0,0.0019604432188398218,0.0,0.030992889722139354,0.0,0.0,0.0,0.0,0.0,0.0,0.0,0.011812092685163447,0.0,0.0,0.00795621502364067,0.025249295254866615,0.0,0.0,0.0009018363254244235,0.04401606356167936,0.008145354497545203,0.0,0.0,0.010525323948461307,0.0,0.008699908624671026,0.0,0.0,0.0042377529455304,0.0,0.01948381492529523,0.009585786208082323,0.0,0.0,0.0,0.0,0.027876760153631993,0.0,0.0,0.0021769684797566424,0.0,0.0,0.01719735670095106,0.013676433125872314,0.012146361249761902,0.011147075535764139,0.006325644590125826,0.0,0.003167473604734108,0.0059217710721243995,0.0,0.00020416784962075203,0.0,0.0,0.0,0.011168420881284365,0.0,0.0,0.03843424910207973,0.0,0.0,0.007060138414951455,0.00836026476320092,0.003711166505689377,0.0,0.006423701687688593,0.0,0.0,0.0,0.0,0.006441750228357255,0.0032841120407204223,0.0,0.0,0.0,0.0,0.0,0.0,0.0,0.015063213016227076,0.0,0.0,0.04180749499669336,0.0,0.0013871116683965782,0.010999628755198035,0.0004301066294460851,0.010430296816464832,0.005199463933155829,0.0
LFQ intensity D2_2,0.0,0.0,0.0,0.0,0.009329626736559734,0.0,0.0018462376752680647,0.007425899155071743,0.023754697257888393,0.0,0.0,0.0,0.01628783085629957,0.0017569096226094435,0.0009105119494946229,0.0,0.0,0.0,0.027301934488692923,0.0311330593648876,0.009405893467018547,0.0,0.011500564544516962,0.0,0.004313046226404979,0.0016401020845581114,0.0,0.0,0.051389255535826024,0.0024075290189850425,0.0,0.0,0.002359801825578641,0.003709214519571416,0.0,0.0,0.0,0.0032896033546329613,0.009738301542927137,0.004852892162054634,0.006085317181610964,0.024080156573870824,0.0,0.0009204806843149748,0.0,0.0,0.0,0.013888673905202148,0.0,0.021180538520575498,0.06989254148504788,0.007262216875049252,0.0039462739563598855,0.0,0.0,0.010457456869845883,0.0,0.0012693594881814092,0.0,0.0,0.0,0.009696035468045273,0.0,0.02286153159442797,0.0,0.0038956737914526297,0.0,0.004157185301944809,0.0,0.0,0.0,0.0,0.004766114667456009,0.025840898837998158,0.0,0.04973798451999491,0.0,0.0,0.0,0.0,0.0,0.018483890158755893,0.002728170443032161,0.014639529416454695,0.0,0.0,0.0,0.0,0.0,0.0,0.04008273873468669,0.0,0.0,0.0,0.0,0.015794648996808176,0.0,0.0,0.004815262010450259,0.0,0.001447640680704636,0.006403929613124842,0.004624935815331279,0.0,0.0,0.0,0.02721855461393024,0.00707035596112952,0.0,0.0,0.0,0.0,0.0,0.0027077856086725597,0.0,0.01237281380270436,0.0,0.021695633666775096,0.006449553899992263,0.0,0.0,0.0,0.0029444257855434706,0.026919892372674163,0.0,0.0,0.015506660191979068,0.0,0.0,0.0017958837706075717,0.020530009421687836,0.01215818967804722,0.01491097471013596,0.00796502947718383,0.0014730849197732352,0.0027184128277376626,0.006014981391317122,0.0,0.0,0.0,0.0,0.00125105401453926,0.0,0.0027307895038277503,0.0,0.049673100108914924,0.0,0.0,0.0019196124314439056,0.011034009562944733,0.0,0.0,0.0,0.0019112747280917739,0.0,0.0,0.0,0.011031318259501412,0.012059835082089966,0.0,0.0,0.0,0.0014274343210990215,0.0,0.0,0.0027798392447918787,0.01163650078277524,0.0,0.0,0.04213186586677398,0.0,0.012793383069064482,0.0075490155750144675,0.004957970547171641,0.014309514210362688,0.007039143612128005,0.0
LFQ intensity D2_3,0.0,0.0,0.0008581672315217418,0.0,0.009721778604900574,0.0,0.002210006615715422,0.025600247452147347,0.013791180559326063,0.0,0.0,0.0,0.02043285525305259,0.0013242949124235908,0.0010825224868967565,0.0,0.00029284026710690007,0.0,0.022263115868100317,0.02802530795271684,0.017250448915386952,0.0,0.01755721226979098,0.0,0.006321636568297089,0.0026806608302078574,0.0,0.0,0.02714008274051956,0.0,0.0,0.0,0.003742851922050241,0.0016973223576653392,0.0,0.0,0.0,0.0,0.011912323094773952,0.0017074937916596008,0.007071658645577923,0.027283543391605443,0.0,0.0,0.0,0.0,0.0,0.012991539849440629,0.0,0.02750151110420274,0.05501640887750695,0.010333111913647193,0.003863189972476154,0.0,0.0021104463721081466,0.008680902125254391,0.0,0.0022425185550079205,0.0,0.0,0.0,0.01238380431925566,0.0030028608892900322,0.018069483846456475,0.0,0.0,0.0,0.009648996867777274,0.0,0.0,0.0,0.0,0.0,0.027745788387639074,0.0013220046519489001,0.051631934555148765,0.0,0.0,0.0,0.0,0.0,0.012575001245954232,0.003962219786092191,0.01230846001211218,0.0,0.0,0.0,0.0,0.0,0.0,0.026457187091152915,0.0,0.0,0.0,0.0,0.0157348087340096,0.0,0.0,0.005364785624187826,0.0,0.007676377117793544,0.005989575237397604,0.01024410240358912,0.0,0.0,0.0,0.034538544747300455,0.004066710097457766,0.0,0.0,0.0,0.0,0.0,0.0032325334080780662,0.0,0.01836656581288736,0.0,0.025001189856647062,0.01220478875617485,0.0,0.0,0.003093691372593678,0.008008599872002054,0.029145261328360244,0.005077654098708863,2.8674589233116105e-06,0.01766798535371367,0.0,0.0,0.009183363877965652,0.0031109354717652415,0.0071785264048883825,0.00848403027173674,0.008407522036410322,0.0,0.005416036879632834,0.002149347213364916,0.0,0.00011494489838459878,0.0,0.0,0.003376442507230664,0.007597171901624069,0.0011290243179637824,0.0,0.04789153119220105,0.0,0.0,0.004563031946210591,0.005289723316894197,0.0,0.0,0.0,0.006179548880766385,0.0006947426182718929,0.0,0.0,0.0008880370441908759,0.010817388131878559,0.0,0.0,0.0,0.0009278034538198547,0.0,0.0,0.0038808070890803486,0.011082987465610521,0.0,0.0,0.05027822486174684,0.0,0.0,0.016806661831406732,0.0,0.02047122015811233,0.006849982795102579,0.0
LFQ intensity D2_4,0.0,0.0,0.0002994828819814452,0.0,0.011842396737202778,0.0,0.000924928993748572,0.013964250509879116,0.006633055431320425,0.0,0.0,0.0,0.01731341780553902,0.0012198095939444547,8.036523197235568e-05,0.00011723781988033249,0.0,0.0,0.026062158362352192,0.030599387513689815,0.017204492567420654,0.0,0.01360747646530874,0.0,0.0,0.0,0.0,0.0,0.02641669957416983,0.0008628164791329597,0.0,0.0,0.0139110397823944,0.00204373377822657,0.0,0.0,0.0,0.0034848471738417246,0.0071133128617646155,0.003916500934779106,0.0016207607950163825,0.020446332757552834,0.0,0.0,0.0,0.0,0.0,0.016919149453256135,0.0,0.02225783678742801,0.0712767183824803,0.002858760247991161,0.009950991340762761,0.0,0.0,0.0,0.0,0.0,0.0,0.0,0.0,0.010795873606641236,0.0030430496817205354,0.018579141269211025,0.0,0.0,0.0,0.004294221143262319,0.0,0.0,1.9077229114317152e-05,0.0,0.00529664504576078,0.026481179151742532,0.0,0.05682767201543258,0.0,0.0,0.0,0.0,0.0,0.018939635865785107,0.0,0.015669554816108513,0.0,0.0,0.0,0.0,0.0,0.0,0.03340884689013208,0.0,0.0,0.0,0.0,0.016980608432613887,0.0,0.0,0.004195230561751299,0.0,0.004815586244962839,0.0013372543778937744,0.014368313295972478,0.0,0.0,0.0006555318281506227,0.0405049612381378,0.010218723281376001,0.0,0.0,0.0,0.0,0.0,0.0,0.0,0.01725656682761136,0.0,0.016602601142439107,0.021045638661704856,0.0,0.0,0.0,0.0009536253723617731,0.025374531015490673,0.0,0.0,0.012654390371766725,0.0,0.0,0.0059059754585403775,0.014041918700210352,0.0044540645937503525,0.008594739598248654,0.005267533656929145,0.0,0.004690786192384272,0.01054741187592626,0.0,3.691833536969041e-05,0.002489760559821226,0.0,0.0,0.009479202813236803,0.000884433959998311,0.0,0.04225132357365849,0.0,0.0,0.0010793189381339057,0.013192770631037139,0.005439621723840738,0.0,0.0,0.0039036989812797304,0.0,0.0,0.0,0.002401570575220088,0.015493128669885448,0.0,0.0,0.0,0.0,0.0216648951173184,0.0,0.0,0.011810128729698671,0.0,0.0,0.04406692972939766,0.0,0.006803974168606959,0.009831906667579897,0.002547853509012835,0.011543762212936869,0.018309951397796845,0.0
LFQ intensity D2_5,0.0,0.0,0.009220624229328893,0.0,0.0075238139425625895,0.0,0.001811176014977193,0.0039483807946832225,0.010411039211226438,0.0,0.0,0.0,0.01929985660427712,0.0006474124293676555,0.0007768486485173951,0.0,0.0006239001493268067,0.0,0.028989961735822425,0.04100017218007591,0.02606661148706491,0.0,0.010059725986550559,0.0,0.0030791135150567295,0.0,0.0,0.0,0.022538986776708674,3.86483081688657e-05,0.0,0.0,0.0074201717001444074,0.0,0.0,0.0,0.0,0.004050485182981695,0.006308366654227626,0.007520386742931146,0.007003075326738615,0.030349154670488345,0.0,0.0,0.0,0.0,0.0052072662462563975,0.01307257530315142,0.0,0.02572548126063006,0.058861387063156564,0.0,0.006111249344144481,0.0,0.0,0.007520658776490008,0.0,0.0001977809736935915,0.0,0.0,0.0,0.00282579798747573,0.0,0.02134074820655611,0.0,0.0,0.0,0.0,0.0,0.0,0.0,0.0,0.0021585411547353044,0.030357169439902746,0.0,0.050742542731757684,0.0,0.0,0.0,0.0,0.0,0.017447187092423225,0.004135046188323818,0.013722861815994728,0.0,0.0,0.0,0.0034945192757358584,0.0,0.0,0.03928764448944438,0.0,0.0,0.0,0.0,0.013715666309464084,0.0,0.0,0.010888097287688461,0.0,0.0,0.010605035898703066,0.014483910832950817,0.0,0.0,0.0,0.028589946213883555,0.010520732763423047,0.0,0.0,0.00502142499335101,0.0,0.006507328491079325,0.007789189513877775,0.0,0.015552502329339836,0.0,0.02461880085180983,0.012466433267886023,0.00011218935386618293,0.0,0.002023742680413647,0.0,0.008861231596580539,0.0015895505637814598,0.0,0.01694585371872503,0.0,0.0,0.003793034266480664,0.020438324642275057,0.008013933346498333,0.00820895866439091,0.00777058448715463,0.0,0.005745654255600941,0.002199723574262072,0.0,0.0011293121597868677,0.0,0.0,0.0017334122496456667,0.0,0.0018779515727008554,0.0,0.05188255875796424,0.0,0.0,0.0023033781788961375,0.0027278563658062727,0.0014973890926468785,0.0,0.0034203261183298837,0.00440786611021728,0.013609999132071808,0.0,0.0,0.0046420052358664855,0.002184473683454768,0.0,0.0,0.0,0.0,0.0,0.0,0.0,0.012000816095037609,0.0,0.0,0.05197065035705578,0.0,0.003068593346384054,0.020462110618414846,0.0005483351945816129,0.015843309953645912,0.007331436232907381,0.0
LFQ intensity D2_6,0.0,0.0,0.014216728470439042,0.0,0.011309146366106816,0.0,0.0018833694934054011,0.018163567291500874,0.010325984986991757,0.0,0.003402376864907335,0.0,0.018100765174826363,0.0009271826182291222,0.0007245432950075381,0.0,0.0007212318842076236,0.0,0.021354039154382984,0.03129128184765375,0.023203587336684425,0.0,0.022089599811007294,0.0,0.0,0.0015020597284660302,0.0,0.0,0.025078352546238983,0.009615951293331138,0.0,0.0,0.008148463737204773,0.0037471440523878016,0.0,0.0,0.0,0.0009381677851078749,0.0038942785512305635,0.0052612056370974795,0.005821132330362117,0.028160800170016032,0.0,0.0,0.0,0.0,0.0,0.014454092262149245,0.0,0.013354021137310549,0.04926953990420805,0.0,0.007922131431019115,0.0,0.0,0.008652519995704124,0.0,0.0011748440530020107,0.0,0.0,0.0,0.012978976418612538,0.0028620277616766,0.018228850871360325,0.0,0.004763240611307531,0.0,0.010419057608311782,0.0,0.0,0.0,0.0,0.0,0.02575737759467523,0.0,0.050839766473482005,0.0,0.0,0.002036310819881477,0.0,0.0,0.01865493948449926,0.003136450358882722,0.012809033820750809,0.0,0.0,0.0,0.001753518633229551,0.0,0.0,0.028450903204903698,0.0,0.0,0.0,0.0,0.018807812853387063,0.0,0.0,0.007320421368607064,0.0,0.0,0.0036520530012040028,0.00600996542170059,0.0,0.0,0.0,0.0399853475011729,0.008374297808860532,0.0,0.0,0.0,0.0,0.0012399560495441387,0.0,0.0,0.019508964961717588,0.0,0.01940323886588419,0.006852659105641648,0.0,0.0,0.006435374591332843,0.005400615449568079,0.02897338035073045,0.010219040158871977,0.0,0.015613212006971017,0.0,0.0,0.0,0.005652334084828455,0.002968270530798654,0.007456558521159219,0.006005574582080031,0.0,0.0027943461515408568,0.0018161932340162565,0.0002789890276719137,0.002901901368580297,0.0,0.0,0.0,0.007899216668269031,0.002240839266783316,0.0,0.0474747560948189,0.0,0.0,0.0015416642402535416,0.006049086556948309,0.0027393197760657286,0.0,0.0,0.00814653137435414,0.0,0.0,0.0,0.0013242756701370836,0.0058149639023772825,0.0,0.0,0.0,0.0,0.02461549946569269,0.0,0.0,0.012373228236250332,0.0,0.0,0.04522991142313671,0.0,0.0036151207757970055,0.019674868440794746,0.0,0.014775943646949128,0.011415704593742412,0.0
LFQ intensity D2_7,0.0,0.0,0.01548903544552446,0.0,0.005621525778103033,0.0,0.001983986559481801,0.006587666911136108,0.0,0.0,0.0,0.0,0.01761070998405807,0.0007328045566645892,0.0016203369392276316,0.0,0.00033519016252669747,0.0,0.02460977187682552,0.034598744861116436,0.025457642683011202,0.0,0.011364166230266268,0.0,0.0,0.0010707236455353697,0.0,0.0,0.020270754607813156,0.008140692521748394,0.0,0.0,0.006170722621755718,0.0,0.0,0.0,0.0,0.0032034050455124067,0.005556973532068192,0.007508624065841925,0.006390430298531346,0.026823396394526685,0.0,0.0,0.0,0.0,0.0,0.016383396317320758,0.0,0.014885645451909282,0.056311491481258504,0.0,0.005659604202423732,0.0,0.0,0.009304504654863944,0.0,0.0013773604743081088,0.0,0.0,0.0,0.010275280270611583,0.002701458066414504,0.024877676269442307,0.0,0.0,0.0,0.0032503681011220855,0.0,0.0,0.0,0.0,3.5896092701923716e-05,0.028440593024484845,0.0,0.043464386134097074,0.0,0.0,0.0,0.0,0.0,0.016691288218668106,8.401923931484657e-05,0.01672405312160053,0.0,0.0,0.0,0.0006242546917447815,0.0,0.0,0.027673968112684345,0.0,0.0,0.0,0.0,0.009543897358240079,0.0,0.0,0.007190083986309652,0.0,0.0,0.004713118033986813,0.016224539634280038,0.018342645624508033,0.0,0.0,0.0370840665719889,0.008239757557288405,0.0,0.0,0.005685778245894592,0.0,0.011720328328067272,0.0,0.0,0.012450061379518207,0.0,0.02064125541483537,0.010527667794520796,0.0,0.0,0.0005769900269888954,0.0003897809924374286,0.024725579502257178,0.0,0.0,0.018783804139607962,0.0,0.0,0.008323162079212486,0.017356327738561945,0.009420266518388894,0.01522813528950357,0.007431927908038293,0.0,0.004892692901602698,0.0018538294447976809,0.0,0.0007158695820968688,0.00021248572283279738,0.0,0.0,0.008756466604022793,0.0005181277371021104,0.0,0.04789870765078548,0.0,0.0,0.0013875970068508395,0.007467048473081899,0.0033718789566157927,0.0,0.0036319889219494847,0.00024160199992891133,0.013825377928883519,0.0,0.0,0.0048295115596501004,0.003635429661037787,0.0,0.0,0.0,0.0,0.020034723916779743,0.0,0.0,0.01171143009929745,0.0,0.0,0.044684201538530324,0.0,0.0031512134565559896,0.01597009075215063,0.0034386678575121705,0.015010936897221546,0.008248398560032233,0.0
LFQ intensity D2_8,0.0,0.0,0.007223528265769715,0.0,0.00857119022508716,0.0,0.002108782050738404,0.0,0.0,0.0,0.0,0.0,0.01866079599473766,0.001359601421191181,0.0014422024013350009,0.0,0.0012334523598086387,0.0,0.025469448405089853,0.03580946361188987,0.021349190763024193,0.009267429595325226,0.009160827080070199,0.0,0.004081762295106478,0.0,0.0,0.0,0.029884261701138358,0.010791849309131105,0.0,0.0,0.0047393715139769504,0.0005752251541186507,0.0,0.0,0.006254046436175011,0.0052574561629140535,0.007736781831669513,0.0072038167666199785,0.006132279121948896,0.02420319559115405,0.0,0.0,0.0,0.0,0.0,0.012356814171782507,0.0,0.008762932937780897,0.05815194839528583,0.004762017878169043,0.006102945313682468,0.0,0.0,0.0015434853202116476,0.0,0.0016181769603633963,0.0,0.0,0.0,0.011941957095768398,0.01061118771372356,0.019516186640952712,0.0,0.0,0.0,0.0006326047631359565,0.0,0.0,0.0,0.0,0.0,0.032108914975354626,0.0018621898814327863,0.05248352478111654,0.0,0.0,0.0,0.0,0.0,0.02048733044426469,0.00447135037993673,0.018713683955921802,0.0,0.0,0.0,0.0,0.0,0.0,0.031238577064843395,0.0,0.0,0.0,0.0,0.0,0.0,0.0,0.009172486492901486,0.0,0.0,0.0012220832964862528,0.0174152267139386,0.0,0.0,0.0,0.025646379750602567,0.008862878626862964,0.0,0.0,0.004546619629161763,0.0,0.014285975272334881,0.0,0.0,0.009786987187340869,0.0,0.02585812517034985,0.01107347361821314,0.0,0.0,0.0,0.0008135586044830827,0.029044485171385744,0.0,0.0,0.018657184680869847,0.0,0.0,0.011464122616441011,0.017057869694021583,0.005171177003826435,0.006418706509464695,0.008452877685020649,0.0,0.004763676009467453,0.0044245066991109114,0.0,0.00031806754034455046,0.0,0.0,0.0,0.008533974898584694,0.0012778920672951923,0.0,0.05330873997427441,0.0,0.0,0.001113351844064849,0.009437519701419345,0.0,0.0,0.002550557446237491,0.0,0.013053816633665172,0.0,0.0,0.004215212212786072,0.006396140006658121,0.0,0.0,0.0,0.0006182437823231649,0.0,0.0,0.001169778433717689,0.017994853315009624,0.0,0.0,0.04729948257418485,0.0,0.0056911736902835654,0.017510063765296104,0.004499505511115803,0.016133091282541836,0.00885834815616659,0.0
LFQ intensity D2_9,0.0,0.0,0.014152027794762897,0.0,0.009570181078666319,0.0,0.0,0.01628376305433483,0.01026212963980935,0.0,0.0,0.0,0.018038960038312738,0.0005640155552642336,0.000962218870587455,0.0,0.0017203546752456104,0.0,0.02517404558888099,0.03595486410473579,0.02990001219368176,0.0,0.014116926988535046,0.0,0.007224399568195141,0.0007189975598669513,0.0,0.0,0.022579816352812834,0.0020453378580651107,0.0,0.0,0.003542344508397534,0.0,0.0,0.0,0.0,0.006682400470458779,0.00535078261260658,0.0036509973659476966,0.0068167290794490165,0.028828156139639852,0.0,0.0,0.0,0.0,0.0,0.012673457374597893,0.0,0.019717034255745287,0.05825285486792918,0.004705654455656776,0.005004084313760507,0.0,0.0,0.0027527406549876293,0.0,0.0009086573603762389,0.0,0.0,0.0,0.013405619293893665,0.002928443207533906,0.015672619068327336,0.0,0.0,0.0,0.0018233995828014046,0.0,0.0,0.002889980100382822,0.0,0.0,0.024574875934609247,0.0,0.04910799559632633,0.0,0.0,0.0016536780119689922,0.0,0.0,0.018892408265883353,0.00045246263814323036,0.015972623906796234,0.0,0.0,0.0,2.4352600769614686e-06,0.0,0.0,0.02573590595947626,0.0,0.0,0.0,0.0,0.014788195992686874,0.0,0.0,0.011705604749625089,0.0,0.0026869617519070287,0.0049155129532665,0.013227152294412636,0.0,0.0,0.0,0.03084514002145681,0.012186980187025449,0.0,0.0,0.0,0.0,0.007450543174759057,0.0,0.0,0.0191172802940053,0.0,0.01983979700083946,0.012009424127781023,0.0,0.0,0.0,0.0,0.030229004833562265,0.0,0.0,0.019616102657037317,0.0,0.0,0.012151147286567096,0.014864840278589891,0.003395083637954445,0.012096406401477326,0.004828987056948409,0.0,0.006200261121377701,0.0025753033273027185,0.0,0.0,0.0,0.0,0.0017742041160785124,0.004044426993963225,0.0,0.0,0.05139139997735291,0.0,0.0,0.00011756184427837544,0.005401875261608907,0.0026100659341575586,0.0,0.003383610619930138,0.0,0.017091422028543208,0.0,0.0,0.0005099792131294695,0.0035484889862644536,0.0,0.0,0.0,0.0014504762344440746,0.0,0.0,0.002148794345012186,0.017823503425438564,0.0,0.0,0.04624092528223927,0.0,0.0,0.018059431014011588,0.0036571711216134123,0.019088188270771383,0.005662354975050579,0.0
LFQ intensity D3_1,0.0,0.0,0.013299442342858063,0.0,0.007004950292377638,0.0,0.001165613604013236,0.0,0.004814327041890694,0.0,0.004847409849498443,0.0,0.015870943500463974,0.0009443335375676605,0.0006264346201146639,0.0,0.0,0.0,0.029837831396673474,0.04572239592398438,0.016570039424425295,0.015807614349875786,0.010150878262212327,0.0,0.0,0.0021400447872669923,0.0,0.0,0.02814298054368708,0.004206285235468468,0.0,0.0,0.011446622520997303,0.0017513546922638562,0.0,0.0,0.012912420798201547,0.005842955713071168,0.004639307432736832,0.0065383181983345055,0.0052694868175177,0.022378114930575333,0.0,0.0,0.0,0.0,0.0,0.0,0.0,0.007155621847519994,0.046937982086957035,0.0018920948732865897,0.007590382002280845,0.0,0.0,0.023093048661586388,0.0,0.003505028337958197,0.0,0.0,0.0,0.01301838068434427,0.017538443557994107,0.03163584138596156,0.0,0.0,0.0,0.007239941530364488,0.0,0.0,0.0020293492617467494,0.0,0.0021117201456901887,0.04344865892992469,0.0,0.053743384196733156,0.0,0.0,0.0,0.0,0.0,0.019182409340277456,0.0,0.010251625471386028,0.0,0.0,0.0,0.0,0.0,0.0,0.021877886856840858,0.0,0.0,0.0,0.0,0.0,0.0,0.0,0.006331843519639079,0.0,0.0,0.009339203748291572,0.02351496896795689,0.0,0.0,0.0,0.03332458810688296,0.00999906616939067,0.0,0.0,0.012559037590809884,0.0,0.0157516654034653,0.0,0.0,0.0027488991509824995,0.0,0.018134078305726227,0.009761643632383035,0.0,0.0,0.0036471715837464447,0.004773331190457231,0.030557366047770942,0.0,0.0,0.0,0.0,0.0,0.014670640986600179,0.009427855847198588,0.006190420293342355,0.014865356585402141,0.006778940175790086,0.0,0.003868075537616913,0.00452092981869355,0.0,0.0,0.0003885332119944131,0.0,0.0,0.005548585516282072,0.0009006725312897881,0.0,0.03927510672223051,0.0,0.0,0.0026089265619258237,0.005603104919241723,0.0,0.0,0.012240873385810506,0.0,0.0,0.0,0.0,0.001414661733440749,0.004798604519995964,0.0,0.0,0.0,0.0,0.021586445602585526,0.0,0.0,0.004006618612779612,0.0,0.0,0.0318125806443757,0.0,0.003091782557612354,0.018547721132777282,0.00379919453501271,0.011589047544689838,0.007840552618879958,0.0
LFQ intensity D3_10,0.0,0.0,0.010234832143640996,0.0,0.004102041457845909,0.0,0.0,0.00556276100733213,0.00019471989177268745,0.0,0.0,0.0,0.021644909131049165,0.00073236833820972,0.002239943982072083,0.0,0.0011698339449965108,0.0,0.02238423576105868,0.0399377464711433,0.01818415596364085,0.012342365791471702,0.010781766110999147,0.0,0.0013010101496403793,0.0,0.0,0.0,0.01821379583000753,0.00967694196690476,0.0,0.0,0.0,0.0006228947527640725,0.0,0.0,0.006175168959885247,0.006153347353115177,0.006706559659050879,0.007805404898005932,0.007095618767946245,0.03208484436062657,0.0,0.0040428145922882875,0.0,0.0,0.0,0.018436784934917114,0.0,0.005497111889325716,0.05590923666833168,0.0031926645174083124,0.00820292781449685,0.0,0.0,0.01482421168257449,0.0,0.0,0.0,0.0006733726433667331,0.0,0.003689285654699097,0.007344192227030236,0.026005950206871326,0.0,0.0,0.0,0.006887264863898638,0.0,0.0,0.0,0.0,0.0013551666426231412,0.03048036179589229,0.0,0.06112306347718308,0.0,0.0,0.0,0.0,0.0,0.017891212218770266,0.0,0.015282019360070764,0.0,0.0,0.0,0.0,0.004311581748560684,0.0,0.02444805811923426,0.0,0.0,0.0,0.0,0.0,0.0,0.0,0.008907664097662924,0.0,0.0,0.0038375280786977486,0.02002945505481298,0.0,0.0,0.0,0.03772040344446031,0.01200072654075504,0.0,0.0,0.012057282337345323,0.0,0.008612712254469185,0.0,0.0,0.008941105072100143,0.0,0.026738517194215973,0.011107838129815485,0.0,0.0,0.0,0.0004964245897595027,0.017178818695203078,0.0,0.0,0.016220621092883632,0.0,0.0,0.008641636861336158,0.004223212444422054,0.0,0.0,0.0075382240826996506,0.001417556155136795,0.0007184562587893697,0.008735327570519652,0.0,0.0031001672932337064,0.0030215024841351514,0.0,0.0,0.004307072581532672,0.0,0.0,0.04850843688585642,0.0,0.0,0.0071726873370399034,0.008942528631210273,0.006276837273935123,0.0,0.009857856204349853,0.0,0.00533607250831395,0.0,0.0,0.014331931651168568,0.004693807451709042,0.0,0.0,0.0,0.0004190372648781178,0.0,0.0,0.007234824519413386,0.00997972289794192,0.003309310324223056,0.0,0.053031914703760286,0.0,0.004619507835444979,0.012178785619553592,0.0014696372985848166,0.013566543456783002,0.008573758071124529,0.0
LFQ intensity D3_11,0.0,0.0,0.011417704537646779,0.0,0.004669874278904802,0.0,0.0,0.0,0.0,0.0,0.0,0.0,0.019665737625882074,0.0005917220942959947,0.0018733340053390289,0.0,0.0006308560633139564,0.0,0.020677166424418428,0.03739067128796945,0.024259485771148122,0.009614197944828887,0.011532377984131108,0.0,0.003058892296358404,0.00012748042606741227,0.0,0.0,0.0233541530918667,0.005643721459306439,0.0,0.0,0.008470603075983924,0.0,0.0,0.0,0.0015602977451338906,0.004839359790450427,0.007395820368789614,0.014653049535973258,0.007022759116027656,0.02684897555682458,0.0,0.0023646989228829772,0.0,0.0,0.0,0.019264233265646077,0.0,0.010889051920353101,0.058286522352885346,0.0,0.007332607230694703,0.0,0.0,0.009081660864796313,0.0,0.005824838156751237,0.0,0.0,0.0,0.00462985199071081,0.0001675966695874258,0.03252301481980317,0.0,0.0,0.0,0.004731921330970236,0.0,0.0,0.0,0.0,0.0,0.031958631513406666,0.0,0.05678869750413529,0.0,0.0,0.0,0.0,0.0,0.023918826793360465,0.0,0.013114052802091245,0.0,0.0,0.0,0.0,0.0,0.0,0.028313600722420045,0.0,0.0,0.0,0.0,0.0,0.0,0.0,0.01000888939968916,0.0,0.0,0.0024029175098540297,0.02367659595678048,0.0,0.0,0.0,0.03509600344057422,0.009875713994327798,0.0,0.0,0.004850014005646945,0.0,0.015363009768170432,0.0,0.0,0.010722671914192846,0.0,0.02129927507866698,0.015145968628160632,0.0,0.0,0.0,0.0,0.017915961728086793,0.0,0.0,0.018597065548954215,0.0,0.0,0.013304656438409574,0.012315638561568072,0.0006488663065242719,0.0,0.007948922250124321,0.0,0.00348555988065951,0.006359212148367563,0.0,0.0,0.0,0.0,0.0,0.0,0.00017649579234236393,0.0,0.052948732706731935,0.0,0.0,0.006917197033287085,0.007890979607364394,0.002211014156019739,0.0,0.012291283102107824,0.0,0.010227593629003027,0.0,0.0,0.019772312405202844,0.0056665239421607606,0.0,0.0,0.0,0.0,0.0,0.0,0.0,0.0,0.0024525801215853978,0.0,0.047179578938168924,0.0,0.005045805437838544,0.021288806174814615,0.0014519882758201382,0.0132078667723238,0.00776625200531469,0.0
LFQ intensity D3_2,0.0,0.0,0.01638611453531138,0.0,0.005080088976762749,0.0,9.91580629094821e-19,0.02224785741640338,0.004015436000271892,0.0,0.0013936266056594484,0.0,0.018414121259984918,0.0016742205104724312,0.0012651012040817867,0.0,0.0,0.0,0.02535674721535862,0.04091521727174846,0.011601603132300372,0.0,0.014958532462358929,0.0,0.0031832607907426543,0.005789295456541327,0.0,0.0,0.029720296548928465,0.002440928055367692,0.0,0.0,0.005446649004966066,0.004777406638300805,0.0,0.0,0.0,1.047093717459217e-05,0.0,0.012350402927307363,0.005288503564901008,0.01929562679999309,0.0,5.2545941778932664e-05,0.0,0.0,0.0,0.014360521100796993,0.0,0.019620116383163796,0.052688534321461415,0.007270851731782209,0.0026118823709876116,0.0,0.0,0.006265647360825192,0.0,0.0,0.0,0.009628809057140104,0.0,0.008551097385520378,0.0,0.02740692219268881,0.0,0.0,0.0,0.0,0.0,0.0,0.0,0.0,0.003926001067088921,0.029089005270748265,0.0,0.06188644147871679,0.0,0.0,0.0,0.0,0.0,0.025959944676860896,0.0028971123628096624,0.012319385255952196,0.0,0.0,0.0,0.0,0.0,0.0,0.026887508771338466,0.0,0.0,0.0,0.0,0.018794238937087118,0.0,0.0,0.0003840262331270485,0.0,0.007282294330646154,0.00848230758349004,0.014561547053750845,0.0,0.0,0.0,0.04350299135332431,0.009620845708273889,0.0,0.0,0.0,0.0,0.0,0.0,0.0,0.0093070491986639,0.0,0.023834868459728167,0.008793737413396743,0.0,0.0,0.0,0.005820117905107131,0.02086913360352592,0.0008927467811519325,0.0026133431861283664,0.01598882094671491,0.0,0.0,0.0036103213523566904,0.0078003107436362875,0.0023001060493104335,0.004402999263231655,0.004711380725814785,0.0,0.007221436453964104,0.00406543747627872,0.0,0.0008455058149137305,0.0,0.0,0.0,0.0002819271542771644,0.0003048138857488016,0.0,0.04523681041619417,0.0,0.0,0.0008728366311477986,0.0075490761317089285,0.0,0.0,0.005323363928083183,0.00042838662750237385,0.0,0.0,0.0,0.0,0.00316650926878645,0.0,0.0,0.0,0.0011502787616916607,0.0,0.0,0.021027792701128634,0.031533315332290666,0.0,0.0,0.04262587814354069,0.009420940049157306,0.004427854192880746,0.018960045247440122,0.0039672566874056235,0.002801998580165551,0.012181515642629237,0.0
LFQ intensity D3_3,0.0,0.0,0.014370229226942302,0.0,0.007018376943486111,0.0,0.001253630501748204,0.0,0.008550084929658147,0.0,0.0,0.0,0.018255194623724765,0.000987595311651068,0.0021645557087185885,0.0,0.0,0.0,0.03438764019513554,0.05261054161751533,0.018105695916211563,0.0,0.014737428146583043,0.0,0.0,0.0,0.0,0.0,0.029913946095928887,0.0007031954148784653,0.0,0.0,0.01186772696034679,0.0019304790734814073,0.0,0.0,0.0,0.0067986453495173195,0.002069670481103829,0.005290350159025607,0.005768412964447713,0.02551569733635135,0.0,0.0,0.0,0.0,0.0,0.0008212184593572745,0.0,0.017489394767473253,0.050595665915950244,0.0009618471851158528,0.00763947713777048,0.0,0.0,0.00888704082111135,0.0,0.0004715295256173409,0.0,0.0022105376025313705,0.0,0.005775889171668038,0.0065846122611288105,0.026936986896559316,0.0,0.0,0.0,0.004332140790652399,0.0,0.0,0.0,0.0,0.0014919412211378802,0.030573155737730243,0.0,0.05727875110045796,0.0,0.0,0.0,0.0,0.0,0.02251304125702367,0.001478011395253382,0.011440288787207003,0.0,0.0,0.0,0.0042135304926546905,0.0,0.0,0.026183077387839544,0.0,0.0,0.0,0.0,0.01881160059421965,0.0,0.0,0.01072013559144867,0.0,0.0,0.010621277432128493,0.019411172665426742,0.0,0.0,0.0,0.04051371862397556,0.012157932492719846,0.0,0.0,0.013970321883420941,0.0,0.009257170644563108,0.0,0.0,0.013796564377095377,0.0,0.022601987325407368,0.01118778188176689,0.0,0.0,0.003314658594170838,0.0,0.015921325491681217,0.0,0.0,0.003329159517102993,0.0,0.0,0.00837508168181431,0.013079050479328409,0.0005279584004156978,0.0,0.00590293042582589,0.0,0.0035422616105578566,0.004618289865858953,0.0,0.002862252731581343,0.0,0.0,0.0,0.0029346972193646137,0.0005824241043824301,0.0,0.0329673816749582,0.0,0.0,0.003606641602775874,0.005522759691123008,0.0067154612960869,0.0,0.011520078034454873,0.0,0.0050925864228889796,0.0,0.0,0.012847668118641978,0.005466302456015819,0.0,0.0,0.0,0.0,0.021008689041255496,0.0,0.0019511973829448184,0.004149107671062584,0.003631928678956028,0.0,0.04864396032301362,0.0,0.0019024105630323326,0.014199685370946903,0.004269644824299173,0.01073559569879874,0.007551912643791492,0.0
LFQ intensity D3_4,0.0,0.0,0.015747707923064062,0.0,0.006323536111419971,0.0,0.0,0.0,0.009276099546506114,0.0,0.0026019577185858603,0.0,0.02006308266311638,0.0014664199430501944,0.002085695728840924,0.0,0.0,0.0,0.035405114298381155,0.05988053306868158,0.010249380743757709,0.01786723040046287,0.009534904053765624,0.0,0.0038892086271117812,0.0027023984364535764,0.0,0.0,0.027918315129081512,0.0066121276134159255,0.0,0.0,0.007462076200866405,0.0005429624458354632,0.0,0.0,0.021193101148150255,0.0021730586820751796,0.006512328754424053,0.010292773676000393,0.0043851258889790684,0.013136418764790051,0.0,0.0,0.0,0.0,0.0,0.0010128296097181974,0.0,0.004115557249071841,0.04990281725272186,0.0,0.0073464287401312145,0.0,0.0,0.0073469513766838985,0.0,0.0022607321749016198,0.0,0.00040401037239360847,0.0,0.0129457922613895,0.010427109291952738,0.02913866061888029,0.0,0.0,0.0,0.009777731628393639,0.0,0.0,0.0,0.0,0.005357214721200726,0.031489229693351016,0.0,0.056599368899921,0.0,0.0,0.0,0.0,0.0,0.016598855120871916,0.0,0.012689221754783472,0.0,0.0,0.0,0.0,0.0018530470907163362,0.0,0.02904142945016425,0.0,0.0,0.0,0.0,0.0,0.0,0.0,0.0035733177616501435,0.0,0.0,0.017486360968486336,0.024128888625305513,0.0,0.0,0.0,0.04512498590317924,0.013717699859783418,0.0,0.0,0.017926928219416993,0.0,0.0,0.0,0.0,0.002050801810108603,0.0,0.024579406100820808,0.006142784472484424,0.0,0.0,0.0,0.0,0.03322379376812331,0.0,0.0,0.0,0.0,0.0,0.011623205492962436,0.0,0.009865158888901968,0.0,0.006367601930125507,0.0,0.004814399309578878,0.005498316708441073,0.0,9.291271541805721e-05,0.0026232608803319203,0.0,0.0,0.008420945190635621,0.0008129773956897516,0.0,0.04095044616493675,0.0,0.0,0.0024111843484713137,0.007984938378731803,0.0031462529855105386,0.0,0.009958095227194414,0.0,0.0,0.0,0.0,0.0,0.004056196248881722,0.0,0.0,0.0,0.0,0.0,0.0,0.0017809664017004033,0.010771244734957629,0.0,0.0,0.05215023156167001,0.0,0.0060384874082667446,0.014108041465005435,0.0055014220935641536,0.012322201394229017,0.0051180007113728575,0.0
LFQ intensity D3_5,0.0,0.0,0.012040417692105504,0.0,0.006608512194280727,0.0,0.0006955418402629351,0.0,0.015468096241831144,0.0,0.0,0.0,0.01924744211886744,0.0008256010319058333,0.001833076710740009,0.0,0.0010959440800155783,0.0,0.033319121262171424,0.0475888697742585,0.013938977641214333,0.018059988051768814,0.015272073983991333,0.0,0.005087835997857247,0.0,0.0,0.0,0.024529191572928963,0.004213935584329218,0.0,0.0,0.00661222873267628,0.0025307210453852542,0.0,0.0,0.02598731145539849,0.00307800986473516,0.005552778456013424,0.007509601437236518,0.005803938895985326,0.02334540454053721,0.0,0.0,0.0001786247334126867,0.0,0.0,0.0014540215280800732,0.0,0.008344615056349291,0.04951950382933165,0.0004740133910407658,0.007680495199618231,0.0,0.0,0.005860059573012112,0.0,0.0,0.0,0.007904131997119966,0.0,0.011765647308370769,0.0035382540672854257,0.010750845199233585,0.0,0.0,0.0,0.00871848457984757,0.0,0.0,0.0,0.0,0.003814507742428998,0.03120330911342819,0.0,0.054253885764564996,0.0,0.0,0.0,0.0,0.0,0.020078184355106974,0.0,0.016516230069903895,0.0,0.0,0.0,0.0060650846777718205,0.0004706392961432659,0.0,0.014993758501827492,0.0,0.0,0.0,0.0,0.0,0.0,0.00041281604780653297,0.007211078568740376,0.0,0.0,0.010059789790513671,0.037608552120406674,0.02125589363235143,0.0,0.0,0.038420183370819073,0.013419023193265569,0.0,0.0,0.006367993891420186,0.0,0.014197466451957979,0.0,0.0,0.0,0.0,0.02371647690885749,0.011240447953508096,0.0,0.0,0.0,0.002589974582285188,0.02905505186175446,0.0,0.0,0.0019401504531639492,0.0,0.0,0.0075537930007525044,0.0,0.0,0.0,0.00729118814057474,0.0,0.010767766305438716,0.009984350491772643,0.0,0.001219713442509143,0.0,0.0,0.0,0.0064209090700694735,0.0005277239317442086,0.0,0.03157385848230981,0.0,0.0,0.004553654388396234,0.011330381395536973,0.002985655160866092,0.0,0.005314983122893038,0.0,0.0,0.0,0.0,0.0,0.004834082148313459,0.0,0.0,0.0,0.0002707518445934483,0.0,0.0,0.002920250458573249,0.03319725046868729,0.0,0.0,0.04559657036548857,0.0,0.0051056150524823474,0.00783906975618369,0.0033185717966102563,0.011169315842756551,0.004900730316222373,0.0
LFQ intensity D3_6,0.0,0.0,0.0,0.0,0.006844797014182491,0.0015889600750928067,0.0018492747278111069,0.0023025341925938313,0.0,0.0,0.0010511475157102671,0.0,0.01565602004277103,0.0014157231768326477,0.0006450800399458444,0.0,0.0,0.0,0.029435583194836662,0.040247046230707045,0.011346514286382049,0.015475763269359703,0.007834800540345197,0.0,0.003172744543591943,0.0,0.0,0.0,0.022578975569350294,0.004818402673123774,0.0,0.0,0.0050573235867338445,0.0,0.0,0.0,0.005614009564366969,0.006968263369792827,0.00810183347995328,0.003278204389369695,0.0036500128052054273,0.022811712716356514,0.0,0.0010721578366774977,0.0,0.0,0.0,0.025777754104170086,0.0,0.010418387240723465,0.0641436489032163,0.004682157366512892,0.006554647338380593,0.0,0.0,0.019573553983716352,0.0,5.7288367416937164e-05,0.0,0.02775825716176091,0.0,0.010992273325379867,0.00960494405679668,0.014141362096285803,0.0,0.00459551932636534,0.0,0.0,0.0,0.0,0.0,0.0,0.00649194815026887,0.04008426094336418,0.0,0.0533614352409978,0.0,0.0,0.0,0.0,0.0,0.02509799599914018,0.0,0.014863083893558608,0.0,0.0,0.0,0.0,0.0,0.0,0.022363845565817494,0.0,0.0,0.0,0.0,0.0,0.0,0.0,0.0004398702967897706,0.0,0.004912506214559722,0.003913564058727277,0.015993378449278402,0.0,0.0,0.0,0.041453078098219534,0.0070041591076856775,0.0,0.0,0.0028549261419291293,0.0,0.008400336451577312,0.0,0.0,0.0,0.0,0.016294480367205415,0.026911964812708723,0.002321363045687871,0.0,0.0,0.0038192821223102975,0.03112868234963675,0.0,0.0016308897367626205,0.014312120650251966,0.0,0.0,0.00621925449817112,0.017278074028314206,0.0031658243038673478,0.0,0.007530968536465594,0.002339581571338331,0.005797949425159388,0.0032798831055100234,0.0,3.251316266100228e-05,0.0028608173982043903,0.0,0.0,0.0,0.0,0.0,0.03831898768987193,0.0,0.0,0.00828649202676774,0.007221856786061799,0.0,0.0,0.0,0.0045017708003812626,0.0,0.0,0.0,0.0,0.007790139966877095,0.0,0.0,0.0,0.0010600546490594606,0.0,0.0,0.0023827278624189104,0.044188568699525255,0.0,0.0,0.029806878657767665,0.0,0.01640439495577089,0.006257169536287315,0.0,0.010315065464850403,0.010191177066373243,0.0
LFQ intensity D3_7,0.0,0.0,0.010638712809027872,0.0,0.005481920175147215,0.0,1.6573997560260829e-18,0.0,0.002391850045159926,0.0,0.0,0.0,0.019644075466158838,0.0005401019543925254,0.000874425926920613,0.0,0.00348873549904467,0.0,0.030585217541728917,0.036999246218277194,0.023750099569020872,0.012163088252033083,0.012530180935832469,0.0,0.0034858618441856765,0.0,0.0,0.0,0.022674198974549396,0.005703403323494681,0.0,0.0,0.006827628258275301,0.0033939401179957137,0.0,0.0,0.0054328219982128015,0.0026326758172911633,0.0033089997199119976,0.010172606838354551,0.0057444483963466015,0.024377628471066323,0.0,0.0,0.0,0.0,0.0003703212973359676,0.024306870441186817,0.0,0.009268221509190579,0.056063738589847846,0.002549998439028562,0.005720287592275329,0.0,0.0,0.0,0.0,0.0019224115583673564,0.0,0.0,0.0,0.015709830421187003,0.007376404811045656,0.019921898606380536,0.013671913118105027,0.0,0.0,0.0,0.0,0.0,0.0,0.0,0.0017871205078816834,0.034372426256565676,0.0,0.056008700399251446,0.0,0.0,0.0,0.0,0.0,0.021828905312132326,0.0,0.009952370208850687,0.0,0.0,0.0,0.0,0.0,0.0,0.03131698239446909,0.0,0.0,0.0,0.0,0.0,0.0,0.0,0.010387921585166065,0.0,0.0,0.00475385878749672,0.012107281681976995,0.0,0.0,0.0,0.032796794110395704,0.012528505477153626,0.0,0.0,0.006475288945992778,0.0,0.009874184789448157,0.0,0.0,0.005181446112658952,0.0,0.022466827839439332,0.012360203324538672,0.0,0.0,0.0,0.0004755300633741556,0.03232112987426919,0.0,0.0,0.014969439306358343,0.0,0.0,0.006145789266173936,0.02122285321848225,0.005741089170762166,0.0,0.007119964980670158,0.0011653202310183213,0.005498445509315635,0.003892846394209568,0.0,0.0,0.002605014479003529,0.0,0.0,0.006523758119218958,0.0,0.0,0.05113038319372712,0.0,0.0,0.0017433157872019476,0.006127155912106665,0.007307298846261916,0.0,0.009891178398991781,0.0,0.006450716120133194,0.0,0.0,0.0009979710912510064,0.005183476991849259,0.0,0.0,0.0,0.00028313306280376016,0.0,0.0,0.0018334687858180226,0.012483538041634627,0.0,0.0,0.047884563124554844,0.0,0.004023569500422543,0.019753868096691055,0.0036082041195151177,0.015450568455849386,0.004243827588534551,0.0
LFQ intensity D3_8,0.0,0.0,0.006499884872742431,0.0,0.004619786152915625,0.0,6.706685661504121e-19,0.0,0.0015515739292686357,0.0,0.0,0.0,0.0160557429324737,0.0009351857730395624,0.0018519944779185039,0.0,0.0,0.0,0.028316419762193394,0.03902102832533279,0.02171580194843084,0.01691565229796667,0.01169760515303856,0.0,0.0022510824146990366,0.0009513741413532798,0.0,0.0,0.024137136973351136,0.005880432519871859,0.0,0.0,0.011592157965415706,0.0030924367037761676,0.0,0.0,0.006537461951096183,0.004088329148165151,0.01158348500061496,0.005635537756861064,0.006497811661564812,0.026088881365182767,0.0,0.0,0.0,0.0,0.0,0.0207643188211323,0.0,0.01029271473718333,0.051423339293663876,0.0023101251932388183,0.0066902730444318905,0.0,0.0,0.015212753934354888,0.0,0.00503944317092525,0.0,0.005361952108135837,0.0,0.012158370310972064,0.010421019007996819,0.02022309016752313,0.0,0.0,0.0,0.0,0.0,0.0,0.0,0.0,0.00518652393182341,0.031095480315622457,0.0,0.05670525140030347,0.0,0.0,0.0,0.0,0.0,0.02381588964940017,0.0,0.011732860813723415,0.0,0.0,0.0,0.0,0.0,0.0,0.02384498670605483,0.0,0.0,0.0,0.0,0.0,0.0,0.0,0.001444408519782343,0.0,0.00011483237799533942,0.011552840089129017,0.01723776355436159,0.0,0.0,0.0,0.03711637338860578,0.012932616523678855,0.0,0.0,0.003898939085700703,0.0,0.017363564642817606,0.0,0.0,0.0013750214830377675,0.0,0.02034382502866011,0.011175945802434691,0.0020629750655016188,0.0,0.0,0.001964201386326037,0.032415089852984066,0.0,0.0,0.018319784449687893,0.0,0.0,0.010181386971543093,0.019323722917905666,0.0028452507967455247,0.001174583303296511,0.007648445721589995,0.000709629729473987,0.003745147946216216,0.005596118246940249,0.0,0.0,0.0026821657238930117,0.0,0.0,0.0,0.0012311636285899667,0.0,0.04617941409344198,0.0,0.0,0.003228657511040554,0.006849112622372951,0.0,0.0,0.010286183931464543,0.0,0.0,0.0,0.0,0.0,0.003212950485690556,0.0,0.0,0.0,0.0004984245101520995,0.0,0.0,0.0,0.024805610727146495,0.0,0.0,0.037070875767409396,0.0,0.004855134896689566,0.016067305313402676,0.004726610522656383,0.01373845886867506,0.014230268679201246,0.0
LFQ intensity D3_9,0.0,0.0,0.0,0.0,0.005797800365526011,0.0,0.0011527623454193128,0.0,0.005293253106534822,0.0,0.0,0.0,0.01993426706284703,0.0003615124256650622,0.001915868650623082,0.0,0.0,0.0,0.02618699029556283,0.03805849088536588,0.02177456127516394,0.011508606786156695,0.007918813830005747,0.0,0.003791285707183925,0.0,0.0,0.0,0.026780835685948384,0.005948294883198498,0.0,0.0,0.008583214575452868,0.0033531324871654117,0.0,0.0,0.00546248343369296,0.0026826541435552263,0.0070201218316629215,0.009577329879147086,0.0045990650251274325,0.02708375345922858,0.0,0.0,0.0,0.0,0.0,0.02344307960608397,0.0,0.010572038534027134,0.05281630468021801,0.0,0.006717675217726384,0.0,0.0,0.013483446106063626,0.0,0.0023862902808467284,0.0,0.008961472636277728,0.0,0.013659003282295941,0.00482012719563387,0.019932164832564724,0.0,0.0028811479071207584,0.0,0.009561435288444782,0.0,0.0,0.0,0.0,0.004135326375907376,0.030735155572118335,0.0,0.05746152386212924,0.0,0.0,0.0,0.0,0.0,0.020673718109202495,0.0,0.011540631045193228,0.0,0.0,0.0,0.0,0.0,0.0,0.027812727595128435,0.0,0.0,0.0,0.0,0.0,0.0,0.0,0.007112292565561066,0.0,0.0,0.0057033271606045256,0.012661087261798815,0.0,0.0,0.0,0.033583242610943524,0.010007964235990352,0.0,0.0,0.005735896556349135,0.0,0.009867028811109157,0.0,0.0,0.005274623342082258,0.0,0.02465026161201246,0.012649653148621102,0.0007714155063117617,0.0,0.0,0.0026596554013093346,0.03137944262126778,0.0,0.0,0.01572400083928586,0.0,0.0,0.007396245081588686,0.02089285423829328,0.0,0.0017403846141361861,0.007362830495412511,0.0027429926070868384,0.003168224265326085,0.0025470388125060674,0.0,0.0,0.00547505227487555,0.0,0.0,0.0077435231557815044,0.0,0.0,0.048853267688197984,0.0,0.0,0.0012526532614003272,0.004305732888474209,8.424982466006421e-05,0.0,0.006055295402333097,0.0009078559645010374,0.008117840033497931,0.0,0.0,0.0,0.005642719927598831,0.0,0.0,0.0,0.0,0.0,0.0,0.0012241127339615225,0.023948279670178287,0.0,0.0,0.04801672582709499,0.0,0.005916621741933647,0.01866715700966699,0.0026357204202976693,0.013374612834520074,0.00776975128621299,0.0
LFQ intensity D4_1,0.0,0.0,0.00998225023091481,0.0,0.007909464772242759,0.0,0.0017695192856134658,0.006591253860399133,0.0,0.0,0.0,0.0,0.017646290696460926,0.0010488877813357965,0.0010815990780572143,0.0,0.0,0.0,0.02362692194093,0.03871258673284139,0.016238804861387925,0.012518289775621687,0.008148858833389018,0.0,0.0036403974477634414,0.0007802660678202728,0.0,0.0,0.02235080584957282,0.0077915931228291725,0.0,0.0,0.0042104023200749815,0.0010602497877700299,0.0,0.0,0.010189107144126339,0.003794511419802958,0.005077640167385572,0.010351080573193165,0.004440217330718168,0.02147376958849834,0.002511554049040389,0.0013290147895719173,0.0,0.0,0.0,0.01553689893930892,0.0,0.010460436435713417,0.07254702769338794,0.0,0.006525826587801431,0.0,0.0,0.012902696645096976,0.0,0.0,0.0,0.0,0.0,0.004706026636270738,0.004463329285733706,0.03414856055824117,0.0,0.0,0.0,0.0006548658349129489,0.0,0.0,0.0,0.0,0.009042351738419227,0.04775339802228471,0.0,0.05564731709389472,0.0,0.0,0.0,0.0,0.0,0.03009543844427775,0.0,0.01083220639127093,0.0,0.0,0.0,0.0,0.0,0.0,0.026684000956306877,0.0,0.0,0.0,0.0,0.0,0.0,0.0,0.004130785838361065,0.0,0.0,0.009753086862675779,0.021914612856756423,0.0,0.0,0.0,0.04116924512733973,0.00831637364081785,0.0,0.0,0.0,0.0,0.007411764159563158,0.0,0.0,0.0012473921760945974,0.0,0.02352459680860366,0.016003994557674022,0.0010715311733703735,0.0,0.0005862081969307323,0.0009562191692119547,0.01676536829913008,0.0,0.0,0.015095012385162728,0.0,0.0,0.010413379637935174,0.015332938330097403,0.0,0.0,0.007594798386568255,0.001188261322215562,0.006027134018978506,0.0032541446836723046,0.0,0.0,0.0,0.0,0.0,0.0,0.0,0.0,0.04681772668155988,0.0,0.0,0.010112997078372106,0.00707373472390474,0.0,0.0,0.009540166536579105,0.0,0.000785979359121092,0.0,0.0,0.01991302995567201,0.011297898201342665,0.0,0.0,0.0,0.0006512197733760795,0.0,0.0,0.005558597363785482,0.0,0.006139315820755881,0.0,0.023173788916686554,0.007867243935382188,0.008183291674489186,0.01663171778293473,0.0014934048605521864,0.01193448989910818,0.014792831034935545,0.0
LFQ intensity D4_10,0.0,0.0,0.006265406609637582,0.0,0.0008142447525972776,0.0,0.0,0.0027974417836569582,0.0,0.0,0.0,0.0005171869905703859,0.016099812971252795,0.0005303556959299793,0.0019693679796439693,0.0,0.0005216696836675044,0.0,0.023410300279586377,0.04242249999460707,0.021891350096558418,0.013978771872710134,0.015195582920223289,0.0,0.005477606551137168,0.0008638457167518125,0.0,0.0,0.022899063907323085,0.009283633019815843,0.0,0.0,0.005029416984048578,0.0,0.0,0.0,0.012141337655956666,0.008562897781825913,0.0029690901096309573,0.015294146564972903,0.005584994468661473,0.028029724632897785,0.0025264159830384806,0.0009222456856865373,0.0,0.0,0.0,0.01078685286547837,0.0,0.0033901614795197495,0.050013353765951764,0.0,0.006337021359434105,0.0,0.0,0.017802765726664324,0.0,0.0025107322736374667,0.0,0.004383794870965669,0.0,0.00969027992843322,0.01558970382291119,0.021666596877368556,0.0,0.0,0.007652839604419475,0.00027368691026212477,0.0,0.0,0.0,0.0,0.0,0.03199474100854051,0.0,0.05209392399983305,0.0,0.0,0.0,0.0,0.0,0.023799758234700447,0.0,0.013734885500123027,0.0,0.0,0.0,2.960812051533299e-05,0.0,0.0,0.028734304523252232,0.0,0.00012631795944097188,0.0,0.0,0.0,0.0,0.0,0.011907312005312044,0.0,0.0,0.010343200422654273,0.004317282947875175,0.0,0.0,0.0,0.04858008117679347,0.00778352636272026,0.0,0.0,0.007009160223825117,0.0,0.01415804871722542,0.0,0.0,0.004646587137739954,0.0,0.013436989383661467,0.013402448022357396,0.00014588617784580638,0.0,0.0,0.0,0.026724784389548218,0.0,0.0,0.015482806916058602,0.0,0.0,0.0,0.019745900243688008,0.0,0.0,0.006988897690391384,0.0033159368811410484,0.004987031411032854,0.0005147056271325583,0.00016356566795744075,0.0,0.011371405415565888,0.0,0.0,0.0,0.0005572883681257107,0.0,0.052151661616786506,0.0,0.0,0.007566056410297982,0.0056626948670975875,0.003878060414891458,0.0,0.012069869760470985,0.0,0.0033082532331397164,0.0,0.0,0.0,0.0025238222789260166,0.001614756833770403,0.0,0.0,0.0,0.0,0.0,0.0005867718063439075,0.03582457805087386,0.015220137919476412,0.0,0.026774776597660095,0.004343372596345597,0.003693565753711938,0.01364345851826703,0.0010343762606327678,0.007801885306158187,0.009699741296604362,0.00040957576605244616
LFQ intensity D4_11,0.0,0.0,0.007950574408470789,0.0,0.012469914563458204,0.0,0.0,0.003431439372840796,0.006476418937350814,0.0,0.004879101536882279,0.0,0.018305642127265345,0.0013465732010627478,0.0024986371732662054,0.0,0.0,0.0,0.018105571273059055,0.03525573953437857,0.018156044795929777,0.020384768056434105,0.008038633844732159,0.0,0.0001870897512876758,0.001733517200211334,0.0,0.0,0.018928187884169216,0.0071492553372809005,0.0,0.0,0.011846573905283365,0.0007348158273335288,0.0,0.0,0.0052118996277273014,0.0,0.01074123410390599,0.011977750260958342,0.0054974917549285365,0.02858505814198764,0.0034484170478118435,0.0,0.0,0.0,0.0,0.02359081614984047,0.0,0.01324988785310096,0.05562439155173031,0.0,0.009680729390403355,0.0,0.0,0.008156181038884928,0.0,0.0,0.0,0.014205708295557697,0.0,0.01829640335431522,0.0016199403204703838,0.018366328308180087,0.0,0.0,0.0,0.0,0.0,0.0,0.0,0.0,0.00040635922264545537,0.03523337207924238,0.0,0.014135632112613308,0.0,0.0,0.0,0.0,0.0,0.03477740553412536,0.0,0.008725494488490186,0.0,0.0,0.0,0.004179237121145669,0.0,0.0,0.013736148104308262,0.0,0.0,0.0,0.0064965226336512125,0.0,0.0,0.0,0.002071928455192408,0.0,0.0,0.005679601034126626,0.01337668603218784,0.0,0.0,0.004280247577962416,0.033368989279528125,0.00745128560536912,0.0,0.0,0.016578040757757876,0.0,0.008746315158547664,0.0,0.0,0.0,0.0,0.018461368614234315,0.015839502704058504,0.0,0.0,0.0016703597653498613,0.0015554565091665086,0.040667886267216805,0.0,0.0,0.013917144658843113,0.0,0.0,0.0,0.02247584751581589,0.0,0.0,0.008328191471119658,0.0013981293644413713,0.007048942984723169,0.002713468216804287,0.0,0.0,0.004667981046948347,0.0,0.0,0.0,0.0008631869084009411,0.0,0.045452927373037806,0.0,0.0,0.010312543450887012,0.009758041843773699,0.0,0.0,0.0033484444585905942,0.0014055606715415866,0.0,0.0,0.0,0.0,0.005391166059844072,0.0,0.0,0.0,0.0,0.020501045399676912,0.0,0.002141923191565139,0.03514651642312199,0.006066007756249017,0.0,0.026546524707343897,0.0033111936229749746,0.007047898867677673,0.014158402849593256,0.001726309166224316,0.016939258872765556,0.015764768130615954,0.0
LFQ intensity D4_12,0.0,0.0,0.009766050926365292,0.0,0.008327821873442836,0.0,0.0,0.007053089708181777,0.005019238322607814,0.0,0.002387245584014331,0.0,0.01905468995995741,0.0011935500550642297,0.002383503126868304,0.0,0.0,0.0,0.01835897691343008,0.02335193757927802,0.017205289134693047,0.008387660726493355,0.015264048189967834,0.0,0.007475085133090848,0.0019971968647103447,0.0,0.0,0.026496954540846506,0.008114279295451858,0.0,0.0,0.005656588358232826,0.0,0.0,0.0,0.0034906509799966755,0.005474470560440617,0.005537988185174287,0.014940473760221031,0.007190387458055584,0.028764491036634594,0.003699890093621941,0.0,0.00021580226632923099,0.0,0.0,0.02452903503682165,0.0,0.014289045096408298,0.06204408798906049,0.0,0.006537313585600534,0.0,0.0,0.00600722890200614,0.0,0.0011927464625965153,0.0,0.02551226999441456,0.0,0.017647662746642333,0.010408261357741052,0.017721711536719587,0.0,0.0,0.0,0.0,0.0,0.0,0.0,0.0,0.002252885027432978,0.0382756327513106,0.0,0.011343185587617068,0.0,0.0,0.0,0.0,0.0,0.03133638032274954,0.0,0.011653031146012044,0.0,0.0,0.0,0.013043251781214925,0.0,0.0,0.013132239065113118,0.0,0.0,0.0,0.01404669782923095,0.0,0.0,0.0,0.005673818333732909,0.0,0.0,0.007574426207954802,0.0,0.0,0.0,0.0013897384130678238,0.02920856491297186,0.010724365314777617,0.0,0.0,0.015795130259508138,0.0,0.0,0.0018751165008666674,0.0,0.0,0.0,0.02308700042858529,0.017532452908537114,0.0,0.0,0.0,0.0010895565035616082,0.042256538018195934,0.0,0.0,0.01594605529975835,0.0,0.0,0.0,0.020523791740719152,0.0,0.0,0.007879330574771646,0.0,0.004021520621168716,0.005918881042098101,0.0,0.00031626936993224086,0.005635237501506227,0.0,0.0024875481778291408,0.0013765439675804563,0.00048621911239836256,0.0,0.04217617437716751,0.0,0.0,0.010376392462396284,0.00826593531731418,0.001968151306125867,0.0,0.01585098857263125,0.0,0.0,0.0,0.0,0.0,0.0016956887534216902,0.0,0.0,0.0,0.0,0.0,0.0,0.002249560652236067,0.04488443659099728,0.0003562110443737703,0.0,0.030137502368684795,0.0037350528249112955,0.009349945774098867,0.006441235616395884,0.0008062135929167337,0.010881550189161135,0.012246828495782134,0.0
LFQ intensity D4_2,0.0,0.0,0.014153314450217348,0.0,0.011418645889978948,0.0,4.403914116026613e-19,0.0,0.006689887006493633,0.0,0.0,0.0,0.016239286902327253,0.000858526679979522,0.0018417143688270103,0.0,0.0,0.0,0.03102603704889721,0.052710682810712305,0.020197877643921634,0.00782202184617536,0.009851070857722894,0.0,0.007014571463310471,0.0,0.0,0.0,0.027346359986376884,0.00446781016752956,0.0,0.0,0.006247368839529879,0.0,0.0,0.0,0.0181550151773142,0.006172503200196078,0.00551956587109838,0.010546829987045276,0.003421125848755291,0.024630749107006144,0.002972434659783317,0.0,0.0,0.0,0.0,0.0038935215019318694,0.0,0.009558430065924495,0.05490625698200554,0.0013734492490141122,0.007561426036679556,0.0,0.0,0.01680540840038202,0.0,0.0009388088142403824,0.0,0.0,0.0,0.014837797180654496,0.009323416214824867,0.03319039838335444,0.0,0.0,0.0,0.0018413998000251647,0.0,0.0,0.0,0.0,0.0,0.03129324161406018,0.0,0.06038649353770706,0.0,0.0,0.0,0.0,0.0,0.022053916997791106,0.0,0.013442682564737237,0.0,0.0,0.0,0.00027561048348860996,0.0,0.0,0.028163270660075217,0.0,0.0,0.0,0.0,0.0,0.0,0.0,0.010726038914936998,0.0,0.0,0.014480248586093229,0.019927678668397408,0.0,0.0,0.0,0.042244566853708546,0.0065590250102797,0.0,0.0,0.016218356644788934,0.0,0.009551856420383182,0.0,0.0,0.012625730280903592,0.0,0.019444522150118146,0.012835987756146134,0.0,0.0,0.0,0.0,0.034193077636743265,0.0,0.0,0.0,0.0,0.0,0.013678393131014622,0.012900108733346611,0.0,0.0003515299211343098,0.006553240035557471,0.0,0.003991328846626695,0.0024420541661722434,0.0,6.58805483231666e-05,0.0006283284555176405,0.0,0.0,0.0013170932169716328,0.0,0.0,0.03997143285309566,0.0,0.0,0.008626301859655747,0.006194508233433825,0.00011029210262408792,0.0,0.008819358971182311,0.0,0.01169230273415523,0.0,0.0,0.0,0.0031450168542146596,0.0,0.0,0.0,0.0,0.0,0.0,0.0027001420630135844,0.012179181288104161,0.0,0.0,0.028285108282056833,0.0025078413409081735,0.005457212179699674,0.012983434111048268,3.856130200756473e-05,0.010021361450925269,0.00738397009661653,0.0
LFQ intensity D4_3,0.0,0.0,0.0058876834433540534,0.0,0.008052993029593355,0.0,0.0,0.003277430133023682,0.0,0.0,0.0006641850835932115,0.0017568639589204446,0.016972411389213633,0.0010134681760945216,0.0020514783408743967,0.0,0.0,0.0,0.022602508987667858,0.0457928406981361,0.016083609172736248,0.014490657451586368,0.008418207859623187,0.0,0.0027005320703221607,0.0005963273381752449,0.0,0.0,0.015985605477480923,0.006084041609799042,0.0,0.0,0.01060785686680258,0.0,0.0,0.0,0.009506061201743663,0.004320472951823593,0.0,0.01746153044786081,0.0074519692105901635,0.026022666643344943,0.002676753308881204,0.003022043200788332,0.0,0.0,0.0,0.011874427995355834,0.0,0.010439761727470154,0.05737341752539202,0.0,0.007501589225927794,0.0,0.0,0.01652113828479799,0.0,0.004460810762626026,0.0,0.0,0.0,0.004407071863460425,0.015407292276465295,0.0395306902329153,0.0,0.0,0.0,0.0,0.0,0.0,0.0,0.0,0.0008867718871221976,0.0333930502264382,0.0,0.05867407995941118,0.0,0.0,0.0,0.0,0.0,0.02938794323877195,0.0,0.010582940508291097,0.0,0.0,0.0,0.0,0.0,0.0,0.026142289065531715,0.0,0.0,0.0,0.0,0.0,0.0,0.0,0.004085813615438024,0.0,0.0,0.002789385336061926,0.02264104753419567,0.0,0.0,0.0,0.04442861055213709,0.010690706329578827,0.0,0.0,0.005303340105017892,0.0,0.011060350896645501,0.0,0.00026854712250474057,0.0,0.0,0.02465527604733611,0.013348429999930985,0.0,0.0,0.00011997908775810568,0.0,0.018675033651201177,0.0,0.0,0.015586996732184935,0.0,0.0,0.008268595236506894,0.014522574725378674,0.0,0.0,0.007721813178818234,0.0013735611526779718,0.0018421069722119642,0.00730033119947039,0.0,0.0,0.011624840132656872,0.0,0.0015478856176625766,0.0,0.0,0.0,0.05033413529060995,0.0,0.0,0.010129818852478307,0.008191350243073117,0.004196942637338248,0.0,0.013078152509984344,0.0,0.0,0.0,0.0,0.02061070493003736,0.0053958919701965384,0.0,0.0,0.0,0.0003936526937932551,0.0,0.0,5.721771772809853e-05,0.0,0.001494026968454764,0.0,0.03419330184452366,0.0009142039030365458,0.0008106384431540858,0.02165066741427676,0.0017703367148572352,0.00907300979607116,0.009767250013005229,0.0
LFQ intensity D4_4,0.0,0.0,0.015632903631010615,0.0,0.0,0.0,0.0011007090944069604,0.00773619978488919,0.0,0.0,0.0,0.0,0.018495958609350462,0.0006820149668322294,0.0017860971082804997,0.0,0.0025271569872532575,0.0,0.02106503834219117,0.03227089188781964,0.02186190200837005,0.006337541050703365,0.01269699585672277,0.0,0.009439705940076731,0.0009174184233297917,0.0,0.0,0.022478564400174275,0.0065164441746823724,0.0,0.0,0.007396303013411158,0.0002726051549201753,0.0,0.0,0.006781777344813176,0.005900207207163143,0.006166032199275574,0.012710523430413562,0.005851021947698256,0.0241558514132834,0.0,0.0,0.0,0.0,0.0,0.019600630269971914,0.0,0.004955353456557445,0.05098303560511343,0.0,0.007237167579585634,0.0,0.0,0.014638408980492325,0.0,0.007205095292360544,0.0,0.007655140705337469,0.0,0.010990199450713218,0.013718261172513206,0.024159979748808715,0.0,0.0,0.005571962914929131,0.0062278521354097284,0.0,0.0,0.0,0.0,0.0003250285192627781,0.030945250305247054,0.0,0.05175184035294341,0.0,0.0,0.0,0.0,0.0,0.02546613132439118,0.0,0.009150306345329874,0.0,0.0,0.0003222226004169791,0.0,0.0,0.0,0.027909995345562176,0.0,0.0,0.0,0.0,0.0,0.0,0.0,0.007150609360968406,0.0,0.0,0.01020947878438201,0.007376211626666271,0.0,0.0,0.0,0.04378846527256602,0.008585592966869096,0.0,0.0,0.0071840575360381,0.0,0.002060796000641951,0.0,0.0,0.010536464866494358,0.0,0.019639619957790778,0.014155761457756976,0.0,0.0,0.0,0.0,0.0282872424352297,0.0,0.0,0.01744438293421715,0.0,0.0,0.005571130353659651,0.020345701577186286,0.0,0.001866595868812903,0.007191734851828368,0.0,0.004888386557358729,0.003625751699732157,0.0,0.0,0.00273037314866728,0.0,0.0,0.0,0.0004620792691988359,0.0,0.043545216717895976,0.0,0.0,0.00527434734320667,0.007380096133302023,0.001974743102160623,0.0,0.012444914042003642,0.0,0.00715853890125853,0.0,0.0,0.0,0.002471283410923796,0.0002488350236583399,0.0,0.0,0.0,0.0,0.0,0.0,0.025982739111779157,0.007559355690458202,0.0,0.03452142275248468,0.003049802360700913,0.010542050182200722,0.018643675680609335,0.0009080029508163779,0.01649060563888814,0.009110208349569876,0.0
LFQ intensity D4_5,0.0,0.0,0.015622276389983893,0.0,0.011522120405693599,0.0,1.1434626100800715e-19,0.0,0.002141273762518701,0.0,0.0,0.0,0.017858620576308912,0.002169284226809275,0.0023628675626449365,0.0,0.0,0.0,0.030387194939464977,0.04757699162852286,0.005972552223597159,0.01276352807913552,0.01581052757002533,0.0,0.0049429847504341585,0.0005288102808776383,0.0,0.0,0.02596845882442878,0.0068596340894615335,0.0,0.0,0.0015870516281294856,0.0013875056699359746,0.0,0.0,0.01820373098455098,0.002511098735288378,0.0,0.013689737881999014,0.005254759315902877,0.020366542990623848,0.0028837360743077223,0.0,0.0,0.002578204368710495,0.0,0.000252427610103406,0.0,0.0034243604557179655,0.044414264488966175,0.0,0.0074904803513667385,0.0,0.0,0.005480516663268985,0.0,0.0,0.0,0.0,0.0,0.011016239485583853,0.014658980470011906,0.02525488150552071,0.0,0.0,0.006586280154528811,0.008116489556116822,0.0,0.0,0.0,0.0,0.0025989289728285004,0.030856277180311472,0.0,0.055962633416789455,0.0,0.0,0.0,0.0,0.0,0.028777404122414713,0.0,0.009828150838831992,0.0,0.0,0.0,0.0,0.0,0.0,0.02724103853727287,0.0,0.0,0.0,0.0,0.0,0.0,0.0,0.012096800427712698,0.0,0.0,0.012722761451407268,0.025814597780658047,0.0,0.0,0.0,0.045282299181077366,0.01002972020699726,0.0,0.0,0.0007528499704581499,0.0,0.004984290882591672,0.0006391526203815295,0.0,0.011511243044800357,0.0,0.025527922023876777,0.008587817321523323,0.0,8.395065101799808e-05,0.0005563255440929436,0.007108441035710727,0.028316355379918813,0.0,0.0,0.0015246783790049592,0.0,0.0,0.007089465180715425,0.0,0.0,0.0015573447629750577,0.007303209860557307,0.0020748167304463915,0.006203128050385576,0.0034405404649333494,0.0,0.0,0.0,0.0,0.0,0.0008429240689515345,0.0020925612698320943,0.0,0.044565652189994316,0.0,0.0,0.0121419079819714,0.008035495121902264,0.000972322498363448,0.0,0.01129549822446622,0.0,0.004881101795905536,0.0,0.0,0.008866206652267079,0.0014813606834914094,0.0,0.0,0.0,0.0,0.026588039903186006,0.0,0.005671162303090835,0.009581676785314129,0.001287046265198698,0.0,0.032813084634896114,0.006761207517011813,0.008722004113172603,0.017365817461712084,0.0,0.011995837135020447,0.007366423121907147,0.0005561125521113456
LFQ intensity D4_6,0.0,0.0,0.0069047049760423106,0.0,0.004035944824843484,0.0,1.4545954406618512e-18,0.0,0.0,0.0,0.0,0.0,0.017735949480152006,0.0009225262948706333,0.0015319021837486508,0.0,0.0031375765219027944,0.0,0.02534670965539063,0.03618780147241758,0.020019090143502404,0.009095207949769896,0.0057772402389822475,0.0,0.005629782613588418,0.0,0.0,0.0,0.02690872652195007,0.009540394270410707,0.0,0.0,0.00964224689811486,0.0,0.0,0.0,0.008377351962653618,0.0,0.0033531704380391917,0.017444257009654983,0.005054950000925355,0.023557874664719702,0.0,0.0,0.0,0.0,0.0,0.01881734671767903,0.0,0.00533402266709847,0.05326362763050599,0.0,0.00670499057381276,0.0,0.0,0.010411856967221923,0.0,0.004106349043622797,0.0,0.0,0.0,0.006119506506531091,0.0,0.0296980124737084,0.0,0.0,0.0,0.0,0.0,0.0,0.0,0.0,0.0,0.03304185391277401,0.0,0.06752343931797881,0.0,0.0,0.0,0.0,0.0,0.026944413286582723,0.0,0.00994104113670618,0.0,0.0,0.0,0.003473944214626996,0.0,0.0,0.027445707614332928,0.0,0.0,0.0,0.0,0.0,0.0,0.0,0.00910250135934779,0.0,0.0,0.010546573775984813,0.013849392295563284,0.0,0.0,0.0012609273830663079,0.03379783414947512,0.00903989848809299,0.0,0.0,0.00935028910095426,0.0,0.018849385323517823,0.0,0.0,0.011269929995222425,0.0,0.020623420492815927,0.013456728953719115,0.0,0.0,0.0005937673718096012,0.0,0.015944756497296944,0.0014358571807530924,0.0,0.0158358356349127,0.0,0.0,0.011621088215361074,0.01762888885331923,0.0,0.0,0.007082092406054659,0.0027023901338186,0.005780863563968356,0.0036798953704435746,0.0,0.0,0.0,0.0,0.0,0.0,0.0,0.0,0.04104452005324688,0.0,0.0,0.005611861566049276,0.0089107305190305,0.00294808414440792,0.0,0.008587246129506551,0.0,0.009455948330053919,0.0,0.0,0.012655589727877283,0.005149033674752453,0.0,0.0,0.0,0.0,0.02376061418522357,0.0,0.0,0.005810196043000535,0.00885377147599012,0.0,0.03355386037567265,0.007005913300233845,0.005440355521490075,0.01590895976950427,0.0036950442277960847,0.013649154720571682,0.011477279505233086,0.0
LFQ intensity D4_7,0.0,0.0,0.006707249866589254,0.0,0.00719357135310242,0.0,0.0002929448193091458,0.0037412552460055182,0.003598284123146814,0.0,0.0,1.8214795270886747e-05,0.017410844893502232,0.0009584527087688725,0.002197250135529354,0.0,0.00024320405151193178,0.0,0.0269648612510711,0.03850482270578394,0.015602573196491167,0.00945830248027079,0.00505540854433526,0.0,0.0017795567187972193,0.0014298564807620007,0.0,0.0,0.013063065446885262,0.004279516576589066,0.0,0.0,0.013804706459584431,0.0,0.0,0.0,0.007614622324803076,0.005892749288957014,0.009741218222950133,0.004020411837342956,0.001741281346408296,0.01834423479140635,0.002227451947315642,0.0,0.0,0.0,0.0,0.019034874507301416,0.0,0.01447255717768287,0.0661254960408947,0.0037710054892404173,0.006448471043352775,0.0,0.0,0.01593974410725684,0.0,0.003935709244404126,0.0,0.00828265747752192,0.0,0.013960739392169507,0.008123008254453147,0.024652759248694357,0.0,0.0,0.0,0.0,0.0,0.0,0.0,0.0,0.0,0.0320826220685222,0.0,0.05338567328391189,0.0,0.0,0.0,0.0,0.0,0.028942511696841332,0.0,0.015448577378724928,0.0,0.0,0.0,0.002441938792317867,0.0,0.0,0.024477450148798034,0.0,0.0,0.0,0.0,0.0,0.0,0.0,0.002668864010147016,0.0,0.0006844443568457465,0.006451080955406409,0.01505283859178215,0.0,0.0,0.0,0.038054620552037836,0.007288024299431882,0.0,0.0,0.0034108023295665426,0.0,0.010324425069530652,0.0,0.0,0.0027040582199583294,0.0,0.02354854171653012,0.01455665221099679,0.0,0.0,0.0,0.0,0.032655680208569605,0.0,0.0,0.016520652960844817,0.0,0.0,0.013424436959894029,0.011224677302311456,0.0,0.0,0.007132619962926005,0.0,0.005702478030523421,0.00414170819812888,0.0,0.0009275044192568207,0.011056525334502316,0.0,0.0,0.0,0.0,0.0,0.04565340771838908,0.0,0.0,0.006794043484948705,0.0033501083166672285,0.0,0.0,0.003506246388686016,0.0024647155810515703,0.002778767414617535,0.0,0.0,0.0,0.012666033666579642,0.0,0.0,0.0,0.0,0.02562980475863039,0.0,0.0004734819570195769,0.021544762514832616,0.0038781143724017186,0.0,0.024632499727966755,0.0059112079036671315,0.01173553095941737,0.009709288403712922,0.0028277428023962044,0.01197218977089724,0.013529711604348954,0.0
LFQ intensity D4_8,0.0,0.0,0.0,0.0,0.0007599949946226175,0.0,0.0,0.0,0.0,0.0,0.0,0.0,0.019056934904119444,0.0006469539324413308,0.0016182684589943878,0.0,0.0,0.0,0.02061911065634896,0.045607645641923704,0.017153406569215573,0.012812700601802396,0.012742099344246529,0.0,0.010295310833916018,0.0037956626998858893,0.0,0.0,0.020741425629380743,0.008151181216568966,0.0,0.0,0.0,0.0,0.0,0.0,0.00632872355882571,0.0047159974208130315,0.010282110335449532,0.018134144191601816,0.005584412027882086,0.02807367471590832,0.0032891364890366304,0.007204718463441258,0.0,0.0,0.0,0.02082448934710476,0.0,0.00268872224217519,0.05343818405811227,0.0,0.005512753873194786,0.0,0.0,0.012663538405131491,0.0,0.0032167928267102237,0.0,0.03317764684165267,0.0,0.007013987782049223,0.0031858601264110557,0.016265439238332114,0.0,0.0,0.008705322140106152,0.0,0.0,0.0,0.0,0.0,0.0029687687122607435,0.04847094851297147,0.0,0.014933655722276836,0.0,0.0,0.0,0.0,0.0,0.028374445925816345,0.0,0.011724683714442028,0.0,0.0,0.0,0.0069801450065777905,0.0,0.0,0.026547432219158295,0.0,0.0005998479209162845,0.0,0.0,0.0,0.0,0.0,0.010892534729550016,0.0,0.0,0.009745587789183913,0.006044807819238999,0.0,0.0,0.0,0.030999148308995996,0.014582648755207902,0.0,0.0,0.016672371915275055,0.0,0.007352308009275743,0.003809258254345195,0.0,0.00287993557979302,0.0,0.023551772624929357,0.015240419984524373,0.002303078517725691,0.0,0.0,0.008583368021745788,0.02568287996072626,0.0,0.0004309808489783156,0.019200182703566864,0.0,0.0,0.0,0.021425240695935325,0.0,0.0,0.007030425106817016,0.0,0.009883680590690377,0.0004529303883781913,0.0,0.0,0.0,0.0,0.0,0.0,0.0,0.0,0.04904537248723428,0.0,0.0,0.007872900498865019,0.008933413028171688,0.0016160008476946083,0.0,0.013139193353849634,0.0,0.00456209909924887,0.0,0.0,0.0,0.002586754024401355,0.0,0.0,0.0,0.0,0.0,0.0,0.0,0.029903294114716795,0.0,0.0,0.03574006845699523,0.00480604103960572,0.004428217312090571,0.01247275498957455,0.0003246718555503437,0.012382086682448671,0.010517294302844699,0.0
LFQ intensity D4_9,0.0,0.0,0.0033541621083620896,0.0,0.006784753583147418,0.0,0.0,0.0,0.00915601148994862,0.0,0.0,0.0,0.0165585769721809,0.001375763333254019,0.0006510357808976131,0.0,0.0,0.0,0.015157468216145924,0.04257210387220198,0.01297920354856178,0.018333608620808992,0.012244395363465246,0.0,0.0010937745266556599,0.0010385216959392495,0.0,0.0,0.016127369695404688,0.010328734828337337,0.002858303346378521,0.0,0.0,0.00043928029114830486,0.0,0.0,0.0,0.0034124531028704545,0.0032639553817819973,0.013245283430056416,0.003217138997840677,0.029235325277333003,0.002691187041491158,0.009575254461414134,0.0,0.0,0.0,0.02569540130016807,0.0,0.0025882997389867963,0.07517298322490414,0.0,0.006614780277176903,0.0,0.0,0.030241684246582873,0.0,0.0,0.0,0.01996722968602046,0.0,0.0,0.011990546263797336,0.0308077362979864,0.0,0.0,0.0,0.0,0.0,0.0,0.0,0.0,0.00439175167006218,0.050075487603219976,0.0,0.019435195459122086,0.0,0.0,0.0,0.0,0.0,0.026917858502546802,0.0,0.010815292024736882,0.0,0.0,0.0,0.01076758280793394,0.0,0.0,0.024927347165134416,0.0,0.0002262817841766174,0.0,0.0,0.0,0.0,0.0,0.008917586755828705,0.0,0.0,0.007927347544616046,0.004826743113222538,0.0,0.0,0.0020210076169631134,0.02617490661056683,0.013197028341059057,0.0,0.0,0.01794504678058995,0.0,0.009074962302695356,0.00988730173209846,0.0,0.0,0.0,0.022678727224241448,0.013138260884627556,0.0,0.0,0.0002143381747516486,0.004262682290378787,0.006734008253829954,0.0,0.0,0.015541003513628858,0.0,0.0,0.0,0.01447194559981793,0.0,0.0,0.007179106544248877,0.0011565904358914057,0.005086792800885045,0.0042445403508448816,0.0,0.0,0.0,0.0,0.0,0.0,0.0,0.0,0.04643859507232085,0.0,0.0,0.011325963445231632,0.010872055451183082,0.0071304125439939385,0.0,0.002885598914154273,0.0,0.002652893568254159,0.0,0.0,0.007788207825178468,0.0064790203858966,0.0,0.0,0.0,0.0,0.02246470645280857,0.0,0.007404037940749365,0.014680656534745528,0.007251239389535808,0.0,0.026118628355471598,0.00918762505937432,0.012587596260847024,0.005295346510127436,0.00014898907646491367,0.010049042605565574,0.008230334719128393,0.0
LFQ intensity D5_1,0.0,0.0,0.014435549822229712,0.0,0.008433278353742864,0.0,0.0,0.01040665762255586,0.0,0.0,0.0,0.0,0.008170118059425009,0.0023993251741177514,0.0022306876510856492,0.0,0.003577118510193304,0.0,0.007829786435048733,0.021782170122895923,0.005445003460137826,0.0,0.010266592043964151,0.0,0.001295098364241232,0.001743617271746958,0.0,0.0,0.019421385305031885,0.00662436472448858,0.0,0.0,0.012111526544922929,0.0010390567722156332,0.0,0.0,0.001734089203828406,0.0017703486678384086,0.003027059393076648,0.019647968957139387,0.0027741784217716467,0.007529890111199445,0.0035888727302071616,0.0,0.0007604977927372331,0.0,0.0,0.02241992552596359,0.0,0.010070597925054669,0.07102314645196718,0.0,0.013332655764122783,0.0,0.0,0.005163037025333719,0.0,0.004764608039654813,0.0,0.0,0.0,0.00853991841169944,0.00648115031966593,0.03630887280141883,0.0,0.0,0.0,0.0,0.0,0.0,0.0,0.0,0.0,0.03701565033710962,0.007803237873688933,0.06916288267320929,0.0,0.0,0.0023264390106811166,0.0,0.0,0.022959381771837397,0.0,0.007613013709719446,0.0,0.0,0.0,0.022749482324376295,0.0,0.0,0.026864957985304125,0.0,0.0,0.0,0.0,0.0,0.0,0.0,0.002430559965525371,0.0,0.0032377348384301694,0.0031844685592828624,0.0067832028497821694,0.0,0.0,0.00012622460438805176,0.03726951087334307,0.013366526085180441,0.0,0.0,0.0,0.0,0.004308769738648375,0.0,0.013208419408806188,0.007019211735394305,0.0,0.021378229777935458,0.014912279118994098,0.0,0.0,0.00704849343436487,0.0,0.019481859552104297,0.0,0.0,0.0028142675308302514,0.0,0.0,0.012477784981278228,0.009162755101968015,0.0,0.0,0.006744930711384029,0.0,0.01356886429626054,0.0003504084688865917,0.0,0.0004963123130967066,0.004437034772848531,0.0,0.0026041560374172458,0.001308704091987702,0.0,0.0,0.03468680818961685,0.0,0.0,0.008020825998667701,0.009980823736447493,0.0,0.0,0.01960791089156901,0.0,0.011393711162366899,0.0035049545482161992,0.0,0.023603705312842765,0.010306039820480863,0.0,0.0,0.0,0.0,0.026316907079416908,0.0,0.00016513923726284025,0.0,0.009963859515243713,0.0,0.017534455740782294,0.0,0.012976241324315931,0.01584382237001055,0.0010902509160162488,0.012675335205686636,0.016977368292384422,0.004987932343885516
LFQ intensity D5_10,0.0,0.0,0.013145436458641177,0.0,0.010348169401482336,0.0,1.1332938292184655e-18,0.019321782584516035,0.002565046570036922,0.0,0.0,0.0,0.007653909379382342,0.001993510049065158,1.1332938292184655e-18,0.0,0.003426640739436245,0.0,0.014327705906026576,0.027575592473682856,0.011370423954848281,0.010598581925105793,0.011512817753275048,0.0,0.0051728601785384866,0.0,0.0,0.0,0.008442373989777804,0.005656886183092853,0.002628908949161642,0.0,0.01193215109050874,0.0008678540142588289,0.0,0.0,0.0,0.012934656959211203,0.0013645862184837293,0.01784712905930449,0.0023362642336786964,0.01586719222880968,0.004103233724242435,0.0,0.0015695916803379738,0.0,0.0028015799612255976,0.020082750935957617,0.0,0.010459884491033253,0.07723502941583679,0.0,0.012899051741412409,0.0,0.0,0.0,0.0,0.00671578563061759,0.0,3.9557692908476955e-05,0.0,0.005153310962829209,0.010367256128087294,0.028031308098202843,0.0,0.0,0.0,0.0,0.0,0.0,0.0,0.0,0.0007523496630296126,0.05508372396740479,0.0,0.04740597775217801,0.0,0.0,0.0012738475214275615,0.0,0.0,0.028620189821252442,0.0,0.01332785794536238,0.0,0.0,0.0,0.00906542957197013,0.0,0.0,0.01708579798077089,0.0,0.0,0.0,0.0,0.0,0.0,0.0,0.006118612918116829,0.0,0.0,0.011677802463227593,0.0009575601108814582,1.1332938292184655e-18,0.0,0.004215795130093693,0.0268367082053693,0.013333659841833267,0.0,0.0,0.002536557798110626,0.0,0.001102213955989605,0.00940783040651071,0.017183987431385443,0.006621200684663904,0.0,0.022497622554759573,0.016623900256831508,0.0,0.0,0.00014663588022310547,0.0,0.006450368932121225,0.0,0.0,0.013458774642831106,0.0,0.0035276981835252355,0.015068676967682909,0.00359014339822755,0.0,0.0030210329402189555,0.006900094638373685,0.0,0.012950167451007395,0.0005020948520495521,0.0,0.003369975221742362,0.023993570725575813,0.0,0.0,0.0045397492665103425,0.0,0.0,0.03563217723630427,0.0,0.0,0.007031083997915835,0.007800702672545811,0.0,0.0,0.018975351779757427,0.0,0.008538288353508084,0.004792792081374316,0.0,0.007163677844034412,0.0003973822411483913,0.0,0.0,0.0,0.0,0.024350065115922286,0.0,0.0,0.009156090412317705,0.005197805441914366,0.0,0.016552241340569377,0.0,0.0011405105443118033,0.017672977478206946,0.0027506174467715945,0.008715365420139022,0.016536440748983347,0.0
LFQ intensity D5_11,0.0,0.0,0.011379119115534993,0.0,0.014379202265743653,0.0,0.0001761643233359528,0.0008433385131197874,0.0,0.003709877647739146,0.0,0.0,0.009666330783114185,0.0021914706477698088,0.002146381386754785,0.0,0.0004331853079227974,0.0,0.01783546623569558,0.030400436504716796,0.010406921704537941,0.0,0.0025732201845213073,0.0,0.0068310748091055555,0.0008423800426419271,0.0,0.0,0.01903606143936469,0.009256700080305571,0.0,1.1625512440830527e-05,0.0,0.0,0.0,0.0,0.0,0.01901346754661015,0.00714519362254217,0.01759222086327564,0.001979391305398241,0.029378629752255712,0.0038786179048602505,0.0,0.0,0.0,0.0,0.008216954429769215,0.0,0.0,0.06189912544416839,0.0,0.017187831309379592,0.0,0.0,0.004423579198135541,0.0,0.0,0.0,0.023875915433695695,0.0,0.007560355108405677,0.00839177411641897,0.027111327129633326,0.0,0.0,0.0,0.0,0.0,0.0,0.0,0.0,0.001579158010388949,0.06076500523303386,1.8756082720029358e-05,0.013836854577028816,0.0,0.0,0.0,0.0,0.0,0.0337471263685867,0.0,0.017603889809227682,0.0,0.0,0.0,0.013047854381455544,0.0,0.0,0.027334575209213424,0.0,0.0,0.0,0.004782024923197575,0.0,0.0,0.0,0.002845486998807375,0.0,0.0034251830716366697,0.009712692362819648,0.001862599723793853,0.002618358741942042,0.0,0.006561057720211998,0.018812189904529007,0.012755509874627393,0.0,0.0,0.006452753598695069,0.0,0.009534709306574815,0.003969500827533941,0.009244090094818644,0.007796859940069341,0.0,0.02274159914041765,0.01808155037207223,0.0,0.0,0.0,0.0,0.016877938926065705,0.0,0.0,0.012644172638425426,0.0,0.0,0.013693220201762911,0.016468635493054593,0.0,0.0,0.006537886485245936,0.0,0.011973874152701415,0.002442951126494421,0.0,0.0034086742860320648,0.005009892361150733,0.0,0.0,0.0,0.0,0.0,0.03146348656203303,0.0,0.0,0.011183801906584755,0.007335482562953879,0.0,0.0,0.015261034293395927,0.0,0.010729855989310314,0.0011859736382887676,0.0,0.022157104277217267,0.0,0.0,0.0,0.0,0.0,0.0,0.0,0.006668843316472202,0.03613662735956143,0.004061017037623212,0.0,0.025302978616892992,0.0,0.003533433315040204,0.014367858198168305,0.0014279171670545459,0.013624197072453196,0.015951525231513407,0.0016488918421872052
LFQ intensity D5_12,0.0,0.0,0.008281086045129381,0.0,0.00695898953935168,0.0,2.3005784663511504e-18,0.02044646512120185,0.00047654424986378474,0.0,0.0,0.0006672622794152946,0.008809560413301528,0.0017998033633251159,2.3005784663511504e-18,0.0,0.006126538278641291,0.0,0.01618966640692524,0.02435699492717429,0.009521966725681669,0.0022372400534037364,0.010068607618229874,0.0,0.011799327373374234,0.0016593780275986616,0.0,0.0,0.012428561602286252,0.004708942889121126,0.0,0.0,0.005768793501174108,0.001543542030869604,0.0,0.0,0.0,0.007673719513435688,0.005666079315656484,0.016498284549738465,0.0019082738466274277,0.018553387970598436,0.0040557223237827535,0.0,0.001973929936101475,0.0,0.0,0.013894527461973368,0.0,0.009678081794690667,0.07669959430070562,0.0,0.009433340646089491,0.0,0.0,0.0012138797905653607,0.0,0.0011272625495740139,0.0,0.03436168767499623,0.0,0.014628396079799287,0.007976832931200275,0.015113150026505737,0.0,0.0,0.0,0.0,0.0,0.0,0.0,0.0,0.0,0.03979682811634769,0.0036337295283784604,0.011956409414529568,0.0,0.0,0.0,0.0,0.0,0.029534884984766297,0.0,0.009224039943574019,0.0,0.0,0.0,0.01928803052320094,0.0,0.0,0.01736320931855408,0.0,0.0,0.0,0.005043845352960313,0.0,0.0,0.0,0.0023819927257399285,0.0,0.0009643697759648322,0.009909698679942866,0.0,0.020943675812410734,0.0,0.003214515765285998,0.03130093522168612,0.012792513536682712,0.0,0.0,0.007275192267576802,0.0,0.0,0.006879936838275799,0.00908416180239428,0.020036856081502942,0.0,0.024711500721833844,0.014926045536862931,0.0,0.0,0.0,0.0,0.03142660389147596,0.0,0.0,0.013076728773857543,0.0,0.0,0.00901452272208313,0.005453156943180397,0.0,0.0,0.006097727891634852,0.0,0.008922755734561544,0.006204722604070688,0.0,0.0027651158002583213,0.0029055230164241976,0.0,0.0021973776902628503,0.0078527265570388,0.0,0.0,0.029936819844882858,0.0,0.0,0.009285113193874853,0.0006524044371143629,0.0,0.0,0.027140388428442602,0.0,0.011727473072161727,0.0041195703292237285,0.0,0.0,0.0,0.0,0.0,0.0,0.0,0.0,0.0,0.0031244111460201856,0.055251467143672454,0.004715195474835137,0.0023155433980394068,0.01718714691683777,0.0,0.008413525237297988,0.00810034018607591,0.0,0.012683658055642082,0.014243903360324207,0.000618285044125789
LFQ intensity D5_2,0.0,0.0,0.009135549623503726,0.0,0.00857462570134204,0.0,1.8151052720699876e-18,0.01786343281430096,0.0,0.003155481127084932,0.004388656587063631,0.0,0.010324727371657174,0.0032429759862317884,0.0020109762166285326,0.0,0.0061802795097208926,0.0,0.01459754755974092,0.013406179060483359,0.0011671972409543591,0.0027820789278099525,0.006730697871675248,0.0,0.006090310784292197,0.0,0.0,0.0,0.020310112686839302,0.005531138479135413,0.0,0.0,0.007316409177092739,0.0,0.0,0.0,0.011035719521687854,0.011419316570490385,0.011394956134489162,0.016279734193453122,0.007442041579635032,0.0,0.004165369419178878,0.0,0.0017079504752113073,0.0,0.00688565262622686,0.01681634896258183,0.0,0.0,0.07072299903822578,0.0,0.015424569084731474,0.0,0.0,0.010666984473437807,0.0,0.007558606435184959,0.00023683961207155777,0.012480960474681295,0.0,0.006857616337997201,0.011202612006263466,0.026519782495518528,0.0,0.00956902818809419,0.0017516724881227333,0.0,0.0,0.0,0.0,0.0,0.0037396226581019607,0.04007797919875587,0.0,0.06942031181227239,0.0,0.0,0.0016681949961517468,0.0,0.0,0.029866263878638374,0.0,0.01081604564504719,0.0,0.0,0.0,0.010771138435653672,0.0,0.0,0.020143601493596862,0.0,0.0,0.0,0.007529562174331088,0.0,0.0,0.0,0.007126733590855487,0.0,0.0,0.011389415600294677,0.0022302200456040676,1.8151052720699876e-18,0.0,0.0002268619817450395,0.043945052670166615,0.012122584416864519,0.0,0.0,0.005841103740185487,0.0,0.003383095788527767,0.0,0.0,0.0020992439733627587,0.0,0.01849897942302067,0.014190816029223076,0.0010732594812352867,0.0002496792595151506,0.0,0.0,0.010869935988237812,0.0,0.0,0.006091020994240736,0.0,0.0,0.0034157800951103955,0.0053543814671455974,0.0,0.0,0.006279783489658159,0.0,0.013548138095521526,0.0008796425041046909,0.0,0.005798494632847705,0.01318255094317725,0.0,0.0019129377674898633,0.007144955795027149,0.0,0.0,0.024948077441128758,0.0,0.0,0.006186078558800974,0.008963238795478327,0.0,0.0,0.01996628640059203,0.0,0.004608070510437847,0.004400631431410217,0.0,0.016701052849365815,0.0015311430140845716,0.003567774665498015,0.0,0.0,0.0,0.0,0.0,0.0,0.012527714976940846,0.010520040908426297,0.005511007673784774,0.01612623087832314,0.0,0.01579540544545869,0.017342988232961137,0.003165717434387393,0.01764097584745556,0.016663040026914364,0.0
LFQ intensity D5_3,0.0,0.0,0.013435139190174758,0.0,0.005944102122552574,0.0,0.00027931109286219625,0.015923728269296847,0.0,0.0,0.0,0.0,0.008341830314720309,0.002077455376123005,0.0016634885864673658,0.0,0.0023734209938477495,0.0,0.010577681816061555,0.023955886806625835,0.008957386710193076,0.0,0.007985936305721074,0.0,0.001857312552475311,0.0,0.0,0.0,0.01934601859609073,0.00920436133348075,0.0,0.0,0.009604610537926836,0.0,0.0,0.0,0.0019048209283744077,0.009686469076303442,0.004246686490601587,0.017645756179889626,0.001872040352676419,0.010274928506315468,0.0032397253811739524,0.0,0.0007240685385091662,0.0,0.0,0.02053051889876491,0.0,0.003471337040849258,0.06516824511296562,0.0,0.013499126332986715,0.0,0.00022965471788916753,0.005914712540054217,0.0,0.004753981240844397,0.0,0.01476113807766135,0.0,0.007137347520492209,0.005833027530073066,0.028880183412041658,0.0,0.0,0.0,0.0,0.0,0.0,0.0,0.0,0.001621464687192099,0.038628657342359166,0.0,0.06983735289514997,0.0,0.0,0.0,0.0,0.0,0.02792908456366616,0.0,0.01556990552048614,0.0,0.0,0.0,0.019077218010456466,0.0,0.0,0.020376422530310963,0.0,0.0,0.0,0.005893543900218875,0.0,0.0,0.0,0.006728951411278931,0.0,0.0038335831936823985,0.003065000701919297,0.006309443356377769,0.0012274110070962508,0.0,0.004667908471297807,0.04176802072748066,0.014450783870031035,0.0,0.0,0.0,0.0,0.005942190389362764,0.0,0.0,0.012277740026328235,0.0,0.017946169863160357,0.015268538296407508,0.0,0.0,0.0037123394595336475,0.0,0.01251717638208782,0.0,0.0,0.007200634616698974,0.0,0.001498182254202739,0.011299452872936485,0.00703590393690544,0.0,0.0,0.007181517145791099,0.0,0.013410291383463547,0.0,0.0,0.00379478394133675,0.006189891784112831,0.0,0.0,0.0,0.0,0.0,0.031502386380507716,0.0,0.0,0.00755135331957811,0.007919509730665044,0.0,0.0,0.01806136619938619,0.0,0.005243128081553802,0.0037951613613774427,0.0029173594353718523,0.017148923928448048,0.009307768651557408,0.0,0.0,0.0,0.0,0.021268611036791073,0.0,0.0009631902433556497,0.009907448200450301,0.010768996987941065,0.0017393597612276991,0.0161758144755015,0.0,0.01706111173350185,0.01419513875368622,0.0019134163755887357,0.012924367322621286,0.015117381521159726,0.0069572034753104355
LFQ intensity D5_4,0.0,0.0,0.01372083655409709,0.0,0.004935066437884174,0.0,0.00035478546856427656,0.0035382672479890723,0.0012672734544387804,0.0,0.0,0.0003300312166304719,0.008510058439932671,0.0021178759212896413,0.0005539141785907134,0.0,0.005575709447855099,0.0,0.01862927060466197,0.030025971141166778,0.01353934129144416,0.008820656909593376,0.0030196180500533243,0.0,0.002092877016260684,0.0007586463727813558,0.0,0.0,0.033960244552581766,0.010313879575282466,0.0,0.0,0.003500181200438138,0.0,0.0,0.0,0.0,0.0023227431528219196,0.010971051720474466,0.022146769391628414,0.006247398980383105,0.027301115275597605,0.0061656010785257525,0.0,0.0,0.0,0.0,0.017685087244312683,0.0,0.007523938742720688,0.05948443946828275,0.0,0.007939564670980042,0.0,0.0,0.0013182746484033333,0.0,0.006244017520386598,0.0,0.00028450221694744407,0.0,0.007706461553824172,0.0049064041211954726,0.030588415851983096,0.0,0.0,0.0,0.0,0.0,0.0,0.0,0.0,0.0013305168044112023,0.04013841265660524,0.0,0.05855190023211494,0.0,0.0,0.0,0.0,0.0,0.03421732724746439,0.0,0.014910186161941468,0.0,0.0,0.0,0.0020105049906058883,0.0,0.0,0.03233511549109815,0.0,0.0,0.0,0.0,0.0,0.0,0.0,0.004806230671063832,0.0,0.01272819896631977,0.000717700455988798,0.013093385963998217,0.0,0.0,0.002412042888303335,0.03181186846242842,0.015318254860810317,0.0,0.0,0.002607685424303445,0.0,0.017083042091790384,0.004017303825852793,0.0,0.0059286273974108565,0.0,0.02629789169422748,0.016116264177080054,0.0,0.0,0.0003336211423378109,0.0,0.017302193539152296,0.0,0.0,0.015675422460610024,0.0,0.0,0.01276727809051254,0.006679085156230428,0.0,0.0,0.007619917806460155,0.0,0.012481982633000443,0.0013273312313413106,0.0,0.0010654863626693902,0.0009321034075056503,0.0,0.0025408407733576196,0.0017279605536907477,0.0008083932313296618,0.0,0.039897696471940435,0.0,0.0,0.0064464786013624506,0.009336226888131415,0.0,0.0,0.02381120383155161,0.0,0.0016956563523540043,0.0047904153715838515,0.0,0.020969105548192812,0.0003099209278122918,0.0,0.0,0.0,0.0,0.0,0.0,0.0,0.003259342171353481,0.006746108966140001,0.006657439511495806,0.017571623297394284,0.0,0.002389172555787667,0.0218040416590563,0.0025812813081370263,0.015064411911340798,0.014575507054345226,0.0
LFQ intensity D5_5,0.0,0.0,0.015807591653738007,0.0,0.008852712321173904,0.0,5.080941954744443e-19,0.010212279825873874,0.0036530405533084513,0.0,0.0,0.0,0.015789998218301824,0.0015097332218265442,5.080941954744443e-19,0.0,0.0023139337687417714,0.0,0.014110340581477065,0.018863804863668943,0.017141996829651337,0.004439768448136667,0.017144843944776354,0.0,0.004167180960822448,0.0024217655455963266,0.0,0.0,0.023993468277055636,0.0072518870749710244,0.0,0.0,0.005233635590552592,0.0,0.0,0.0,0.0,0.00427411897074,0.00788882810939429,0.01902665046333055,0.007099248201898662,0.026931665059839602,0.002569395192514302,0.0,0.0019285006292912498,0.0,0.0,0.019697787724507844,0.0,0.012481897313281757,0.05687402497046073,0.0,0.00998936722705766,0.0,0.0,0.0,0.0,0.007350715902832343,0.0,0.0,0.0,0.013622990714184175,0.0010251620023082263,0.03489057449821719,0.0,0.0,0.0,0.0018243956844610086,0.0,0.0,0.0,0.0,0.0,0.03326713545612265,0.0009373029816840864,0.05488058138052201,0.0,0.0,0.0,0.0,0.0,0.02434230796668027,0.0,0.014581810277121238,0.0,0.0,0.0,0.008113309439340004,0.0,0.0,0.024814945512588997,0.0,0.0,0.0,0.0,0.0,0.0,0.0,0.0027765224576525756,0.0,0.0,0.005742745724596149,0.0010224282114617673,0.02038527273600211,0.0,0.0035960799712820906,0.02743267332488609,0.012510320534665347,0.0,0.0,0.0,0.0,0.0030505686510685502,0.008736699825542092,0.019759070136245175,0.015693994950941315,0.0,0.017404507800643263,0.013795234505319583,0.0,0.0,0.0012663940545009837,0.005214609863847875,0.030938950975458814,0.0,0.0,0.013791183256601785,0.0,0.0,0.013333944468344645,0.013964557169506953,0.0,0.0,0.00618357642063119,0.0,0.008167309644262391,0.005575536677689098,0.0,0.0005016836042441131,0.0026412751277371475,0.0,0.00029504823542095824,0.0006989995833256052,0.0,0.0,0.04000653225158832,0.0,0.0,0.00911346237385621,0.004108737295035872,0.0,0.0,0.016240049153425445,0.0,0.011415405320662186,0.006379504051711068,0.0,0.005946626181638029,0.0,0.0,0.0,0.0,0.0,0.0,0.0,0.0,0.012171902287046392,0.0,0.0,0.019488864770183238,0.00553045293689988,0.0,0.02488913529434857,0.0,0.015143227081830997,0.01376621573184449,0.0
LFQ intensity D5_6,0.0,0.0,0.011526578470563214,0.0,0.002450847380224382,0.0,5.589450384513113e-19,0.00504472693096831,0.0035292234663053096,0.0,0.0,0.0,0.0162907599811206,0.001890987627492534,0.00137702238750446,0.0,0.0,0.0,0.020693746908692023,0.030761123563165887,0.005820672033422315,0.011931873133232565,0.009538559907384146,0.0,0.006655115600448159,0.0032949995250625298,0.0,0.0,0.021681051006949968,0.00863172334136752,0.0,0.0,0.013177211772496871,0.006382803705528122,0.0,0.0,0.0,0.003328924993665921,0.006242229272649922,0.01844140009394903,0.0020622876539657365,0.01453124423496413,0.003486714781111717,0.0,0.00011133142877649767,0.0,0.0,0.010174558638182441,0.0,0.002924153488277462,0.06266024431923024,0.0,0.009745448665592446,0.0,0.0,0.014715435354940465,0.0,0.00964363575475613,0.0,0.023828450815955624,0.0,0.014340031773737931,0.008041027327012553,0.02437174422728313,0.0,0.0,0.0,0.0,0.0,0.0,0.0,0.0,0.0036146005765601776,0.030642928922547236,0.0035442499384154996,0.04752000591960002,0.0,0.0,0.0,0.0,0.0,0.02619181125668604,0.0,0.006695100871159858,0.0,0.0,0.0,0.013977046455779902,0.0,0.0,0.026882953683379528,0.0,0.0,0.0,0.008082997506342853,0.0,0.0,0.0,0.0,0.0,0.0043281266932396825,0.01129888064473618,0.0,0.023232197491712157,0.0,0.005917166152035747,0.037546369141799964,0.013347033682666494,0.0,0.0,0.0,0.0,0.0008314035515611549,0.0,0.015163919607748592,0.00014922050048283327,0.0,0.0181552732489202,0.00958854810220228,0.0,0.0009972810936627243,0.0030074943894543823,0.0,0.03093010607357783,0.0,0.0,0.014691339129607225,0.0,0.0,0.009675471751378709,0.013206094115212131,0.0,0.0,0.006068196778632049,0.0,0.012234466458150102,0.00032760697008335607,0.0,0.0019437451586881277,0.007781115224195185,0.0,0.002413252095452078,0.004964086192402436,0.0,0.0,0.02891716027704042,0.0,0.0,0.005529767173268526,0.0008083316034394763,0.0,0.0,0.01951515070074501,0.0,0.0,0.0034564822338091633,0.0,0.0,0.003957050419415763,0.0,0.0,0.0,0.0,0.0,0.0,0.0,0.0337037874609912,0.008301581891119254,0.0,0.023079764149415892,0.0,0.008992823424426071,0.008727570041791028,0.0,0.01424809991533786,0.01648445176514723,0.0
LFQ intensity D5_7,0.0,0.0,0.008213260659076049,0.0,0.011192791042342297,0.0,1.7222869549689837e-18,0.01093358522688736,0.0,0.0,0.0,0.0,0.009649062018356552,0.002582113763195574,0.0033057733523504653,0.0,0.004031077169016745,0.0,0.014450179447348919,0.02369351143691037,0.00730047675057175,0.0,0.00906795639688461,0.0,0.004928041254998283,0.0007996718463219786,0.0,0.0,0.023370186299258078,0.0058599985123692164,0.0,0.0,0.0,0.0,0.0,0.0,0.0,0.007653208367145346,0.0008562063084128441,0.020831176900464047,0.004353442945851017,0.025234058828783056,0.004305454245208651,0.0,0.0006102536275796011,0.0,0.0,0.012360583801686498,0.0,0.011857747328155095,0.05901221114796477,0.0,0.012466837195398933,0.0,0.0,0.0,0.0,0.0,0.0018252209823224218,0.0,0.0,0.02028678025420323,0.00871242840009979,0.028605829986342222,0.0,0.0,0.0,0.0,0.0,0.0,0.0,0.0,0.0,0.039465508133395215,0.00217136733693696,0.01671949965145403,0.0,0.0,0.0,0.0,0.0,0.030367349209492172,0.0,0.016756681857359085,0.0,0.0,0.0,0.015150175071814799,0.0,0.0,0.026172409974530478,0.0,0.0,0.0,0.0,0.0,0.0,0.0,0.006317186412680182,0.0,0.0,0.0063740305592452215,0.010076902552552159,0.026441285183172337,0.0,0.005081554350096135,0.024460871285670465,0.013262134728455903,0.0,0.0,0.010073965011015226,0.0,0.0,0.0006170011600090008,0.0,0.00688440524319534,0.0,0.022196662869550233,0.01721149970440288,0.0,0.0,0.0009375019661911354,0.0,0.038309537937855964,0.0,0.0,0.011820268201768814,0.0,0.0,0.01427992330224832,0.011107736334962807,0.0,0.010183051961129464,0.00707251944387659,0.0,0.010845063032769432,0.002368953819350582,0.0,0.0,0.013412781514354221,0.0,0.0,0.0016418423044902274,0.0,0.0,0.04831346302433459,0.0,0.0,0.010674599379703937,0.008428222793245673,0.0003749528038172622,0.0,0.022223023725690492,0.0,0.015420403270342043,0.0020788953757456697,0.0,0.0,0.0028191525898876883,0.0,0.0,0.0,0.0,0.0,0.0,0.007874973402522075,0.01873456579909996,0.005561875339771123,0.0011250505552697,0.024485136461105426,0.0,0.0023508855275418783,0.01920867605554476,0.0018937036097824843,0.011407146577953987,0.009470855147816816,0.011425622951293237
LFQ intensity D5_8,0.0,0.0,0.010748100069974354,0.0,0.003180770766307945,0.0,4.6234916175066285e-05,0.0025709514703724204,0.0034760661617608646,0.0,0.0,0.0,0.008135330775073406,0.002220965796121687,0.0021284276803968734,0.0,0.0037355422880960324,0.0,0.01633042420551448,0.03958637640402104,0.007886152136507441,0.00752875294466277,0.0,0.0,0.0038999174647084906,0.0012042371298024053,0.0,0.0,0.013129845125009618,0.0094960274483093,0.0,0.0,0.0,0.0,0.0,0.0,0.0,0.012955165575404331,0.0029662963096753646,0.01983489218292166,0.005737224239609659,0.019768268423175334,0.00418174073669265,0.0,0.0011003289313777974,0.0,0.0,0.025187070379874082,0.0,0.004683093061286868,0.05419655343092217,0.0,0.014680223994447166,0.0,0.0,0.014571128932681582,0.0,0.00031046250509753526,0.0,0.020107257283962704,0.0,0.005909862747401634,0.008270159712897579,0.024831561221285797,0.0,0.0,0.0,0.0,0.0,0.0,0.0,0.0,0.0030612952515978423,0.040351785777538264,0.0,0.018425196063964,0.0,0.0,0.0,0.0,0.0,0.030543769256596208,0.0,0.01665263679859573,0.0,0.0,0.0,0.014983534049297715,0.0,0.0,0.02208924024485177,0.0,0.0,0.0,0.0,0.0,0.0,0.0,0.0024185940903845714,0.0,0.006772057848617177,0.01245634239299777,0.018660193531931532,0.001175785013037485,0.0,0.0,0.03655997583470145,0.016103474115465435,0.0,0.0,0.009957348673464097,0.0,0.012460644785114652,0.0,0.009954831261339678,0.005265017397646084,0.0,0.02430487083070898,0.02069584086336586,0.0,0.0,0.0,0.0,0.01440792195167978,0.0,0.0,0.014086953792154015,0.0,0.0,0.018302030821568643,0.012834356258763656,0.0,0.0,0.00520578657005696,0.0,0.013700617538602267,0.0,0.0,0.0,0.0028160780352993854,0.0,0.0,0.0,0.00017652453098437835,0.0,0.03471319920062774,0.0,0.0,0.0057084389779877235,0.008268420572509504,0.0,0.0,0.022299130169022553,0.0,0.008020050747232898,0.0,0.0,0.016241994082367553,0.0,0.0,0.0,0.0,0.0,0.0,0.0,0.004855558298774677,0.020225684932785006,0.014913307829383092,0.0,0.027185417279617687,0.0,0.00821524373151952,0.015535422649305785,0.005239863362599114,0.01476930644988693,0.013292543623321404,0.001498302061205269
LFQ intensity D5_9,0.0,0.0,0.010347267133260738,0.0,0.007568770557845779,0.0,0.0011935605234672817,0.009457887922580765,0.0010247470917513866,0.0,0.0,0.0,0.009042816652818813,0.0011496539723805598,0.001903941685680694,0.0,0.0,0.0,0.018883950438649526,0.03381978872147504,0.010407309373158096,0.014472859337229766,0.009009352779399267,0.0,0.009737602510708187,0.004989268610703631,0.0,0.0,0.01580049981685251,0.004474969872698691,0.0,0.0,0.002863514438120326,0.0,0.0,0.0,0.0,0.006543521798849855,0.006402132938293854,0.01634218329287018,0.003475873524158402,0.022833707660503327,0.00281624256768412,0.0,0.0012614350172283988,0.0,0.0,0.015548273075372024,0.0,0.006961545993391513,0.05765594084053634,0.0,0.012085619428637026,0.0,0.0,0.016433685176369176,0.0,0.003201135567599226,0.0,0.02262983858460853,0.0,0.01205673043271409,0.0039958247009023165,0.024376458282884133,0.0,0.0,0.011717446178422079,0.0,0.00014592746642500142,0.0,0.0,0.0,0.0019310918302727527,0.05226822847996929,0.0,0.006837394682461239,0.0,0.0,0.0,0.0,0.0,0.027865811560640285,0.0,0.013208265944768963,0.0,0.0,0.0,0.003241743922149676,0.0,0.0,0.02142166956527074,0.0,0.0,0.0,0.00815343093658243,0.0,0.0,0.0,0.0,0.0,0.006022827843359279,0.00578791174479034,0.0010663780067823594,0.019537601972492446,0.0,0.0034439346319613717,0.026547790587140883,0.012642249512587649,0.0,0.0,0.0,0.0,0.0032864043356939303,0.02179663774545525,0.01976360901752553,0.009665982822007094,0.0,0.022793742255387692,0.01572013433059073,0.0,0.0,0.0,0.0008772410632845552,0.02693451712476182,0.0,0.0,0.01628832879944785,0.0,0.0,0.009378403435074421,0.009874198953824057,0.0,0.0,0.005924193988980177,0.0,0.0108340517957742,0.001207541544874843,0.0,0.0011365796488733803,0.021341868596175227,0.0,0.0012776111257024702,0.002479503355579102,0.0,0.0,0.029018571799700885,0.0,0.0,0.010152444437166912,0.004976326585144357,0.0,0.0,0.019544416559998796,0.0,0.0,0.002017523300351019,0.0,0.0,0.0,0.0,0.0,0.0,0.0,0.0,0.0,0.00047584428567819134,0.035294340236314184,0.01922115132449523,0.00013973522132961784,0.01638050873621794,0.0,0.0,0.016721220776026495,0.0,0.010632351751509745,0.012237399859593932,0.0
LFQ intensity D6_1,8.093950283915019e-05,0.0,0.008436464490524882,0.0,0.011410564595021537,0.0,0.0008942574646062964,0.0011907611918731626,0.002258303846476558,0.0,0.0,0.0014267062111333693,0.009937717593673664,0.001917510765480535,0.0013123065715333765,0.0,0.00040337075519425816,0.0,0.018962451842266966,0.045970678332818475,0.004152577564262418,0.01924226450130079,0.005088213066646865,0.0,0.007868516986545756,0.004480164558150346,0.0,0.0,0.022064022717278975,0.00840963401424476,0.0,0.0,0.008341041883745692,0.0034164673157602763,0.0,0.0,0.0,0.00791202675601921,0.007057617969594769,0.019409388475914956,0.0018237649700587656,0.022620855037615836,0.003755098234074664,0.0,0.001112811219389424,0.0,0.0,0.013931465716580414,0.0,0.0,0.0705473275237866,0.0,0.014577115549793598,0.0,0.0,0.004759144884517555,0.0,0.0049127667964685645,0.0,0.029965868466580437,0.0,0.015570429070347535,0.004702648314605126,0.019783120238060482,0.0,0.0,0.0,0.0,0.0,0.0,0.0,0.0,0.0008317335953535013,0.03824594791668207,0.000257346277508978,0.005822877960893131,0.0,0.0,0.0,0.0,0.0,0.030646806075152577,0.0,0.00708964290769771,0.0,0.0,0.0,0.0,0.0,0.0,0.025562341212035215,0.0,0.0,0.0,0.0,0.0,0.0,0.0,0.0,0.0,0.0064310415341125625,0.011230670190662153,0.009883466863551047,0.0,0.0,0.0036716793537979646,0.0318448239844025,0.014324093562583969,0.0,0.0,0.0032456353835214995,0.0,0.0039894594270208665,0.009817881174446975,0.017994173291549623,0.011549265963143615,0.0,0.02088687675701246,0.012788113149286729,0.0,0.0,0.0,0.0018724650832863247,0.034831024056909736,0.0,0.0,0.009155575832342899,0.0,0.0,0.007552730613696393,0.021461860759639087,0.0,0.0,0.005379809240284715,0.0,0.01156859191072668,0.0031122994927503147,0.0,0.0022566098730458233,0.007385837403525712,0.0,0.004297154159858562,0.0013609067329921445,0.0,0.0,0.032800216865808744,0.0037028087752837588,0.0,0.00790012249165007,0.006470457032972964,0.0,0.0,0.019225299889192922,0.0,0.0,0.003841562358877567,0.0,0.0,0.0,0.0,0.0,0.0,0.0,0.0,0.0,0.0003155318433905306,0.047997349964400776,0.009217215871142576,0.0,0.01879491363744844,0.0,0.008628136201373924,0.00588632949258016,0.0016551772758989878,0.01150630001649551,0.014699221833931396,0.0013042297152921216
LFQ intensity D6_10,0.0,0.0,0.0,0.0,0.007554906617673599,0.0,2.107611682311504e-18,0.001389042133914846,0.0,0.0,0.0,0.0022689162807998466,0.018144392377306532,0.0013243926530080534,0.002050210691752621,0.0,7.724505298166151e-05,0.0,0.01724623024128227,0.030551776881412297,0.00958439651116174,0.011874867908591078,0.0,0.0,0.008458351124131666,0.0037903628645577394,0.0,0.0,0.018690049626130523,0.007805034993655653,0.0,0.0,0.007326616302476705,0.0005224262303938844,0.0,0.0,0.0,0.010026734358866916,0.006424852457506235,0.01959577056565716,0.005820968603336675,0.024261876890900598,0.002815304599498831,0.0012005381199763794,0.0014055514589194017,0.0,0.0,0.021443635708639393,0.0,0.003924492976655958,0.07583773363150643,0.0,0.014465557806858787,0.0,0.0,0.01375118526046616,0.0,0.0047923185032620694,0.0,0.03406395407085125,0.0,0.0025073641503816583,0.004050297594563034,0.021556829775520786,0.0,0.0,0.0,0.0,0.0,0.0,0.0,0.0,0.0,0.03931148708713088,0.00598158915275668,0.008473685400387732,0.0,0.0,0.0,0.0,0.0,0.03095231311936937,0.0,0.011650774770006552,0.0,0.0,0.0,0.005908950608247267,0.0,0.0,0.017597844048099377,0.0,0.0,0.0,0.0,0.0,0.0,0.0,0.0016677378826335028,0.0,0.009405950111238584,0.010176004877284523,0.012457217308302754,2.107611682311504e-18,0.0,0.00153405476889086,0.036327938976643916,0.016885903318710448,0.0,0.0,0.010639940805400889,0.0,0.007821351687829976,0.0129745585251022,0.008451190258740995,0.0129052129533228,0.0,0.02549303710698803,0.01573228752410193,0.0,0.0,0.0,0.003567546409321554,0.010211175400058302,0.0,0.0,0.014866265423503678,0.0,0.0,0.007495921207402061,0.02055112295406141,0.0,0.0,0.005811170364675457,0.0,0.011792557390966503,0.00328830515585315,0.0,0.0,0.0029118894966994597,0.0,0.001453459275900999,0.0,0.0,0.0,0.025652710392105826,0.0,0.0,0.006852150724983168,0.013036223282425648,0.0,0.0,0.010482500009100016,0.0,0.0014026625013135261,0.0,0.0,0.012128535440347605,0.0,0.0,0.0,0.0,0.0,0.0,0.0,0.001297813890512908,0.02609523286087207,0.022091682926710005,0.0,0.018935119743044265,0.005498365210391382,0.007112055572658734,0.010581119830553366,0.0016260006163993509,0.013221248507507074,0.018165309555624492,0.004918640541220384
LFQ intensity D6_11,0.0,0.0,0.006576303002117281,0.0,0.018444185461449828,0.0,0.0006045861539959504,0.012067316881927869,0.002317250686374829,0.0,0.0005578021306630308,0.0023122068229476786,0.009683253644081022,0.0017356980925943763,0.001639407472936411,0.0,0.0,0.0,0.019027325873415164,0.03111785917468204,0.009448750237754917,0.015009296270301942,0.008424530950886284,0.0,0.005088769842833946,0.0033025174131848605,0.0,0.0,0.022567188781357713,0.007799897404739595,0.0,0.0,0.0,0.004111157936148168,0.0,0.0,0.0,0.009307256196295582,0.005763554798303686,0.016900589409710974,0.0026155880167838264,0.028423204058734535,0.0021813427935827518,0.0,0.0026058350952409934,0.0,0.0,0.011290398623116255,0.0,0.0,0.07786789037966352,0.0,0.015157216794562809,0.0,0.0,0.0120452269208946,0.0,0.0013912283080751895,0.0,0.006217642900886367,0.0,0.006432289548736169,0.003074779408824221,0.02717590934351739,0.0,0.0,0.0011207783335621289,0.0,0.0,0.0,0.0,0.0,0.004132086825028925,0.05478368976369226,0.0,0.012367610136707308,0.0,0.0,0.0,0.0,0.0,0.030853463257980173,0.0,0.008497150790927919,0.0,0.0,0.0,0.005648387461621491,0.0,0.0,0.01836934048478047,0.0,0.0,0.0,0.01106414232775982,0.0,0.0,0.0,0.0,0.0,0.0,0.012373314099018646,0.0062353940638216615,0.003441360458087621,0.0,0.00766093698926556,0.014636834574305816,0.01327153994896153,0.0,0.0,0.005608450540372269,0.0,0.0003557439515242933,0.022003216268052288,0.0,0.012484001067857116,0.0,0.018489880699148822,0.016326173705200613,0.0,0.0,0.0034165620249012123,0.0,0.017039750828748666,0.0,0.0,0.007229833990884588,0.0,0.0,0.007988134279019246,0.014170379136768491,0.0,0.0,0.007200438637658037,0.0,0.01131689554871778,0.0029435257314263806,0.0,0.0,0.018402924004774314,0.0,0.009974034075365682,0.0022121000432438046,0.0,0.0,0.03239988708401842,0.0,0.0,0.012105280799029798,0.01014094742942362,0.0,0.0,0.017126139124895048,0.0,0.0,0.0,0.0,0.019099567989065053,0.0019729055455276474,0.0,0.0,0.0,0.0,0.02390323544107588,0.0,0.0035892831366686495,0.008063772850918189,0.013533486194442376,0.0,0.019205441313080166,0.0,0.0033594832252990784,0.013264292535079913,9.048210391884463e-06,0.015877178623579707,0.01444671961699789,0.0
LFQ intensity D6_12,0.0001902709618033177,0.0,0.01442117349663953,0.0,0.010581266886942045,0.0,0.0003173971130131775,0.010304113655871453,0.007097912810325128,0.0,0.005263165493542511,0.0004846673392506194,0.01496577744957054,0.001716118788910681,0.00048332122989816956,0.0,0.0,0.0,0.026809123579240455,0.03471161742258608,0.013742046844764646,0.013527640408791255,0.009596882370229204,0.0,0.006472319113285472,0.00755500028813633,0.0,0.0,0.020495079057771967,0.010265438877750176,0.0,0.0,0.007315710668634552,0.0015942154597648056,0.0,0.0,0.0,0.0057834607984465,0.004362893497084901,0.015513847996974958,0.0013635067769292794,0.01955564343873252,0.0026532919836393925,0.0,0.0020880238838310926,0.0,0.0,0.021905383301162817,0.0,0.0,0.053759183530921115,0.0,0.00955762262181137,0.0,0.0,0.00720530439416423,0.0,0.00237664830737776,0.0,0.03699410650450466,0.0,0.013662245275840708,0.003304325597911975,0.01675636498500809,0.0,0.0,0.0,0.0,5.1009218331722173e-05,0.0,0.0,0.0,0.0,0.04655151350538679,0.0,0.00997878296328909,0.0,0.0,0.0,0.0,0.0,0.026847536466274805,0.0,0.010553843063388106,0.0,0.0,0.0,0.0,0.0,0.0,0.01474679058144368,0.0,0.0,0.0,0.0025035889156496665,0.0,0.0,0.0,0.0025549446421736363,0.0,0.004719039110621652,0.004465978479201878,0.0,0.019489566093005943,0.0,0.0,0.019472205411739184,0.009706627342032629,0.0,0.0,0.0026605049386158744,0.0,0.007622066297582471,0.009288302132606594,0.0008398835218929266,0.012465322819260842,0.0,0.021898031014526108,0.012694144253484831,0.0,0.0,0.00034014057414203253,0.008563181007792228,0.03191381375247561,0.0,0.0,0.013915457243845844,0.0,0.0,0.014824703256415288,0.014032666621582632,0.0,0.0,0.0060861010753291474,0.0,0.010927273286341733,0.0021030283336520546,0.0,0.0016244482395081094,0.005506141084365945,0.0,0.0,0.0016965139937770253,0.0,0.0,0.03370435883212747,0.0,0.0,0.010269784664945242,0.010091511096322557,0.0,0.0,0.014840534463094234,0.0,0.0022624793122506173,0.008354512145580445,0.0,0.0,0.0,0.0,0.0,0.0,0.0,0.015142621737790964,0.0,0.002571804149741114,0.04296818239079343,0.006081282135001409,0.0,0.018473866445642764,0.006937430766755973,0.005355561826929831,0.011869446300371221,0.0,0.007276754983724887,0.014695046120139993,0.0037095611779882597
LFQ intensity D6_2,9.139257702830573e-05,0.0,0.008828935473414115,0.0,0.013355755911613892,0.0,0.00011474695680298881,0.007836371575830295,0.008664381275257309,0.0,0.0,0.0005764379517311538,0.009338539326565616,0.0015893938659650847,0.0018371690141447872,0.0,0.0,0.0,0.02288050174123265,0.02871705871840079,0.00725069217698416,0.007944571691694342,0.005841835618513715,0.0,0.0059996794691235,0.0023979182056331648,0.0,0.0,0.031011581637757836,0.005812414498037556,0.0,0.0,0.0,0.0,0.0,0.0,0.0,0.01302390567818984,0.0050655335567592105,0.01729009059043956,0.004724311668915656,0.02776261337993756,0.0031122555728269577,0.0,0.0018462490365775282,0.0,0.0,0.01659319829226395,0.0,0.006665448943646001,0.06397147741822805,0.0,0.019011523024087363,0.0,0.0,0.024988453590778243,0.0,0.0,0.0,0.026350862620965337,0.0,0.014495014335523375,0.0017429935694077802,0.02471345853048237,0.0,0.0,0.0014446410649667637,0.0,0.0,0.0,0.0,0.0,0.0023147951651544063,0.036989064705683944,0.0,0.0152665473631491,0.0,0.0,0.0,0.0,0.0,0.03129755929048583,0.0,0.013770214892668105,0.0,0.0,0.0,0.004578964246384577,0.0,0.0,0.019231454115563103,0.0,0.0,0.0,0.010631241687012516,0.0,0.0,0.0,0.0,0.0,0.0007015844090220107,0.008923830116966259,0.004198707720663699,0.021562737164105075,0.0,0.0069863898402664736,0.0138768114236133,0.011741699571615152,0.0,0.0,0.011511713400154345,0.0,0.005849607924278128,0.016446628694960462,0.0,0.010444627109169156,0.0,0.020040039969876983,0.013741764067307715,0.0,0.0,0.0,0.0,0.03280066389217281,0.0,0.0004972696031304455,0.010229743248576484,0.0,0.0,0.007192107359440273,0.01158103422285959,0.0,0.0,0.004808817660553753,0.0,0.013962854500227984,4.566905646837462e-05,0.0,0.0012840805855721335,0.009242597483204724,0.0,0.0016348916777363161,0.004560810852538182,0.0,0.0,0.02608131296958771,0.0,0.0,0.011889610856603868,0.00821341548977673,0.0008097737817418568,0.0,0.009261177685524036,0.00030209296494726083,0.0,7.960811529811126e-05,0.0,0.0,0.0,0.0,0.0,0.0,0.0,0.0,0.0,0.008139559954571092,0.029382455001565593,0.024544890765968636,0.0,0.019024124562246177,0.0,0.0,0.012684172776871649,0.0,0.013121170377188206,0.012016524804666563,0.0036121783131343546
LFQ intensity D6_3,0.0,0.0,0.012524709910235368,0.0,0.013293853343136666,0.0,0.0007489761557312733,0.015644427757883755,0.001535795692421122,0.0,0.0,0.0,0.009659447657950154,0.002538027549146879,0.0,0.0,0.0,0.0,0.017888835992110524,0.03126350990801523,0.0007859258551222448,0.007936360215570449,0.0026967534946665357,0.0,0.008001168812187858,0.005580814794788278,0.0,0.0,0.010783565657538699,0.008515314840162852,0.0,0.0,0.0,0.0,0.0,0.0,0.0,0.018839078402624013,0.0028375519054487383,0.015387907341098008,0.002072371796560368,0.02240773523481188,0.0029066701122665317,0.0,0.0005893947197553672,0.0,0.0,0.016259811519784454,0.0,0.0,0.07722006859817947,0.0,0.01734449935980267,0.0,0.0,0.02423594755371808,0.0,0.0,0.0,0.028918067727017324,0.0,0.0037637210116115054,0.0,0.02760191335210736,0.0,0.0,0.0,0.0,0.0,0.0,0.0,0.0,0.0,0.05671334478084435,0.0,0.012413572454229907,0.0,0.0,0.0,0.0,0.0,0.03306944893299116,0.0,0.012248576088043379,0.0,0.0,0.0,0.007324110070075902,0.0,0.0,0.020435897173229058,0.0,0.0,0.0,0.012828184774190616,0.0,0.0,0.0,0.0,0.0,0.0007970357437686731,0.007203566209327113,0.004157523815994694,0.0,0.0,0.0057232142522275565,0.03882229849653935,0.013268014391427016,0.0,0.0,0.007651976754819209,0.0,0.003903130558596207,0.00488910579095649,0.012007230912117868,0.012110233192023482,0.0,0.018551571023818644,0.014777412716429192,0.0,0.0,0.0028214940069268405,0.0009540021714106127,0.010906193558462455,0.0,0.0,0.008569261045989566,0.0,0.0007084829451705608,0.005339855020468344,0.02101111205278148,0.0,0.0,0.005751120646801116,0.0,0.014219428024526023,0.0,0.0,0.0007274908715065027,0.009101153802029211,0.0,0.0008133196372112705,0.0,0.0,0.0,0.023566371825161435,0.0,0.0,0.011388315577922522,0.010760045953452,0.0,0.0,0.007474423757501944,0.0,0.0,0.0,0.0,0.013152265793297974,0.0,0.0,0.0,0.0,0.0,0.02599085486753148,0.0,0.008691190247770163,0.023456709042282586,0.016078532711240805,0.0,0.017810014846959047,0.0,0.006770041835054481,0.009037806430524648,0.0009253480111299351,0.011595202501172703,0.016509912043015516,0.007192376369595177
LFQ intensity D6_4,0.0001230199285086168,0.0,0.014118165013290959,0.0,0.01672014892960675,0.0064657870157382915,9.182650829918613e-19,0.011812111822162845,0.0002029724108569932,0.0018099024833334943,0.002072554667715304,0.0010858492904902062,0.00867036728420254,0.0021455448630815378,0.0012710063811872177,0.0,0.0,0.0,0.023226301721321042,0.03666857189131582,0.006648361920409586,0.020688394612372474,0.014959564478203966,0.0,0.004678656751757491,0.0023702171114647124,0.0,0.0,0.02165827281352047,0.007693874521801976,0.0,0.0,0.0001726083540611466,0.006379687401030701,0.0,0.0,0.010373564197320582,0.003345526661166208,0.010151480356116623,0.01766133213323486,0.004374126459495801,0.019749692419421417,0.0039403432984349345,0.0,0.0009460481823151249,0.0,0.0,0.005917663930815187,0.0,0.0,0.06972242871175331,0.0,0.011597926917461357,0.0,0.0,0.004743178410192965,0.0,0.0,0.0,0.007511250562884685,0.0,0.01682379302902647,0.003289053742186395,0.023669067084973277,0.0,0.0045990731653892504,0.0,0.0,0.0,0.0,0.0,0.0,0.0015141116887995225,0.03472371829173034,0.0,0.006034179945975362,0.0,0.0,0.0,0.0,0.0,0.0252631542698934,0.0,0.009056454589077575,0.0,0.0,0.0,0.0,0.0,0.0,0.02309252141627155,0.0,0.0,0.0,0.0,0.0,0.0,0.0005884743781840579,0.0011502828216575476,0.0,0.0,0.009568950161117213,0.0029763316479338273,0.025051897257824585,0.0,0.005165929777239144,0.026215491664515696,0.011586467220406469,0.0,0.0,0.0,0.0,0.0,0.018783556148727145,0.023549500322529407,0.011071653271885354,0.0,0.015419071922980448,0.01386418217421471,0.0,0.0,0.0013204510055548051,0.009093227807984482,0.03628784916491651,0.0,0.0,0.010340660522957219,0.0,0.0,0.005900435731106185,0.018555475824273082,0.0,0.00505019942077213,0.00580553084828839,0.0,0.010639920834999789,0.00334507940930272,0.0,0.002077685027842833,0.008665672274639704,0.0,0.009069413293370666,0.001738515502238579,0.0,0.0,0.03870614170877729,0.0,0.0,0.009210350105930524,0.0,0.0,0.0,0.02150989052269635,0.0,0.0011055284437191412,0.003519305092105219,0.0,0.0,0.0,0.0,0.0,0.0,0.0,0.0,0.0,0.0059993709874011526,0.032493178638011544,0.006261337029605373,0.002033057345592863,0.01523499482879523,0.0,0.007824284895536902,0.006404363706465216,0.0,0.01464532555608663,0.012429334570443543,0.0
LFQ intensity D6_5,0.0,0.0,0.009240499142827771,0.0,0.006520527798796947,0.0,0.00032052536013865566,0.009106669493010342,0.006084501938771022,0.0,0.0,0.0019150005408827176,0.008706192356381216,0.003479701146960918,0.0026137280905762584,0.0,0.0,0.0,0.006614990324292422,0.037788156424660296,0.0,0.0024718150225088937,0.0,0.0,0.004380300015346506,0.0,0.0,0.0,0.009525104923865959,0.010509118289073699,0.0,0.0,0.0,0.0,0.0,0.0,0.0031542603602189266,0.01636502368613797,0.004850658939568456,0.017192091810363547,0.006758225288609367,0.022369224747326232,0.0035285928172028224,0.0,0.0014135017450516698,0.0,0.0,0.01776016155886628,0.0,0.0011855521842203912,0.06373534014126644,0.0,0.01243302136943869,0.0,0.0,0.005860305334202032,0.0,0.0004642995035251243,0.0,0.02765610701257923,0.0,0.002687167665293922,0.0,0.02935069201379226,0.0,0.0,0.008026027935176728,0.0,0.0,0.0,0.0,0.0,0.0032191013713984496,0.040761273896149336,0.0,0.01209377971693848,0.0,0.0,0.0007793209985339001,0.0,0.0,0.03462340279034273,0.0,0.015957354047152338,0.0,0.0,0.0,0.0012099205410487012,0.0,0.0,0.025803364405643642,0.0,0.0,0.0,0.0,0.0,0.0,0.0,0.004933399427267582,0.0,0.004449831524069554,0.008097918231659994,0.023094162906647432,2.1929813648418018e-18,0.0,0.0030137056954632774,0.050476363136685,0.015336057272493884,0.0,0.0,0.00791966120593746,0.00030879941055370064,0.001527938799401154,0.0,0.011562781810076684,0.01677908614961427,0.0,0.018777353676642048,0.014290820768283866,0.003005844699043294,0.0005182951339491959,0.0026010762906762937,0.0,0.010466758000987675,0.0,0.0,0.013456245193536394,0.0,0.0,0.003478757214354779,0.022284757156789237,0.0,0.0,0.006282284235125439,0.0,0.013592869149465737,0.00033860817527057107,0.0,0.006815718709810348,0.010008293737501787,0.0,0.0,0.0,0.0,0.0,0.024200747677752595,0.0,0.0,0.01105596043872826,0.008394760776431665,0.0,0.0,0.021493454830168714,0.0,0.0,0.004365179818302412,0.0,0.01590509969096149,0.005432559125218412,0.0,0.0,0.0,0.0,0.0,0.0,0.006294676852163668,0.039295548163591605,8.546192780605185e-05,0.0014222687891639087,0.02031742448572831,0.0,0.016694586253668157,0.013112485302595659,0.0008112457818456578,0.012636260396236226,0.016503791453317665,0.01004649777687163
LFQ intensity D6_6,0.0,0.0,0.008995053220792823,0.0,0.007312570591856299,0.0,0.0006438435835442941,0.0027883774268521165,0.012514777717836698,0.0,0.0,0.002261181262730525,0.009420363427467621,0.0016805453668182326,0.001979878667544126,0.0,0.002009173315869127,0.0,0.012472861095551143,0.03501669819003764,0.011139477989968071,0.011746194219531905,0.00339854421042388,0.0,0.005776970181080118,0.006488370574164626,0.0,0.0,0.009917103156180173,0.009125091074846011,0.0,0.0,0.004733253444013694,0.0,0.0,0.0,0.0033596048988968363,0.007651450345671981,0.0028482715484646932,0.01928099283912062,0.00253691343337333,0.024463713814840665,0.0034400740202107675,0.0,0.00258335988374507,0.0,0.0,0.022913598719900376,0.0,0.004093413224243439,0.0577690782819965,0.0,0.016590506804053082,0.0,0.0,0.005862944047872052,0.0,0.0036777468052972234,0.0,0.03705462960321288,0.0,0.015152358838550577,0.004023730348289812,0.017777534073283467,0.0,0.0,0.0,0.0,0.0,0.0,0.0,0.0,0.0013223579598898609,0.036637950317608824,0.0029464089072843286,0.013112274645948172,0.0,0.0,0.0,0.0,0.0,0.029060215349750756,0.0,0.012457692373804768,0.0,0.0,0.0,0.0,0.0,0.0,0.021697719042189336,0.0,0.0,0.0,0.0,2.7437586134550247e-05,0.0,0.0,0.0028667149319009213,0.0,0.0025509227125375977,0.004660365594789239,0.022468422884310692,0.01956841453306048,0.0,0.00026957825974958954,0.027898180431366597,0.010001990519860428,0.0,0.001135122146488113,0.011891244137310075,0.0,0.011994357118808077,0.007172211916157789,0.0,0.00998578455797567,0.0,0.022854004336143804,0.01830998576922965,0.0,0.0,0.0012597895268746289,0.0,0.0299299035856513,0.0,0.0,0.009911817133659524,0.0,0.0,0.011556017315017082,0.0075924910703806135,0.0,0.0,0.0057588859852703315,0.0,0.010872449949316633,0.004306072163733718,0.0,0.0019206138914524722,0.007233128413256794,0.0,0.0,0.0017188508208372771,0.0,0.0,0.023564311294749996,0.0,0.0,0.010215296961952204,0.01133130663765353,0.0,0.0,0.011503783882830168,0.0,0.0,0.0028779540917016878,0.0,0.0,0.0,0.0,0.0,0.0,0.0,0.01922938548360542,0.0,0.0023864780027738463,0.053190843210668144,0.01149927461355064,0.0,0.016927023196325976,0.0,0.0,0.012813719597414414,0.0009677367494345592,0.012624046621835671,0.01741921351962166,0.0
LFQ intensity D6_7,0.0,0.0,0.01595792695046786,0.0,0.010699933206957906,0.0,0.0003155823579767961,0.005126562987633864,0.0,0.0,0.004505000533792011,0.00019377698678873321,0.010053216779379887,0.002335629423136723,0.0015361535244082817,0.0,0.0,0.0,0.015250083393053646,0.013494870662377282,0.0033887125913159457,0.011419636035601765,0.004338859190472144,0.0,0.0,0.00031321128228411566,0.0,0.0,0.026299681148509373,0.006118612434478184,0.0,0.0,0.0,0.003157372666767319,0.0,0.0,0.011005906957571056,0.012596847683840076,0.004488246845056766,0.018586746605604408,0.0038358480255872656,0.02041380496653865,0.004116344436608115,0.0,0.0007260810942497331,0.0,0.0,0.016165553349688548,0.0,0.0,0.04978392176781592,0.00046972119490345073,0.018606725096247917,0.0,0.0,0.010517625343318763,0.0,0.0020035290532257957,0.002990199983400594,0.016922670797519405,0.0,0.018838501698824436,0.0009854941557424141,0.029238672659479315,0.0,0.007884784594427992,0.0,0.0,0.0,0.0,0.0,0.0,0.0,0.0383650467669181,0.004040073491880616,0.00883118723830096,0.0,0.0,0.0,0.0,0.0,0.03254100777061852,0.0,0.004405915069311415,0.0,0.0,0.0,0.004502327460167497,0.0,0.0,0.018985716752204698,0.0,0.0,0.0,0.011682122043933747,0.0,0.0,0.0,0.0,0.0,0.0032895910438615066,0.008758884972095902,0.005153084387673433,0.02559897557019506,0.0,0.001235666814042331,0.03855163040082657,0.012651880817967287,0.0,0.0,0.004297415997088977,0.0,0.0052262536430207705,0.0031202529384701094,0.0,0.011845009376593437,0.0,0.024134286409510586,0.013964713847071486,0.0,0.0,0.007075045225107588,0.0047135679820977374,0.03608996676489686,0.0,0.0,0.008575817487294746,0.0,0.0,0.006741063864129817,0.015772564375046608,0.0,0.0,0.0064398048125009376,0.0,0.01143721474441604,0.001415206051940083,0.0,0.004768492936160559,0.012871496241591953,0.0,0.008886008680113404,0.0,0.0018128799625947156,0.0,0.023290500102129186,0.0,0.0,0.010180646986427483,0.011513316327178223,0.0,0.0,0.008713519838756147,0.0,0.0,0.0024112348862611785,0.0,0.0,0.00038662177008179317,0.0,0.0,0.0,0.0,0.02486767406132233,0.0,0.004139055381089761,0.039671732467289916,0.008483738069167046,0.006363020160863488,0.01307617248898792,0.0,0.0,0.01894529306057765,0.0023370788713724206,0.014042182214962456,0.014577408546753923,0.004538584362082677
LFQ intensity D6_8,0.0,0.0,0.008314203210586691,0.0,0.012206062736178021,0.0,2.19180702816453e-18,0.001229315450613453,0.02886303399716179,0.0,0.0,0.0,0.009125430823960643,0.0025473881422371806,2.19180702816453e-18,0.0,2.908901659261898e-05,0.0,0.012189661352802372,0.027997487314036233,0.001427779959617731,0.009404856802378672,0.011457502962625793,0.0,0.00299192272294332,0.0038488032589241855,0.0,0.0,0.037700043959714755,0.004663676027872914,0.0,0.0,0.009612459147999124,0.0034413321148979753,0.0,0.0,0.0,0.007144023853715387,0.0005955801840045878,0.01633065407128447,0.0017634460289649699,0.023128757786320866,0.0024457511454368647,0.0,0.0008973013302407769,0.0,0.0,0.013418911374662562,0.0,0.008159231664654378,0.06092442764795609,0.0,0.01088331822275133,0.0,0.0002863515507014983,0.01808811493184293,0.0,0.004102363896764813,0.0,0.01868042920808199,0.0,0.012169444084116071,0.0,0.014745285896651441,0.0,0.0,0.0005004576293502595,0.0,0.0,0.0,0.0010885837337021077,0.0,0.0,0.0477055693135168,0.007348998756736015,0.04544843014955676,0.0,0.0,0.0,0.0,0.0,0.023492312803285918,0.0008286048815561717,0.0060625052385552035,0.0,0.0,0.0,0.004479411233314332,0.0,0.0,0.022857563627459426,0.0,0.0,0.0,0.0,0.0,0.0,0.0,0.00402734777681444,0.0,0.0007409755145905492,0.008696015737337822,0.016219204382595047,0.021949652080772396,0.0,0.008486807453784006,0.016693646484689097,0.009776956596724572,0.0,0.0,0.0,0.0,0.004902962748224683,0.0008788664015665922,0.018495635164010458,0.009401901028970103,0.0,0.012394123342501681,0.006908800452365929,0.0,0.0018949242133174521,0.008080729311819187,0.0,0.030843558798643093,0.0,0.0,0.007209199523546058,0.0,0.0,0.0089798459930982,0.01643866939238656,0.0,0.0,0.005657731970244179,0.0,0.007035574957803421,0.006903419302614615,0.0,0.004338418214894257,0.0,0.0,0.0017156384412336412,0.0,0.0,0.0,0.025663464383984654,0.0004571778281542132,0.0,0.011746691372499148,0.00887738621189158,0.0,0.0,0.014035981161284381,0.0,0.00013988993031754436,0.0031113882317483905,0.01927303327996859,0.0,0.007944979166776372,0.0,0.0,0.0,0.0,0.023116676678648928,0.0,0.0,0.0364288416690695,0.010020310897676505,0.0005945191859074721,0.012918304169873647,0.0,0.0062418966045363865,0.0026345460187991395,0.0,0.007511678399699611,0.00998675027828834,0.0
LFQ intensity D6_9,0.0,0.0,0.007011489978097182,0.0,0.009127054686792223,0.0,1.5206769770304795e-18,0.007636810912193303,0.0064258649577044035,0.0,0.0,0.0008653799761962383,0.008679001125326928,0.0015978481124195628,0.0007162078838366718,0.0,0.0,0.0,0.01719359757256993,0.03746282379512447,0.008322096511897902,0.00812731903558887,0.008895088026326412,0.0,0.00978551094427395,0.005272481585932015,0.0,0.0,0.02591880843914214,0.007147850262967488,0.0,0.0,0.010571528516817596,0.0010041013926008482,0.0,0.0,0.0,0.0036625203641074393,0.006448422489912097,0.015686526288970565,0.002593145373396101,0.023660478850387613,0.002456297717653836,0.0,0.0,0.0,0.0,0.016238098937764952,0.0,0.0049557439857706,0.07310316372718573,0.0,0.006927461874291023,0.0,0.0,0.014404842036429914,0.0,0.0034024146804266455,0.0,0.014417489462191327,0.0,0.014097705713397557,0.0,0.024901735822706925,0.0,0.0,0.0,0.0,0.0,0.0,0.0,0.0,0.0,0.052544543810813006,0.0013482087162319484,0.010687322766907193,0.0,0.0,0.0,0.0,0.0,0.025593479236128706,0.0,0.011647590915429624,0.0,0.0,0.0,0.0,0.0,0.0,0.023054761356609572,0.0,0.0,0.0,0.0,0.0,0.0,0.0,0.0,0.0,0.0025388235273976507,0.013000554078573777,0.01934412095944068,0.02566596671735178,0.0,0.004803493556655555,0.037826413326611845,0.006994522904186105,0.0,0.0,0.0042135724575121025,0.0,0.0,0.008756666598822599,0.0,0.014087465885603966,0.0,0.019100264920555016,0.009994367112227044,0.0,3.178881514183096e-05,8.953816224562143e-05,0.008516568869372652,0.03344048552255366,0.0,0.0,0.0149247159893865,0.0,0.0,0.00880397190415781,0.02060283437073173,0.0,0.0,0.006036900960562818,0.0,0.009155869878287046,0.003171773611741308,0.0,0.0,0.007627023809247563,0.0,0.0080883312490689,0.0,0.0,0.0,0.03739067575867868,0.0,0.0,0.01307843378187137,0.007447253093675022,0.0,0.0,0.010850169810528398,0.0013317002839390154,0.0002352514476875191,0.0066695434662084226,0.0,0.0,0.0015417266010646921,0.0,0.0,0.0,0.0,0.0,0.0,0.0009799968137512956,0.026292098506172642,0.018300595253890863,0.002089235795678609,0.015974282593085254,0.0,0.0044573755034356495,0.010517382191029344,0.0,0.009423033700925034,0.011152096921316836,0.0018602954471053663
LFQ intensity D7_1,0.0017841443492421535,0.0,0.0,0.0,0.008694233325000786,0.0,0.0009497755078142421,0.01809053754358297,0.01953409593986166,0.0,0.0,0.0005387274579747687,0.015869282690529004,0.0021868211909109327,4.493657211431226e-19,0.0,0.00046726850871693724,0.0,0.013812253275901543,0.013735318200350307,0.003071960370912919,0.011850677862436279,0.009714766711869348,0.0,0.001750809848941801,0.001525725996353577,0.0,0.0,0.015568330150213371,0.0029826260762838936,0.0,0.0002861659108418925,0.009182064257565067,0.0007521283317266497,0.0,0.0,0.0,0.01043987891811366,0.0024249527601516497,0.016980523984532557,0.002720615392446752,0.028341655306476837,0.002485199512654042,0.0,0.003026371229993249,0.0,0.0,0.019707607572118264,0.0,0.011894424961425733,0.058716352288452914,0.0,0.009605750563226021,0.0,4.18830821980287e-05,0.020873772072625835,0.0,0.002175661251406105,0.0,0.023419205406722415,0.0,0.0027692919209579363,0.0011550134019471215,0.029513566639545647,0.0,0.007205727005686322,0.0,0.0024117197611221272,0.0,0.0,0.0,0.0,1.1816247322176604e-05,0.04898853840726156,0.010510708068457086,0.050599268108173785,0.0,0.0,0.0,0.0,0.0,0.02800560117187793,0.0,0.01160600599326488,0.0,0.0,0.0,0.008541566557112516,0.0,0.0,0.013296984841071675,0.0,0.0,0.0,0.01307792135687257,0.0,0.0,0.0,0.0012335560323573408,0.0,0.0020272254633465817,0.0022965795370798337,0.0,0.0013158269424795768,0.0,0.0035570385668523205,0.026563984497908113,0.01016388736564338,0.0,0.0,0.007093997975489861,0.0,0.004977087906385357,0.004951858391395143,0.0026257614188802316,0.00889916679227136,0.0,0.021979626084123943,0.01820011301856408,0.0,0.0,0.0,0.0,0.01293683642131505,0.0,0.0,0.00841100713016176,0.0,0.0,0.008687718274092667,0.003435208324716529,0.0,0.0,0.005638502161555997,0.0002604116825302384,0.017245101381421574,0.0,0.0,0.0,0.005168713316353178,0.0,0.007174328437362531,0.0,0.0,0.0,0.019254279368799403,0.0,0.0,0.01673095453669534,0.008854207918215368,0.0,0.0,0.015391346707688785,0.0,0.0,0.0043895006840353815,0.0,0.015119907792065044,0.003927354063849062,0.0,0.0,0.0,0.0,0.02431990958419558,0.0,0.0020944796529450034,0.02105016478216693,0.023603302001556657,0.0,0.018071413205570118,0.0026768568073056056,0.0009532694125290681,0.009804247164331113,0.000443071872266661,0.0048970785126670625,0.022793379477759668,0.00788644204282404
LFQ intensity D7_2,0.0005602883599723733,0.0,0.008745637197245285,0.0,0.00983135774168317,0.0,0.0004886116555046988,0.0036741084228115958,0.007395246178782905,0.0,0.0,0.00027708951550089924,0.015344395234083132,0.0016475586784830563,0.0002425526522968319,0.0,0.0,0.0,0.02295564916364802,0.04406530091775413,0.01046223547397173,0.020517002358273,0.015070913111378651,0.0,0.007804150931688951,0.0016584788010041512,0.0,0.0,0.017050999602479796,0.010096581675735291,0.009999293028763123,0.00036850734483796505,0.018713885182103613,0.004737615693299721,0.0,0.0,0.008994043504584971,0.0007495599071240085,0.00602378908628423,0.015331997616806448,0.0028477594156225534,0.019192097324924495,0.001738478340022156,0.0,0.0041121102079736405,0.0,0.0,0.01886262674877711,0.0,0.0033027918307447345,0.060705440894823465,0.0,0.008198725012921232,0.0,0.0,0.0,0.0,0.00611115178942019,0.0,0.017299273710751822,0.0,0.0,0.0,0.015546678215730714,0.0,0.0,0.004019097969477489,0.0,0.0,0.0,0.0,0.0,0.00043493563126221395,0.0481621303028712,0.0,0.04997126613114384,0.0,0.0,0.0,0.0,0.0,0.031033643427020332,0.0,0.014460564182796938,0.0,0.0,0.0,0.0,0.0,0.0,0.018893406757085396,0.0,0.0,0.0,0.0,0.0,0.0,0.0,0.0,0.0,0.006248838307667511,0.00847036275612572,0.011861868738274071,0.0,0.0,0.003546909213850452,0.02682676535731877,0.010856259565604667,0.0,0.0,0.0,0.0,0.008247544434114913,0.007734222382362837,0.02012509452746986,0.012083763693382871,0.0,0.020339796986823463,0.01673473070074945,0.0,0.0,0.0,0.0,0.00047082961195863993,0.0,0.0,0.011927195369171343,0.0,0.0,0.013082662827375876,0.007008588965782421,0.0,0.0,0.00790362975257068,0.0,0.010141322434211985,0.004202516661323159,0.0,0.0014355316922016576,0.004999831592722466,0.0,0.002496610953389147,0.0,0.0,0.0,0.034230100007480474,0.0,0.0,0.012729297001660398,0.007054119569633334,0.0,0.0,0.012720331928319487,0.0,0.0,0.0028248564417190695,0.0,0.0010319785390132288,0.00313888361699958,0.0023692025253760785,0.0,0.0,0.0,0.02472207428452212,0.0,0.0,0.024252157956424242,0.003789740929044581,0.0,0.019811341816485153,1.8735345041068347e-06,0.007937179546214703,0.00874518552875804,0.001960225694956828,0.00944621305172423,0.018382256086696847,0.00040907848654426804
LFQ intensity D7_3,0.0006269827841090405,0.0,0.011191453820458816,0.0,0.010193130879006574,0.0,0.0012801843320919169,0.013975887628930659,0.010917115360890016,0.0,0.0,0.0,0.005471254838613863,0.0018633770792743681,0.0,0.0,0.0,0.0,0.02538765262358426,0.04250400574318555,0.006675677058711399,0.015087712068077677,0.016985055932354443,0.0,0.006191305608978607,0.005110783532228619,0.0,0.0,0.020963866891231142,0.003312388415386171,0.0033724681515997735,0.0,0.003331380937483535,0.0021722951943749886,0.0,0.0,0.0,0.005982264006811739,0.009226261587457221,0.014185482941339554,0.002662909352189144,0.023818566575023577,0.0034394368928599476,0.0019985748002183824,0.0035036815254399878,0.0,0.0,0.019655785920922066,0.0,0.014827882082632625,0.06573777398442267,0.0,0.010889470190287819,0.0,0.0,0.0,0.0,0.0015071481741479056,0.0,0.009188146991215706,0.0,0.003577660566198213,0.0021511593564997144,0.024639093473811886,0.0,0.0,0.0,0.0,0.0,0.0,0.0,0.0,0.000770746946514231,0.05223566648986014,0.0,0.05634909008637362,0.0,0.0,0.0,0.0,0.0,0.028349377053501646,0.0,0.006639908321939904,0.0,0.0,0.0,0.0,0.0,0.0,0.014798724751301782,0.0,0.0,0.0,0.0,0.0,0.0,0.0,0.001528568266072379,0.0,0.0019311591838247185,0.00653881257091493,0.013797671309071932,0.0,0.0,0.0019665328300958016,0.027033997498745996,0.01214720651017434,0.0,0.0,0.0,0.0,0.003750527116758757,0.008162916044967581,0.00598776641192189,0.004246342510115136,0.0,0.025919484138709037,0.01824524701415267,0.0,0.0,0.0,0.003286570570184772,0.007106341411635349,0.0,0.0,0.009708124658626069,0.0,0.000974303135348855,0.013200168627664056,0.004433108651047081,0.0,0.0,0.005874493313236104,0.0,0.009957344782953407,0.004424497664788451,0.0,0.0013085934822845856,0.006399261246302017,0.0,0.0025955824947276156,0.0,0.0,0.0,0.04218080740086501,0.0,0.0,0.013006173354684198,0.011952040609778482,0.0,0.0,0.011904621431606638,0.0,0.0,0.0032728391160697446,0.0,0.007737098796704932,0.0018914579713286102,0.0,0.0,0.0,0.0,0.023051506662453765,0.0,0.003079630418154879,0.02725985279229112,0.004578578171389383,0.0,0.019622757585662093,0.0,0.005122838100335236,0.009680093375608196,0.0014281672859471986,0.01336221353383615,0.017595910997419993,0.0
LFQ intensity D7_4,0.0007015144218520533,0.0,0.009091319328387405,0.0,0.013924044705904227,0.0,0.0004899314260121919,0.018040368362468192,0.004402864104569418,0.0,0.0,0.0010899562945965253,0.009357441789991018,0.0017464557633462714,0.00089000399939311,0.0,7.926013802186752e-05,0.0,0.017676402959109317,0.037120751460333445,0.007609231570289243,0.016572103290502474,0.010232052911097052,0.0,0.007456082191857759,0.004301358236300397,0.0,0.0,0.009651223532594313,0.006394551306125953,0.0,0.0,0.0,0.002529586934957927,0.0,0.0,0.0,0.00899627143547206,0.0005268071160180435,0.012979601938459819,0.0021958884928018796,0.02471146496128137,0.0033817390702727953,0.0,0.0,0.0,0.0,0.013409671658471034,0.0,0.0028865602995406282,0.0682580358837806,0.0,0.009040670136931089,0.0,0.0,0.01576957055283574,0.0,0.0,0.0,0.006191527437785046,0.0,0.013920384971899173,0.0,0.02632253695892021,0.0,0.0,0.0,0.0,0.0,0.0,0.0,0.0,0.002412315519886171,0.048215605785443545,0.0,0.015577805072941934,0.0,0.0,0.0,0.0,0.0,0.02825241982902548,0.0,0.011274857336556079,0.0,0.0,0.0,0.0,0.0,0.0,0.017925435801318706,0.0,0.0,0.0,0.0,0.0,0.0,0.0,0.0,0.0,0.0011204606700332346,0.015314571676909975,0.008518482293694367,0.026168228511000032,0.0,0.004511852162680037,0.02836929374511158,0.008545372481311016,0.0,0.0,0.0026679551024192728,0.0,0.0,0.011172672442068638,0.018015066274835782,0.013085853045320034,0.0,0.020890581297359975,0.012741851467496557,0.0,0.0,0.0,0.006072534679186465,0.03541958723000407,0.0,0.0,0.009354898685232491,0.0,0.0,0.00866048888366684,0.011874243772514758,0.0,0.0,0.006091902511415542,0.0,0.009633662940895037,0.004726659743423849,0.0,0.0023514528989008036,0.0008023181153349751,0.0,0.008803832769270938,0.0,0.0,0.0,0.037598452493937284,0.0,0.0,0.015109327306489461,0.0013581818147235091,0.002658855707140032,0.0,0.023971912181780304,0.0,0.0027048614673624506,0.003494844217816404,0.0,0.0,0.0024256336616769753,0.0,0.0,0.0,0.0,0.0248924804300221,0.0,0.010868163486710459,0.025203373665362076,0.00928378313448389,0.0010766666013170404,0.014133850043653999,0.0021323186386356316,0.0036385881223785846,0.009158079241434854,0.0,0.005722214436729494,0.014410001436745501,0.003638913524162171
LFQ intensity D7_5,0.00128970540130699,0.0,0.009612925896288295,0.0,0.00538965276628006,0.0,0.00043885247950485595,0.006216684829114195,0.005666541060704289,0.0,0.0,0.0,0.010113587464240877,0.001994128014382058,0.0,0.0,0.0011033201571458066,0.0,0.02007310101009865,0.037866804572472795,0.010495237916149947,0.009555632776232817,0.006913975398508784,0.0,0.010503666565481549,0.004760320072362497,0.0,0.0,0.0159710724891176,0.005569678261115542,0.001072295827270444,0.0,0.00457249932163618,0.005340717034895408,0.0,0.0,0.001677963721401552,0.013132718438562403,0.0066699605775405665,0.009380999885468687,0.002409672559730666,0.024755541563771504,0.00381415524850957,0.0,0.002130923566078139,0.0,0.0,0.027022499390735435,0.0,0.013003265271051662,0.0678830587073708,0.0,0.010874612718509154,0.0,0.0,0.0,0.0,0.0,0.0,0.009987682386216692,0.0,0.006624798847977263,0.0,0.024291559618881606,0.0,0.0,0.0,0.0,0.0,0.0,0.0,0.0,0.0,0.05065200460324017,0.0,0.013964002543238476,0.0,0.0,0.0,0.0,0.0,0.02633355286911483,0.0037897290818808215,0.010220834695919057,0.0,0.0,0.0,0.0025583397310303966,0.0,0.0,0.011072840078462605,0.0,0.0,0.0,0.0,0.0,0.0,0.0,0.0,0.0,0.00891623351353278,0.010091634431427327,0.016829610693123605,0.0,0.0,0.0016165696591064844,0.037763764478101244,0.011723789139291283,0.0,0.0,0.0,0.0,0.009731373341264577,0.006418775265651686,0.006089842044811115,0.009831287420178952,0.0,0.02591352170195467,0.019641507790491664,0.0,0.0,0.0011968087641072102,0.002744403742536887,0.007694221502507194,0.0,0.0,0.013685898119644149,0.0,0.0,0.011772088519640669,0.00732523434659744,0.0,0.0,0.0060091918372333665,0.0,0.014372217565035733,0.0017942240572547937,0.0,0.0008170193461737869,0.0,0.0,0.010908797817736815,0.0,0.0,0.0,0.03653243140906957,0.0,0.0,0.010105141057790956,0.003928717954283798,0.0,0.0,0.020838219708392586,0.0,0.00488572410337744,0.0027966588259255997,0.0,0.009525598175452555,0.00801301549989694,0.0,0.0,0.0,0.0,0.02728280281430611,0.0,0.007756160658120795,0.03299944560279359,0.00325358692784723,0.0,0.016971654414795416,0.0013038565500575155,0.008997239662762627,0.012157209631391403,0.003382154527083207,0.011529711687634364,0.01808154027261316,0.0
LFQ intensity D8_1,0.0017611718676010316,0.0,0.015594884738832405,0.0,0.011247936125217592,0.0,3.0838716383849076e-19,0.005495542647961203,0.005651466358530976,0.0,0.0,0.0,0.007498595498769206,0.002332017745702685,3.0838716383849076e-19,0.0,0.0,0.0,0.019935053193759232,0.026136974466740445,0.001155166741803153,0.02769863874709007,0.02229317254730346,0.0,0.003331081462002111,0.005307770428841386,0.0,0.0,0.023579756897699113,0.006452609500238513,0.0,0.0,0.007009324440696445,0.0014346280638377513,0.0,0.0,0.01209550570748764,0.0,0.009504555413184122,0.014148572543907664,0.0010788140796660222,0.02161376409088585,0.003837168393362239,0.0,0.0032816295155189638,0.0,0.0,0.010162185981492523,0.0,0.0,0.057043194179933226,0.0,0.009240578891314943,0.0,0.0,0.008268384155540258,0.0,0.00048026917729719404,0.0,0.010861753369221473,0.0,0.013548000682294567,0.0,0.022481753063678434,0.0,0.004776200259508586,0.002122705565838766,0.0,0.002095797036587387,0.0,0.0,0.0,0.0,0.03604698295947873,0.0,0.05386395917596256,0.0,0.0,0.0013992861391092127,0.0,0.0,0.022193427748683048,0.0,0.013607468435756767,0.0,0.0,0.0,0.0,0.0,0.0,0.02696574997676235,0.0,0.0,0.0,0.0,0.0,0.0,0.0026664222849266343,0.002828641077757813,0.0,0.0013347639028772381,0.004438162938313336,0.008781320519815488,0.021404685443255394,0.0,0.005215757514711831,0.02469673770314619,0.01051641969595707,0.0,0.0,0.0,0.0,0.0,0.0057936373182682485,0.02069662639987363,0.005007217330247976,0.0,0.013849448826092424,0.011559664484858595,0.0,0.000750601967348983,0.003077103287351656,0.008010040815898175,0.02959000309666445,0.0,0.0,0.008416156735330032,0.00010417780044683725,0.0,0.010023647220217874,0.017484781098835486,0.0,0.0,0.00498278423141116,0.0,0.008657633198790255,0.0062482222447975055,0.0,0.0012943413137945505,0.0007414701476515708,0.0,0.0032164392702035698,0.0,0.0,0.0,0.03215643311987182,0.0,0.0,0.009409948528210997,0.006040510288975713,0.0,0.0,0.012054827661238695,0.0,0.0,0.003960080220134271,0.0,0.0,0.00996015812105037,0.0,0.0,0.0,0.0,0.026034646180788358,0.0,0.002960260882212729,0.03519909532374104,0.006959598893405489,0.005950187082434797,0.011967252458173407,0.0,0.006227978767217587,0.0032978750250748203,0.002152629597924017,0.010740796664565453,0.013916620032886571,0.004990695268150549
LFQ intensity D8_2,0.0,0.0,0.013209979780969315,0.0,0.013578805025639427,0.0,0.0012034704186383227,0.006127095322159262,0.0039238945273760715,0.0,0.0,0.0,0.006479813200503081,0.0021043232595354,0.0,0.0,0.0,0.0,0.015882942355536535,0.030517780180010293,0.005267267681675124,0.01901519752620921,0.03090999476813916,0.0,0.00861234813795149,0.005248268389554461,0.0,0.0,0.008878609586170044,0.006019636150423815,0.0,0.0,0.011322796786255116,0.005811827900056831,0.0,0.0,0.003456038603555735,0.0019199178727101487,0.014239991074762617,0.009254326871298148,0.0020685335490433785,0.027078916681965954,0.0017437819838065087,0.0,0.001740617191690364,0.0,0.0,0.01434068606746259,0.0,0.006721332200999998,0.06346272442916848,0.0,0.007958237876864333,0.0,0.0,0.0,0.0,6.883467502958702e-05,0.0,0.0004975215125444926,0.0,0.007452586782712044,0.0,0.01530317815273001,0.0,8.135830925787491e-05,0.0,0.0,0.0002603316151986423,0.0,0.0,0.00199060324109642,0.001426554151755557,0.026919408446132574,0.009278202083070088,0.05510848718474753,0.0,0.0,0.0010803219969110361,0.0,0.0,0.030484681366357767,0.0,0.005933789463232547,0.0,0.0,0.0,0.0,0.0,0.0,0.016834373777486075,0.0,0.0,0.0,0.0,0.0063675837092203045,0.0,0.0,0.0035627340441189447,0.0,0.007147333531742283,0.014883422430096462,0.018204867116113993,0.0,0.0,0.005283798302401563,0.025852813399366483,0.005496958967485488,0.0,0.003916845337774123,0.0,0.0,0.007671115839862538,0.008984359083509892,0.025747295524439627,0.01917246120782498,0.0,0.019001483394562545,0.011306135593916956,0.0,0.0,0.0,0.0,0.012591766789113133,0.0,0.0,0.007186134682347245,0.0,0.0,0.005539861532259511,0.013238753306257343,0.0,0.0,0.007586286403595909,0.0,0.01232241684391583,0.0058629944966365165,0.0,0.005033563159340388,0.0008257923458012048,0.0,0.007868270396841813,0.0,0.0,0.0005072838709194015,0.033860157095825724,0.0,0.0,0.013634656672356898,0.009256439511429336,0.0,0.0,0.006872746038051417,0.0,0.001232890128631564,0.0019977311970256493,0.0,0.012375729030922801,0.007425098855816251,0.0,0.0,0.0,0.0,0.021604279645475823,0.0,0.0,0.03562390902153755,0.0005515795182263125,0.0,0.025715444672433314,0.0,0.0024987076655978045,0.008787095321420565,0.0,0.016015012552200548,0.02056680360519044,0.0
LFQ intensity D8_3,0.0019913152164910096,0.0,0.0,0.0,0.0042657717690004395,0.0,0.0013277364324031761,0.018938543224251158,0.02781884594654519,0.0,0.0,0.0004250013325852769,0.00728870955371787,0.0018845991251174475,8.394142065302843e-19,0.0,0.0,0.0,0.016586168921545907,0.028782622707039896,0.001170729564942853,0.009442370949988387,0.008284340169361533,0.0,0.006515179090453019,0.004846200917410059,0.0,0.0,0.02088037702775381,0.0043958082602081165,0.0,0.0,0.013437818220505078,0.0,0.0,0.0,0.002052431628994337,0.002148439609101751,0.0,0.019559993627503797,0.0024135364515993026,0.021669447995406297,0.002599503354511641,0.0,0.0034981208221397755,0.0,0.0,0.01728965886752767,0.0,0.010309923478463035,0.0550461614779464,0.0008912435854234318,0.006624694467271725,0.0,0.0007644332894997861,0.010879751196903624,0.0,0.0,0.0,0.019727579378936818,0.0,0.011038646372606493,0.0,0.022919203675301564,0.0,0.0037532298467280035,0.0009192476944149906,0.0,0.0016878884679043466,0.0,0.0,0.0,0.0,0.04136718480957767,0.012041240727564689,0.05040165052865038,0.0,0.0,0.0016395655013020554,0.0,0.0,0.022196630252969363,0.0,0.00959690388038502,0.0,0.0,0.0,0.0,0.0,0.0,0.012177876482219926,0.0,0.0,0.0,0.0,0.0017344983690665988,0.0,0.0,0.004196462174841974,0.000604386415843379,0.0024260107649166597,0.0012145446337999111,0.024116352062188984,0.0,0.0,0.0041051314445146635,0.0205364680688216,0.012607332561466093,0.0,0.003333062160020112,0.0037273957683799323,0.0,0.004759116601951203,0.008354341001266695,0.008849651580022443,0.010856047712249768,0.0,0.019248384210696513,0.012795900565906413,0.0,0.0,0.00040010475267715035,0.007694813650188577,0.030799196246555666,0.0,9.586663934491663e-05,0.008883147251449121,0.0,0.0,0.01266538522294331,0.007294817222524864,0.0,0.0,0.005663678896352538,0.0,0.010958655025306099,0.0016673153684798395,0.0,0.0,0.015564989888434511,0.0,0.0017275783588526373,0.0,0.0,0.0,0.03791628986927599,0.0,0.0,0.009177085980295081,0.010081524218053656,0.0,0.0,0.012372621126345223,0.0,0.0021426537325246746,0.006043022469885014,0.0,0.0,0.01027924345943603,0.0,0.0,0.0,0.0,0.015006200121974636,0.0,0.010447848329387973,0.02448747388219332,0.011678934451658789,0.01430756219824401,0.012704022302599774,0.0,0.0027882601210354376,0.012862948267703433,0.001364293483782503,0.0022997990630294033,0.013663256403338908,0.0
LFQ intensity D8_4,0.0011911041322743919,0.0004541579968464139,0.0,0.0,0.005549801189374796,0.00273462079903109,4.493646184551721e-05,0.005086097562184759,0.017434716718049324,0.0,0.0,9.208791953256534e-05,0.006355205666601524,0.0020268119888001896,5.067118219280148e-19,0.0,0.0,0.0,0.01889052688981278,0.040598758124208635,0.0012693410856016182,0.007552300714225481,0.013847845676118242,0.0,0.004572071248709589,0.005544490550533142,0.0,0.0,0.012323668485234461,0.0032082603879811456,0.0,0.0,0.01433501811830387,0.0013360900707490705,0.0,0.0,0.008000869714413826,0.0,0.0035639919247901167,0.011124805995596357,0.002047740273181902,0.018185038322969065,0.001986792489764204,0.003246328867728913,0.00382586485385165,0.0,0.0,0.017004474862224755,0.0,0.010826183117859224,0.05686737733969825,0.0,0.008616849007896938,0.0,0.0001497708568034779,0.012263123184614737,0.0,0.0012626388326736494,0.0,0.0002660528500814067,0.0,0.004252415570329374,0.0,0.02895019621367478,0.0,0.007160886851091105,0.0,0.0,0.004122400524834096,0.0,0.0,0.0,0.0,0.0479662989633486,0.00481202170108401,0.04907340759057655,0.0,0.0,0.00269714471228561,0.0,0.0,0.022372588282008173,0.00854990212897317,0.014380869630094757,0.0,0.0,0.0,0.0,0.0,0.0,0.02081428163786004,0.0,0.0,0.0,0.0,0.003158461821910663,0.0,0.0,0.003061481146754048,0.0,0.0011732526575119675,0.013111949812904838,0.0019099982164155857,0.001438602252475741,0.0,0.004985959458089328,0.02959455133857481,0.010765837907294216,0.0,0.0,0.00043251971351740447,0.0,0.015189595280624612,0.01385545154938252,0.008587592230364965,0.00693024582138153,0.0,0.024415992354650643,0.02382044757581071,0.0,0.0,6.828244258410258e-05,0.0027129085411974683,0.011780734859069305,0.0,0.0,0.01007921845832977,0.0,0.00573348052786416,0.0,0.0,0.0,0.0,0.004713049481717874,0.0,0.012916047859432967,0.00196785641716161,0.0,0.0005256834565347747,0.0,0.0,0.009392018654204467,0.0,0.00291667114910201,0.0,0.040944236952328385,0.0,0.0,0.01279543787064352,0.011290304623553358,0.0,0.0,0.009973402799837517,0.0,0.001694406931157809,0.004314674504997396,0.0012046141870026455,0.018964933510504104,0.008575216138091172,0.0,0.0,0.0,0.0,0.021142250307843887,0.0,0.002230830196605371,0.0276860127875926,0.013495244221738454,0.009429891647350613,0.012516611293836839,0.0,0.0008778990318591293,0.010525911959054956,0.0019570900664218588,0.00806687347074276,0.015641896388231498,0.002596142039416847
LFQ intensity D8_5,0.001506063503709289,0.0022946103716341235,0.0,0.0,0.012582397808279305,0.003988704002000125,0.0010293959152688347,0.013568973166837323,0.017135866934257327,0.0,0.0,0.0015333217934317461,0.007362024383764874,0.0013940047494566084,2.8604762277790817e-19,0.0,0.0,0.0,0.021121534535715827,0.044188060445598344,0.010619732397728891,0.021101078302799767,0.010021568123292812,0.0,0.007796975182626603,0.002156840707902473,0.0,0.0,0.02867038820314063,0.010897296493614964,0.0,0.0,0.0029730232504543096,0.0027889824740327993,0.0,0.0,0.009381634392513575,0.0016666069395158062,0.0035496414813991936,0.01640097301581393,0.002826919548672357,0.019437109221110364,0.004592416291023406,0.0,0.0027561199993223137,0.0,0.0,0.023793873497093648,0.0,0.0008367169606028275,0.05262658796758983,0.0,0.01088995331804551,0.0,0.00187727227539492,0.004843471767080457,0.0,0.0,0.0,0.000609564446819624,0.0,0.007716412969248852,0.0,0.02048984989984499,0.0,0.011969980713054638,0.0,0.0056389531091289476,0.0,0.0,0.0,0.0,0.0,0.04402918527869774,0.0,0.048617206526397366,0.0,0.0,0.0,0.0,0.0,0.02893457586065021,0.0,0.012151292704413218,0.0,0.0,0.0,0.0,0.0,0.0,0.020770715754943537,0.0,0.0,0.0,0.0056844411171946925,0.0,0.0,0.0,0.005095407156435253,0.0,0.0,0.007433823290884701,0.0,0.0048115441416578635,0.0,0.005266128309690985,0.03217107165740168,0.011619749087417908,0.0009527742394812028,0.0,0.0,0.0,0.005808765712270112,0.01005580290020961,0.0,0.008783428871530363,0.0,0.02476065153623135,0.01996316614505067,0.0,0.0,0.0,0.002356223674960759,0.015613775486550756,0.0,0.0,0.006004383917110767,0.0,0.0,0.0,0.0011057768116898839,0.0,0.0,0.005341027338208024,0.0,0.014493336338757618,0.0,0.0,0.0,0.005420100317124682,0.0,0.0009702309009258296,0.0,0.0012542010644678362,0.0,0.034027517637796184,0.0,0.0,0.014559392713796191,0.012876374441998123,0.0003851725970977341,0.0,0.008853518396582745,0.0,0.0,0.0,0.0,0.020645310235333964,0.007981082581323391,0.0,0.0,0.0,0.0,0.020193174009310397,0.0,0.0026771849844498996,0.02297921651322953,0.01414896193146669,0.009385835492986662,0.009678436844806172,0.0,0.008143842413240919,0.007744648217554737,0.00110317398981811,0.008518090046349033,0.015478029643704634,0.0045173506099781
LFQ intensity D8_6,0.0013405784678295124,0.0,0.009515609414784583,0.0,0.013878791010761806,0.0,1.115869934438455e-18,0.010385586465666237,0.015302209238815092,0.0,0.0,0.0,0.00872677760452676,0.001706168871283712,0.00011712349930393663,0.0,0.0,0.0,0.01989709022833283,0.035287315086376815,0.004789119301970046,0.017224982843877183,0.011434009662179282,0.0,0.004470543188344407,0.004752083784168187,0.0,0.0,0.007346293014042829,0.00907165515725252,0.0,0.0,0.011707581608378263,0.003999578948505438,0.0,0.0,0.005310386366712843,0.00012083674292846645,0.0,0.021602225271948106,0.002507003728874199,0.020100053661995507,0.0030733660803792338,0.0,0.004186503079690393,0.0,0.0,0.017984814531527633,0.0,0.00753239399672793,0.057181135283842575,0.0,0.008858423660330704,0.0,0.0,0.0,0.0,0.0,0.0,0.011107669512038175,0.0,0.014453894150697595,0.0,0.019146295259478825,0.0,0.0027829087333332983,0.0,0.0,0.0,0.0,0.0,0.0,0.0,0.040415804186110196,0.0,0.05090459218985014,0.0,0.0,0.0,0.0,0.0,0.02181264880484122,0.0,0.013471692716003717,0.0,0.0,0.0,0.0014892010469053309,0.0,0.0,0.013324534401730788,0.0,0.0,0.0,0.0,0.0014472214289228263,0.0,0.0,0.0037362796473252463,0.0,0.0,0.009594035457527659,0.015393104722307501,0.021146737346153664,0.0,0.0036626374499990713,0.023928452267083594,0.009961194425988988,0.0,0.0022727126198194957,0.0,0.0,0.0017075123482062264,0.0026727498937332513,0.015651483793852138,0.008734584264273919,0.0,0.020113374429711603,0.013675471659149757,0.0,0.0,0.002211831343691557,0.0023222515596642,0.029418840408714463,0.0,0.0012437294399044523,0.006769710671855398,0.0,0.0,0.012129041181219815,0.0,0.0,0.0,0.005407229492672699,0.0,0.006714657624819902,0.008021530884209446,0.0,0.0014619793387637588,0.006924841733056941,0.0,0.010008847740074208,0.0,0.0,0.0,0.0371888386654152,0.0,0.0,0.005992275658526183,0.005665335249593446,0.0,0.0,0.008415681743060503,0.0,0.003347131730960329,0.007208947453594222,0.0,0.0,0.010096538082873243,0.0,0.0,0.0,0.0,0.023496573016110193,0.0,0.01034232132457935,0.041128481698105464,0.011992362912209158,0.00563596482091886,0.014316421682189245,0.0019893918549351167,0.006477075218269851,0.009854479324574276,0.0035703480942028422,0.0029130809058522363,0.015717226588982156,0.0
LFQ intensity D8_7,0.0019466072099264672,0.0009411243000589451,0.0,0.0,0.006672844880308554,0.005787341197415107,0.0005353323078604252,0.0010039670253116375,0.025552477958317447,0.0,0.0,0.00023713025798553054,0.004999396061529076,0.0022393996858592565,0.0,0.0,0.0,0.0,0.01943134791761774,0.04961451774918793,0.0,0.00024655469331319414,0.012452468829089064,0.0,0.009438114048725323,0.004421267962800244,0.0,0.0,0.018135831986811922,0.002916118412879168,0.0,0.0,0.001427153307331123,0.00024846149480940884,0.0,0.0,0.00929234456542396,0.004934646642186442,0.004461711559276631,0.013106622323266957,0.0024950800292474567,0.01920452581286638,0.0024291518772551115,0.0,0.0038461306937289078,0.0,0.0,0.024283957489948754,0.0,0.013014596304539692,0.05625856501513353,0.0,0.0120579213038519,0.0,0.004107666193139099,0.007739787535016226,0.0,0.0,0.0,0.008445881619404128,0.0,0.004787235345757237,0.0,0.0210156676812165,0.0,0.006260067091625906,0.0,0.0,0.0062240772152982494,0.0,0.0,0.0,0.0,0.04434996403660823,0.0005437509168973023,0.015529395020884868,0.0,0.0,0.0,0.0,0.0,0.026802645463199742,0.010851153479691704,0.012678534485821766,0.0,0.0,0.00015364214449299575,0.0,0.0,0.0,0.015235781729125734,0.0,0.0,0.0,0.0,0.0018991652088607522,0.0,0.0,0.005670996327929177,0.0032024487247407454,0.002556390263754034,0.010847937396519831,0.002688170946425782,0.005873465543346204,0.0,0.00649888768152103,0.032195109033965975,0.007489350474470905,0.000500805715949307,0.0,0.0,0.0,0.017437270209068496,0.01133140318445418,0.006006510636270237,0.012411167648986846,0.0,0.02324799524658567,0.036584960295412534,0.0,0.0,0.0021485890387790115,0.007719485064564709,0.016008865158519597,0.0,0.0,0.009150008894674174,0.0,0.005679820326673721,0.0003559435130009119,0.0,0.0,0.0,0.0044160262948198,0.0,0.018311441133689082,0.0,0.0,0.0004949010505496446,0.0,0.0,0.0013992362043641676,0.0,0.0060192793202598046,0.0,0.0300508407598261,0.0,0.0,0.014964513713154517,0.013781273694335624,0.0,0.0,0.006239972063894634,0.0,0.0050710357058153695,0.0053704027351447435,0.0,0.023767866238152805,0.01144181484492776,0.0,0.0,0.0,0.0,0.01759623835796316,0.0,0.007051557125882323,0.016199818029201514,0.014481590555191744,0.00467097583685372,0.015564659668257434,0.0,0.003403143973586508,0.008064511885902747,0.0010370541143023932,0.007788897803815732,0.014508392626072902,0.002441848867519109
LFQ intensity D9_1,0.001036027304006066,0.0012246233264641712,0.014057493571809325,0.0,0.013253797143694752,0.0,0.0011020864766633973,0.002069425255774158,0.011696654051021266,0.0,0.0,0.0001037831671621168,0.009379393655458113,0.006525022712632236,2.821947789313139e-19,0.0,0.0006093337106489161,0.0,0.023546120096061284,0.043223166728265455,0.005562155752266279,0.013929724516499735,0.0,0.0,0.0062149158899136425,0.0,0.0,0.0,0.007344463832371986,0.005874636607024587,0.004352776420887373,0.0,0.0,0.0,0.0,0.0,0.008588147064364386,0.023644535906086735,0.0,0.011963531360831633,0.006032646398011946,0.01582054334160377,0.002799495461722455,0.0,0.0036898346312959707,0.0,0.0,0.021850391787733948,0.0,0.006332185842445182,0.058173574153352246,0.0,0.012488733502081318,0.0,0.0,0.010107253062579112,0.0,0.00011309531709467772,0.0,0.0047955802580449645,0.0,0.0022493292631099223,0.0,0.03591000713772533,0.0,0.0033276013219935346,0.0,0.0,0.0,0.0,0.0,0.0,0.0,0.04697122250819939,0.0,0.04916371339308903,0.0,0.0,0.0,0.0,0.0,0.022551523166900653,0.0,0.016503413773344123,0.0,0.0,0.0044278919108097035,0.0,0.0,0.0,0.01677374535427887,0.0,0.0,0.0,0.01572336571959614,0.0,0.0,0.0,0.0025989925581247205,0.0,0.0021296877522268246,0.0,0.011107973094046604,0.0,0.0,0.0,0.036904870519989134,0.017766271231449207,0.003580300213951425,0.0,0.00918633143867827,0.0,0.025521840204963918,0.01591568247489369,0.0,0.0,0.0,0.0375763646891588,0.02219000718408071,0.0,0.0,0.00012843255973491875,0.0,0.007052207816872832,0.0,0.0,0.008356545020426162,0.0,0.008265199794627769,0.0,0.0,0.0,0.0,0.005432872822491607,0.0,0.014714925987809751,0.0,0.0,0.00380092410612432,0.0,0.0,0.00714016180834716,0.0,0.0,0.0,0.024707974563608636,0.0,0.0,0.013450441115453168,0.013018568195075495,0.0,0.0,0.017893036358917987,0.0,0.0,0.005843167800370239,0.0,0.0062945829523703475,0.0034673584446859376,0.0,0.0,0.0,0.0,0.015454114546681708,0.0,0.005552246379627782,0.0,0.017990068270275095,0.0019794219005913032,0.01430943358216087,0.0,0.0,0.017288138091252816,0.0043916609879472174,0.008624490596383826,0.019258743081679946,0.0
LFQ intensity D9_10,0.002317384643113748,0.0,0.009558406900608057,0.0,0.01002647224408386,0.0,0.0013335516833306504,0.0026941732543406295,0.0035798235872061854,0.0,0.0014786956702443246,7.41631480157142e-05,0.007668138193547359,0.003845392556015038,0.0,0.0,0.0,0.0,0.01367224208538823,0.02976016711233771,0.0,0.01598695254949382,0.005018960310474445,0.0,0.0036374749572932355,0.0005180381047980061,0.0,0.0,0.016608400684528554,0.008388291356602897,0.0,0.0,0.0,0.0,0.0,0.0,0.001055464020031515,0.020638371893815732,0.005339123424091613,0.015185741625007864,0.0033045773937864583,0.015615925583045724,0.002975663222860075,0.0,0.004888839164396775,0.0,0.0,0.01422588266012457,0.0,0.010612529330409173,0.07719470091274293,0.0019760768035548123,0.015325840341976968,0.0,0.0,0.013896547116082023,0.0,0.0047955960158244885,0.0,0.0037899659703426436,0.0,0.006746394345958431,0.0,0.037955695132309814,0.0,0.0,0.0,0.0,0.0,0.0,0.0,0.0,0.0022661753769865956,0.0534256139445302,0.0,0.05190469916813199,0.0,0.0,0.0,0.0,0.0,0.02413672605697606,0.004227927633255687,0.016120244702737065,0.0,0.0,0.0,0.0,0.0,0.0,0.016371141939973154,0.0,0.0,0.0,0.00731782909667769,0.0,0.0,0.0,0.00234820622415292,0.0,0.005070449317273838,0.0006397883114637534,0.020358279919738816,0.0,0.0,0.0,0.042506897043650925,0.013805256752965492,0.0,0.0,0.011051875445248296,0.0,0.011627975943880998,0.0,0.008687612763397072,0.0,0.0,0.017724248656359146,0.01422530315002801,0.0,0.0008759760591687257,0.004349792406310383,0.0,0.011467627214939363,0.0,0.0,0.0014403142450808946,0.0,0.002188784458999887,0.006330533369910438,0.007991634954665658,0.0,0.0,0.0054554566309954625,0.0,0.020752537672096612,0.0,0.0,0.0006989820358633421,0.0,0.0,0.008967417159311979,0.0,0.0,0.0,0.025451848475236478,0.0,0.0,0.009925702593802438,0.01195893672674443,0.0,0.0,0.019559154265760454,0.0,0.0,0.004707042999139718,0.0,0.012368876855087875,0.0074832950603736376,0.0,0.0,0.0,0.0,0.02173858309112984,0.0,0.0031291568822342628,0.0,0.024836797820392706,0.005293788413124581,0.009435681695455162,0.0020865151140933044,0.0024243261726778526,0.014657580247944587,0.006407467777830615,0.012226320203434856,0.020283953952982593,0.0
LFQ intensity D9_11,0.0011413068330915434,0.0,0.014531969726187241,0.0,0.01058904719397609,0.0,0.0001445935652865118,0.00829718404401998,0.01048131131209101,0.0,0.0,0.002920632082364449,0.001300027471507168,0.0025268077489695026,0.0001306481296278886,0.0,0.0007874886589462726,0.0,0.017499376782881725,0.015938318918969654,0.0,0.0,0.014555049586280601,0.0,0.0021257028494226834,0.0005923564829014761,0.0,0.013438003562452911,0.016407043790205567,0.0046778951183370655,0.0,0.0,0.0,0.007590010793082193,0.0,0.0,0.0,0.01802451402418687,0.0029944442977579365,0.01035615585774733,0.0014287244233543938,0.025093375572026556,0.0,0.0,0.0035166212629395644,0.0,0.0,0.024113209046528288,0.0,0.02452606616978866,0.06983481454190166,0.0,0.010092983686186968,0.0,0.0007487172999909687,4.802970016921195e-05,0.0,0.00018547419985180956,0.0,0.0067802915979405355,0.0,0.00637151732957668,0.0,0.006213091447062747,0.0,0.0,0.0,0.003685911698735452,0.0,0.0,0.0,0.0,0.0,0.04950224032194985,0.000134249545168027,0.047996634432001056,0.0,0.0,0.0,0.0,0.0,0.01651999607412972,0.0017940868881347112,0.010939700536381694,0.0,0.0,0.0,0.0,0.0,0.0,0.009028260463308489,0.0,0.0,0.0,0.0,0.02456100162976501,0.0,0.0,0.008220827083283526,0.004090662504207611,0.0006734052911177207,0.000565939009903197,0.03084374330671443,0.0,0.0,0.0,0.04278128920258608,0.012730835438902048,0.0,0.0,0.0018383120701763686,0.0,0.011765616546715065,0.0,0.0,0.0,0.0,0.020435012867311364,0.011812397713681793,0.0,0.00033982291597298793,0.005562274012644423,0.0,0.01726195368240072,0.0,0.0,0.009483125983877025,0.0,0.005222834090757699,0.005589275634578482,0.0,0.0,0.0,0.004821437134049677,0.0,0.012070938726072442,0.002282190940821174,0.0,0.0028266320060193655,0.0,0.0,0.017810003326416277,0.0,0.0,0.0,0.03289318581305319,0.0,0.0,0.008401647934582254,0.005546691205120164,0.0,0.0,0.02270560397699058,0.0,0.0,0.0,0.0,0.0,0.011616048760836826,0.0,0.0,0.0,0.0,0.026282969811215123,0.0,0.005298014777068814,0.0,0.06639762969555679,0.0,0.02207679114555013,0.0,0.0035271077782155985,0.01815809395016618,0.005326521739246416,0.009276401699834227,0.013299875527168494,0.0
LFQ intensity D9_12,0.0007549103764709739,0.0,0.007624602736249454,0.0,0.012351704898261427,0.0,0.00010679461342166098,0.0,0.0,0.0,0.0,0.0038442452977853507,0.0019332565424936498,0.0018577609564234359,0.0,0.0,0.0,0.0,0.01301182589189785,0.03181192838165105,0.006445568954521715,0.01768907121498182,0.01378130938222791,0.0,0.0018417706468222038,0.00209499775408999,0.0,0.0,0.018466900050425054,0.0009062697629201758,0.0,0.0,0.002188880127326932,0.0022245338241242934,0.0,0.0,0.009300988183816642,0.012331738617996938,0.006739672670590165,0.011796419461096837,0.0023172665446470697,0.02154983283407894,0.0019590005696847068,0.0,0.0024390758229747454,0.0,0.0,0.026777840453630065,0.0,0.01753515366637126,0.07509222561801097,0.0,0.009733230128994548,0.0,0.0,0.0025472618543498893,0.0,0.005068042427405708,0.0,0.0049522691527131655,0.0,0.01085833836016992,0.0026790736811671072,0.027896934891080666,0.0,0.0,0.0,0.0,0.0,0.0,0.0,0.0,0.0,0.04264691029682154,0.0,0.048012497752955324,0.0,0.0,0.0,0.0,0.0,0.017007958311078854,0.0016646130990747591,0.017732033845229235,0.0,0.0,0.0,0.0,0.0,0.0,0.008887915890229312,0.0,0.0,0.0,0.0,0.0,0.0,0.0,0.0036873628445902177,0.0,0.004885618179055727,0.006675196317721833,0.01829179305394009,0.0,0.0,0.0,0.03474170070109347,0.014271356632772602,0.0,0.0,0.0008540440961736187,0.0,0.014132117196243348,0.0065000905818531785,0.012335640334746809,0.0,0.0,0.02078236335068318,0.018903161106028635,0.0,0.0,0.004574165085330249,0.0,0.024538987852010353,0.0,0.0,0.009632667026870339,0.0,0.002599175895078476,0.00835167812863708,0.006396639514066084,0.0,0.0,0.005424502892187828,0.0,0.01574757827633928,0.0,0.0,0.0016418422687362172,0.0,0.0,0.013395747333011765,0.0,0.0,0.0,0.03772145645110454,0.0,0.0,0.008874418433466511,0.00982526422370317,0.0,0.0,0.01883310407599573,0.0,0.0,0.008777105837004577,0.0,0.0,0.004210882644979797,0.0,0.0,0.0,0.0,0.023815067506896465,0.0,0.0,0.008882086363464894,0.03307940295277822,0.0,0.024561518251177094,0.0,0.0003059765145147592,0.0065513872451109,0.004838874600853364,0.013592605065705017,0.021304795619811332,0.0
LFQ intensity D9_2,0.0,0.0,0.009390056043712373,0.0,0.0023824516239470315,0.0,0.0013289536015244183,0.0,0.0,0.0,0.0,0.0010294158020009814,0.010310972028140164,0.0034614329596033815,3.605226021990855e-18,0.0010811493325300254,0.010066991592716951,0.0,0.013874542794845148,0.01870332306562523,0.0,0.012808634778249143,0.02215106805191062,0.0,0.007949559867159827,0.0,0.0,0.001968237103338899,0.00694292840517871,0.0028015002939470097,0.005528716100449476,0.0,0.013854761638885155,0.0,0.0,0.0,0.0008244374167611353,0.004167795483504546,0.0032163372617725187,0.020845810881819755,0.006137618496451732,0.01837731729700389,0.0006587548057168207,0.0,0.0028902346674304857,0.0,0.0,0.020581655056273074,0.0,0.014435523111331441,0.06540169626353226,0.0,0.009014305796768719,0.0,0.0038766678689525773,0.026416143120943283,0.0,0.0,0.0,0.0,0.0,0.0041500664961721685,0.0,0.005797647462579058,0.0,0.0,0.0,0.0,0.0,0.0,0.0,0.0,0.0,0.04925210717132565,0.004797514458698818,0.051514764899998185,0.0,0.0,0.0,0.0,0.0,0.023160340922470324,0.0,0.009232326126777235,0.0,0.0,0.0,0.007198490217760992,0.0,0.0,0.016296948354180565,0.0,0.0,0.0,0.008209586660480982,0.001983634164571832,0.0,0.0,0.004110805961934388,0.0,0.0,0.0016446149769275774,0.017740117045533594,0.0,0.0,0.002587333768216475,0.04376903238879715,0.02000288929498743,0.0,0.0,0.011018474639882783,0.0,0.012816314901087856,0.0,0.007894253053694103,0.0013152417095039133,0.0,0.019239511254223646,0.011719078220265106,0.0,0.0015633504147343012,0.0,0.0,0.005785470249396064,0.0,0.0,0.0059270329879151165,0.0,0.0,0.004569182862679594,0.018713999775904384,0.0,0.0,0.0069461713944439785,0.0,0.01931653780627792,0.0,0.0,0.010427782889078526,0.0,0.0,0.003670734027487238,0.0,0.0,0.0,0.029288964657500687,0.0,0.0,0.011523688531362703,0.010410706706933802,0.0,0.0,0.011654446709441518,0.0,0.0,0.01103148021268895,0.0,0.0062620979457047,0.005224120176448435,0.0,0.0,0.0,0.0,0.0,0.0,0.007024196237003768,0.0,0.051255830564123306,0.013337285533091157,0.024583901017967376,0.0,0.0018376406613175458,0.01871373092712547,0.003401599268004531,0.015795174242187612,0.023804787439084676,0.0
LFQ intensity D9_3,0.002258754616713372,0.0,0.007124565958967957,0.0,0.014055889146712177,0.0,0.0,0.0,0.006031498568323332,0.0,0.0,0.004205529972399407,0.006808165947005584,0.00207682855161094,0.0,0.0,0.0,0.0,0.028466494931415672,0.04485289279209262,0.0,0.012924731949664018,0.0038892911212397388,0.0,0.006356599866673707,0.0,0.0,0.00620344553547229,0.011949622967005316,0.0030513457200408607,0.007855113152055695,0.0,0.000773572194041054,0.0031477955516444763,0.0,0.0,0.015148008365327563,0.01942539652001017,0.004756512932633864,0.014754401444656498,0.006446794966797367,0.0,0.0,0.0,0.005014324634569186,0.003928792633465189,0.0,0.029298564558109037,0.0,0.010409929027248847,0.06815511487682065,0.0,0.010714041289245978,0.0,0.003983404763691004,0.0,0.0,9.019799266069276e-05,0.0,0.001834055398992392,0.0,0.0015976801326846686,0.0,0.027721401704920063,0.0,0.00830135184620072,0.0,0.007731692813845153,0.0,0.0,0.0,0.0,0.0,0.050183404036855,0.0,0.05624758321953111,0.0,0.0,0.0,0.0,0.0,0.016875871115948755,0.0008512232416174203,0.009247965080667263,0.0,0.0,0.0,0.0,0.0,0.0,0.013376351100746902,0.0,0.0,0.0,0.005072917753453204,0.0,0.0,0.0,0.0072262094867658585,0.0,0.0,0.006696071702112148,0.007725893379695873,0.0,0.0,0.0,0.03971367884423302,0.013438050056459941,0.0,0.0,0.0028135380220189483,0.0,0.017289597767060738,0.01938334896565353,0.0,0.0,0.0,0.03402154132047651,0.018769354242336857,0.0,0.0,0.003797501504367118,0.0,0.003108385145565174,0.0,0.0,0.006614784196559508,0.0,0.004184187496017962,0.0,0.0,0.0,0.0,0.005497134779618259,0.0,0.017973027867936524,0.0,0.0,0.0,0.0,0.0,0.00965771672150266,0.0,0.0,0.0,0.03074217016942497,0.0,0.0,0.01560920366367139,0.007729373936799292,0.0,0.0,0.018307952285873213,0.0,0.0,0.005477924046835154,0.0,0.0035348140049055385,0.0081545089251239,0.0,0.0,0.0,0.0,0.0,0.0,0.00574519971256229,0.0156204679846146,0.04332064846791605,0.0,0.010586904013650845,0.003587372297914741,0.004698045427937214,0.00783510655471172,0.0031599618780381268,0.006219309517532148,0.02586925760253902,0.002692638017792276
LFQ intensity D9_4,0.0007145084810294442,0.0,0.010274470465894301,0.0,0.010845027707721833,0.0,0.0016080874714721313,0.004840387549524513,0.0,0.0,0.0004677995421872204,0.003672894390972022,3.7176252602690706e-18,0.005374904582779622,2.4095719279521757e-18,0.00014896242526473466,0.0,0.0,0.010927882717084184,0.02081779588992249,0.0,0.007663394686741906,0.012770562311188224,0.0,0.004191923433090454,0.0,0.0,0.005003355264676242,0.006237068380937202,0.0030303726717874117,0.004076414782360129,0.0,0.0,0.00426433508967096,0.0,0.0,0.0,0.014909892752109341,0.007102945918426788,0.014362155113862171,0.0033418179428637913,0.02114381405662232,0.000731772424820342,0.0,0.003374190912802427,0.0,0.0,0.015429305503232335,0.0,0.011448406786418713,0.0724162903721342,0.0,0.012440545991128144,0.0,0.0,0.0,0.0,0.0,0.0,0.0022866964144847876,0.0,0.004763590878063056,0.0,0.00038248257541759136,0.0,0.0,0.0,0.0,0.0,0.0,0.0,0.0,0.0,0.05667888062795591,0.005852924546806934,0.05640545760018912,0.0,0.0,0.0,0.0,0.0,0.023403385901270474,0.0022756453247162823,0.008681991213352554,0.0,0.0,0.0,0.0027198223660644737,0.0,0.0,0.018360148319447277,0.0,0.0,0.0,0.006089281651043813,0.0,0.0,0.0,0.0024416882168784146,0.0,0.0,0.0015467865199586786,0.01922161856302048,0.0,0.0,0.0,0.04690349431318617,0.014323135896590344,0.0,0.0,0.008235555837792247,0.0,0.007947796174376324,0.0,0.008435398515603756,0.00243335981278814,0.0,0.02168178116128143,0.014081509409196174,0.0,0.00031960924509405724,0.005924927047828342,0.0,0.00636127481391727,0.0,0.0,0.005013190163088637,0.0,0.002993359609330533,0.002106638802453624,0.006185089070862181,0.0,0.0,0.004344945412033346,0.0,0.02027608453947599,0.0,0.0,0.007393147260401851,0.0,0.0,0.001994759533283379,0.0,0.0,0.0,0.033210754792227716,0.0,0.0,0.012281103037559995,0.010279849848470022,0.0,0.0,0.024078336165278918,0.0,0.0,0.005001986186992056,0.0,0.010777781278941636,0.010971164433845328,0.0,0.0,0.0,0.0,0.02370867512600951,0.0,0.011678438864137317,0.0,0.06880433547531681,0.0,0.028199609068937894,0.0,0.006106059856938317,0.013168763383122428,0.004308473414718217,0.013430700663896102,0.028527525352821558,0.0037697000948068377
LFQ intensity D9_5,0.0013833955353910017,0.0,0.008442873285572744,0.0,0.01188909986102236,0.0,0.00024906795515857897,0.0,0.0,0.0,0.0,0.004217185144406593,0.007535396188210368,0.007328188300251342,1.3869316063028544e-18,0.0,0.0,0.0,0.015875978898222943,0.037025834570158726,0.0019603807041828876,0.010253237567475067,0.0035086288880200704,0.0,0.0025291308708746355,0.0,0.0,0.002634961476768787,0.014626303693692938,0.006130622616723161,0.009709557711679865,0.0,0.0,0.006155347741202837,0.0,0.0,0.0,0.024588437474896772,0.004914135532750022,0.012468750306338958,0.00240868421032006,0.02420036066834589,0.0011451276361707967,0.0,0.0012552672615481581,0.0,0.0,0.02482836355898145,0.0,0.007229886222487975,0.07686179912261712,0.0,0.012664660254085358,0.0,0.0003743075750351429,0.021391442176950833,0.0,0.0,0.0,0.007980229529284105,0.0,0.006365292636882119,0.0,0.012291417618885567,0.0,0.0,0.0,0.0,0.0,0.0,0.0,0.0,0.0,0.053288655600664925,0.0,0.011571557075928178,0.0,0.0,0.00041370172845648566,0.0,0.0,0.023115156674669256,0.005094694016574798,0.006926934828765112,0.0,0.0,0.0,0.0,0.0,0.0,0.015492635775103701,0.0,0.0,0.0,0.0,0.0,0.0,0.0,0.0003575062279629107,0.0,0.0020455949027639296,0.009938673473908066,0.028516802051779953,0.0,0.0,0.0005771709888136039,0.049857352414936995,0.007313514811571355,0.0,0.0,0.001669960708959169,0.0,0.006106154734421178,0.00018126224372817316,0.012574806955021885,0.006406361440716928,0.0,0.0243020580160622,0.016677025198169944,0.0,0.0,0.005121862276297605,0.0,0.0037113110638401746,0.0,0.0,0.005886640007527067,0.0,0.0,0.00256622285340831,0.022679367758370993,0.0,0.0,0.0071446698493573095,0.0,0.01376757062954628,0.002626048780862857,0.0,0.005495644074699114,0.0,0.0,0.013979262212875876,0.0,0.0,0.0,0.03242543482149189,0.0,0.0,0.01596410028119381,0.012634656817745196,0.0,0.0,0.01727615180015802,0.0,0.003605991557641702,0.005483442476114067,0.0,0.0026575736295987498,0.011456952910184497,0.0,0.0,0.0,0.0,0.02438954487918475,0.0,0.006477332025359839,0.0,0.038931317712485515,0.00633991178118036,0.012399610457193719,0.0,0.007513359364969342,0.010449272711633218,0.0016488203957032977,0.011015964875970749,0.021501029331831647,0.0
LFQ intensity D9_6,0.002822744301135808,0.0,0.007187508326581558,0.0,0.013944255892601553,0.0,0.00042967837455479903,0.0006245878538028495,0.03796026585414262,0.00017027852330758788,0.0,0.0007672084115611549,0.0010189780030553921,0.004038641940996658,0.0,0.0,0.0,0.0,0.02985188430174635,0.04171998108685492,0.007696936972235984,0.008489428051203217,0.009279667958954962,0.0,0.007958321486696078,0.0,0.0,0.00355278071004262,0.046822438010526386,0.005649404950809654,0.0016632268290346878,0.0,0.0,0.0,0.0,0.0,0.013497577664735836,0.017069176387422814,0.008021389358796397,0.010876255644030573,0.006824128309520423,0.01987593368871634,0.0,0.0,0.0028340595307506,0.00016681437937425767,0.0,0.012995767864202435,0.0,0.0033080966758228573,0.05904665946475813,0.0016698082382704687,0.010679569381945375,0.0,0.00552292023894078,0.0,0.0,0.0,0.0,0.0014277565503274994,0.0,0.0048188636102444804,0.0,0.02565988750249424,0.0,0.0,3.4377950593128e-05,0.0,0.0,0.0,0.0,0.0,0.0,0.04831411569063856,0.0,0.049105066992897184,0.0,0.0,0.0,0.0,0.0,0.022898571253735255,0.0,0.009583244660704173,0.0,0.0,4.9122105562972665e-05,0.0,0.0,0.0,0.012018685503050517,0.0,0.0,0.0,0.013888730026014585,0.0,0.0,0.0,0.0061245498073687855,0.0,0.0,0.011374016274496449,0.0,0.0,0.0,0.0017266733943494105,0.027038515646150996,0.009049771905979434,0.0,0.0,0.0032742639744263147,0.0,0.016660393911339198,0.01724206064763914,0.0,0.010930536074118596,0.0,0.02844902942913888,0.018728455470872298,0.0,0.0,0.0036290958451788325,0.0,0.006672698606702164,0.0,0.0,0.0032711007298170205,0.0,0.0,0.0008858314537609606,0.0,0.0,0.0,0.005787604923021043,0.0,0.014405792301134106,0.0,0.0,0.0019675810017767453,0.00258951606721645,0.0,0.0,0.0,0.0,0.0,0.022250428588437638,0.0,0.0,0.0158697665373652,0.00971898706238785,0.0,0.0,0.018551891846228304,0.0,0.001956635610485275,0.0,0.0,0.008309880522352542,0.009264935094886058,0.0,0.0,0.0,0.0,0.0,0.0,0.007310859407624288,0.0007006105887034944,0.05056560305447194,0.0,0.02209794628168133,0.0,0.0022930888787813576,0.006660545077721537,0.0023746321156080325,0.011921726612672502,0.025444887044718346,0.003065291697992761
LFQ intensity D9_7,0.002305055221402289,0.0,0.008058428958771064,0.0,0.0052869100492973185,0.0,0.0007701845339942867,0.0,0.0,0.0,0.006447690050055917,0.0030821116650182833,0.005879430900769774,0.005912473590819884,0.0,0.0,0.00010180335006542097,0.0,0.020507220425638264,0.04274874032640177,0.0026517020939292356,0.017965447736312156,0.018754878857144455,0.0,0.0034525384958754104,0.0,0.0,0.0,0.013762584813806598,0.008188655626302659,0.0,0.0,0.0,0.0005025105836257218,0.0,0.0,0.0065470286518657704,0.013753464296906071,0.005686665665585629,0.01429753311112363,0.002422881348203776,0.021075907073315126,0.001307037185204663,0.0,0.003511302827186526,0.0,0.0,0.03559292092034867,0.0,0.010016634647212934,0.05482705415132393,0.0,0.011429703428832157,0.0,0.0,0.010949270514591736,0.0,0.0,0.0,0.0022272259110422024,0.0,0.00575838914000351,0.0,0.03764436074487408,0.0,0.0018742257146501671,0.0,0.0,0.0,0.0,0.0,0.0,0.0,0.049973060123859984,0.0,0.05436136843827256,0.0,0.0,0.0,0.0,0.0,0.020863242656643653,0.0,0.008992789204998184,0.0,0.0,0.0,0.0,0.0,0.0,0.014757932698426788,0.0,0.0,0.0,0.0,0.0,0.0,0.0,0.0013201418009013892,0.0,0.0,0.0,0.009861892940189583,0.008092896091047231,0.0,0.0,0.0417085888216119,0.012280557793145007,0.0018333306806660645,0.0,0.008028062636904835,0.0,0.010507254054012804,0.0,0.009789600114332137,0.0,0.0,0.022570119070898068,0.02027682208137718,0.0,0.0,0.004212663748392359,0.002047245858300594,0.017365196965874095,0.0,0.0,0.007850691426017973,0.0,0.0,0.0,0.016216483609873926,0.0,0.0,0.004801997148911155,0.0,0.01743704304349098,0.0,0.0,0.0,0.0,0.0,0.0034712146524652604,0.0,0.0,0.0,0.051289589871232985,0.0,0.0,0.015376193667465699,0.012624230495433852,0.0,0.0,0.016995471166303063,0.0,0.0,0.0,0.0,0.0,0.008147586841740273,0.0,0.0,0.0,0.0,0.019541478913073333,0.0,0.007656686459132147,0.0,0.027899642515926155,0.0,0.016099096631172375,0.00025665555450313606,0.0,0.017921251173943113,0.002740341891351933,0.009464280412968635,0.020000852093336553,6.647404030201493e-05
LFQ intensity D9_8,0.0024628468179122916,0.0,0.015307220025334405,0.0,0.010758546565067001,0.0,0.0013192132474806773,0.0,0.009018577761638757,0.0,0.0,0.0014138123357968733,0.009672490887609216,0.002655466905447356,0.0,0.0,0.0,0.0,0.025200355186822523,0.029958015030724844,0.0,0.011608425621114502,0.01965290670291211,0.0,0.007789428027353183,0.0012659306411648568,0.0,0.0,0.017162304800533518,0.004247401276353798,0.0,0.0,0.0013133586136957693,0.00020785455463121765,0.0,0.0,0.00319866624833729,0.010312909638259442,0.011742457097790324,0.013487248361903428,0.0061412762284042514,0.010309715364889338,0.0038864266952807385,0.0,0.0032149246913922595,0.0004929695249102674,0.0,0.024255897846751952,0.0,0.003079907153325472,0.053686367559941946,0.0,0.01094185493069722,0.0,0.006108709219975078,0.0006695275089425105,0.0,0.004637739598652121,0.0,0.0,0.0,0.009669307434941867,0.0,0.02971478524905204,0.0,0.009827642301621758,0.0,0.014271388421791677,0.0001886043503280681,0.0,0.0,0.0,0.0,0.046266788086995844,0.0,0.04755673892987077,0.0,0.0,0.0,0.0,0.0,0.020472675567533884,0.0,0.010089952564370626,0.0,0.0,0.0,0.0,0.0,0.0,0.026311840507554835,0.0,0.0,0.0,0.015322695452844178,0.0,0.0,0.0,0.007859777235000046,0.0015369412604060752,0.009200529557458644,0.0,0.0024044278132058206,0.006915925101930805,0.0,0.0012832468262660352,0.042092413573615976,0.012449824100374176,0.0,0.0,0.0,0.0,0.01871302878512368,0.011454100988237216,0.0,0.0034198126294823416,0.0,0.03205233542185831,0.01677968739910521,0.0,0.0,0.004113360784679183,0.001961508558700744,0.015263132915422188,0.001919652221582638,0.0,8.041150208540926e-05,0.0,0.005136542263417701,0.003968435931049176,0.0,0.0,0.0,0.00624487002895699,0.0,0.017006409264379425,0.0,0.0,0.0026832056781131218,0.0007285085969238993,0.0,0.0,0.0,0.003757154017455736,0.0,0.036586877279713464,0.0,0.0,0.009473163202407379,0.007064017645505332,0.0,0.0,0.020694300425239395,0.0,0.0,0.0029196061488323353,0.0,0.01973997863512725,0.010699419127689874,0.0,0.0,0.0,0.0,0.0,0.0,0.0015055516414957234,0.0,0.014184796877827486,0.012870607909971077,0.019408064464620112,0.0,0.007580075793887722,0.010662274351677787,0.0051172636651735,0.009881440195462889,0.015714148642586002,0.0
LFQ intensity D9_9,0.0019349616678038014,0.00043178366736026295,0.008666333887533474,0.0,0.00889513951765734,0.0,0.0003841049270984951,0.0,0.007751887941480784,0.0,0.0,0.002620375604333054,0.0006004853822906778,0.0034179739970861024,7.738591171675607e-19,0.0,0.0,0.0,0.025228371373518316,0.04612823023240401,0.005924070100326924,0.010631660915104523,0.005791423041329456,0.0,0.009580340821158844,0.001819352737248111,0.0,0.0,0.017188780787867817,0.004346162739621153,0.005690654162500534,0.0,0.001755831503125548,0.0016963147220319997,0.0,0.0,0.005479213561050375,0.016874721482242436,0.0069366388031593135,0.01249392191835473,0.004662606749872598,0.006070157753309634,0.004405014234481302,0.0,0.0026974352126315436,0.0,0.0,0.030547962484634827,0.0,0.010363763436195435,0.06513062134807554,0.0,0.014852084860686865,0.0,0.00040564704932868743,0.0,0.0,0.003516137803640268,0.0,0.0014195429611049135,0.0,0.004505006457729562,0.0,0.03237903346343266,0.0,0.0,0.0,0.0,0.0,0.0,0.0,0.0,0.0,0.048627539612799454,0.0,0.05609076376201743,0.0,0.0,0.0,0.0,0.0,0.01930175899799622,0.0045404747535925626,0.009801030203250363,0.0,0.0,0.001375179886573139,0.0,0.0,0.0,0.02000351630614629,0.0,0.0,0.0,0.0061549266458388735,0.0,0.0,0.0,0.006571795545283353,0.0,0.0,0.006800974863906977,0.0051309813462590125,0.0,0.0,0.002047396108265052,0.03929554085048617,0.012685906303201207,0.0,0.0,0.003811652887239865,0.0,0.019192090849845155,0.008087231109365604,0.0030297695286219724,0.0052790286306128465,0.0,0.027091139592529092,0.02405804502937848,0.0,0.0,0.005810376290645155,0.0,0.004835040920009928,0.0,0.0,0.0049606852752572496,0.003678284375073445,0.01921025909345395,0.0,0.0,0.0,0.0,0.004719618750976545,0.0,0.014454142457203785,0.0002339530619158845,0.0,0.005167151897895809,0.0,0.0,0.0019330322935240643,0.0,0.00044049934366326306,0.0,0.03032494201772319,0.0,0.0,0.014619835382074947,0.012252568651599564,0.0,0.0,0.01450051862443646,0.0,0.0,0.009945295582976268,0.0,0.005197476916743036,0.009313971754781184,0.0,0.0,0.0,0.0,0.02223448418287681,0.0,0.002263708448743643,0.01031181956857391,0.01844993083952502,0.0,0.020309721794970634,0.0,0.002410696672072954,0.007123853285933194,0.002287810035847853,0.01095702278335326,0.019852807576127854,0.0
