,ADF,ADL,AFD,AIA,AIB,AIM,AIN,AIY,AIZ,ALA,AS,ASE,ASG,ASH,ASI,ASK,AUA,AVA,AVB,AVD,AVE,AVF,AVH,AVJ,AVK,AVL,AVM,AWA,AWB,AWC,Amphid sheath,Amphid socket,Anal muscle,Apoptotic germ cells,Arcade cells,BAG,BDU,Body wall muscle anterior,Body wall muscle middle,Body wall muscle posterior,CAN,CEP_ADE_PDE,Cephalic and inner labial socket,Cephalic sheath,Coelomocytes,DA_VA,DB_VB,DVA,DVB,DVC,Differentiated germ,Distal tip,Dorsal uterine cell,Embryonic cells,Excretory cells,Excretory duct,Excretory gland,GLR,Glia_1,Glia_2,Glia_3,Glia_4,HSN,Hypodermis head,Hypodermis tail,I1,I2,I4,I5,IL1,Intestinal-rectal valve,Intestine anterior,Intestine middle,Intestine posterior,LUA,M1,M2,M3,M4,M5,MI,Marginal cells,Mature sperm,Meiotic germ cells,Mitotic germ cells,NSM,OLL,OLQ,Oocytes,PDA,PDB,PHC,PLM_ALM,PLN,PVC,PVD_FLP,PVM,PVN,PVP,PVQ,PVR,PVT,PVW,Phasmid sheath,Phasmid socket,RIA,RIB,RIC,RID,RIF,RIG,RIH,RIM,RIP,RIR,RIS,RIV,RMD,RMD_LR,RME,RMF,RMG,RMH,Rectal gland,SAA,SAB,SDQ,SIA,SIB,SMB,SMD,Seam cells (bus+),Seam cells (grd+),Seminal vesicle (male),Spermatheca bag distal,Spermatheca bag proximal,Spermatheca neck distal,Spermatheca neck proximal,Spermatheca-Uterine junction,Spermatids,Spermatocytes,Syncitial pachytene spermatocytes,URA,URB,URX_AQR_PQR,URY,Unassigned hypodermis/gonadal sheath,Unassigned sex-specific muscle,Unassigned sheath cells,Unassigned uterine cells,Uterine muscle,Uterine seam cells,Uterine toroid,Uterine-vulval cells,VC,VC_4_5,VD_DD,Vulval cells,XXX,cat-4(+)ptps-1(+) intestine anterior,e1_e3 (pharyngeal epithelium),e2 (pharyngeal epithelium),g1A (pharyngeal gland),g1P (pharyngeal gland),g2 (pharyngeal gland),hmc,hyp4_to_hyp6,hyp7 (hypodermis),pm1_pm2 (pharyngeal muscle),pm3_pm4_pm5 (pharyngeal muscle),pm6_pm7 (pharyngeal muscle),sh1 (gonadal sheath distal),sh2 (gonadal sheath distal),sh3_sh4 (gonadal sheath proximal),sh5 (gonadal sheath proximal),vm1 (vulval muscle),vm2 (vulval muscle)
LFQ intensity D1_1,0.0,0.0,0.010411841869662332,0.0,0.00043414668936381267,0.0,0.0011182316542012584,0.008376726337491524,0.001085982046403362,0.0,0.01469230824123145,0.0,0.018269060373320798,0.00533492516101771,0.0010093125709071387,0.0,0.0,0.0,0.002300349918467044,0.01686147428130865,0.012355301141282506,0.014403406201266657,0.020112969952323725,0.0,0.0003342657667702561,0.001042962691873021,0.0,0.0,0.014496144443989476,0.014828539782078686,0.0,0.0,0.004945833583258183,0.009359053605253348,0.0,0.0,0.00039013755210451557,0.008227041619136238,0.013952432059277833,0.00611764826531353,0.014229002982857456,0.0,0.0,0.0,0.0,0.0,0.01435352025268182,0.01096905462701729,0.0,0.011569537348355433,0.08467686593439235,0.011277172874298087,0.007118896644353046,0.0,0.0018891857161300598,0.029398093352273804,0.011282711994961076,0.0,0.0,0.0,0.0,0.016739625608238627,0.010497224805143153,0.004644188295656559,0.0,0.0,0.0,0.0,0.0017091884017743375,0.0,0.01214006870296647,0.0,0.014000712962760944,0.028702397215541412,0.0,0.01566647928672425,0.0,0.0,0.016026720841555292,0.0,0.0,0.014102474740016331,0.000553621309289796,0.02710451668218645,0.008496877987830278,0.0,0.0,0.0,0.0,0.0,0.012283338439524706,0.0,0.0,0.0,0.011596333201778794,0.0,0.0,0.0,0.002622056607193605,0.0,0.0006773998014342067,0.001998587947591255,0.008037160008796207,0.0,0.0,0.0,0.021190762798197267,0.002488159292865326,0.0,0.0,0.005016023305772238,0.0,0.008490340494875376,0.0,0.0013629413051083083,0.0,0.0,0.02615116960703761,0.001488689943421131,0.0,0.0,0.020500343848941567,0.0,0.0212430166736677,0.0035725447176883245,0.0,0.010791367206717074,0.0,0.0,0.0,0.010306409737429443,0.01409977707905351,0.0,0.01788369685349942,0.0029792825595740587,0.008512734958472332,0.002207982066008442,0.0,0.0,0.0,0.0,0.009002770948545727,0.0,0.011619418521505246,0.0,0.030575250855809456,0.0,0.0,0.0,0.004578156661079194,0.0030883879742428415,0.005049074754214246,0.0,0.0030336782864058675,0.0,0.0,0.0,0.0,0.010319954151837377,0.0,0.0,0.001666315491230786,0.006030120381477976,0.0,0.0,0.0,0.01137452491871882,0.005478689114574394,0.0,0.04397211540923935,0.006890439594259818,0.03484795686002945,0.0,0.0,0.014349343505098663,0.015015449742775439,0.0
LFQ intensity D1_10,0.0,0.0,0.0,0.0,0.003248962919223316,0.0,0.0,0.016195393640523623,0.0015143175258984655,0.0,0.012393244632897222,0.0,0.018108215053760455,0.005490473845714183,0.00029704634636893486,0.0,0.0,0.0,0.0011994695199188039,0.01892440006194065,0.014108828451993674,0.0,0.019034827138058968,0.0,0.0015338960441919067,0.0027187273767894427,0.0,0.0,0.01920851270649752,0.015513246354747084,0.0,0.0,0.0,0.0005528909890057007,0.0,0.0,0.0,0.005919585565536117,0.014027459132646924,0.012979851555626221,0.011434783856387961,0.0,0.0,0.0,0.0,0.0,0.01063621107722126,0.01366475176506925,0.0,0.017534540998408753,0.08623272033299766,0.0003806680931574818,0.006952864176774837,0.0,0.0037402905630393927,0.017693188777092004,0.015677569980912954,0.0,0.0,0.0,0.0,0.018794710303593944,0.013168195240686244,0.006291121365180269,0.0,0.0,0.0,0.0,0.0017153522798457992,0.0,0.011512143968703441,0.0,0.01088078695531888,0.03369119326739353,0.0,0.01595516327657804,0.0,0.0,0.01295969467538319,0.0,0.0,0.01665669770016083,0.0,0.029379838733951603,0.005163926273526278,0.0,0.0,0.0,0.0,0.0,0.01593033051520053,0.0,0.0,0.0,0.015113880723057043,0.0,0.0,0.0,0.0,0.0,0.0041818800914293994,0.002471933477846404,0.0037237728621498105,0.0,0.0,0.0,0.026814646401891823,0.0025122610792083495,0.0,0.002132971937632408,0.004911810358189768,0.0,0.003918080756238077,0.0,0.0025039830516707397,0.0,0.0,0.029184460968218702,0.0,0.0,1.9172916254730176e-19,0.022615047547976955,0.0,0.022049877300597376,0.0040664336300533475,0.0,0.01212361770820493,0.0,0.0,0.0,0.008703486780698265,0.018054463257007543,0.016221967407931262,0.02007746032873728,0.0,0.005638646848356351,0.0057199085581846765,0.0,0.0,0.0,0.0,0.0035751843400480556,0.0,0.009510088223978853,0.0,0.03186991510527458,0.0,0.0,0.0,0.004468653798987384,0.00267350907741377,0.0035460059289475756,0.0,0.001274629289941045,0.0,0.0,0.0,0.0,0.009536621058833926,0.0,0.0,0.003611141469629807,0.0059263579757759186,0.0,0.0,0.0,0.010265250013834182,0.0,0.0,0.04022684722398558,0.009030694717105457,0.03716745806352161,0.0005679926491133049,0.0,0.01499644140415522,0.019996525546249925,0.0
LFQ intensity D1_11,0.0,0.0,0.0,0.0,0.0034835578097207305,0.0,0.004946750774865237,0.01629431534771565,0.0005673510127245036,0.0,0.009664443451555746,0.0,0.016121899457755245,0.005563892835415867,0.00041509366909323487,0.0,0.0,0.0,0.0,0.01921996489802997,0.013681755012285022,0.0,0.01727420578394004,0.0,0.0,0.002983497256048711,0.0,0.0,0.017222398318291362,0.014551546674619744,0.0,0.0,0.00553109746579611,0.0,0.0,0.0,0.0,0.007574730449004928,0.010786105047358868,0.010431565476582735,0.011792927776915462,0.0,0.0,0.0,0.0,0.0,0.014113000054221315,0.003869271728506504,0.0,0.018859004010062724,0.08624735524003055,0.0031974583546744966,0.005334137792378439,0.0,0.0,0.02602974874394729,0.009319494661506342,0.0,0.0,0.0,0.0,0.014914214767163463,0.009184286753696678,0.00962963216848449,0.0,0.0,0.0,0.0,0.0014989619535592308,0.0,0.013403344312341744,0.0,0.012725282713311267,0.03705807739375933,0.0,0.01946393133797712,0.0,0.0,0.014419034008907492,0.0,0.0,0.014719904328619783,0.0,0.03048814770568045,0.0074956943966424825,0.0,0.0,5.538652584917462e-05,0.0,0.0,0.012475428744089313,0.0,0.0,0.0,0.01464460731298778,0.002564791105708946,0.0,0.0,0.0,0.0,0.008804011595558433,0.0013873042050188437,0.0017989185341762384,0.0,0.0,0.0,0.023486151991918145,0.0022869434413911724,0.0,0.0,0.002911283904719896,0.0,0.00958025169435571,0.0,0.004271843833303575,0.0,0.0,0.02699198282783832,0.003911895620477071,0.0,0.0,0.017364459350613645,0.0,0.023949116916640235,0.001111520999206071,0.0,0.00917009975810229,0.0,0.0,0.0,0.015537288625901903,0.019867324670070585,0.0,0.01931283987519284,0.0,0.007382470896361594,0.005529227913308489,0.0,0.007116405039635288,0.0,0.0,0.007898458727425247,0.0,0.004280402773746593,0.0,0.030720073557573977,0.0,0.0,0.0,0.004790491549183997,0.0056968438983320095,0.010449224698559608,0.0,0.0037526289628021458,0.0,0.0,0.0,0.0,0.008474248852989766,0.0,0.0,0.006422817930653403,0.007830710898279468,0.0,0.0,0.0,0.007454465320514487,0.0010142220388466676,0.0,0.04043920761134,0.006383721241635851,0.03442776321303557,0.005704631063538775,0.0,0.011988811186668565,0.020682640149257935,0.0
LFQ intensity D1_2,0.0,0.0,0.010857455362020122,0.0,0.0,0.0,0.0037092979630431854,0.015221464068057524,0.0,0.0,0.013182440113864609,0.0,0.01969762889777901,0.004377382860692198,1.1566599212928813e-19,0.0,0.0,0.0,0.0007497262214805717,0.01853869693868676,0.015965427895750284,0.0,0.017857493763808602,0.0,0.0013105358017862024,0.0,0.0,0.0,0.01743273489656903,0.01433708524314565,0.0,0.0,0.003467230675881456,0.006957936720563233,0.0,0.0,0.0,0.006677699844707289,0.013268281620459895,0.009038358492128126,0.01403249318298747,0.0032664906028623602,0.0,0.0,0.0,0.0,0.014087971628556004,0.0051831130473095595,0.0,0.014735272779897501,0.08770661282587797,0.012557205449843107,0.00892666618850831,0.0,0.0030861096626798048,0.023222603549979848,0.01473075237793526,0.0,0.0,0.0,0.0,0.016466734155633433,0.009054742995346686,0.014474544486909258,0.0,0.0,0.0,0.0,0.0,0.0,0.01178779184464755,0.0,0.009894347266546154,0.035886490434835355,0.0,0.018236996636479114,0.0,0.0,0.013773374719806374,0.0,0.0,0.01400199005617154,0.0010176763505907536,0.02504980450790783,0.0,0.0,0.0,0.0,0.0,0.0,0.009095046997364197,0.0,0.0,0.0,0.008351933943955938,0.0,0.0,0.0,0.003095579572541729,0.0,0.00421213820122023,0.006214090324462742,0.001846990962309519,0.0,0.0,0.0,0.027827193444633143,0.00020798268126239361,0.0,0.0032088375002061356,0.005866999110717688,0.0,0.0020023879629435695,0.0,0.004283531703395315,0.0,0.0,0.03018251951151637,0.00012663224928432097,0.0,0.0,0.0231756969595832,0.0,0.025106011192591884,0.004051866989052456,0.0,0.009543126579807923,0.0,0.0,0.0,0.009928079852838554,0.01627571923363873,0.0045727373841207425,0.021031639571033628,0.0,0.007289807253477633,0.003989348062076554,0.0,0.006417670059847337,0.0,0.0,0.006932217640435728,0.0,0.002232906707703156,0.0,0.03581355030579519,0.0,0.0,0.0,0.005960786985538283,0.0015387369343797801,0.006969785492042024,0.0,0.002022697017744593,0.0,0.0,0.0,0.0,0.009999951408752733,0.0,0.0,0.004263584139118275,0.00593011180814802,0.0,0.0,0.00535751306827242,0.0,0.0,0.0,0.04110510591736367,0.007680746971327999,0.034837527223481886,0.002990002977256225,0.0010415889402589165,0.01223098035095753,0.011361976675806646,0.0
LFQ intensity D1_3,0.0,0.0,0.0072895672789749085,0.0,9.377087408319854e-05,0.0,0.00357886669158473,0.01227658148792137,0.0,0.0,0.01505512882989026,0.0,0.01997573054110477,0.005906924259382475,0.0,0.0,0.0,0.0,0.0,0.021361069831732506,0.008828479973950486,0.0011252924537758873,0.019408599118629067,0.0,0.00026681542048721064,0.00194952478546262,0.0,0.0,0.02379282710587689,0.0168270378496186,0.0,0.0,0.002984479918700119,0.003781257438156683,0.0,0.0,0.0,0.008427958051163342,0.014575554496146385,0.005375323099398558,0.012918095186938173,0.0,0.0,0.0,0.0,0.0,0.016186061251104028,0.006771928303305635,0.0,0.01322738477882889,0.09188117889790987,0.01204290585250538,0.005895098836444499,0.0,0.0005089144586326156,0.017307848712638973,0.005647422689563389,0.0,0.0,0.0,0.0,0.016040479258128227,0.004315339591950059,0.015838718635028653,0.0,0.0,0.0,0.0,0.0006513862573261254,0.0,0.0098034199086716,0.0,0.015472457434708849,0.03428366570262577,0.0,0.015486404285051663,0.0,0.0,0.017131712167674264,0.0,0.0,0.014532476123257688,0.0,0.02554686721093908,0.0060002666556763515,0.0,0.0,0.0,0.0,0.0,0.008036285050310569,0.0,0.0,0.0,0.013693713480558787,0.0,0.0,0.0,0.0,0.0,0.0070259546041205895,0.0007427257567865967,0.004913492385969231,0.0,0.0,0.0,0.02451684111394375,0.001568285019486606,0.0,0.0,0.0010858401585891163,0.0,0.011476529168323566,0.0,0.003789054032795426,0.0,0.0,0.024458933429628047,0.0038916460790464407,0.0,0.0,0.02075269697981373,0.0,0.02408326648409361,0.0,0.0,0.007705570745113626,0.0,0.0,0.0,0.008861674573602986,0.01344354958039543,0.005885253601279788,0.02001188945014602,0.0,0.009270753868571489,0.005445347226303025,0.0,0.0074590733169020654,0.0,0.0,0.0022904278021167305,0.0,0.0074474814041919956,0.0,0.03231054524523636,0.0,0.0,0.0,0.006308488783440721,0.004244929252687433,0.00600597469164578,0.0,0.005280170677546266,0.0,0.0,0.0,0.0,0.01479111762678487,0.0,0.0,0.0030699838636259603,0.006578411858153109,0.0,0.0,0.001986255009798194,6.773461448591843e-05,0.0017974848896420085,0.0,0.042044521996449015,0.0065024328104669755,0.04257424543580893,0.006464709451664715,0.0,0.015994089907891862,0.01575179686763288,0.0
LFQ intensity D1_4,0.0,0.0,0.008039414655311487,0.0,0.001097954095277812,0.0,0.003604484410779972,0.012994514782786933,0.0012298578527050051,0.0,0.008214550841620644,0.0,0.019498480626326704,0.005219027023992496,2.7831848298104778e-19,0.0,0.005515919682404736,0.0,0.0,0.019974649472174845,0.011651890649210309,0.0,0.023791943652442884,0.0,0.005131789593981959,0.0,0.0,0.0,0.017351850042137493,0.016368780494749123,0.0,0.0,0.0036496868844361524,2.7135510274712865e-05,0.0,0.0,0.0,0.008017630174481085,0.013261923512599973,0.01162265963420387,0.012714319744609084,0.0005402978764428709,0.0,0.0,0.0,0.0,0.018188219828554307,0.008939533070831599,0.0,0.01667254283989834,0.09538223471262511,0.0024934769440846413,0.005989353826396718,0.0,0.0023282018536488064,0.025501999910599014,0.008527650684281506,0.0,0.0,0.0,0.0,0.018203287383639848,0.0026236634807323953,0.005000335584713782,0.0,0.0,0.0,0.0,0.0005098869373741123,0.0,0.009868728215773184,0.0,0.0,0.036390269671689936,0.0,0.01994245540867667,0.0,0.0,0.0147336401682669,0.0,0.0,0.014362808144889612,0.0,0.030376135422865908,0.002303904171679606,0.0,0.0,0.0,0.0,0.0,0.01079050714260082,0.0,0.0,0.0,0.010880986136260378,0.0,0.0,0.0,0.009989849179222767,0.0,0.004389534534365012,0.0029680474477580625,0.004632294987319159,0.0,0.0,0.0,0.029895235453440517,0.001446050011696911,0.0,0.0029744161389019036,0.0017974934505381938,0.0,0.0035991483402618295,0.0,0.000392684467829847,0.0,0.0,0.02835424803477359,0.0,0.0,3.37958157905558e-19,0.022505901691879177,0.0,0.023693423551419446,0.0,0.0,0.008101773447677846,0.0,0.0,0.0,0.00618395292724502,0.014803499180685764,0.0029194545939867193,0.020531729888579698,0.0,0.0019253936698042575,0.005190866088274829,0.0,0.0071185401850671634,0.0,0.0,0.009802020046697965,0.0,0.0035569432195443756,0.0,0.0357586906092922,0.0,0.0,0.0,0.0025912402682116134,0.00521901111921911,0.004332872243596692,0.0,0.0031623442507371312,0.0,0.0,0.0,0.0,0.014498056140559412,0.0,0.0,0.0046642603040469395,0.006134397247253172,0.0,0.0,0.0,0.0026891593062065037,0.0,0.0,0.043899965399217186,0.009213790322521986,0.044518948659839,0.004625298175576091,0.0,0.014468254132680441,0.017922628531039115,0.0
LFQ intensity D1_5,0.0,0.0,0.0,0.0,0.0054785574922845345,0.0,0.004039496972114942,0.016826513624053543,0.005519198311557166,0.0,0.013289700398913992,0.0,0.01728949114324021,0.0057934753942319,0.0,0.0,0.0,0.0,0.0,0.0189482128779405,0.012455783504445778,0.0,0.018889749635574365,0.0,0.0010803850395393927,0.003377221242555139,0.0,0.0,0.024220874441338303,0.010357751660303668,0.0,0.0,0.0,0.0005045790013709648,0.0,0.0,0.0,0.004913396230505683,0.01249927236841444,0.01073040105736287,0.013062870114644257,0.0031859256776971706,0.0,0.0,0.0,0.0,0.01566014849961791,0.006164024025618501,0.0,0.02067140273162042,0.08299129407138173,0.00610264746804846,0.007998845601925058,0.0,0.005351357479004954,0.015289473740760019,0.00477249080448655,0.0,0.0,0.0,0.0,0.01789312026678392,0.010763988835289989,0.005364974987257895,0.0,0.0,0.0,0.0,0.0018093928004333764,0.0,0.018491304248182162,0.0,0.01521578931014919,0.03852992968072702,0.0,0.019350480512808067,0.0,0.0,0.01392993238818912,0.0,0.0,0.014937173847117883,0.0014474274273973133,0.029832442936349124,0.0003491747126624126,0.0,0.0,0.0,0.0,0.0,0.014403245465495443,0.0,0.0,0.0,0.01301887584985281,0.0,0.0,0.0,0.0,0.0,0.003930729654697285,0.0035900041873009395,0.0016409344170407662,0.0,0.0,0.0,0.025081419968429296,0.00254828713461269,0.0,3.188020259910885e-05,0.0013588148476642707,0.0,0.0,0.0,0.003282122261088221,0.0002349132619642999,0.0,0.026119365870113626,0.003055773578536054,0.0,0.0,0.020926353977769107,0.0,0.024090291922559418,0.002322048159611515,0.0,0.011110371661725049,0.0,0.0,0.0,0.011381412738259723,0.016959725703047563,0.008182149073831545,0.01542237333895539,0.0005393273385935848,0.00520872082697766,0.0038662463756741054,0.0,0.007690499837148563,0.0,0.0,0.009361964556440682,0.0,0.004499358182907305,0.0,0.030987308290211367,0.0,0.0,0.0,0.004486099166966624,0.004798263537629487,0.009261594702050879,0.0,0.0019359677602287198,0.0,0.0,0.0,0.0,0.00941074291739329,0.0,0.0,0.003582865719264684,0.007630050505118141,0.0,0.0,0.0037208792262630945,0.011216551845546204,0.0,0.0,0.03833176933777874,0.009803093555950526,0.032164964216701175,0.00522149668158278,0.0,0.012888936298421236,0.019322533282097116,0.0
LFQ intensity D1_6,0.0,0.0,0.0,0.0,0.005917977652645554,0.0,0.005279732595660641,0.008866071975748594,0.006124029058406286,0.0,0.012330583625590563,0.0,0.018843317869115563,0.006710498584235194,0.00036679545242284317,0.0,0.0,0.0,0.0,0.019805627239433788,0.006944366058521423,0.0,0.02201607089322407,0.0,0.0011545181768899482,0.005276123253343598,0.0,0.0,0.026213196509517644,0.009413177172949589,0.0,0.0,0.006764757037350683,0.0034407395668214044,0.0,0.0,0.0,0.0012614195975517186,0.012306315297403543,0.0,0.012780492791448165,0.0,0.0,0.0,0.0,0.0,0.014852475151286203,0.0026504477869294957,0.0,0.02571537104941298,0.08963602925356291,0.01174714183875613,0.005126853683129017,0.0,0.0,0.03162904538653604,0.01001449231829311,0.0,0.0,0.0,0.0,0.014644945238651261,0.004161556637403351,0.0,0.0,0.0,0.0,0.0,0.004148794061801971,0.0,0.010173016718893013,0.0,0.0,0.03788392270460182,0.0,0.017221117723923172,0.0,0.0,0.011470505167072336,0.0,0.0,0.01935235385752395,0.0,0.030983367250302554,0.0002012390595889832,0.0,0.0,0.0003963790418353621,0.0,0.0,0.0070338280938178725,0.0,0.0,0.0,0.010702940656232467,0.0,0.0,0.0,0.0,0.0,0.0024293845846971736,0.004314496662021202,0.007952261533610755,0.0,0.0,0.003333851541471276,0.024536468726717546,0.004683898638314554,0.0,0.0,0.0008408646684191923,0.0,0.0,0.0,0.003210660758603508,0.002066342585151744,0.0,0.02933419768851824,0.008276392330269252,0.0,0.0,0.019482846054065403,0.0,0.023260750325101758,0.0,0.0,0.0011170951049286279,0.0,0.0,0.0,0.004257460941888415,0.017394399337842214,0.0049172835661991255,0.02065802206717341,0.0,0.0023767894461831905,0.005807153835201982,0.0021405600596046434,0.009341424894444143,0.0,0.0,0.007308388351176253,0.0,0.006671800350557224,0.0,0.03985878778760539,0.0,0.0,0.0049922304727956215,0.007921209582866389,0.005954993646330467,0.010322796178671066,0.0,0.001523876779206817,0.0,0.0,0.0,0.0,0.01340761188772737,0.0,0.0,0.002777955366084274,0.008125438482360137,0.0,0.0,0.006989846004352277,0.0013325383833666974,0.0027332031431809645,0.0,0.0417471798116979,0.009397070855425247,0.0395793553019825,0.004765831264069549,0.0,0.011759985429638829,0.019535662482642904,0.0
LFQ intensity D1_7,0.0,0.0,0.008810176543314093,0.0,0.0,0.0,0.00410416258783318,0.01381899274084189,0.0001516742263836771,0.0,0.0135931285059534,0.0,0.016427134517621428,0.004459657561795585,1.670309698908773e-19,0.0,0.002017562679379362,0.0,0.0006132375411259557,0.017988377645172044,0.01685317523027377,0.0,0.019668459825102708,0.0,0.005798448495798565,0.0,0.0,0.0,0.018156021069478133,0.01482012527992998,0.0,0.0,0.00232658763456603,0.0008545203429870811,0.0,0.0,0.0,0.007960454135887435,0.01288499687327678,0.00670017543621256,0.014726243239628477,7.165051213742988e-05,0.0,0.0,0.0,0.0,0.016469805452323984,0.00881671563559265,0.0,0.011758081532301299,0.08431944294020115,0.007682181752535127,0.009198843272645694,0.0,0.003978081239603009,0.01371598012433651,0.014215700135698058,0.0,0.0,0.0,0.0,0.019611205697564804,0.011794729387570356,0.009214671019637148,0.0,0.0,0.0,0.0,0.0,0.0,0.008180228364265194,0.0,0.014512688463623325,0.03679236780467952,0.0,0.013400872891773602,0.0,0.0,0.011005320522006872,0.0,0.0,0.014711333619736465,0.0,0.028408259638109213,0.0,0.0,0.0,0.0013650767655158042,0.0,0.0,0.012015862179026513,0.0,0.0,0.0,0.006861009941091332,0.0,0.0,0.0,0.0023435218276374537,0.0,0.005117870349093504,0.0036189942231363704,0.002372535729245528,0.0,0.0,0.0,0.027451642570835502,0.007180099188852857,0.0,0.0023554461277197664,0.004506392707097987,0.0,0.005705857868983046,0.0,0.004512138444952704,0.0,0.0,0.0247738858716506,0.0,0.0,0.0,0.018125777048702846,0.0,0.02342760504227923,0.0063665421836120875,0.0,0.006449121290465145,0.0,0.0,0.0,0.00838954497590058,0.015911920952401407,0.004521602979428822,0.017200362719419583,0.0,0.00981517661090081,0.005851157702595009,0.0,0.009265813017319264,0.0,0.0,0.002543276826794483,0.0,0.009029409687236792,0.0,0.03354065914125666,0.0,0.0,0.0,0.005367080918555045,0.00472484354112753,0.00685484157089292,0.0,0.0029498167574389645,0.0,0.0,0.0,0.0,0.006122309915843371,0.0,0.0,0.004477953327846833,0.008094805738926434,0.0,0.0,0.008035968008526637,0.010037737209716884,0.0,0.0,0.04269002125281042,0.007309845923369496,0.03398984857724353,0.0071265852541032675,0.0,0.013496743566368019,0.017511822345175402,0.0
LFQ intensity D1_8,0.0,0.0,0.008740391829978574,0.0,0.0,0.0,0.0035923146838435444,0.014301286239246392,0.0034810235168795355,0.0,0.015067383926413346,0.0,0.01787404828783622,0.005664205559702029,0.0009629204689625471,0.0,0.0,0.0,0.0005026579861978961,0.017706289488226123,0.014279161767307683,0.0,0.016657873133034358,0.0,0.010388159309734829,0.0,0.0,0.0,0.024882095834811383,0.01819444372847153,0.0,0.0,0.003667018215384892,0.0013876319688909428,0.0,0.0,0.0,0.007368811900641736,0.017301282985495596,0.0047228851748578665,0.013323069143267217,0.0,0.0,0.0,0.0,0.0,0.013204300824647732,0.01206494658025442,0.0,0.01069152188004374,0.08657130867402406,0.004781671164006985,0.009890419669370982,0.0,0.0042932691851869575,0.017311633592147484,0.012799128497341845,0.0,0.0,0.0,0.0,0.018753107863019907,0.011675997395280377,0.0017126437858589463,0.0,0.0,0.0,0.0,0.0,0.0,0.014956894424644764,0.0,0.01024312731951008,0.036884358615769414,0.0,0.016146739991852895,0.0,0.0,0.005811034759951361,0.0,0.0,0.014605427730321393,0.0,0.029551131825509527,0.0006047408014256826,0.0,0.0,0.007029788517489525,0.0,0.0,0.011471666408344528,0.0,0.0,0.0,0.011735207565594404,0.0,0.0,0.0,0.0035999451239988696,0.0,0.0,0.005184782385634185,0.006702594881607187,0.0,0.0,0.0,0.02659530662008044,0.0055253353063786,0.0,0.002199611534698473,0.002472096996310623,0.0,0.007989167070229054,0.0,0.00011824493693415221,0.0,0.0,0.03203202390026704,0.0,0.0,0.0,0.022320508858712684,0.0,0.01920577510682696,0.005605624202745212,0.0,0.006443986971121306,0.0,0.0,0.0,0.009208826062630961,0.015400710448941155,0.007955696866245667,0.016053102835200523,0.0009673491143142371,0.002607893579157635,0.001761033196129251,0.004740789744416742,0.005553838698875752,0.0,0.0,0.004001797346375339,0.0,0.007180057948761915,0.0,0.03365222666929182,0.0,0.0,0.0,0.006990594697945397,0.003240783135683663,0.00022795908477523234,0.0,0.004941315797102649,0.0,0.0,0.0,0.0,0.007438495597551634,0.0,0.0,0.004040438389838783,0.00753278236643267,0.0,0.0,0.0,0.010591966055611855,0.0,0.0,0.039952405459770676,0.007786003377951225,0.030223921860990766,0.0032690090543626153,0.0,0.0161376016749727,0.019693374820342956,0.0
LFQ intensity D1_9,0.0,0.0,0.01145891621625778,0.0,0.003752734962816828,0.0,0.003874390904951487,0.0,0.004031250764654579,0.0,0.013053249898487945,0.0,0.017646637234565513,0.0035945338230483027,0.0012749295343286004,0.0,0.0014224688803644724,0.0,0.00223019140642885,0.021878973931400866,0.01595018665186736,0.013328003389588708,0.012952286002350818,0.0,0.003483410428769959,0.0013089005502309177,0.0,0.0,0.023214366531534785,0.013389903024752887,0.0,0.0,0.004324806005447207,0.0,0.0,0.0,0.0,0.009107156221509675,0.014963498125159855,0.0008971595134537875,0.013589816610602233,0.0,0.0,0.0,0.0,0.0,0.012616772080683038,0.002297755525606827,0.0,0.009167196090379937,0.0904017252924939,0.005247545833776723,0.015377042286569087,0.0,0.0014576223933346487,0.02124484298176722,0.010623555401190664,0.0,0.0,0.0,0.0,0.016371644751459115,0.013226025114236616,0.005691804936313291,0.0,0.0,0.0,0.0,0.00425076967712407,0.0,0.012831658030025528,0.0,0.0,0.032774554047862205,0.0,0.018216664040961252,0.0,0.0,0.01161015156308022,0.0,0.0,0.01721004313154366,0.003963931415747913,0.03252426103450938,0.0,0.0,0.0,0.002271667859094571,0.0,0.0,0.013306762035438381,0.0,0.0,0.0,0.015038050204912664,0.0,0.0,0.0,0.007062075168047404,0.0,0.0,0.0034239285765162667,0.010462589207424591,0.0,0.0,0.0,0.027637123909518054,0.004836313961737889,0.0,0.0,0.009418444784720205,0.0,0.0005411692054075669,0.0,0.0015124981482696662,0.0,0.0,0.028733505660658885,0.0,0.0,0.0,0.02228949521748446,0.0,0.024384982739791474,0.0021522561825064053,0.0,0.0023338986318766565,0.0,0.0,0.0,0.009654908521488955,0.012978640477242601,0.004651039695756519,0.021179033030504224,0.0,0.00026201840359136485,0.004309072784801152,0.005058738614602489,0.007731989211377677,0.0,0.0,0.005342548161995293,0.0,0.008689998765808858,0.0,0.03625396948832561,0.0,0.0,0.0,0.0026647539260609894,0.006406962349345065,0.003253407099967952,0.0,0.0021820312002236763,0.0,0.0,0.0,0.0,0.010453351998638461,0.0,0.0,0.0008993994399644276,0.0,0.003137136867688834,0.0,0.0027447889928125437,0.006137258746331804,0.0,0.0,0.03761162304058698,0.010427490030631927,0.03780247728415793,0.0038948212342504057,0.0,0.015180481825439344,0.017853961073761106,0.0
LFQ intensity D10_1,0.00864036648046166,0.0,0.009367063672650052,0.0,0.005928677284259715,0.0,0.0,0.005143722950228117,0.00484499044800627,0.0035141572377036102,0.0,0.004118917206322189,0.003360469756787166,0.007343845254375496,0.0,3.3663764048772453e-19,0.004890502197458462,0.0,0.005570330295404964,0.02133351489252961,0.003921237689979254,0.01177796020284274,0.009790627054108736,0.0,0.010366124363710977,0.0036050884933910973,0.0,0.004910813400104334,0.006573674815649652,0.009226641352985775,0.01668803889142846,0.0,0.0046545267050047325,0.001112842834474829,0.0,0.0,0.0014878883712329412,0.013165120938774555,0.008616634262713608,0.02705350552065482,0.01317847388948505,0.0,0.0,0.0,0.007306780594336486,0.0,0.00797474142534614,0.03163635317100455,0.0,0.0036707722282592723,0.06752851372183608,0.0,0.018439400366666647,0.0,0.012993332887685019,0.0013390265629298944,0.0,0.004565635895384589,0.006037025428093077,0.0,0.0,0.0017088973194574792,0.0017292554741921847,0.032948311116606496,0.0,0.0,0.0,0.0,0.0,0.0,0.0,0.0,0.000344096336270978,0.03583395272917026,0.0,0.00941212149608168,0.0,0.0,0.00620507672004492,0.0,0.0,0.018490588407614333,0.0,0.018140377766738155,0.000607040508425362,0.0,0.0,0.0,0.0,0.0,0.004406451755681843,0.0,0.0,0.0,0.007452358918947334,0.0,0.0,0.0,0.013525001430729464,0.0,0.0,0.001976594276640117,0.009728547612865276,0.0,0.0,0.0030377719535095754,0.021512243793330423,0.016495619509945898,0.0,0.0,0.0055096960299028715,0.0,0.01898536644253466,0.0,0.005843721123345731,0.0,0.0,0.0341866455804212,0.01957312252228231,0.0,0.008484444473357803,0.013972947594252206,0.0,0.0007140295391277827,0.0,0.0,0.003012318817399834,0.0011011001273089672,0.005891038727521757,0.0,0.0,0.0,0.0,0.007055107097743432,0.0,0.02329105285235519,0.011184315472847168,0.0,0.0,0.0,0.0,0.014185219906156616,0.0,0.00016059574913596334,0.0,0.016540067079789608,0.0,0.0,0.020889773890549756,0.021720832696253956,0.0,0.0,0.013164977431966271,0.0,0.0,0.005595987368457742,0.0,0.01454698595247272,0.005848981535875484,0.0,0.0,0.008355880025562175,0.0,0.0,0.0,0.007513364482676332,0.0,0.0,4.142585028013385e-05,0.028428567081481993,0.010674480491293999,0.02109286304091682,0.009794924071694787,0.008548299560350777,0.008350357082920293,0.030509864431241263,0.0
LFQ intensity D10_10,0.007379100866857954,0.0,0.0,0.0,0.006936751955379996,0.0,0.0006159682630031551,0.0029481841099734973,0.0,0.0041490729671862245,0.0038340460407064064,0.005237192654845373,0.005601612968227085,0.0075376721102695865,0.0,0.0,0.0028716827877559663,0.0,0.007775236059499304,0.018467611960557625,0.008133571552656545,0.019288848946019378,0.003887546926798773,0.0,0.0,0.0012820473723826138,0.0,0.004177194590184531,0.01222769504563694,0.00804151078736516,0.0,0.0,0.002737537684585049,0.004330368380338198,0.0,0.0,0.0,0.011541162302971721,0.0068620647203560155,0.01813151361418201,0.01556071157855808,0.0,0.0,0.0,0.004325826692851203,0.0,0.019794755803366988,0.028303598383886297,0.0,0.008331777474089435,0.06733230954036078,0.0017237454171798784,0.018718654332027015,0.0,0.007131518945335785,0.0,0.0033271076475442267,0.002382307757075713,0.0009897741159427425,0.0,0.0,0.014908268963089414,0.0025226467921275965,0.041877070266610306,0.0,0.0,0.0,0.0,0.0027376625700408982,0.0,0.0,0.0017397443601222186,0.0,0.031536833511832875,0.0,0.014213603850487068,0.0,0.0,0.008016368955880478,0.0,0.0,0.018825163165227497,0.0,0.01987714868649859,0.0011069618009571613,0.0,0.0,0.0,0.0,0.0,0.004602590039538011,0.0,0.0,0.0,0.011119596025910687,0.0,0.0,0.0,0.0014593738803899547,0.0,0.0036706025832896486,0.004986474034658977,0.0051439109374350235,0.0,0.0,0.0,0.024899632438573682,0.01444184958970636,0.0,0.0,0.0,0.0,0.010275869801096587,0.0,0.0,0.0,0.0,0.03197147276450047,0.015648008093564075,0.0,0.011327977053909435,0.009935758509360584,0.0,0.03179766546301322,0.005754010061958675,0.0,0.012639073391474137,0.0,0.0,0.0,0.0,0.0,0.0,0.006701057703251356,0.0,0.019391540645508257,0.009702269667229752,0.0,0.0,0.0,0.0,0.008382919863291729,0.0,0.002368899076156177,0.0,0.025368881001772037,0.0,0.0,0.015231793830364515,0.018601759540123785,0.0,0.0,0.015443770730818563,0.003979880481706659,0.0,0.0,0.0,0.0,0.013491738729563933,0.0,0.0,0.0016706780068105347,0.0,0.0012109211065566442,0.0,0.012503782337950416,0.0,0.0,0.0,0.027026144830168786,0.021347640959728156,0.024595466883143735,0.012238497687179696,0.011122100895652222,0.008704870513836888,0.03196276556197524,0.0
LFQ intensity D10_2,0.0,0.0,0.01108191628800006,0.0,0.007531477725569771,0.0,0.0,0.004681751136459811,0.0050399010133574135,0.0,0.012822342440410413,0.00010320181904182104,0.004529574995273344,0.005366891185047959,0.0,0.0,0.0035884036495564806,0.0,0.002840169617243493,0.015901608698075494,0.0060342440934792185,0.026693731280570666,0.01183468759677123,0.0,0.0,0.002753153331219786,0.0,0.001468763539756532,2.6184107072741307e-19,0.01471599129815076,0.0,0.0,0.0012812516643673371,0.009993953914426212,0.0,0.0,0.00448085403097642,0.013880905302732852,0.010312868401242016,0.02104212840972794,0.012669410498865063,0.0,0.0,0.0,0.0,0.0,0.009751208581118909,0.02984837933959539,0.0,0.008707630167322454,0.07007418977892045,0.0,0.013654837023394676,0.0,0.0034965215102602397,0.0079055441650657,0.0013204321440832376,0.0012361454318872956,0.0,0.0,0.0,0.007445473544991304,0.003964469519191112,0.0,0.0,0.0,0.0,0.0,0.0,0.0,0.0,0.0,0.0,0.03623751545726063,0.0,0.01378806879527964,0.0,0.0,0.01264201575142488,0.0,0.0,0.01725338898970735,0.0,0.019552108255343367,0.00867969439011049,0.0,0.0,0.0,0.0,0.0,0.00402916663320541,0.0,0.0,0.0,0.01723354064787104,0.0,0.0,0.0,0.014401875944162668,0.0,0.0,0.0007949719870880787,0.009761643227646798,0.0,0.0,0.0012683867832470035,0.02294443211755288,0.008487796703989968,0.0023984203230918745,0.0,0.012232932271096718,0.0,0.009628952927714826,0.0,0.013829345809197653,0.0,0.0,0.02699386633171748,0.009309642015627749,0.0,0.013668475093191258,0.016960686991571727,0.0,0.016235524220770268,0.0,0.0,0.008338155638353058,0.0,0.0,0.0,0.0,0.0,0.0,0.007578997257307048,0.0,0.01861236977527269,0.012706607409551098,0.0,0.00127849074494709,0.0,0.0,0.02118191761712595,0.0,0.002601815992360223,0.0,0.029120756406547734,0.0,0.0,0.0186722792010636,0.013388091535315104,0.0,0.0,0.012363189961817669,0.0074862295932473484,0.0,0.0,0.0,0.015110366505099402,0.009175798630312657,0.0,0.0,0.013072955232040103,0.0,0.005888962493048192,0.0,0.00810964056948871,0.0,0.005466848844048963,0.0,0.024432157432396254,0.005153174475740741,0.020373617233455935,0.01191861868071014,0.01035584798738101,0.01217879652970237,0.02904784944964423,0.0
LFQ intensity D10_3,0.006469513215247841,0.0,0.0,0.0,0.0067877875037377485,0.0,0.0,0.003021989506427051,0.007261840739112817,0.00514394457032937,0.0,0.0044653234550920745,0.0027442077503293852,0.007320419398136144,0.0,0.0,0.0024353269533601164,0.0,0.0066195796406340246,0.013108189364097715,0.0021133490229046036,0.010168046548699069,0.010548172635676511,0.0,0.0,0.004860562508985098,0.0,0.00860234831665404,0.0033695249129152595,0.00737073296353078,0.0,0.0,0.0014681043421114401,0.004212427584504107,0.0,0.0,0.0043672816027186335,0.011842804224871977,0.00449445136308691,0.033242627707514766,0.007711592897513784,0.0,0.0,0.0,0.01166854715007163,0.0,0.011014354677813257,0.025376863429704095,0.0,0.01328692898118654,0.06769784569335864,0.0,0.01713473360475226,0.0,0.007784812124501587,0.0,0.0,0.0,0.006677820100213048,0.0005132270536140292,0.0,0.0038187112069640503,0.002062209668447371,0.0,0.0,0.0,0.0,0.0,0.0,0.0,0.0,0.0,0.0,0.03359623864528925,0.0,0.012859598634809523,0.0,0.0,0.011599472106772571,0.0,0.0,0.010453628154782514,0.0,0.02400003099604055,0.0068868532339675815,0.0,0.0,0.0,0.0,0.0,0.009378425944266305,0.0,0.0,0.0,0.009309380485164286,0.0,0.0,0.0,0.014110133478165776,0.0,0.0,0.0034496019226050475,0.011982064682592877,0.0,0.0,0.0,0.028325049298759848,0.021165560934978744,0.0,0.0,0.003978470401787731,0.0,0.015752748640284434,0.0,0.014858060145387184,0.0,0.0,0.030327287050064215,0.011283084878370153,0.0,0.01691723189222887,0.014032232261472335,0.0,0.00944892912185815,0.0,0.0,0.008245211644374074,0.00017430738604578403,0.006097809957471027,0.0,0.0,0.0,0.0,0.003742009281409855,0.0,0.021350604129950206,0.00889755973525362,0.0,0.001498756446031794,0.0,0.0,0.023806902328095608,0.0,0.0012577233130433583,0.0,0.023187582570788984,0.0,0.0,0.021447937203964044,0.02579734816172169,0.0,0.0007986747549985552,0.011291643594939763,0.0,0.0,0.0,0.0,0.0,0.010156846389456289,0.0,0.0,0.011491128938676145,0.0,0.004403192611135236,0.0,0.018160747635821265,0.0,0.00481375964326288,0.0,0.02804396781753344,0.014428762239438814,0.02183935540687844,0.015581071548179648,0.015337468333653402,0.006963569685823925,0.03068577391358648,0.0
LFQ intensity D10_4,0.0003533588839167552,0.0,0.011703150772586868,0.0,0.006601827694990741,0.0,0.0,0.00469123754357191,0.0021247549591851037,0.008611416829129694,0.004007848924746394,0.0,2.839278788762427e-05,0.006597928441169318,0.0,0.0,0.002944776762641524,0.0,0.0054192391156562625,0.01596119846430223,0.0037213522638883906,0.01840311036836908,0.008118711326836595,0.0,0.00012455545131930142,0.0066864806859896365,0.0,0.005004681096269281,0.00473472520597671,0.011390124448872914,0.010621094663691457,0.0,0.004556271705100639,0.008907653020281178,0.0,0.0,0.0,0.007213297042091045,0.01615589736343226,0.019055887879014775,0.012000632036069122,0.0,0.0,0.0,0.0,0.0,0.013045182865151926,0.03421266348335058,0.0,0.005793657990038285,0.08123790036976261,0.0,0.019100013647282487,0.0,0.00184478737904962,0.0039685679575629206,0.002735146003131493,0.0,0.0,0.0,0.0,0.006025704783485716,0.0,0.024196343524088188,0.0,0.0,0.0,0.0,0.0,0.0,0.0,0.0,0.0,0.025828727568943825,0.0,0.010733833451723513,0.0,0.0,0.012053501321996594,0.0,0.0,0.023147178912225296,0.0,0.023654935493904124,0.005193224384932627,0.0,0.0,0.0,0.0,0.0,0.0013975182508435956,0.0,0.0,0.0,0.010152361408225917,0.0,0.0,0.0,0.005149185011230024,0.0,0.006390464508805503,0.002587072449427281,0.013907511396722546,0.0,0.0,0.003247950812415361,0.01870862963710624,0.004813521567608796,0.0,0.0,0.005579049007853324,0.0,0.021886240836373725,0.0,0.0185919358271529,0.0,0.0,0.02731730546073313,0.012785336566418707,0.0,0.0018496621890266916,0.02066323977476409,0.0,0.011273241693439726,0.0,0.0,0.009651427688309717,0.0007731856846475769,0.005174932023590409,0.0,0.0016363051087369747,0.0,0.0,0.007480870683606288,0.0,0.019327619497512584,0.013056703007268732,0.0,0.0007510104362647431,0.0,0.0,0.027734836296919446,0.0,0.0,0.0,0.022190999164098283,0.0,0.0,0.017197315978679305,0.021545620585195487,0.0,0.0,0.010276927805009833,0.00043196148273651186,0.0,0.004991086549447106,0.0,0.007492950061285439,0.005682749566181804,0.0,0.0,0.013302222493808564,0.0,0.010040897614183203,0.0,0.0056438002490793475,0.0,0.0,0.0,0.022877847843767785,0.010236462293295978,0.02328767607080159,0.006360658596790326,0.006159297291874679,0.01595723641711625,0.025926198238027956,0.0
LFQ intensity D10_5,0.007869799790217158,0.0,0.01035640322605664,0.0,0.010083433831144342,0.0,0.0002710481106061932,0.0021639874512380227,0.0016843255488463934,0.005026879343165077,0.0,0.004484296332869979,0.001686085097115814,0.00722983568950416,0.0026089656924562807,0.0,0.0,0.0,0.007449745898079654,0.018517750722135053,0.0026339518355337557,0.013722759507043984,0.006956886299071789,0.0,0.0,0.003576280400820077,0.0,0.007104236263792269,0.01443304962819879,0.009804353788660328,0.0,0.0,0.0023220632918186375,0.006440056964525934,0.0,0.0,0.0006478027581148449,0.010435277535646107,0.006385239875272231,0.02761358173463783,0.008161900369219132,0.0,0.0,0.0,0.006475510166491134,0.0,0.014891609190886338,0.032874083126876334,0.0,0.008131612121195168,0.07242601508747272,0.001553744755955357,0.017393276407425495,0.0,0.002880485919441977,0.0021876263429097035,8.016489778698431e-05,0.0002738836555346394,0.0084597517835489,0.0,0.0,0.0077314551486233184,0.0015840258694310224,0.020846137964570934,0.0,0.0,0.0,0.0,0.0,0.0,0.0,0.0,0.0,0.03769117474481844,0.0,0.01280903885926235,0.0,0.0,0.016061696676404887,0.0,0.0,0.019940121986021835,0.0,0.026955207430834127,0.003012056764020886,0.0,0.0,0.0,0.0,0.0,0.007465884053317132,0.0,0.0,0.0,0.01295358436598152,0.0,0.0,0.0,0.0012055489047029422,0.0,0.0012765559159770262,0.004662413404421637,0.00473775638758677,0.0,0.0,0.002488044099325311,0.02086334677134418,0.009894105685806714,0.0007630292583105458,0.0,0.0,0.0,0.007945283086875227,0.0005199037516986106,0.0,0.0,0.0,0.03163597969433911,0.017975593126336953,0.0,0.00977421430308676,0.014069328545104818,0.0,0.011768348453879814,0.0016739306589406784,0.0,0.009014538512570173,0.0,0.004824575678557529,0.0,0.0,0.0,0.0,0.007725889443627961,0.0,0.02017540786153986,0.009057771943242298,0.0,0.0026662620382937453,0.0,0.0,0.016274628655734386,0.0,0.0024302979967335144,0.0,0.02727744869449494,0.0,0.0,0.01757801442007383,0.024960541266838155,0.0,0.0,0.010010035566856718,0.0,0.0,0.0055091124326707794,0.0,0.0,0.010347509678880016,0.0,0.0,0.009737392479755089,0.0,0.005620643388784717,0.0,0.016979134781325577,0.0,0.0,0.0,0.02120471262560957,0.015346923508781765,0.026856086915064695,0.0080725115363125,0.014811273188055276,0.009060281432848262,0.02885747960100971,0.0
LFQ intensity D10_6,0.001576863912602343,0.0,0.011737971409332361,0.0,0.0022319700199471453,0.0,0.003274901902357055,0.006822557151735713,0.004143287684937079,0.008993002882150887,0.002927914305726085,0.0,0.007512224972076247,0.00775305345949567,0.0,0.0,0.004136673721801392,0.0,0.00643772557704257,0.011881940186956102,0.0036803873719245196,0.014402905935281686,0.010339011415723506,0.0,0.0,0.005466474546671075,0.0,0.00789365866012677,0.004656947538278837,0.014669787861137078,0.009919948164490764,0.0,0.005647540010619766,0.011959730598809932,0.0,0.0,0.0020501385286992814,0.008797573121003663,0.015352862246084885,0.01843812996944765,0.009125898818010885,0.0,0.0,0.0,0.0,0.0,0.014107673805552114,0.02808551145575875,0.0,0.009384995801695979,0.0705577774807217,0.0,0.019602141281211325,0.0,0.0028889770432264515,0.012528223912302088,0.0020142608402470732,0.0,0.0,0.0,0.0,0.008374614109430798,0.0,0.012096075584502722,0.0,0.0,0.0,0.0,0.0,0.0,0.0,0.0,0.0031499509407430693,0.03456734964328997,0.0020566658110790065,0.010151346298128357,0.0,0.0,0.011355061621597488,0.0,0.0,0.02168388562429905,0.0,0.01976410263263538,0.006927145689124132,0.0,0.0,0.0,0.0,0.0,0.005667308880466558,0.0,0.0,0.0,0.01078144314736711,0.0,0.0,0.0,0.008922716722188856,0.0,0.0,0.002227130631129537,0.014616763296355502,0.0,0.0,0.004697240145405806,0.018577347502393926,0.004161578002595064,0.0,0.0,0.0018135391175143096,0.0,0.021492131602414543,0.0,0.022168784206592886,0.0,0.0,0.030191638670647475,0.016155256605062923,0.0,0.003241564580915423,0.018069611826003345,0.0,0.004416021019464983,0.000575687247752543,0.0,0.010906267555297404,8.055988921437298e-06,0.003563681911179609,0.0,0.0030968657701607085,0.0,0.0,0.007461757087328613,0.0,0.018381110085636965,0.012991649814190669,0.0,0.002483874851414584,0.0,0.0,0.016167611406007663,0.0,0.0,0.0,0.02424897155095442,0.0,0.0,0.014321850714864835,0.01664533306755933,0.0,0.0,0.009981710906627844,0.0022171716013735655,0.0,0.00576288581660915,0.0,0.007144382920764115,0.0,0.0,0.0,0.012268072741799864,0.0,0.005120688080556446,0.0,0.0040039766570246944,0.0,0.007630190445349829,0.005613946528124768,0.029324532881286502,0.012211801786271879,0.018609879442207683,0.009985517008503818,0.002614822309799135,0.017273270212953364,0.021057516104943927,0.0
LFQ intensity D10_7,0.007617808366554733,0.0,0.0115238989874456,0.0,0.0060206871116777055,0.0,0.0,0.001360053728725472,0.00937373808393077,0.0,0.0,0.002800870277435556,0.0,0.007524589876700688,0.0,0.0,0.002302891909751104,0.0,0.006910322264190318,0.016894212497952307,0.00034248787984862976,0.011618480771511085,0.009826334932898834,0.0,0.0,0.003902358028885205,0.0,0.006324150502218322,0.005565777559179374,0.008776383975297284,0.0,0.0,0.003044843229499761,0.012485326344120272,0.0,0.0,0.003699656431630555,0.013035206851158585,0.006330196359709376,0.03903891756746736,0.00888030809557413,0.0,0.0,0.0,0.009446041906521931,0.0,0.009199127939579511,0.02743665782985138,0.0,0.008172769089000342,0.06832836513857869,0.0,0.018232245191165404,0.0,0.0031395228477401425,0.025781847153050923,0.0,0.0,0.0062639369947863205,0.0,0.0,0.005350744118488096,0.0,0.01845016239558732,0.0,0.0,0.0,0.0,0.0,0.0,0.0,0.0,0.002011604114566497,0.020870747173773213,0.0,0.013285150582913494,0.0,0.0,0.003112095758428125,0.0,0.0,0.01355358762180771,0.0,0.017584185430807944,0.0034953176775618915,0.0,0.0,0.0,0.0,0.0,0.01193109024050409,0.0,0.0,0.0,0.012831256485472415,0.0,0.0,0.0,0.009649001769089553,0.0,0.0033975827956855952,0.0029161353950226997,0.01478350482239549,0.0,0.0,0.0,0.02738039548997788,0.018811855455935597,0.0,0.0,0.0017990295627708553,0.0,0.014306232715769125,0.0,0.012687111575988546,0.0,0.0,0.036011162029513835,0.01590167989858812,0.0,0.012362313070458743,0.017678166197968123,0.0,0.00739307160608395,0.0012636188635877738,0.0,0.006450289443268362,0.0005939729293994943,0.005095528824287513,0.0,0.0,0.0,0.0,0.0005969803661043657,0.0,0.02522723659549502,0.01122075560432996,0.0,0.001402309685146943,0.0,0.0,0.008270108053620074,0.0,0.0026191817158235445,0.0,0.020644593350943017,0.0,0.0,0.018295811357051647,0.02587969701103426,0.0,0.0018769336722327652,0.010134902248545807,0.0,0.0,0.0,0.0,0.010956505602337225,0.0027621984046855407,0.0,0.0,0.010050383028338276,0.0,0.002770386438973283,0.0,0.01604751264161166,0.0,0.0021828278812187065,0.0,0.026543690898262782,0.014524355096103931,0.0161621593914691,0.007737789318229407,0.011790727128440755,0.00827593617990682,0.03187040856075543,0.0
LFQ intensity D10_8,0.004205032079169218,0.0,0.01144307586527812,0.0,0.0,0.0,0.0,0.00788908620624363,0.00041535139904712797,0.0021573215444754476,0.0006370034677532076,0.003413339049198528,0.0009650423585964364,0.007372869317208754,0.0,0.0,0.0,0.0,0.0025170367942156007,0.01967626698759851,0.0038191091220576693,0.016194660148326632,0.006035374062905114,0.0,0.0,0.0032252625056027585,0.0,0.0,0.007846688512980452,0.008395973368499943,0.0,0.0,0.0005073985603905048,0.011718422994115213,0.0,0.0,0.0013732194948564785,0.012056843415800638,0.006396739959309507,0.033982471680669764,0.009696722250560298,0.0,0.0,0.0,0.008733121672556136,0.0,0.004233184837648808,0.012769279899243438,0.0,0.00518564320256379,0.06703147806598295,0.0,0.012704418978222214,0.0,0.003524976481973527,0.0,0.0,0.0021257243438193535,0.0,0.0,0.0,0.0013799497530487487,0.003401055587896501,0.027980286497107213,0.0,0.0,0.0,0.0,0.0,0.0,0.0,0.0,0.008657156067564679,0.03580108470628035,0.0,0.01340859536226552,0.0,0.0,0.008803748686948255,0.0,0.0,0.014271740375620054,0.0,0.022106777436723457,0.004113340168350798,0.0,0.0,0.0,0.0,0.0,0.009958919029045592,0.0,0.0,0.0,0.021859061916494397,0.0,0.0,0.0,0.0,0.0,0.0140570103071685,0.0,0.008298513230339904,0.0,0.0,0.0,0.03180774578902664,0.018265723490570512,0.0,0.0,0.0,0.0,0.0022123432276998723,0.0,0.013783248183597233,0.0,0.0,0.037590032078952985,0.01424286222577511,0.0,0.014724582441209062,0.019163927847748088,0.0,0.008683202090112337,0.0018379058170986953,0.0,0.010137764426437032,0.0029491237123998476,0.009573087140190586,0.0,0.0,0.0,0.0,0.0015245690833209317,0.0,0.02280688907162249,0.009988108942255316,0.0,0.004246541160405317,0.0,0.0,0.020666231564887477,0.0,0.0028542233897617055,0.0,0.011209028733315304,0.0,0.0,0.015454015837652213,0.0209440127629959,0.0,0.0,0.01271344352171861,0.0,0.0027782322808231285,0.005519213495923481,0.0,0.018232639311291658,0.009343183623812082,0.0,0.0,0.0075408667151299485,0.0,0.006498342479748682,0.0,0.015996369976996824,0.0,0.0048362745038540225,0.0,0.02257803170269086,0.015930328232163015,0.020449388279293112,0.010397265560738427,0.01761789249559155,0.009433697634692489,0.03312428341677366,0.0
LFQ intensity D10_9,0.008245660139709746,0.0,0.008107765368526167,0.0,0.0011778011012938492,0.0,0.0005227867390252368,0.006877684730774743,0.010288170358025494,0.00740905083224961,0.0,0.001990082502065657,0.00032335037423450956,0.005592188460468246,0.0,0.0,0.004292854978005057,0.0,0.003880767769323594,0.019194712338569547,0.006555178863383455,0.0089265638036,0.008230894957183129,0.0,0.0,0.000311684429471378,0.0,0.0,0.004467995382682718,0.007700742272109968,0.0,0.0,0.006294376770197257,0.004854893890080332,0.0,0.0,0.0051119600494537645,0.013236424741452512,0.0059756283422128095,0.03186474211013121,0.018663467934409542,0.0,0.0,0.0,0.012223953597456363,0.0,0.0,0.0147524797645054,0.0,0.007858538060408806,0.07017648812998549,0.0,0.019690003645794086,0.0,0.0007300356690071915,0.00021312707872030476,0.0,0.007495782292121078,0.003175667600540368,0.0,0.0,0.006778025849088155,0.005346518467654135,0.024816116214974926,0.0,0.0,0.0,0.0,0.0,0.0,0.0,0.0,0.0006711799851640753,0.034849042112722134,0.0,0.01127281812537664,0.0,0.0,0.010682645206641899,0.0,0.0,0.01746037498000091,0.0,0.021952272362681095,0.00048208115167485863,0.0,0.0,0.0,0.0,0.0,0.00755630366672381,0.0,0.0,0.0,0.009407501981363883,0.0,0.0,0.0,0.0,0.0,0.002201649191054799,1.1387261494230228e-05,0.015263009865054985,0.0,0.0,0.0,0.025820543319958665,0.0155289721148758,0.0,0.0,0.0023645840444505126,0.0,0.02431755813862686,0.0,0.003991070049883777,0.0,0.0,0.03912300597659229,0.02086671439865264,0.0,0.00944147575909497,0.014334151618124695,0.0,0.011799481070532317,0.0007802931736215207,0.0,0.0045420123174550065,0.0,0.0,0.0,0.0,0.0,0.0,0.007983291911946808,0.0,0.02255456624696544,0.01364854243457542,0.0,0.0035220782363501488,0.0,0.0,0.022803079828978418,0.0,7.128598692939124e-05,0.0,0.02597383325004615,0.0,0.0,0.023094034769056256,0.019100897987233686,0.0,0.0,0.014170891765255067,0.0,0.0,0.00585647492674995,0.0,0.0,0.008358343757860556,0.0,0.0,0.015118194324451786,0.0,0.005243953714515747,0.0,0.009888224334207177,0.0,0.0,0.0047188668494637055,0.025327944654136444,0.010152957989370067,0.025225849498287236,0.008977306421690786,0.011203713700527987,0.007722516699852662,0.03120885723083087,0.0
LFQ intensity D2_1,0.0,0.0,0.011483294410765645,0.0,0.002780296036776247,0.0,0.0020280862680873424,0.0,0.0,0.0,0.010526675657915895,0.0,0.019218308636170724,0.000494247904541562,0.004013206508079106,0.0,0.0011748870949465247,0.0,0.005090965320013615,0.020363539294131296,0.01452645474350226,0.023049768402424755,0.01669084522176305,0.0,0.003656922415766995,0.0025488955040515963,0.0,0.0,0.01640559200783136,0.01517838132154277,0.0,0.0,0.00485235948997324,0.01065290151762279,0.0,0.0,0.0,0.010641523339431485,0.013171402232130966,0.016179331161083697,0.010151588113421883,0.0,0.0,0.0,0.0,0.0,0.017485034850795174,0.0,0.0,0.011939492317144225,0.0742282305596887,0.00043795979352313823,0.006902280627359251,0.0,0.002165070100479962,0.004107489590709916,0.013316753867124179,0.002892735845404185,0.0,0.0,0.0,0.018619992723022213,0.008953969366192796,0.014408374860444445,0.0,0.0,0.0,0.0,0.0,0.0,0.002525171485083407,0.0,0.0,0.049071926888823184,0.0,0.018036151028244924,0.0,0.0,0.011266596128350098,0.0,0.0,0.013022362895524312,0.0,0.02386134944550191,0.0,0.0,0.0,0.0033359970143807638,0.0019799810673934606,0.0,0.015222244751961522,0.0,0.0,0.0,0.012549750990192498,0.0,0.0,0.0,0.008066248450032893,0.0,0.0,0.00527369622574975,0.00843194514146554,0.0,0.0,0.0008805850199726566,0.025182328906357077,0.011982069098783006,0.0,0.0,0.009858092302251063,0.0,0.008828605357694709,0.0,0.0,0.0,0.0,0.023403330411328742,0.00788536522489797,0.0,0.0,0.018222124791837938,0.0,0.025732653763823853,0.004805358177144629,0.0,0.0004665498003556537,0.0,0.0,0.0,0.013963270692548059,0.0053863994185931905,0.0129009450052807,0.014571854362361095,0.0,0.011255056324977378,0.01024913373524524,0.0,0.0,0.0,0.0,0.0,0.0,0.004359243422339128,0.0,0.032584862822350534,0.0,0.0,0.0009968998156209335,0.009870883850761758,0.0,0.0,0.0070036695723749735,0.00395784372872458,0.0,0.0,0.0,0.0074355669798808295,0.0104637028159498,0.0,0.0,0.0,0.0,0.0,0.0,0.002140316545324769,0.0050071717964529205,0.0,0.0,0.039652829511294126,0.007560774119145589,0.029406779961347385,0.010801142954956489,0.009066476693859012,0.014360882824738068,0.01677695157485891,0.0
LFQ intensity D2_2,0.0,0.0,0.0,0.0,0.003850171370723223,0.0,0.004998001841575105,0.013555521900221528,0.007034213501618835,0.0,0.010995909023680476,0.0,0.01836858514848656,0.005857045658433012,0.0013431014223490093,0.0,0.0,0.0,0.0028193245365810524,0.02297013106166983,0.012128566999070738,0.0,0.01437478273878018,0.0,0.0,0.0034144757650714733,0.0,0.0,0.025099140969258908,0.010034881586016247,0.0,0.0,0.008307496571201894,0.007024357365904916,0.0,0.0,0.0,0.009562190666009506,0.010364817382171878,0.01338868629544574,0.013376042836279255,0.0,0.0,0.0,0.0,0.0,0.0137662749042499,0.003468148463392081,0.0,0.020906571229807328,0.07984820162382213,0.0001385013112542203,0.01077586714261233,0.0,6.35910733010438e-05,0.005728432330622623,0.000970324419442193,0.004512286575568177,0.0,0.0,0.0,0.016662629263048664,0.006461245923171049,0.014567097475289136,0.0,0.0,0.0,0.0,0.0,0.0,3.5738740382703885e-05,0.00044563659875625287,0.009141870610787348,0.039367312354868095,0.0,0.01646930824190409,0.0,0.0,0.012592924486811142,0.0,0.0,0.0186645932566439,0.0,0.02272878696108309,0.0022367049749684015,0.0,0.0,0.0,0.0,0.0,0.015752201917971335,0.0,0.0,0.0,0.01875103091595976,0.0,0.0,0.0,0.0,0.0,0.002151288144850506,0.0033400300938517644,0.0010826447411186272,0.0,0.0,0.000790630361721224,0.025502739969307818,0.008483277303720753,0.0,0.0,0.0035337450709559716,0.0,0.005198404587993481,0.0,0.0,0.0,0.0,0.02810592454713104,0.009558721323100292,0.0,0.0,0.018481968868028543,0.0,0.029212843203890684,0.0011618945494130178,0.0,0.008011917595309373,0.0,0.0,0.0,0.01528392880022521,0.009108119570208732,0.00806777098926812,0.015517724871629668,0.0,0.009956270610400908,0.009210965612546028,0.0,0.0,0.0,0.0,0.0031149162638393103,0.0,0.0007706499892178814,0.0,0.0348891007258992,0.0,0.0,0.0003339620795188336,0.011359820179400232,0.0,0.0,0.004161311620259522,0.00403588568695806,0.0,0.0,0.0,0.013242162019374892,0.013177958892639641,0.0,0.0,0.0033968648605600922,0.003744099763818442,0.0,0.0,0.0041007781314731226,0.007280179219134971,0.0,0.0,0.03610916849169396,0.011034661967945468,0.03449683195533002,0.008286106024796727,0.013461333707893762,0.011182819326490229,0.017137852842817446,0.0
LFQ intensity D2_3,0.0,0.0,0.0,0.0,0.001965301609632068,0.0,0.005959069188323223,0.017344915969309423,0.0009807306531512499,0.0,0.010705025917255008,0.0,0.022355144819919147,0.000514920496438333,0.0020475855923971107,0.0,0.0,0.0,0.0007013569586272164,0.021539206820095472,0.013340409407045865,0.0007468382732395215,0.01647467543867705,0.0,0.0,0.0032629430022706823,0.0,0.0,0.021410949961353176,0.014534781823041203,0.0,0.0,0.007390010766887695,0.0032712932676546972,0.0,0.0,0.0,0.004503062727490822,0.012758554441252816,0.005042469710853304,0.015156020923477957,0.0,0.0,0.0,0.0,0.0,0.016550695901658054,0.00841780068465021,0.0,0.019571891342869838,0.0755533799310753,0.004500190688811526,0.010032351629961528,0.0,0.0060686637047662065,0.007217654348925081,0.014328689828022205,0.002368186696067196,0.0,0.0,0.0,0.01742325459924258,0.01062703155710925,0.013195112032194279,0.0,0.0,0.0,0.0015483416366362504,0.0005026085783095401,0.0,0.0,0.0005445133444653997,0.0,0.043590070968334726,0.0,0.014190928013492574,0.0,0.0,0.013606626859809332,0.0,0.0,0.015838691614233742,0.0,0.028005755889529773,0.0,0.0,0.0,0.0,0.0,0.0,0.013361843087482754,0.0,0.0,0.0,0.012574030939594139,0.0,0.0,0.0,0.0,0.0,0.004219558943229544,0.006028532267215283,0.0012690082341466913,0.0,0.0,0.0023899992690862727,0.030324922484508972,0.010661562163722793,0.0,0.001083340119996075,0.0020697458915163013,0.0,0.0009162311916439484,0.0,0.004168237555699802,0.0,0.0,0.024126763174492485,0.010058453965983476,0.0,0.0,0.01939330232907462,0.0,0.03011600913564971,0.002936296914251182,0.0,0.01075826326514341,0.0,0.0,0.0,0.007674800092238453,0.0044579542753951824,0.007335956246677878,0.01626376328976619,0.0,0.014026231361515314,0.006987061307227088,0.0,0.0007176585591711931,0.0,0.0,0.008706539101155708,0.0,0.003409698984049923,0.0,0.035143993348776104,0.0,0.0,0.0034171835929361623,0.009667046737655519,0.0,0.0,0.0018246301275064722,0.004575458759825111,0.0,0.0,0.0,0.002224681443134146,0.007478280357831114,0.0,0.0,0.0021934175935554075,0.0022700761300861716,0.0,0.0,0.012317726796043905,0.007717248672104895,0.0,0.0,0.04248865083335274,0.010277651760872772,0.02914563720031787,0.015374217989277537,0.0020783317566070336,0.013680886177603754,0.01640140895432133,0.0
LFQ intensity D2_4,0.0,0.0,0.0,0.0,0.001440797174511872,0.0,0.0022714532067148493,0.01532173791060367,0.0008255787749111794,0.0,0.010848070938398773,0.0,0.01938386530875371,0.0005260670679996697,3.8668502213744004e-05,0.0,0.0006417555935275011,0.0,0.0019367392209221747,0.023086319080082872,0.013031094392158308,0.0,0.014441664249333531,0.0,0.0,0.0,0.0,0.0,0.015837364733081873,0.011224437595927688,0.0,0.0,0.009567997465437073,0.0027958674064656663,0.0,0.0,0.0,0.008990664826186533,0.012574272121831221,0.009414637071561269,0.01356710317866717,0.0,0.0,0.0,0.0,0.0,0.014906333816936547,0.005747958257918191,0.0,0.0160441776725577,0.08124742490922394,0.007212771946632467,0.01547844144210595,0.0,0.0,0.0021741458186612574,0.0,0.0,0.0,0.0,0.0,0.015769914861155625,0.005700305416806452,0.023165588797693846,0.0,0.0,0.0,0.0,0.0,0.0,0.0,0.0025160787582131166,0.008315670824663866,0.0448056293601555,0.0,0.018262989807665417,0.0,0.0,0.014780777611927346,0.0,0.0,0.015888324702166726,0.0,0.026516179170158298,0.0011814714922621157,0.0,0.0,0.0001676827272182114,0.0,0.0,0.01442212642439968,0.0,0.0,0.0,0.019247223098712053,0.0,0.0,0.0,0.0,0.0,0.004692739083807071,0.003696249548541633,0.000902064751239789,0.0,0.0,0.0004533978068144444,0.02976093338279549,0.008507591132110876,0.0,0.001023820753110876,0.0,0.0,0.007075354678249722,0.0,0.0,0.0,0.0,0.024786393949785206,0.015005237062235674,0.0,0.0,0.02116277547510002,0.0,0.027178432868954088,0.00167198681037354,0.0,0.013256280044154219,0.0,0.0,0.0,0.017561808114185003,0.009360160953290052,0.0043497714293398,0.011984082842587776,0.0,0.01225908253343454,0.014706261306536997,0.0,0.0,0.0,0.0,0.0,0.0,0.0017907736089306022,0.0,0.03268223316679948,0.0,0.0,0.0,0.017490052587866275,0.0,0.0,0.0023063092402603826,0.003567177307724142,0.0,0.0,0.0,0.006285739960404634,0.008258982233623063,0.0,0.0,0.0005430111030014568,0.0,0.005648393700278423,0.0,0.006787551365011323,0.013447819267339222,0.0,0.0,0.04231906384143893,0.007422046874322614,0.02931114305928043,0.007299221695156067,0.009225344090675974,0.013401589750748876,0.021501749883966522,0.0
LFQ intensity D2_5,0.0,0.0,0.009801706536393793,0.0,7.140510365073318e-07,0.0,0.0047497861411541,0.011891386796126339,0.0022282657041763176,0.0,0.01461329318219107,0.0,0.019326590190252343,0.005423623355005983,0.0011422194639222711,0.0,0.002269417466245245,0.0,0.0005209329276451095,0.0227135827296669,0.017537837241589947,0.0,0.019426973306970848,0.0,0.00234514970041073,0.002052700036618238,0.0,0.0,0.018596584095901876,0.015314347150313162,0.0,0.0,0.004315206083131633,0.0015113984809556173,0.0,0.0,0.0,0.009787157380587778,0.015624195256823459,0.019448888304108198,0.013872219752787674,0.0,0.0,0.0,0.0,0.0,0.017673873461459162,0.0,0.0,0.013619904845092094,0.07213464488121607,0.0,0.014048338853544812,0.0,0.002177347838106487,0.0022781447046241457,0.012158316561227067,0.0,0.0,0.0,0.0,0.01246401024325479,0.011691350051787602,0.01640729748117223,0.0,0.0,0.0,0.0,0.0,0.0,0.0,0.0,0.004210350390384609,0.041588360222885604,0.0,0.015071934548806471,0.0,0.0,0.01140629344737641,0.0,0.0,0.010019023459161308,0.0,0.027320890031971738,0.004235126052521153,0.0,0.0,0.005235453701430392,0.0,0.0,0.015538943414050613,0.0,0.0,0.0,0.009923680636388581,0.0,0.0,0.0,0.004916824917923657,0.0,0.0,0.005917959370289851,0.004012461328359595,0.0,0.0,0.0,0.024764548340181703,0.013957070509914146,0.0,0.001919120043686318,0.0051235939985453055,0.0,0.0063166252804390715,0.0,0.0016974580176728718,0.0,0.0,0.030795919082510833,0.009502726330938738,0.0,0.0,0.018991397833158948,0.0,0.014099755383320768,0.002932097888241383,0.0,0.007773459573114164,0.0,0.0,0.0,0.01583628661117409,0.002819558546253954,0.004703313617460388,0.017565063788913923,0.0,0.012623680476773922,0.009015671630534688,0.0,0.0027722284002526685,0.0,0.0,0.0044501593371543205,0.0,0.0029022635457060003,0.0,0.033996905658906,0.0,0.0,0.0007262193623489219,0.009144158076634015,0.0,0.0,0.00838975082486623,0.009591751007445524,0.0,0.0,0.0,0.013312786254602818,0.00983558203560268,0.0,0.0,0.00357041943370383,0.0,0.0,0.0,0.0011791687520332982,0.004149673177492382,0.0,0.0,0.04538811833564637,0.0063145723615927836,0.028663009467912913,0.009537937632401778,0.0036019934186801274,0.016379393516140837,0.017091856670991612,0.0
LFQ intensity D2_6,0.0,0.0,0.007590775542789489,0.0,0.0035503044848502786,0.0,0.0053136829320899635,0.015652924666355043,0.001151789016711248,0.0,0.018398624432843222,0.0,0.020677537638413446,0.005758192191540525,0.0004644887992301553,0.0,0.0024662227505512675,0.0,0.0005199447403706558,0.02062921904685046,0.015344972868772514,0.005557920466079648,0.019803609491531864,0.0,0.0036840615057319023,0.0,0.0,0.0,0.01880038347015119,0.01498328291430746,0.0,0.0,0.00900657374092948,0.0049338157020374605,0.0,0.0,0.0,0.008400223298256935,0.011960742120044637,0.011559308764892862,0.010589533116429862,0.0,0.0,0.0,0.0,0.0,0.014433782440029424,0.006672073854748103,0.0,0.01626814445045167,0.07417926913018001,0.0,0.017796864922996248,0.0,0.0026078904613679177,0.011205076644440325,0.014809031441155612,0.0,0.0,0.0,0.0,0.017741724131799957,0.010426196571479047,0.014576023698737804,0.0,0.0,0.0,0.0,0.0,0.0,0.005271026300161581,0.0,0.0,0.038797210212167796,0.0,0.01447025542480817,0.0,0.0,0.01356528671282549,0.0,0.0,0.01779211539832361,0.0,0.023620551691982548,0.0,0.0,0.0,0.001086012411102205,0.0,0.0,0.013525510678388223,0.0,0.0,0.0,0.013775273182611486,0.0,0.0,0.0,0.0,0.0,0.0,0.005789057769553239,0.004189713383425973,0.0,0.0,0.0,0.02714548013556401,0.010268842181992015,0.0,0.0005286554902359164,0.005584314398669926,0.0,0.0046096249954807895,0.0,0.0006885735344520577,0.0,0.0,0.028669283818256414,0.0,0.0,0.001034526426332195,0.020544305873923394,0.0,0.027572543646770965,0.003658018280327677,0.0,0.008639707767984431,0.0,0.0,0.0,0.009833380927623111,0.002207090301035354,0.010316541336318215,0.013567620186692237,0.0,0.007496904953354384,0.005795519352929331,0.0006014203298555835,0.005576980752182541,0.0,0.0,0.0017151690168704147,0.0,0.002805816677333961,0.0,0.03265153840965558,0.0,0.0,0.000493279516111399,0.008639951825147051,0.0,0.0,0.00456864385802964,0.008137714943310179,0.0,0.0,0.0,0.006400588675428414,0.007110395793416531,0.0,0.0,0.002318936170867868,0.0,0.006845950626364028,0.0,0.002993267130836198,0.003257752914064055,0.0,0.0,0.04032302587564682,0.00981375894739189,0.028255084159941737,0.014620875641007329,0.0,0.013529459233865716,0.021783231280232643,0.0
LFQ intensity D2_7,0.0,0.0,0.011729781682144601,0.0,0.0,0.0,0.005571166168631333,0.012513713698182594,0.0,0.0,0.01652818604488159,0.0,0.018929509609238004,0.005473313882265596,0.0034596378403297014,0.0,0.0010274318104610423,0.0,0.0023327045598917394,0.02368398796561098,0.01874689804196761,0.0,0.018694910721027497,0.0,0.0,0.000154851987846071,0.0,0.0,0.014314540759527462,0.014076414411023063,0.0,0.0,0.007466216112436042,0.0,0.0,0.0,0.0,0.010556217236079399,0.013366115838423037,0.010459968360852608,0.009475288744905849,0.0,0.0,0.0,0.0,0.0,0.012707273241613472,0.009984273571876274,0.0,0.013603732538873741,0.07415562908638859,0.0001114057187648174,0.009273769490766174,0.0,0.0,0.006471442791395621,0.013964302307940959,0.0,0.0,0.0,0.0,0.012179873683384053,0.011552652008915852,0.01862526684461639,0.0,0.0,0.0,0.0,0.0,0.0,0.0019454550734746292,0.0,0.004782325838083147,0.04151878650355244,0.0,0.0153899595777583,0.0,0.0,0.012247279178911124,0.0,0.0,0.01424186615864719,0.0,0.026849758661460988,0.00016425750732781697,0.0,0.0,0.0013944431360895467,0.0,0.0,0.01220490247375289,0.0,0.0,0.0,0.013366921949912555,0.0,0.0,0.0,0.005457139882771351,0.0,0.0,0.00678938427458649,0.006316161337772743,0.0026666094291783325,0.0,0.0,0.0289457321996939,0.013163731609009773,0.0,0.000696203655613799,0.010116108300739855,0.0,0.008625266511261548,0.0,0.0013062766826541854,0.0,0.0,0.02613092385513867,0.006784849627294676,0.0,0.0,0.0211208879049497,0.0,0.015645345887645514,0.0,0.0,0.007466930073436611,0.0,0.0,0.0,0.014076438318405656,0.007988756960668641,0.013320978543840003,0.0162418543170659,0.0,0.010201273328643299,0.008786968302311494,0.0,0.0012091506195852197,0.0,0.0,0.00014099076145937458,0.0,0.0011066474014136984,0.0,0.032502285671965864,0.0,0.0,0.0006543547133993311,0.009437088676713029,0.0,0.0,0.00754455550715538,0.006915262902594472,0.0,0.0,0.0,0.0069698926941981374,0.005454355507703786,0.0,0.0,0.0,0.0,0.004178389633036144,0.0,0.002170486160916536,0.004883023773296518,0.0,0.0,0.04221707013187516,0.008339704565007615,0.03250182279248402,0.007234095675475094,0.011097123310807038,0.01575094208318936,0.022548503595809857,0.0
LFQ intensity D2_8,0.0,0.0,0.006157269591375284,0.0,0.0,0.0,0.005288882355998233,0.004499973031822642,0.0,0.0,0.014679790270385736,0.0,0.01724874725032538,0.004530093561680221,0.0025654336044552035,0.0,0.0019120658932844415,0.0,0.0019464559540497022,0.02082855781312983,0.01497234315568649,0.021085314026156158,0.013712261747375451,0.0,0.0,0.0,0.0,0.0,0.017101467733433396,0.016157046577833747,0.0,0.0,0.0053152010161977735,0.0012052441946526972,0.0,0.0,0.0,0.01054018874604636,0.01270100907383034,0.013499984841263614,0.013004420208923383,0.0,0.0,0.0,0.0,0.0,0.014749680516142828,0.00661179418902802,0.0,0.004877150240932101,0.07322344997986537,0.005524497119950996,0.01058443725555147,0.0,0.0,0.004430584603412001,0.012387679574966788,0.00199158906853639,0.0,0.0,0.0,0.014382757340435854,0.011712278970172855,0.01938785619008504,0.0,0.0,0.0,0.0,0.0,0.0,0.004765669940220517,0.0,0.004151005752096872,0.04029302466214581,0.0,0.015912787430600685,0.0,0.0,0.010947381835335954,0.0,0.0,0.013100164574179275,0.0,0.024063543141187804,0.0,0.0,0.0,0.001505461377970194,0.0,0.0,0.013006715793395055,0.0,0.0,0.0,0.014200350929399622,0.0,0.0,0.0,0.005066834446079882,0.0,0.0,0.00413463896586304,0.00748584418316365,0.0,0.0,0.0005925645550935035,0.026883916308607404,0.013449906052159247,0.0,0.0009445333742482422,0.010641883592202757,0.0,0.01398567554440795,0.0,0.0016622002843056738,0.0,0.0,0.025417275070917414,0.007949299311236105,0.0,0.0,0.019236293913930655,0.0,0.0295545783168801,2.910056393850799e-05,0.0,0.005611095669887112,0.0,0.0,0.0,0.01318813611979777,0.00742988157361692,0.0040310618231870375,0.014109251429721489,0.0,0.013751484646515292,0.009322418067467824,0.0,0.000745417529754527,0.0,0.0,0.0,0.0,0.0,0.0,0.03218007465542119,0.0,0.0,0.0006596216451123805,0.00852632462263221,0.0,0.0,0.0074541775094651595,0.006819642230714997,0.0,0.0,0.0,0.005839296688204224,0.007620037631380109,0.0,0.0,0.0013045262726496972,0.001324254048887877,0.0,0.0,0.0031868906277424808,0.011386299277672146,0.0,0.0,0.04111337143220173,0.007828188539443094,0.033868335345849494,0.008414882771305334,0.01244181779159784,0.015652864054195935,0.018394492379024484,0.0
LFQ intensity D2_9,0.0,0.0,0.009473407799020232,0.0,0.0,0.0,0.0,0.014685897523201239,0.001028656741091811,0.0,0.014050282154992735,0.0,0.01889225368363169,0.005847314996344756,0.002577622964183678,0.0,0.007407506024937727,0.0,0.0010753576532261885,0.021170883488284227,0.018356605312906404,0.0,0.014524140569443594,0.0,0.0015888153895648426,0.0,0.0,0.0,0.017036659979735715,0.013070555983013241,0.0,0.0,0.0029346973604290334,0.0029711428427192346,0.0,0.0,0.0,0.015372037732689142,0.013895472203926212,0.013228592388009244,0.013146929727839176,0.0,0.0,0.0,0.0,0.0,0.016139854065806897,0.009471911235793794,0.0,0.01379313885000299,0.07347163146473926,0.004336236279550268,0.015583542367863322,0.0,0.005776208559491353,0.0020313475046644797,0.012735244494141457,0.003394331296300217,0.0,0.0,0.0,0.018279700597553558,0.010842069278344479,0.017743064811118564,0.0,0.0,0.0,0.0,0.0,0.0,0.006132628564454336,0.0,0.0,0.04086450412863204,0.0,0.0140855416067113,0.0,0.0,0.015406311108717161,0.0,0.0,0.014016768439718937,0.0,0.023738073856029093,0.0027633141257926864,0.0,0.0,0.0016563262936173883,0.0,0.0,0.011945212016903767,0.0,0.0,0.0,0.009892609760253761,0.0,0.0,0.0,0.00612905625824443,0.0,0.0,0.005354786769927187,0.00674715166577713,0.0,0.0,0.0,0.027725074188393026,0.006736776153388031,0.0,0.00198895687226893,0.007475960125285385,0.0,0.008818663479049237,0.0,0.0,0.0,0.0,0.0235877313173851,0.005884307541736215,0.0,0.0014594511821093244,0.019350187068649896,0.0,0.02770602776244927,0.0011839827281725998,0.0,0.007740836795875176,0.0,0.0,0.0,0.016007664564798737,0.003964211733008224,0.012407716559188105,0.012407406203796607,0.0,0.013625697230151786,0.008146753198131499,0.0,0.000772626694556496,0.0,0.0,0.004144071402022152,0.0,0.0,0.0,0.034331574784443236,0.0006595214927292637,0.0,0.0,0.010406981953560573,0.0,0.0,0.005382041984390043,0.0038117843126591403,0.0,0.0,0.0,0.0,0.0047793317165132,0.0,0.0,0.0007682519416735923,0.00361906958369763,0.0,0.0,0.003619963948336999,0.017687701106441495,0.0,0.0,0.032629190354184746,0.005868357359125491,0.027561236454812805,0.008995181111945392,0.012110394628480714,0.015771752026366558,0.016198164520883393,0.0
LFQ intensity D3_1,0.0,0.0,0.009703964536670715,0.0,0.0055620616002566,0.0,0.003165207594016513,0.003251089386057933,0.0,0.0,0.015889457697203,0.0,0.016118691702051616,0.0049524350600168915,0.0019715100497322423,0.0,0.0,0.0,0.001508485188177476,0.021490074047237163,0.014161813246442386,0.02203412004211945,0.016682482526778418,0.0,0.0011647421132875587,0.0040838846954958765,0.0,0.0,0.01534156581360532,0.015052995170448813,0.0,0.0,0.011882227867671282,0.004049808516537476,0.0,0.0,0.0017039922214478797,0.00943899623126079,0.008260250450915937,0.014562800615517131,0.013301173794290804,0.0,0.0,0.0,0.0,0.0,0.015209439023595351,0.0,0.0,0.011901535618626998,0.06894556636443855,0.0,0.01716680226297386,0.0,0.0,0.006959891177800937,0.009788982933068848,0.0009023685188058162,0.0,0.0,0.0,0.0181271513422191,0.012749656771996451,0.025363946166657967,0.0,0.0,0.0,0.0,0.0,0.0,0.003638701881700338,0.0,0.003484713720406926,0.04431886888159072,0.0,0.019335146798229595,0.0,0.0,0.014338545951517984,0.0,0.0,0.01983928085085113,0.0,0.01933299355466988,0.0013474352420929855,0.0,0.0,0.003749240956105999,0.0,0.0,0.014166383096907681,0.0,0.0,0.0,0.013588787991979573,0.0,0.0,0.0,0.0,0.0,0.0,0.005968826364235935,0.009079664790752133,0.0,0.0,0.0,0.026974124523152607,0.008381855163816138,0.0,0.0,0.011313959795431485,0.0,0.00911394434318867,0.0,0.0,0.0,0.0,0.024273713624048232,0.00895674886408992,0.0,0.0023176397599963304,0.018952925397264744,0.0,0.030624870210133173,0.0,0.0,0.0,0.0,0.0,0.0,0.01300209744058625,0.0014478479890363066,0.008678899882447823,0.014116565660858628,0.0,0.01013469805588981,0.008804203368278278,0.0,0.0,0.0,0.0,0.0,0.0,0.0,0.0,0.02983599402393296,0.0,0.0,0.0016540820985690783,0.008393954677270063,0.0028379599811396363,0.0,0.011767859593882561,0.005216005306699013,0.0,0.0,0.0,0.0,0.005417752793206448,0.0,0.0,0.00439653136393499,0.0,0.00426803422462605,0.0,0.00258681698760925,0.0024696524228247025,0.0,0.0,0.03240208842951359,0.012293219040577208,0.028990661217150267,0.010983800729638678,0.012946318711490675,0.009453410014944597,0.022354003876307812,0.0
LFQ intensity D3_10,0.0,0.0,0.008540547971902106,0.0,0.001969482662393812,0.0,7.161530567347947e-19,0.006918587508904784,0.0,0.0,0.01394111809091813,0.0,0.019055050398802367,0.004142373206738141,0.0018212084869028743,0.0,0.0022942221114084283,0.0,0.0021721238275736157,0.02033777618874978,0.014449130416808379,0.02305006403377126,0.014514459065977639,0.0,0.0,0.00390735281981356,0.0,0.0,0.013669899954188608,0.017136642980298537,0.0,0.0,0.0002272744343981875,0.005010921144219202,0.0,0.0,0.0,0.014237146073847044,0.01194682594210796,0.018644202083961198,0.010530834319957608,0.0,0.0,0.0,0.0,0.0,0.017042705557336998,0.006283896200836334,0.0,0.010531913036451651,0.07239872340064614,0.0008216325223982728,0.019264611234791677,0.0,0.0,0.005736562172340801,0.007875211895949018,0.0,0.0,0.0,0.0,0.014663831775281891,0.012583173193757357,0.011995153854450968,0.0,0.0,0.0,0.0,0.0,0.0,0.0022898443386123964,0.0,0.001193130288668401,0.037968468308091,0.0,0.019893753122842285,0.0,0.0,0.013354005446407176,0.0,0.0,0.016449928210881443,0.0,0.025740418201937676,0.0,0.0,0.0,0.0,0.007761495340263293,0.0,0.014952666598335294,0.0,0.0,0.0,0.012802270122721273,0.0,0.0,0.0,0.0031483540584373334,0.0,0.0,0.005176627689402402,0.004859074311443825,0.0,0.0,0.0,0.027165425195349722,0.012125423883174273,0.0,0.0008761602509648485,0.00994566070402454,0.0,0.002728489496494503,0.0,0.0,0.0,0.0,0.031792236109556817,0.009441494347368462,0.0,0.004163811186094853,0.016840685881287495,0.0,0.01731161178156072,0.0010757598912381533,0.0,0.006149505765936081,0.0,0.0,0.0,0.00928347196713222,0.00016702026439381905,0.0,0.01141006483535685,0.0,0.011963165570280163,0.00794878729239146,0.0,0.0021484803796970064,0.0,0.0,0.0,0.0,0.0,0.0,0.034478658100929746,0.0,0.0,0.006398680514466436,0.014145475552045319,0.0,0.0,0.008003859652935198,0.003131780427822954,0.0,0.0,0.0,0.015592458091081127,0.007743771131988335,0.0,0.0,0.0008483700315899827,0.0009582948004189691,0.0,0.0,0.0076332152667544775,0.0038241176488128777,0.0,0.0,0.03959986896144234,0.012703168653622601,0.03079502907822506,0.009690776000741955,0.008699508035764747,0.01435714108788822,0.02555387755523947,0.0
LFQ intensity D3_11,0.0,0.0,0.008578782961535348,0.0,0.0006969678812080931,0.0,0.0,0.008647104448540076,0.0,0.0,0.012708059799145102,0.0,0.018989053392383732,0.004673091166787153,0.0019667018025505954,0.0,0.001651374483711491,0.0,0.0010937576494086693,0.02178773501439138,0.015271255265579695,0.015843623827747216,0.01403258567848074,0.0,0.0017393825794616386,2.303467110738529e-05,0.0,0.0,0.014723433908726297,0.016546910816461834,0.0,0.0,0.007446764861744294,0.0005774177963574669,0.0,0.0,0.0,0.010458520742755543,0.010867526837274297,0.0170744571722586,0.012251390466388911,0.0,0.0,0.0,0.0,0.0,0.016665396084369333,0.009789881356212917,0.0,0.004518968253006888,0.07183095709908352,0.0005811658771505214,0.015828013623370857,0.0,0.0004789439845617163,0.0045145528655127585,0.012630653489100484,0.0005046089620407703,0.0,0.0,0.0,0.01203178718511606,0.01480419691619156,0.030941701579392404,0.0,0.0,0.0,0.0,0.0,0.0,0.0005951277275823307,0.001333926306172033,0.0007160696001143275,0.04050099729877028,0.0,0.014986289333929568,0.0,0.0,0.015352384037840937,0.0,0.0,0.022235072681820112,0.0,0.019659351072723687,0.0,0.0,0.0,0.0,0.0,0.0,0.013594998433503518,0.0,0.0,0.0,0.01408615549065316,0.0,0.0,0.0,0.005690488729054249,0.0,0.0,0.0034597255309228195,0.005014627041355389,0.0,0.0,0.0,0.0280323818632045,0.01289204717894682,0.0,0.0,0.010796425093012586,0.0,0.014502345831458556,0.0,0.0,0.0,0.0,0.026791418795336162,0.015879887696701237,0.0,0.0,0.013918645966424729,0.0,0.012462062688650568,0.0014441478694828434,0.0,0.005855671252403073,0.0,0.0,0.0,0.012525579032134235,0.001165620027471259,0.0,0.011232030006815543,0.0,0.012320839619798464,0.008237676160927992,0.0,0.0,0.0,0.0,0.0,0.0,0.0,0.0,0.030314037050775698,0.0,0.0,0.002177057219771508,0.011675909621528426,0.0,0.0,0.008668222588953674,0.00694373296280523,0.0,0.0,0.0,0.020078061625027573,0.010246883458578425,0.0,0.0,0.0,0.0,0.0,0.0,0.007652738208207445,0.0,0.0,0.0,0.04225425054065019,0.009549403732182995,0.03197084930245692,0.014337040122694869,0.00983949503903659,0.012739417065600039,0.023501148595404007,0.0
LFQ intensity D3_2,0.0,0.0,0.01016592382243797,0.0,0.001160664928428248,0.0,9.830114397237321e-20,0.01623147263092173,0.0008619610605324588,0.0,0.012681212671671358,0.0,0.01866511321085441,0.005702605827667426,0.0014735736831210957,0.0,0.0027932996972556867,0.0,0.002360924020305997,0.024590505701463258,0.013368669317662887,0.0005217756502063284,0.018104746167160946,0.0,0.0,0.001826512697364351,0.0,0.0,0.018340125924533754,0.015073745566247581,0.0,0.0,0.004382685211943932,0.002209185150944926,0.0,0.0,0.0,0.008246809294122356,0.010481883472252821,0.013000114433251348,0.014373850478252433,0.0,0.0,0.0,0.0,0.0,0.0114435894884974,0.0029912986400888525,0.0,0.014888963407048395,0.07183508854532757,0.006997412141059581,0.014872138969452794,0.0,0.0,0.0,0.01197235502194448,0.0,0.0,0.0,0.0,0.02009143149775205,0.006057833890992192,0.028158209914621694,0.0,0.0,0.0,0.0,0.0,0.0,0.0,0.004569968709906793,0.00836387456226944,0.03811284763497699,0.0,0.017670593622306243,0.0,0.0,0.01508966818895747,0.0,0.0,0.02125131494720891,0.0,0.022309337604240843,0.0,0.0,0.0,0.0,0.0,0.0,0.014428622352335546,0.0,0.0,0.0,0.015233386465122815,0.0,0.0,0.0,0.0,0.0,0.001010360952845947,0.007198244746714654,0.0049511764656622265,0.0,0.0,0.002082451422921733,0.03084808900373944,0.007828547194192181,0.0,0.0014146893496684875,0.00025083130906515733,0.0,0.0,0.0,5.2477723036816663e-05,0.0,0.0,0.02970979029225784,0.011103660498281792,0.0,0.005773361827228248,0.01329578632714851,0.0,0.029351393376525328,0.0006170973927199749,0.0,0.011813570222722503,0.0,0.0,0.0,0.008194104376658809,0.00039293753420050013,0.0,0.01203691222148504,0.0,0.009622350216209627,0.007934110686163199,0.0,0.0,0.0,0.0,0.0,0.0,0.0,0.0,0.03542432170988817,0.0,0.0,0.0019411756142772808,0.010005417603073255,0.0,0.0,0.005201314199613264,0.004605416382210481,0.0,0.0,0.0,0.0,0.005718680190048215,0.0,0.0,0.0016914806898934462,0.0,0.0,0.0,0.016535617379500565,0.015401856852931557,0.0,0.0,0.035390131597874123,0.017711626202534168,0.02851435672543883,0.012774298837152887,0.010760707355811607,0.011604891963133553,0.02828146733445718,0.0
LFQ intensity D3_3,0.0,0.0,0.010040897961451063,0.0,0.004778843567277342,0.0,0.0033255646629646797,0.00872821513860983,0.0014729991240119236,0.0,0.009896529503520081,0.0,0.017401212833061386,0.004984806078040279,0.0029464909414561456,0.0,9.612868251504167e-05,0.0,0.0020821670169949387,0.022117744136623124,0.01640781882925955,0.0,0.01989690842814005,0.0,0.0,0.002538585596096586,0.0,0.0,0.016217410551565205,0.014995994583043055,0.0,0.0,0.004314296355159007,0.00500265534019325,0.0,0.0,0.0,0.015883473549425077,0.010758781890580525,0.013629772694525642,0.013798378782578377,0.0,0.0,0.0,0.0,0.0,0.01608014750857265,0.0,0.0,0.020960518043655365,0.07386190043743007,0.0007070346920388767,0.01559488684056162,0.0,0.0,0.003896395683431539,0.01101709177980118,0.00034952936763379586,0.0,0.0,0.0,0.015043239613323734,0.01297861555744997,0.02359731495274213,0.0,0.0,0.0,0.0,0.0,0.0,0.0014007206619959616,0.0,0.0032338296859782635,0.04198335577290425,0.0,0.01809810639820785,0.0,0.0,0.01606741041497265,0.0,0.0,0.02198421689518163,0.0,0.02200350467727845,0.0018471158765034198,0.0,0.0,0.005359970022251019,0.0,0.0,0.015574687153040495,0.0,0.0,0.0,0.012361174309967176,0.0,0.0,0.0,0.0,0.0,0.0,0.004550157653838094,0.006061329673465951,0.0,0.0,1.4231576171219135e-05,0.03042700172824176,0.010144038781753403,0.0,0.0,0.009262203096433977,0.0,0.011795720496882505,0.0,0.0,0.0,0.0,0.02560841788785595,0.013444680304804002,0.0,0.0016298682013315224,0.019736997525894483,0.0,0.016201715376777434,0.000472347088609946,0.0,0.0033507962909836483,0.0,0.0,0.0,0.0141114742800586,2.690547714104899e-06,0.0,0.013048877793151118,0.0,0.01404035444742445,0.006268655983810235,0.0,0.0,0.0,0.0,0.0,0.0,0.0,0.0,0.0295206183138924,0.0,0.0,0.0007860859440517034,0.013148188156731997,0.0005350387136532158,0.0,0.009533835282120704,0.00496157218858048,0.0,0.0,0.0,0.014851634820987067,0.005524712194156336,0.0,0.0,0.0005433534591791191,0.0,0.0030185500567749364,0.0,0.004703999169507586,0.00228703282880643,0.0,0.0,0.03404428388459716,0.009089672771188967,0.029582857606769566,0.009880617442768181,0.015317748910813766,0.01278043694695344,0.02440175998125026,0.0
LFQ intensity D3_4,0.0,0.0,0.011302627050480733,0.0,0.006392426993464157,0.0,0.0,0.0009199888942904998,0.0,0.0,0.014568319423055103,0.0,0.01672947182863397,0.004550712948135791,0.002795391585183471,0.0,0.0,0.0,0.0031127651788463704,0.022308506581895524,0.015911551399044488,0.02921051477694335,0.019028748731018962,0.0,0.0016572588222832554,0.006075910244672192,0.0,0.0,0.016175121631012694,0.015267002457460259,0.0,0.0,0.003740146027033563,0.0030662479754066537,0.0,0.0,0.0021223581469203435,0.011551094942025426,0.008880958831562416,0.019555128158446306,0.011429346220530533,0.0,0.0,0.0,0.0,0.0,0.014089807428816374,0.0,0.0,0.017570514726986303,0.0728394346149168,0.0,0.016656077572287455,0.0,0.0,0.0,0.011723131654246752,0.00022019052977007513,0.0,0.0,0.0,0.017670849729448827,0.014138398637756733,0.010352227488108386,0.0,0.0,0.0,0.0,0.0,0.0,0.0,0.0,0.0031928718576160193,0.04322435553411743,0.0,0.020235735636892162,0.0,0.0,0.014293144101880281,0.0,0.0,0.01597580317328776,0.0,0.021499494012181146,0.0015562630223051276,0.0,0.0,0.0036326874913321094,0.00011375750416159423,0.0,0.016594398729879122,0.0,0.0,0.0,0.010469385178504344,0.0,0.0,0.0,0.0,0.0,0.0,0.0066415110535630265,0.007251744322887186,0.0,0.0,0.00012505269231448534,0.02938852721212367,0.009354693535393506,0.0,0.0,0.009567531334699115,0.0,0.0008324526781011741,0.0,0.0,0.0,0.0,0.03148859958389099,0.008029418851304858,0.0,0.00332827896285495,0.01729566505676846,0.0,0.03031095183695028,0.0003404606344721736,0.0,0.0,0.0,0.0,0.0,0.006429289917226419,0.0009514137188704608,0.0,0.014067210857267151,0.0,0.015682103087355258,0.009180488095213464,0.0,0.0,0.0,0.0,0.0,0.0,0.0008837123885870261,0.0,0.03400208011090788,0.0,0.0,0.0024423749766871654,0.013603326280340456,0.0004366209348774014,0.0,0.010362938885531458,0.006710192619457981,0.0,0.0,0.0,0.0009570766285909135,0.004827195410781241,0.0,0.0,0.0011428463141845125,0.0,0.0,0.0,0.008391936443379613,0.0,0.0,0.0,0.04073175842780295,0.012090817568328716,0.03091959608168368,0.01285231859244304,0.016079983168605136,0.011218452617551788,0.01968125164616157,0.0
LFQ intensity D3_5,0.0,0.0,0.007485786757849985,0.0,0.0031225696598038617,0.0,0.0018862539678614195,0.0005989652127916592,0.005674574022345327,0.0,0.015159380932092039,0.0,0.018932129636360324,0.0042482101314887,0.0012019167989223566,0.0,0.00509850008856692,0.0,0.004008330789817745,0.022609720027846877,0.012839957306904822,0.021855703601211435,0.017288833406258697,0.0,0.0,0.0,0.0,0.0,0.013434806982327206,0.014467709013434174,0.0,0.0,0.008614198721257783,0.00753253942892319,0.0,0.0,0.006101184366547082,0.01036856645969077,0.010143770130780114,0.017221825359033577,0.013916726818555887,0.0,0.0,0.0,0.0003441822334512668,0.0,0.006718481753765017,0.0,0.0,0.01916182131614133,0.07440857791256224,0.0,0.01409730219836135,0.0,0.0,0.00021534373878839196,0.010956705179696971,0.0,0.0,0.0,0.0,0.01536311267052481,0.006900449460871234,0.020232520581413217,0.0,0.0,0.0,0.0,0.0,0.0,0.0,0.0,0.007156971779524853,0.0405123600560389,0.0,0.01791462082015928,0.0,0.0,0.01438464534987842,0.0,0.0,0.02454484977926563,0.0,0.02269560272255984,0.0,0.0,0.0,0.006011052492820319,0.00011980275599520599,0.0,0.010873973400618303,0.0,0.0,0.0,0.01173313325405813,0.0,0.0,0.0,0.0009496402350930703,0.0,0.0,0.0036900896843549903,0.012976899854827403,0.0025304646481176204,0.0,0.0,0.02533658855557915,0.011921910936569111,0.0,0.0009613870900947928,0.009291734121871023,0.0,0.013061047977792267,0.0,0.0021823658866035583,0.0,0.0,0.03182437890241723,0.008503180823646445,0.0,0.005586956301877555,0.01671015597309943,0.0,0.01766564539587479,0.0,0.0,0.0025608546234253834,0.0,0.0,0.0,0.004897677415842324,0.0,0.0,0.013004737354275868,0.0,0.00883333968713061,0.011495414579118688,0.0,0.0,0.0,0.0,0.0,0.0,0.000700046490256198,0.0,0.030057091553529206,0.0,0.0,0.0037189136806794892,0.016092968892213833,0.0,0.0,0.010268850802356622,0.005285680470066568,0.0,0.0,0.0,0.0,0.0075307620510230875,0.0,0.0,0.0005111935898310503,0.0006633852720041759,0.0,0.0,0.005673794628853541,0.010232769447149494,0.0004926899812427209,0.0,0.038337688609055794,0.01380461410793022,0.02905526829605958,0.010485180310567456,0.013326403726768729,0.011580216719981497,0.020040342245652747,0.0
LFQ intensity D3_6,0.0,0.0,0.0,0.0,0.0017149524069076491,0.0,0.004854886748052331,0.007226844039965607,0.0,0.0,0.011645012758321959,0.0,0.015558592120839463,0.004829765870414873,0.000584413663356199,0.0,0.0,0.0,0.004320700949116301,0.023575605426429287,0.014780964109047499,0.026529450829364924,0.014615185565535604,0.0,0.0,0.0035609844674409177,0.0,0.0,0.013158418987762995,0.013130288521777054,0.0,0.0,0.006116195741861078,0.004607308973227073,0.0,0.0,0.0015619769379353735,0.009983987744079563,0.01196875238990197,0.00970201319280223,0.01322332744707256,0.0,0.0,0.0,0.0,0.0,0.010388827880708069,0.016207275135163297,0.0,0.01502444830764862,0.07167530608427429,0.002445614417621452,0.010682722197580331,0.0,0.0,0.013263169800286762,0.0,0.0,0.0,0.0,0.0,0.01702842456930078,0.012219538071983347,0.017042168505773836,0.0,0.0,0.0,0.0,0.0,0.0,0.005508046266712035,0.0,0.007689634487483969,0.04305793158630737,0.0,0.01596703080515609,0.0,0.0,0.015585338440937081,0.0,0.0,0.021387703529554273,0.0,0.021588229637071604,0.0,0.0,0.0,0.0,0.0,0.0,0.012440160963806431,0.0,0.0,0.0,0.015384756134165782,0.0,0.0,0.0,0.0,0.0,0.0,0.004126592097597979,0.006724921558660283,0.0,0.0,0.0,0.02796749959281629,0.01189171624588384,0.0,0.0,0.00840862996993084,0.0,0.0074876004886371425,0.0,0.0,0.0,0.0,0.028872449379420538,0.016575336123412904,0.0,0.002069498932868015,0.01818426317531412,0.0,0.027898213027491285,9.095045489191036e-07,0.0,0.005726568919356363,0.0,0.0,0.0,0.011276107623963109,0.0,0.0,0.010723071991037978,0.0008876137502470013,0.010049423604265254,0.004520254215308436,0.0,0.0,0.0,0.0,0.0,0.0,0.0030060370138077323,0.0,0.03453437377933395,0.0007407096103234288,0.0,0.0041226996875107095,0.010807039568173284,0.0,0.0,0.003943492851264957,0.004373159950234492,0.0,0.0,0.0,0.0,0.007358875061261519,0.0,0.0,0.002703128221274366,0.0026654591153214145,0.0,0.0,0.00615232450757838,0.020255498974433735,0.002871208481428611,0.0,0.03347986512200628,0.011862467421013718,0.03383234489283125,0.006984146896688781,0.006138074210018881,0.013655415532568367,0.02528705318941784,0.0
LFQ intensity D3_7,0.0,0.0,0.009010752318114641,0.0,0.001507343065296315,0.0,2.553493754220693e-19,0.0070374847604530505,0.0,0.0,0.013644988958147426,0.0,0.018070032190457632,0.004870447875777457,0.0008267297599174322,0.0,0.0008268363180561344,0.0,0.002735396370291433,0.01802986626416956,0.015955726794691066,0.021590214249160463,0.014426649649752956,0.0,0.0,0.0,0.0,0.0,0.01617338449552671,0.016056985555749706,0.0,0.0,0.00562454786616295,0.009556776939641515,0.0,0.0,0.00018674070328393577,0.013808088644267497,0.008374255074541507,0.02426581657432019,0.011998578527753592,0.0,0.0,0.0,0.0,0.0,0.0166728398114905,0.010700752246302157,0.0,0.012445745023902555,0.07063761791875318,0.0015101806965955623,0.013010763008909616,0.0,0.0,0.0,0.010463764743408068,0.002918098705812847,0.0,0.0,0.0,0.018330183065190398,0.012641589015944543,0.024230593066205692,0.006372858122244985,0.0,0.0,0.0,0.0,0.0,0.003325652646845085,0.0,0.0016536688813187875,0.037523239364203494,0.0,0.016565148890120333,0.0,0.0,0.012510048810915567,0.0,0.0,0.023509245151832257,0.0,0.017423017475628126,0.0,0.0,0.0,0.0013515842285945108,7.303924229877942e-05,0.0,0.014570729250723698,0.0,0.0,0.0,0.012647542929270257,0.0,0.0,0.0,0.004178058463877172,0.0,0.0,0.005613995255965402,0.0031009083239823512,0.0,0.0,0.0,0.024450108960681352,0.011035447345369875,0.0,0.0,0.008190821468399802,0.0,0.006903775146306686,0.0,0.0,0.0,0.0,0.029063462045300296,0.01221256413870991,0.0,0.000807508169426132,0.015660749828296357,0.0,0.029724042719956253,0.0,0.0,0.003981884865794498,0.0,0.0,0.0,0.016099929821496124,0.002984870624941246,0.0,0.013562339134941035,0.0011828869714252534,0.014340130538810603,0.005300095009173407,0.0,0.0,0.0,0.0,0.0,0.0,0.0,0.0,0.03325465060511617,0.0,0.0,0.0001640218855150315,0.010353756782202529,0.0,0.0,0.010513031894105948,0.008285747917271243,0.0,0.0,0.0,0.0,0.007356080175799502,0.0,0.0,0.0007654875524157981,0.0007662562247561438,0.0,0.0,0.004937648559130963,0.00034532706624450184,0.0,0.0,0.04316312951662139,0.009145982028847992,0.03085997821724839,0.014494296567559455,0.011407575990548528,0.011691985095578044,0.018435919836140523,0.0
LFQ intensity D3_8,0.0,0.0,0.005276442319311634,0.0,0.004690855150264069,0.0,0.0,0.008001411741891425,0.0,0.0,0.01556430796603412,0.0,0.0164115278503992,0.005458851139748097,0.0017911633448591576,0.0,0.0,0.0,0.0027199730691314854,0.020357950751080302,0.013915293913805542,0.020676947886829302,0.015688065022658692,0.0,0.0,0.0008823244294979005,0.0,0.0,0.016164147479408753,0.01605070885248744,0.0,0.0,0.0033191288883812425,0.008878868028586872,0.0,0.0,0.0008161117960167639,0.013611526109716953,0.010584474847255604,0.015626226624677917,0.014840154837993124,0.0,0.0,0.0,0.0,0.0,0.014717412111604976,0.004032109808189448,0.0,0.012176430913216352,0.07162417860316943,0.0036475932768325566,0.014082832317159193,0.0,0.0,0.006924209264170659,0.010415785150200708,0.002215950741088701,0.0,0.0,0.0,0.017117091224041526,0.013195094501756799,0.02546579024169681,0.0,0.0,0.0,0.0,0.0,0.0,0.0012248838143453017,0.0,0.006072865460771236,0.039113775776175475,0.0,0.018131407162072358,0.0,0.0,0.01272370084064567,0.0,0.0,0.018856810092968444,0.0,0.01913916604659673,0.0027870890375564735,0.0,0.0,0.0,0.0,0.0,0.016561425477854438,0.0,0.0,0.0,0.01488564699448626,0.0,0.0,0.0,0.0,0.0,0.0,0.005741467801599185,0.004190757630996326,0.0,0.0,0.0,0.026110572304686327,0.00949225121047563,0.0,0.0,0.006896234030513001,0.0,0.011153619080062013,0.0,0.0,0.0,0.0,0.026616370578743487,0.00999733954947847,0.0,0.002403613267402254,0.016070625352071013,0.0,0.03189569648188878,0.0,0.0,0.0051900768620527565,0.0,0.0,0.0,0.012856164924480665,0.0,0.0,0.013072274395362626,0.0,0.01005323073283103,0.00856180787964623,0.0,0.0,0.0,0.0,0.0,0.0,0.0,0.0,0.03186214907473681,0.0,0.0,0.005412125084872392,0.008319932147622356,0.0,0.0,0.011902955161630802,0.005177317394184887,0.0,0.0,0.0,0.0013620197064185358,0.005264939817185791,0.0,0.0,2.3811171208108698e-05,0.0012253526143518624,0.0,0.0,0.006978493541099349,0.008749349586681655,0.0,0.0,0.036871904788989995,0.013142086598628087,0.028083053585788578,0.010002732751262134,0.013449277724447407,0.012164665583560006,0.02326802067840632,0.0
LFQ intensity D3_9,0.0,0.0,0.0,0.0,0.0015567743795106787,0.0,0.0031145570100741984,0.007608291489273001,0.0,0.0,0.014766294510044365,0.0,0.017861301145853832,0.004259212897044661,0.0030493698922846525,0.0,0.0006416200337441554,0.0,0.001763349972456196,0.019071482902422013,0.014388821535908893,0.019007084887662295,0.014840410096218972,0.0,0.000309902503474509,0.0008801928719002492,0.0,0.0,0.018332867494484855,0.012790959930252255,0.0,0.0,0.003669097235284616,0.004132420948643622,0.0,0.0,0.0007257301378192977,0.013988652633347693,0.012087858968363762,0.021103986935821658,0.011632228765535676,0.0,0.0,0.0,0.0,0.0,0.015516185538294203,0.006058832056080793,0.0,0.015465921931914439,0.07075899573122146,0.0,0.016915431866315042,0.0,0.0,0.004938420479877411,0.007990503126228623,0.0018238109170149652,0.0,0.0,0.0,0.0201159234218469,0.015734529871722004,0.0186584419172199,0.0,0.0,0.0,0.0,0.0,0.0,0.0,0.0,0.0027144554805786543,0.03909258162521859,0.0,0.01836625306955134,0.0,0.0,0.014427877606573743,0.0,0.0,0.020777586580336325,0.0,0.02278587729775453,0.00019020457659126448,0.0,0.0,0.0007021534160994122,0.0,0.0,0.015623844175270829,0.0,0.0,0.0,0.011382322744889964,0.0,0.0,0.0,0.0,0.0,0.0,0.005303479377927798,0.003751722048068117,0.0,0.0,0.0,0.026292518702889952,0.010001630661813827,0.0,0.0003767476738351488,0.00928866112670694,0.0,0.008456209594809581,0.0,0.0,0.0,0.0,0.02922804933050092,0.012908750047795802,0.0,0.000258462969496094,0.01462068931788785,0.0,0.028438868025398273,0.0006927024794793513,0.0,0.0062996608195804655,0.0,0.0,0.0,0.014869366872935469,0.0,0.0017878790160551013,0.015358961060521302,0.0,0.011910915019811065,0.0028951018019255878,0.0,0.0,0.0,0.0,0.0,0.0,0.0,0.0,0.036446465231733796,0.0,0.0,0.004385027213767458,0.012336113482109248,0.0,0.0,0.005747243165419257,0.004732425548119568,0.0,0.0,0.0,0.0,0.00866246962175252,0.0,0.0,0.0019330453008219847,0.0,0.0,0.0,0.006371609199414778,0.01037489585900349,0.0,0.0,0.04011471946699609,0.012600050346010881,0.03250993690993923,0.01617466275732536,0.006746956566791306,0.015305327797501276,0.02119605297782857,0.0
LFQ intensity D4_1,0.0,0.0,0.007513297756557196,0.0,0.0023235228832881477,0.0,0.004175748023959275,0.010031227369472288,0.0,0.0,0.01573159308444722,0.0,0.013733890194726742,0.004290839484818887,0.0017460787998829343,0.0,0.0,0.0,0.003703750934076257,0.022096022928641736,0.014404574350158397,0.02065303960934948,0.010364411492756197,0.0,0.0,0.003132389410169154,0.0,0.0,0.016708151837998283,0.01773299299789586,0.0,0.0,0.007111845129511452,0.0,0.0,0.0,0.0011721063449897163,0.007776352686376616,0.011686762237468507,0.015315370087907699,0.011124999011805442,0.0,0.0,0.0,0.0,0.0,0.012803343015704923,0.006635319383344245,0.0,0.010254692152902574,0.07161552052516422,0.0,0.020322973778137618,0.0,0.00016299915423592431,0.008685788445204167,0.0,0.0,0.0,0.0,0.0,0.012031258521790931,0.010330750793304349,0.02865198322876203,0.0,0.0,0.0,0.0,0.0,0.0,0.0,0.0,0.010132003642363531,0.04390620893109685,0.0,0.016028305658519558,0.0,0.0,0.010580796047877466,0.0,0.0,0.025275546339192892,0.0,0.02125746560693754,0.0019856691074202053,0.0,0.0,0.0,0.0,0.0,0.01262858829534548,0.0,0.0,0.0,0.01844384681716876,0.0,0.0,0.0,0.0,0.0,0.0,0.006427258840814543,0.003585789938655897,0.0,0.0,0.0,0.02578163720343521,0.011180193983332578,0.0,0.000612674142383715,0.003859691047880758,0.0,0.006607792087810396,0.0,0.0,0.0,0.0,0.0301471046645214,0.01372002473278056,0.0,0.004719000440421007,0.017104432077957768,0.0,0.01820914384603192,0.0,0.0,0.006894806839702401,0.0,0.0,0.0,0.012032033312891238,0.0,0.0,0.013132190018774654,0.0,0.010184456314076043,0.006758999957958225,0.0,0.0,0.0,0.0,0.0,0.0,0.0,0.0,0.03001090730012299,0.0,0.0,0.01035093348190934,0.009572507507308786,0.0,0.0,0.011497509544863295,0.004907196767291269,0.0,0.0,0.0,0.02149470250097327,0.004293880696626988,0.0,0.0,0.0011924939738513812,0.001296673358651742,0.0,0.0,0.008146785244923507,0.0,0.0,0.0,0.032924402628294096,0.01738925567720088,0.03094113639827545,0.011490821058784878,0.009853771543584267,0.01327462109872091,0.026143145668458004,0.0
LFQ intensity D4_10,0.0,0.0,0.004797231624232361,0.0,0.0,0.0,0.0,0.009340540796604402,0.0,0.0,0.014590816557800378,0.0,0.014318898572427217,0.004301719326132261,0.0017996274266626226,0.0,0.0008707197351515082,0.0,0.0021701773425980954,0.017943697921686017,0.014928609009386428,0.0219178963609576,0.01726024301661997,0.0,0.0026070959893024666,0.0,0.0,0.0,0.015847429632476605,0.01640260255070667,0.0,0.0,0.003957369330870546,0.0,0.0,0.0,0.0026755144413733007,0.015253333406819579,0.008708297881524283,0.02213415023519462,0.012852634522961395,0.0,0.0,0.0,0.0,0.0,0.012887492904870894,0.0008164200769580133,0.0,0.0097236462316912,0.06299973466403257,0.0,0.022754567421889152,0.0,0.00416920316468298,0.0072278433843886445,0.011116197725707225,0.003473121766650227,0.00034710490312036093,0.0,0.0,0.013454964213764662,0.01547009136712311,0.025465645908041627,0.0,0.0,0.0,0.0,0.0,0.0,0.0,0.0,0.011595802783915574,0.032958706359340326,0.0,0.01521185230902834,0.0,0.0,0.010340848367927775,0.0,0.0,0.02425111535761278,0.0,0.021389301040909477,0.006128371024710962,0.0,0.0,0.0,0.0,0.0,0.017113172834187795,0.0,0.0,0.0,0.015512373178352397,0.0,0.0,0.0,0.00298721334066714,0.0,0.0,0.005969712981773349,0.0010058278121714969,0.0,0.0,0.0005286900546586265,0.024994410026246597,0.011373207090590927,0.0,0.00018876358047244094,0.007314750991382524,0.0,0.012755218268258638,0.0,0.0,0.0,0.0,0.026813831353564976,0.015569900399473506,0.0,0.0025595090999775438,0.013129491352709148,0.0,0.027533157835100838,0.0,0.0,0.007289146992628789,0.0,0.0,0.0,0.010317082405123459,0.0,0.0,0.01389623302199727,0.0,0.00961157374594294,0.005573817295273708,0.0,0.0,0.0,0.0,0.0,0.0,0.0012785714357414443,0.0,0.03521462832871459,0.0,0.0,0.013785188859479488,0.012562200071584506,0.0,0.0,0.010167426001708824,0.004744884328828001,0.0,0.0,0.0,0.0,0.0,0.009000434540527446,0.0,0.0,0.0,0.0,0.0,0.0033444650620831143,0.011168908077938296,0.0,0.0,0.03269773557429498,0.01361147977739345,0.03351308486019108,0.009823280328401799,0.005085674643530894,0.01203783610205443,0.023466481689119207,0.0
LFQ intensity D4_11,0.0,0.0,0.002891547400329437,0.0,0.012432620744783643,0.0,0.0,0.000678638158580792,0.0,0.0,0.015743559368262786,0.0,0.015945366010176137,0.00569268118469548,0.002308639328342452,0.0,0.0,0.0,0.0033648968073578746,0.025847549393369206,0.011822615655692792,0.020815703116033847,0.01732858474305762,0.0,0.0,0.00043436238640120626,0.0,0.0,0.015099413837659678,0.018476330169361697,0.0,0.0,0.010740779367247657,0.002038497943963603,0.0,0.0,0.0007637537944783855,0.00963166874536304,0.009804076162281601,0.023492492345893824,0.013089969114018316,0.015070822328309587,0.0,0.0,0.0011122278141707928,0.0,0.004190056210023094,0.00017092885008179913,0.0,0.012098566945645003,0.07225801118363104,0.0,0.023121388451818877,0.0,0.0,0.00450254125336071,0.0056508175519954205,0.0,0.0,0.0014412585101688836,0.0,0.017979468929637307,0.005244148085872367,0.026849394360997588,0.0,0.0,0.0,0.0,0.0,0.0,0.0,0.0023423159346231694,0.0038827726576339764,0.03883567872186141,0.0,0.006130772354843689,0.0,0.0032399225194816323,0.011216132186219854,0.0,0.0,0.031818496734280804,0.0,0.01578683003659895,0.0,0.0,0.0,0.0,0.0,0.0,0.010923467132877031,0.0,0.0,0.0,0.020829019578794197,0.0,0.0,0.0,0.0,0.0,0.0,0.0031351433706812526,0.001040030624453447,0.0,0.0,0.008485007133209084,0.013682077490414737,0.005826981809056844,0.0,0.0,0.003535659558433299,0.0,0.008773148211289876,0.0,0.0,0.0,0.0,0.02808796874551541,0.014489037713875249,0.0,0.004011993351223461,0.011892143852613462,0.0,0.03592574963581794,0.0,0.0,0.006205547025704398,0.0,0.0,0.0,0.007156357320245592,0.0,0.0,0.015512422630642128,0.00045780979924952116,0.013631252456358519,0.004317762178830914,0.0,0.0031155725942629323,0.0,0.0,0.0,0.0014933478646438551,0.003454692467227377,0.0,0.03187411677438726,0.0,0.0,0.009027071711614492,0.016803964210910034,0.0,0.0,0.0070504498107806105,0.003887377544567068,0.0,0.0,0.0,0.0,0.00973554591766136,0.0,0.0,0.0024500201456582244,0.0,0.0006282162290950883,0.0,0.005554881982227395,0.007102262861491336,0.0,0.0,0.030066096006781968,0.010754664702595715,0.035685125364302454,0.010063339810165156,0.011230653475487747,0.012312304158665006,0.028405419349581525,0.0
LFQ intensity D4_12,0.0,0.0,0.007272889786404958,0.0,0.008819216718281717,0.0,1.6563272914790912e-19,0.0010626446166728772,0.0,0.0,0.013662264548810936,0.0,0.015868110909790283,0.004590402768460396,0.002138002779717105,0.0,0.0,0.0,0.0028017917577992917,0.018932888961979418,0.013725699909170311,0.014834140805923393,0.01606349800772516,0.0,0.0,0.0,0.0,0.0,0.011815501383841654,0.0202897709326563,0.0,0.0,0.003795570818446786,0.0,0.0,0.0,8.190938777418755e-05,0.007408404321900804,0.008190807617570937,0.029637928073867954,0.015903343415503937,0.015460802420669427,0.0,0.0,0.00015366350473862636,0.0,0.004938209634048453,0.0,0.0,0.009493445985124355,0.07340219349608032,0.0,0.02510384496866319,0.0,0.0,0.0005019026416286488,0.005915650531223275,0.001784015654563368,0.0,0.001066319250486442,0.0,0.016441561969722053,0.013797683586426825,0.031581760697504964,0.0,0.0,0.0,0.0,0.0,0.0,0.0,0.0006179361424826323,0.00229280753309844,0.037178311557853144,0.0,0.006733298106537439,0.0,0.0014790205725994372,0.01091371766446032,0.0,0.0,0.023632509800505536,0.0,0.020853550526692605,0.0060031881329121566,0.0,0.0,0.0,0.0,0.0,0.014835794771759222,0.0,0.0,0.0,0.01894145696775215,0.0,0.0,0.0,0.0017796209573205527,0.0,0.0,0.0023134625256575458,7.373788522450359e-05,0.0,0.0,0.0061616590344545285,0.014152259852419196,0.010410712140025886,0.0,0.0,0.008934180940576228,0.0,0.00881067648952517,0.0,0.0,0.0,0.0,0.03168621031585447,0.01297193927462479,0.0,0.005055740917994599,0.00998262007996196,0.0,0.030932886958943216,0.0,0.0,0.005129918235099632,0.0,0.0,0.0,0.006056001553147419,0.0,0.0,0.01303265086270573,0.0,0.014077378535842101,0.008417405369978375,0.0,0.0005414111285788418,0.0,0.0,0.005455051072092474,0.0008682062265628963,0.00401527060448675,0.0,0.032598427316789046,0.0,0.0,0.007641808282626065,0.013002791441096711,0.0017500418390401656,0.0,0.011746912669535415,0.004677891477746807,0.0,0.0,0.0,0.0,0.007072400493249808,0.0,0.0,0.003189148591373456,0.0,0.0,0.0,0.00645317764100209,0.016333780943650657,0.0,0.0,0.035499599803698476,0.010694280923015987,0.037106731829102166,0.009020376881074689,0.008719427550729205,0.010526114837729805,0.023090652877631093,0.0
LFQ intensity D4_2,0.0,0.0,0.009270224460604139,0.0,0.0054387123658652505,0.0,1.7390922734008794e-19,0.0003448062586246162,0.0,0.0,0.014100797723954362,0.0,0.013836168675746968,0.004827771115855331,0.0015108078478433616,0.0,0.0028928285944822053,0.0,0.0032943590623165002,0.022293318715858334,0.01701288318220355,0.017965462586932348,0.015236438121825341,0.0,0.0020866815985261917,0.003207593143308574,0.0,0.0,0.01738018072640678,0.014364320019255854,0.0,0.0,0.006391933552569989,0.0,0.0,0.0,0.0019747361385606082,0.016335613709936928,0.00913800538710659,0.02095694443855203,0.009445578682993415,0.0,0.0,0.0,0.0,0.0,0.014170717141633694,0.0021822609988337454,0.0,0.010754630096348946,0.07087423636872865,0.0,0.022327170384580153,0.0,9.632093784647137e-05,0.0,0.0072833147005595955,0.0024071192482939597,0.0,0.0,0.0,0.019256739086633255,0.015728032141718886,0.028693252838741724,0.0,0.0,0.0,0.0,0.0,0.0,0.0,0.003643007393773891,0.0,0.037523905327446365,0.0,0.01908445079329565,0.0,0.0,0.01443953130429987,0.0,0.0,0.020844054952308656,0.0,0.020441337098494546,0.0,0.0,0.0,0.0034777222976874597,0.0,0.0,0.014466735549405963,0.0,0.0,0.0,0.013816526911744205,0.0,0.0,0.0,0.004906250947186639,0.0,0.0,0.006085013128056842,0.009408007751428964,0.0,0.0,1.0313876589363594e-05,0.028536711198086272,0.010463726864328216,0.0,0.00014737309371115671,0.0120880147940793,0.0,0.00918188350480234,0.0,0.0,0.0,0.0,0.028114794028193144,0.011021957201708394,0.0,0.0027347760647657947,0.01886411183893357,0.0,0.03118541020784659,0.00026020401361127697,0.0,0.0011254555726802735,0.0,0.0,0.0,0.008075781727316631,0.0,3.21881730796858e-05,0.01177483697792637,0.0,0.010961751958921394,0.005998759176856273,0.0,0.0,0.0,0.0,0.0,0.0,0.0007205462772030933,0.0,0.03033744504471173,0.0,0.0,0.003951918406286678,0.011423254128881111,0.002727150042533777,0.0,0.008601462149749585,0.0038598397188251894,0.0,0.0,0.0,0.0,0.005042907844006052,0.0,0.0,0.004936354647470844,0.0,0.0,0.0,0.004685911096422832,0.0,0.0,0.0,0.03702488004495998,0.012533077347110018,0.031739119664068595,0.016786936663299765,0.007867745845031403,0.01176199954770598,0.024204897749919938,0.0
LFQ intensity D4_3,0.0,0.0,0.004837424155926067,0.0,0.004732000854835803,0.0,0.0,0.009445811001024105,0.0,0.0,0.01707913331975965,0.0,0.01132679912660171,0.004120828669435196,0.0017171097920547712,0.0,0.0,0.0,0.001912848779415138,0.02394206447432274,0.014314417940317159,0.020885648482248855,0.012914040679537706,0.0,0.00044888478620789315,0.0028400742126089454,0.0,0.0,0.015165070635093453,0.016191782645135495,0.0,0.0,0.006759327663748966,0.0,0.0,0.0,0.0006631992357776321,0.008661110401637612,0.009492077234987014,0.018935005152420088,0.011433009133014463,0.0,0.0,0.0,0.0,0.0,0.013021592122975373,0.0031343523332954216,0.0,0.008175270172041777,0.0700492976438435,0.0,0.01852648056070259,0.0,0.0030217926313381768,0.0017029166278434797,0.009751456924751356,1.877522585632262e-05,0.0,0.0,0.0,0.01373814278120504,0.012182819626711494,0.030900462948751792,0.0,0.0,0.0,0.0,0.0,0.0,0.0,0.003917334225727971,0.000865835436316383,0.03819866722931017,0.0,0.016547205129538164,0.0,0.0,0.013904924282547563,0.0,0.0,0.022673543748219303,0.0,0.01956776976435359,0.00209386012806931,0.0,0.0,0.0,0.0,0.0,0.01441599160249049,0.0,0.0,0.0,0.018697361884465576,0.0,0.0,0.0,0.0,0.0,0.0,0.0032289088721743275,0.004936884074176888,0.0,0.0,0.0,0.02697020490114201,0.013362138059242417,0.0,0.0,0.006152012428193715,0.0,0.01155703122262576,0.0,0.0,0.0,0.0,0.03140204295803608,0.012964799185676062,0.0,0.003757646223259611,0.015555238765933597,0.0,0.019967879501016927,0.0,0.0,0.0067848280691082076,0.0,0.0,0.0,0.010965516308712812,0.0,0.0,0.011997936814072444,0.0,0.011260910433957067,0.00812855918914418,0.0,0.00010027657182991481,0.0,0.0,0.0,0.0,0.0,0.0,0.028049554997178493,0.0,0.0,0.006997017597013743,0.011987300502647283,0.0010879752617651175,0.0,0.011826974650779393,0.00466029542332503,0.0,0.0,0.0,0.01665383716415158,0.007834537992214827,0.0,0.0,0.00538785774081676,0.0006142371366089064,0.0,0.0,0.009983948238835307,0.0,0.0,0.0,0.03777671276022607,0.014148787766286721,0.03040249749501914,0.014235564208403087,0.011697242617027582,0.011491717541570924,0.023147605921362717,0.0
LFQ intensity D4_4,0.0,0.0,0.009551739199057645,0.0,0.0,0.0,0.002664178308387204,0.00860250327995062,0.0,0.0,0.014029114816818514,0.0,0.01683235820683693,0.004563406026104063,0.001380299976165931,0.0,0.0006513470544717172,0.0,0.0038644811781216068,0.020976735258863947,0.014870487086199348,0.02143522199328089,0.01407441632438794,0.0,0.0,0.0,0.0,0.0,0.013164770774908177,0.016446541146154046,0.0,0.0,0.005039307428524183,0.004128651887803452,0.0,0.0,0.0018047224801144767,0.014866230717831,0.0071723873436541,0.02077656566460925,0.014366894031931227,0.0,0.0,0.0,0.0,0.0,0.01141509806619497,0.011249744480950584,0.0,0.007343619214889133,0.05935786532697283,0.0003255729609242222,0.022315853863186814,0.0,0.00032748452699400346,0.0038253668206993377,0.007869784613473926,0.0028818114652679892,0.0,0.0,0.0,0.013902215403487893,0.013343952660631108,0.025785959312777322,0.0,0.0,0.0,0.0,0.0,0.0,0.001275916369402166,0.0,0.0069199272890594745,0.0347729189001008,0.0,0.014350427565527854,0.0,0.0,0.013068332745614345,0.0,0.0,0.021421966865102112,0.0,0.01754564767113538,0.002815449960030885,0.0,0.0,0.0,0.0,0.0,0.01473633179607949,0.0,0.0,0.0,0.015927627750724763,0.0,0.0,0.0,0.003007657910345143,0.0,0.0,0.005916789860665685,0.005266439304809035,0.0,0.0,0.00044267019633811237,0.0260422651889194,0.010375462958275832,0.0,0.0015239661310182471,0.011535578740427889,0.0,0.008307888709359184,0.0,0.0,0.0,0.0,0.030225290712567025,0.01348403919259582,0.0,0.003259282614199629,0.016410293396182846,0.0,0.02610038950616325,0.0,0.0,0.005416528833676083,0.0,0.0,0.0,0.009607262810915068,0.0,0.0013408087513239282,0.011885815222702552,0.0,0.014294345166787466,0.006754629672713248,0.0,0.0,0.0,0.0,0.0,0.0,0.004319079277944587,0.0,0.03076985579557385,0.0,0.0,0.00840766983824937,0.013040570472445277,0.0,0.0,0.009634437424324738,0.004538321680933476,0.0,0.0,0.0,0.0,0.0022621822008064463,0.011789132264228631,0.0,0.0,0.0,0.0,0.0,0.008759294812835544,0.006384365085382353,0.0,0.0,0.03701245661906701,0.013645133637420185,0.031042800117819548,0.014885045681728984,0.004154336892532694,0.01141257695105414,0.022704100554264146,0.0
LFQ intensity D4_5,0.0,0.0,0.0092488471034616,0.0,0.0027051525938637556,0.0,3.498350875346798e-19,0.0033228915052937527,0.0,0.0,0.011503085853323844,0.0,0.01629535828046569,0.005552179671064113,0.002217319255019116,0.0,0.0,0.0,0.0037676125581082415,0.02361639945169285,0.014947727973300634,0.01688266535184437,0.0143568753669668,0.0,0.0,0.003085038814821122,0.0,0.0,0.017419354800610715,0.015379197959446636,0.0,0.0,0.002774926601647724,0.0013247493205389535,0.0,0.0,0.0023437244146263234,0.013121308492990195,0.0071776880013682655,0.023693579028895954,0.011520306747117468,0.0,0.0005781872621241175,0.0,0.0,0.0,0.010829620921569251,0.0,0.0,0.010352664587840591,0.061794578293180254,0.0,0.025017070406713422,0.0,0.0,0.0,0.010241100647895927,0.0005014364293899439,0.0,0.0,0.0,0.015683715756456582,0.013918942665412786,0.028313116076946733,0.0,0.0,0.0,1.571953827458257e-05,0.0,0.0,0.0,0.0,0.011809364600971777,0.033395403728344916,0.0,0.017121328383530934,0.0,0.0,0.014298931640296542,0.0,0.0,0.020320399374156903,0.0,0.017776825241609423,0.004535287848382085,0.0,0.0006190606027690095,0.006596348736669467,0.0,0.0,0.015057666061706916,0.0,0.0,0.0,0.013073889823774856,0.0,0.0,0.0,0.0046948109041740705,0.0,0.0,0.007399365545312196,0.00887910217321088,0.0,0.0,0.0008556633255137292,0.027482032917595087,0.010545667088114323,0.0,0.0021038737772172767,0.0015481311171500229,0.0,0.004875704460530267,0.0,0.0,0.0,0.0,0.032033278362271836,0.00985014090403273,0.0,0.007102358635596949,0.01550837312044552,0.0,0.029420236002966994,0.0,0.0,0.0030515050155143783,0.0,0.0,0.0,0.004099771887277701,0.0,0.0,0.011440013995276773,0.0033444172110705865,0.015310579804996885,0.005257958612447684,0.0,0.002843907921152903,0.0,0.0,0.00011598028376415723,0.0,0.0027734877640487143,0.0,0.030995021158323276,0.0,0.0,0.011328072526137475,0.012055132100623056,0.00043226529225131027,0.0,0.01046798603052737,0.0035625365841829224,0.0,0.0,0.0,0.0,0.0004884985346519688,0.0062180016847073645,0.0,0.0,0.0,0.0033955569531249697,0.0,0.01295465810938655,0.004286836723933882,0.0,0.0,0.037808652477768594,0.01763799809026472,0.03318090201464728,0.015481982082504574,0.004784276535119348,0.011377408759350125,0.018901205738328496,0.0
LFQ intensity D4_6,0.0,0.0,0.007299376398468644,0.0,0.003724015503044016,0.0,1.0219834869056511e-19,0.006624112855055416,0.0,0.0,0.014268532515859463,0.0,0.01622872085923416,0.005297873050384588,0.0011537395432387528,0.0,0.0005576678842261081,0.0,0.002844959338395062,0.02163932164599242,0.01228746612210799,0.015221968435253114,0.014404920045256859,0.0,0.0,0.00017874393017994685,0.0,0.0,0.0172074533236951,0.016690202130684385,0.0,0.0,0.0032212451153389153,0.0005873157177644213,0.0,0.0,0.0019292422294704453,0.013019768126043526,0.008408647589215902,0.025720294278018824,0.00874914560917436,0.0,0.0,0.0,0.0,0.0,0.01423354714190027,0.009581873852930592,0.0,0.004337139241556756,0.07110725767685695,0.0,0.021734889149864406,0.0,0.0,0.004507868885384571,0.011480818303167273,0.0011868819363749057,0.0,0.0,0.0,0.012868129883281842,0.011041714272886334,0.025232920726712266,0.0,0.0,0.0,0.0,0.0,0.0,0.003861949499417506,0.0,0.0009011698488803577,0.03780455231886321,0.0,0.015154182793417096,0.0,0.0,0.01312478013994638,0.0,0.0,0.02176668849559882,0.0,0.01943580026967385,0.0,0.0,0.0,0.0029519032506133765,0.0,0.0,0.015898426641341133,0.0,0.0,0.0,0.017490685092499077,0.0,0.0,0.0,0.0023679277630120955,0.0,0.0,0.005854038274009427,0.00622711517825556,0.0,0.0,0.00457825260583835,0.023552599596410942,0.011270944262032156,0.0,0.0008231073219407364,0.009705488765929948,0.0,0.007820999642585615,0.0,0.0,0.0,0.0,0.024122783174234164,0.012501481282593076,0.0,0.004970415594439427,0.014403276122548391,0.0,0.016244032017335763,0.0,0.0,0.004185116523159077,0.0,0.0,0.0,0.011717347450744656,0.0,0.0,0.012986442107049334,0.0042365127545348,0.015846638124447438,0.004487641652256122,0.0,0.0,0.0,0.0,0.0,0.0,0.0,0.0,0.03162034685809303,0.0,0.0,0.005732728103240577,0.012870237605305236,0.0,0.0,0.010160547738234651,0.00612553991802422,0.0,0.0,0.0,0.014845315654979057,0.006066309464707203,0.0,0.0,0.0030215021752564046,0.0,0.004193738302241748,0.0,0.00805676535527464,0.0,0.001407529597821634,0.0,0.03934994794751479,0.014649708871682009,0.030483010922178266,0.012089252703015842,0.01320535634987474,0.011283791313057501,0.023968299238871994,0.0
LFQ intensity D4_7,0.0,0.0,0.004477456274342378,0.0,0.004018953627546801,0.0,0.0008137702246852277,0.006637668143974893,0.00075146588188105,0.0,0.011623057666770851,0.0,0.013114810587191123,0.004743944716740981,0.0021311017487840238,0.0,0.0021214100897567465,0.0,0.0019233321060278705,0.02193289581238228,0.012107442421305145,0.017399573430507582,0.012486822123517717,0.0,0.0,0.0,0.0,0.0,0.014873300812336749,0.015361380813653416,0.0,0.0,0.00903378149453914,0.0,0.0,0.0,0.0,0.01104370128349511,0.010480406668719423,0.01461263626963573,0.012944844049071714,0.0,0.0,0.0,0.0,0.0,0.01778100580255664,0.010854055967076408,0.0,0.009910708648064849,0.07181250229740595,0.0008396546881576954,0.017508390189886543,0.0,0.0,0.0019576423825016726,0.0031756143600496383,0.0009101714844969827,0.0,0.0,0.0,0.01833016625106397,0.012470872875894618,0.026292887326174654,0.0,0.0,0.0,0.0,0.0,0.0,0.0,0.0025611015270841074,0.0,0.040847909439857166,0.0,0.016263374647429957,0.0,0.0,0.01562115629573831,0.0,0.0,0.023338764505464044,0.0,0.019631894191730906,0.0,0.0,0.0,0.0020183114800016114,0.0,0.0,0.013801867746596442,0.0,0.0,0.0,0.01945195369938012,0.0,0.0,0.0,0.0,0.0,0.0,0.005520766488344171,0.006564554824590157,0.0,0.0,5.6646863703800205e-05,0.02640341208226307,0.009661480950761277,0.0,6.1536929883192014e-06,0.008155858434593804,0.0,0.006496913977599668,0.0,0.0,0.0,0.0,0.02836563231397759,0.01685063127671103,0.0,0.002869174100626883,0.016418875898549158,0.0,0.030249571676057574,0.0,0.0,0.008337057049439711,0.0,0.0,0.0,0.013354679330053382,0.0,0.0,0.011284594165777612,0.0,0.01609178928391453,0.006988933471605034,0.0,0.00012605486139896183,0.0,0.0,0.0,0.0,0.0,0.0,0.032872041698113835,0.0,0.0,0.004642322479276604,0.00979395010239118,0.0,0.0,0.006806039450363033,0.006348887854943105,0.0,0.0,0.0,0.0,0.009807246825396115,0.0,0.0,0.001966010075978497,0.0,0.0038908333583855693,0.0,0.00833543883620062,0.008554845324847737,0.0,0.0,0.036447198987356856,0.012548968757652922,0.03427438124340108,0.009385239777108508,0.013229285641151632,0.011167608452597297,0.02611315833840143,0.0
LFQ intensity D4_8,0.0,0.0,0.0,0.0,0.005012810937306406,0.0,1.1715284752963104e-19,0.001107524187063252,0.00039792661446367043,0.0,0.012455078204171133,0.0,0.015210609382047687,0.0038450608407982296,0.003066905045377138,0.0,0.0,0.0,0.003909260459915055,0.02156902571995242,0.01221765199466532,0.01552504657949042,0.017945240182463212,0.0,0.0041706455374697785,0.0,0.0,0.0,0.013430166023951565,0.013408454029205633,0.0,0.0,0.0013006922362618254,0.0,0.0,0.0,0.00225970819747129,0.013708532758740056,0.011429788750666978,0.02627210863222008,0.014311225450689854,0.013740635327894173,0.0,0.0,0.006002530745930323,0.0,0.008478359274567904,0.0077803047072645135,0.0,0.009771156493832547,0.06201452589667089,0.0,0.020075470932189077,0.0,0.003143576295683976,0.01321639527152897,0.006499161372719131,0.0022187807858675425,0.0,0.0,0.0,0.01611041754496119,0.010300790891427554,0.022173853778107846,0.0,0.0,0.0,0.0,0.0,0.0,0.0026721624928959993,0.0,0.014849479481699724,0.04067432583398049,0.0,0.004502093714949229,0.0,0.0016940050978707893,0.007884892569401213,0.0,0.0,0.01819393352249318,0.0,0.016019672983731477,0.0,0.0,0.0,0.0,0.0,0.0,0.012715244468355773,0.0,0.0,0.0,0.013705596124330342,0.0,0.0,0.0,0.0032258773309622028,0.0,0.0,0.004315512683076699,0.004361665053723667,0.0,0.0,0.005118741565331153,0.01566901066961438,0.012721565940768415,0.0,0.0,0.009741586791891329,0.0,0.009674461188595362,0.0031332974596994766,0.0,0.0,0.0,0.02688331404699267,0.014553171881119247,0.0,0.003967956157427163,0.012076265364911784,0.0,0.029008743508161912,0.0,0.0,0.0075864127909055406,0.0,0.0,0.0,0.008025987417693331,0.0,0.0,0.01731856746264746,0.0,0.019275346612778646,0.00849101301068196,0.0,0.0,0.0,0.0,0.0,0.004614970291061292,0.002558589078610291,0.0,0.035076178137074004,0.0,0.0,0.006472006955151718,0.011906075092824236,0.0007862824572211232,0.0,0.011183369369926753,0.0018703684296785407,0.0,0.0,0.0,0.0,0.00676155176224193,0.005640635335972131,0.0,0.0,0.0,0.0,0.0,0.0038812107326131507,0.016596425039209654,0.0,0.0,0.03992842139138479,0.01372604453005638,0.03219168561919304,0.0024421750040581843,0.006406242631807658,0.01338641402203911,0.022432029810148656,0.0
LFQ intensity D4_9,0.0,0.0,0.004670905779965128,0.0,0.011149760182819136,0.0,6.049670368862244e-20,0.0009273674274021517,0.0,0.0,0.011262756995768224,0.0,0.011911723084179138,0.004873856405129632,0.0002755582255874076,0.0,0.0,0.0,0.0023820671776021802,0.022805951961031343,0.013172672076610622,0.016406289914190745,0.017721223727351198,0.0,0.0,0.0030537004647578207,0.0,0.0,0.011045610617981982,0.0174682541316457,0.0,0.0,0.00450466228018506,0.0,0.0,0.0,0.0,0.013323281083940644,0.008696863314352734,0.024039957036742325,0.014594397988976417,0.014206031997318702,0.0,0.0,0.0,0.0,0.00788928031539677,0.011434709671621194,0.0,0.0077083429019667,0.07317168000087264,0.00038919338993862666,0.0193368024565797,0.0,0.0,0.020341325854793472,0.0,0.00014139264455565964,0.0,0.0,0.0,0.010185669576555775,0.012042668992299617,0.020317489298424772,0.0,0.0,0.0,0.0,0.0,0.0,0.0,0.0,0.0037280077231590073,0.04383523680962721,0.0,0.00797190101784077,0.0,0.0031302521624803174,0.012521463505347347,0.0,0.0,0.02277527044612653,0.0,0.019009781838491432,0.0,0.0,0.0,0.0,0.0,0.0,0.013568926295411565,0.0,0.0,0.0,0.016808712875416625,0.0,0.0,0.0,0.004374325171621117,0.0,0.0,0.003702344832296186,0.00330062103743577,0.0,0.0,0.006252075278130324,0.013606443708213112,0.006841703715580479,0.0,0.0,0.007605354612639047,0.0,0.009557858256775447,0.00040880366952393717,0.0,0.0,0.0,0.02993024249861568,0.016785003918729616,0.0,0.0030264337919473313,0.014248351963319469,0.0,0.014107581352872853,0.0,0.0,0.008322629329173277,0.0,0.0,0.0,0.00912704020384696,0.0,0.0,0.01424683599883776,0.0,0.01431968778624404,0.007057791613525924,0.0,0.0,0.0,0.0,0.0,0.0021770473259586694,0.002118946551566155,0.0,0.0337693048548078,0.0,0.0,0.009870973939163996,0.012945732898346572,0.00043140892442285726,0.0,0.007728443597479932,0.005636889102497448,0.0,0.0,0.0,0.01595087754905243,0.006874747765311034,0.0,0.0,0.001970360661244444,0.0,0.0013588719444419398,0.0,0.00958680731611818,0.0071923210790188425,0.0,0.0,0.03532320563311791,0.015348733783373187,0.03811272224354385,0.01063898638160648,0.008397087306192944,0.011766208423635356,0.021178194329327618,0.0
LFQ intensity D5_1,0.0,0.0,0.010807970978794292,0.0,0.0,0.0,0.0,0.0009897817770057687,0.0,0.00815712607474124,0.009283163572920371,0.0,0.008384421188146576,0.005673009234548745,0.0009352321718184642,0.0,0.004571743845050961,0.0,0.004765916155974714,0.016212242884764545,0.011631126383865494,0.010261981310993446,0.008024246779649335,0.0,0.0005829203035293947,0.005179596817487301,0.0,0.0,0.010903658283611718,0.013924427119772768,0.0,0.0,0.0045210952931138875,0.0,0.0,0.0,0.0,0.012583178216734494,0.008092172352627502,0.03467574230852649,0.015643179129613768,0.0,0.0,0.0,0.001560924263385583,0.0,0.01090810277569241,0.005081942007647482,0.0,0.0018536505221890352,0.07152965000223682,0.0,0.028396607395397937,0.0,0.0,0.0041493339132324695,0.0,0.0031117698599657643,0.0,0.0,0.0,0.012396077306420044,0.01060005058904998,0.03495176233744938,0.0,0.0,0.0,0.0,0.0,0.0,0.0,0.0013122006307016338,0.0012474799935409257,0.030540338368860376,0.0,0.012829625075650199,0.0,0.0,0.013024880025723766,0.0,0.0,0.02589523820033977,0.0,0.01651133087083755,0.004361761578854115,0.0,0.0,0.0,0.0,0.0,0.011258337505674055,0.0,0.0,0.0,0.012943155392376332,0.0,0.0,0.0,0.0,0.0,0.009111105489674103,0.0031267168907501493,0.009828051455789747,0.0,0.0,0.005140926097991168,0.02280107729483542,0.012964448868637296,0.0,0.0010911774018835627,0.0004616188153263311,0.0,0.008875767079621242,0.0,0.012671252254377884,0.0,0.0,0.029749055820496407,0.015521153248108351,0.0,0.008153133352100916,0.017770689315197135,0.0,0.018219492785644168,0.0031943819558289304,0.0,0.003921778848966541,0.0,0.0,0.0,0.0038501557531821235,0.0,0.0,0.013078929748630974,0.0,0.017003446997294436,0.010831562347553456,0.0,0.0,0.0,0.0,0.0031395240693222995,0.0,0.0,0.0,0.0278550120719284,0.0,0.0,0.0099952355757094,0.0153809021314883,0.0,0.0,0.015128091531002148,0.005449554331407727,0.0,0.005404245591309507,0.0,0.02001162588880266,0.004448678308059265,0.0,0.0,0.00777897449655684,0.0,0.0023132470768176673,0.0,0.008211381054838594,0.0,0.00646834777313295,0.0,0.024472832146385022,0.008226644120438017,0.030482060043350544,0.015839684985788596,0.0062618116383482796,0.011504136074539671,0.023993938470366953,0.0
LFQ intensity D5_10,0.0,0.0,0.009716606538642838,0.0,0.0018385823835846342,0.0,0.0,0.0035105892575074404,0.0,0.0059729818711294945,0.009513780341789218,0.0,0.006366653576592883,0.005346314042053865,0.0,0.0,0.003809032568127884,0.0,0.00489555673485229,0.018098331156514554,0.007883674872645349,0.016683236025266814,0.006949293513228628,0.0,0.002092025295548407,0.0016113524543510973,0.0,0.0,0.010575745226702049,0.013559047520283477,0.013509750368875839,0.0,0.004345190993755116,0.003886348279938184,0.0,0.0,0.0,0.014981329502885091,0.010537847723863984,0.03271987469178352,0.013642581446102116,0.0,0.0,0.0,0.003504320792451746,0.0,0.011035195602062602,0.008672235225573125,0.0,0.0,0.07424991341857068,0.0,0.02745142582611215,0.0,0.0,0.0,0.0,0.006511383740455044,0.0036850743699781276,0.0,0.0,0.009002346053519454,0.007992024736188577,0.032732311477294065,0.0,0.0,0.0,0.0,0.00019460926106850337,0.0,0.0,0.0,0.001042903263157676,0.03679285434003269,0.0,0.011422679900459866,0.0,0.0,0.013888050609810434,0.0,0.0,0.02615197428208033,0.0,0.01874686303992435,0.0036201655670634364,0.0,0.0,0.0,0.001337662337986157,0.0,0.01091178669854019,0.0,0.0,0.0,0.014717707845828612,0.0,0.0,0.0,0.0,0.0,0.00912638074837156,0.005789628704685851,0.007880769052601985,0.0,0.0,0.005490436323055421,0.021820393934545122,0.01189041798028304,0.0,0.0013956346063580313,0.003373843824295954,0.0,0.008626506928736124,0.0,0.012356281618128817,0.0,0.0,0.030823524095636875,0.01361099857834748,0.0,0.008718734605665435,0.017735678103392518,0.0,0.009596897117838744,0.0010078951324668855,0.0,0.008529428930196153,0.0008350157135687145,0.0032036383930909938,0.0,0.0025381242468721964,0.0,0.0,0.012954810234331116,0.0,0.018903146906518415,0.009683110146827467,0.0,0.0002714950124272476,0.0,0.0,0.0,0.0,0.0,0.0,0.02262495622629957,0.0,0.0,0.011558094826511312,0.015713873612845652,0.0,0.0,0.014034394357569122,0.0037770920492854036,0.0016958899348768193,0.004735413561402107,0.0,0.009565714841082042,0.0,0.0,0.0,0.009164467747711184,0.0,0.0011964037516075012,0.0,0.006010086329880908,0.008997771984618692,0.0,0.0,0.023711102359535947,0.008828996467623368,0.027311128696462197,0.013100215052088176,0.008723311394379322,0.013494898351595284,0.023884182742200794,0.0
LFQ intensity D5_11,0.0,0.0,0.007811976411639628,0.0,0.011382128137271753,0.0,0.0002591956329099468,0.0,0.0,0.0038764949237763777,0.007141918981450577,0.0,0.005927072108150237,0.005957419079351492,0.0019083913989484883,0.0,0.0,0.0,0.003455096167225672,0.01821686754492851,0.010760167561422942,0.00829251114313712,0.0047333253035166676,0.0,0.0010932666803696591,0.0,0.0,0.0,0.01290003679876715,0.013111782542311023,0.011964309748731833,0.0,0.0018830362818716975,0.0,0.0,0.0,0.0,0.01705062143152769,0.01033127654707565,0.0330867495394323,0.016547254400715257,0.017393175547208414,0.0,0.0,0.0,0.0,0.0058231485423157646,0.004561406147191591,0.0,0.0008916594447621743,0.07119293806020184,0.0,0.027555271181581024,0.0,0.0,0.0,0.0029780918296883206,0.00204046767372543,0.0,0.0020296558363632846,0.0,0.00832023980392688,0.0070501186459360835,0.03640065359608637,0.0,0.0,0.0,0.0,0.0,0.0,0.0,0.0,0.006565413156375859,0.03783405713916945,0.0,0.00974089167628139,0.0,0.006530479516271816,0.011099413084015087,0.0,0.0,0.025912936518966978,0.0,0.01835780399835905,0.005007679032701451,0.0,0.0,0.00016506426551979317,0.0,0.0,0.010550550728088044,0.0,0.0,0.0,0.01154074047249764,0.0,0.0,0.0,0.0,0.0,0.006534704334253852,0.002607992249439023,0.00717466163508266,0.0,0.0,0.00901344640138178,0.009356652458464116,0.01041394050474746,0.0,0.0,0.0,0.0,0.011533667587313253,0.002393579536594655,0.008964636061994194,0.0,0.0,0.035555773428860196,0.016474200797177985,0.0,0.007883909050321687,0.013693006698743706,0.0,0.010741429566554217,8.640872372202548e-05,0.0,0.00887173128033828,0.0006487905722207092,0.003531020881998185,0.0,0.0037924583708282464,0.0,0.0,0.011839952898429665,0.0,0.016065403518169968,0.010092738902593115,0.0,0.00014723100565343226,0.0,0.0,0.0,0.0,0.0012910460759596794,0.0,0.02754022864982737,0.0,0.0,0.013115975578688165,0.012554751213421072,0.0,0.0,0.014140397356336622,0.005691050909980286,0.000698434454490772,0.0016820079698450546,0.0,0.012611011020807684,0.0044237554600381245,0.0,0.0,0.00783471438233139,0.0,0.0,0.0,0.009761676771704218,0.006751697347521915,2.3046048438852693e-05,0.0,0.03389850127906314,0.00958019049686752,0.03302519282975906,0.009230620185402159,0.008495380640851154,0.014515380058154358,0.028484850543863606,0.0
LFQ intensity D5_12,0.0,0.0,0.007788194492127446,0.0,0.0,0.0,0.0,0.00533522674900014,0.0,0.008001325449243046,0.008099546890933045,0.0,0.006393388772946946,0.005142227324028267,0.0,0.0,0.0030567039811553198,0.0,0.004726092181366802,0.019709324426891224,0.010849677750978904,0.013784353266894247,0.007925345137305865,0.0,0.0,0.0026480387703127087,0.0,0.0,0.014979552393893493,0.012670906547819695,0.0,0.0,0.003670378276535689,0.0,0.0,0.0,0.0,0.014513660062434815,0.012704430789918278,0.03203799491756225,0.014896947046660695,0.0,0.0,0.0,0.004562853484539121,0.0,0.010383090076709563,0.0056013235411241195,0.0,0.0031941183483111114,0.07343963693586063,0.0,0.03240700244807389,0.0,0.0,0.0,0.0,0.0,0.0,0.0076844924878175565,0.0,0.014009917972056878,0.007400877837769524,0.02450141204587194,0.0,0.0,0.0,0.0,0.0,0.0,0.0,0.0,0.0017140405530500715,0.03395444684479724,0.0,0.005194429713368549,0.0,0.0,0.010636203075416167,0.0,0.0,0.028298355750846643,0.0,0.012301404325971693,0.003035063936143807,0.0,0.0,0.0004982688803712392,0.0,0.0,0.010083112992735586,0.0,0.0,0.0,0.014899642084332728,0.0,0.0,0.0,0.0,0.0,0.00839801981164962,0.00480049731037143,0.010663580781377602,0.002249348780318056,0.0,0.00480842975081257,0.02493970023634524,0.009981487482991281,0.0,0.003697617209262117,0.00630328285521587,0.0,0.0079739849511496,0.0,0.0009440273572748984,0.0,0.0,0.03292857817030391,0.01769923562056629,0.0,0.006994290138086528,0.016347454388791816,0.0,0.023321266849678477,0.0022626076400738128,0.0,0.0028346109634852907,0.0007561142419949061,0.001981592978746386,0.0,0.0054318386694622856,0.0,0.0,0.012258365537818805,0.0,0.01792185037954629,0.010904419888431965,0.0,2.4724234021385565e-05,0.0,0.0,0.0,0.0,0.0021653836198136777,0.0,0.030276764116457817,0.009534775162262874,0.0,0.012531693618186006,0.012920440014693868,0.0,0.0,0.015370310976460338,0.005647326905303511,0.0,0.004044626244373674,0.0,0.0,0.0,0.0,0.0,0.008374919200608358,0.0,0.0,0.0,0.010133390344008194,0.022700684221302954,0.0,0.0,0.02160276745441382,0.009187600921951394,0.02865526135405906,0.012485996785729429,0.0008092885225599043,0.014926026272871788,0.029472809473989954,0.0
LFQ intensity D5_2,0.0,0.0,0.004823496161919742,0.0,0.0,0.0,0.0,0.004658843422335271,0.0,0.009645730066245662,0.013793251647719352,0.0,0.009212519384324002,0.006823026936457201,0.00016484167235394923,0.0,0.005458285376669859,0.0,0.0026068290971659907,0.014560065710866028,0.013780896719504233,0.012207150657080293,0.007260238658017607,0.0,0.0009792036466001917,0.001050615214150516,0.0,0.0,0.01647245453519154,0.01334409825019001,0.012044649462092726,0.0,0.0050852860043224864,0.0,0.0,0.0,3.5472870574939695e-05,0.015701742476307044,0.010496838258583822,0.030222103306888543,0.015950201410436685,0.0,8.763920938644341e-05,0.0,0.003818784701908588,0.0,0.010166130199379312,0.0,0.0,0.0,0.0724457422499172,0.0,0.029841960781737474,0.0,0.0,0.0,0.0010954045124430473,0.0029896443152880705,0.0,0.0,0.0,0.0072443474898535,0.009927751763770327,0.03678707956494315,0.0,0.0021114841680367324,0.0,0.0,0.0,0.0,0.0,0.0,0.012378960815670937,0.030327109547769904,0.0,0.010435344185024141,0.0,0.0,0.015001127482130448,0.0,0.0,0.022075808022640874,0.0,0.021114889874330925,0.0023558165272135004,0.0,0.0,0.0,0.0,0.0,0.011189059448281887,0.0,0.0,0.0,0.012878868983823268,0.0,0.0,0.0,0.0,0.0,0.007599411520265782,0.0047271575551275525,0.0047963866530222185,0.0,0.0,0.005202843277048659,0.02026678814285203,0.009369890606846351,0.0,0.0029632973486989327,0.004353728693927261,0.0,0.008464798283471244,0.0,0.0021985693813772983,0.0,0.0,0.03130696178808473,0.01714520179439842,0.0,0.008717812284266178,0.016335949088956903,0.0,0.010739566917646583,0.0012510949756230105,0.0,0.004962927121739614,0.0,0.00017094381190425266,0.0,0.002327805674315329,0.0,0.0,0.007161551968396443,0.0,0.01976803016897419,0.008651174740645137,0.0,0.0,0.0,0.0,0.0018030330961884649,0.0,0.0,0.0,0.024956568762438836,0.0,0.0,0.017225314219228995,0.012961251718627363,0.0,0.0,0.014264815894698584,0.004503807707849823,0.0005833140796575488,0.0011262985374812702,0.0,0.017305926988931377,0.0027026956584613204,0.006601205764907922,0.0,0.00905262128757486,0.0,0.0,0.0,0.008974654766646738,0.004849012168410529,0.0,0.0,0.03209211809375592,0.006548409488279181,0.035738383472165465,0.012671595060952263,0.0063999141105163726,0.01253193172893678,0.027974440807154704,0.0
LFQ intensity D5_3,0.0,0.0,0.009447308967463808,0.0,0.0,0.0,0.0002805933946609323,0.004155804960547845,0.0,0.009463550700492878,0.00932678040677072,0.0,0.006763068470377065,0.006156124251085667,0.0,0.0,0.0070620771983776805,0.0,0.0028355352889274407,0.01928313852339485,0.0062318856341018825,0.006339537079182374,0.007769421743578486,0.0,0.004182022131473291,0.0008864239929427398,0.0,0.0,0.01500188400114687,0.013928792682714264,0.012648448402571764,0.0,0.009585442301148337,0.0,0.0,0.0,0.0,0.015105350544631954,0.008928466289206856,0.03387776597920598,0.014574684637956513,0.0,0.00010454501818880824,0.0,0.001174155070216976,0.0,0.008884536781855789,0.004880501463510088,0.0,0.0,0.0738545503155545,0.0,0.030315267718795256,0.0,0.0007418384028143202,0.0030415631126082493,0.0,0.004255995634701963,0.0,0.0007668665536823972,0.0,0.012145851566921603,0.010361925574143538,0.03563100536260123,0.0,0.0,0.0,0.0,0.0,0.0,0.0,0.0,0.00662909984036826,0.03261925391887447,0.0,0.013752160893008056,0.0,0.0,0.009875171545288249,0.0,0.0,0.025442104079898165,0.0,0.02105570274808633,0.0,0.0,0.0,0.002778998981585211,0.0,0.0,0.01318606452605442,0.0,0.0,0.0,0.010721619232467318,0.0,0.0,0.0,0.0005175120177944058,0.0,0.008178209076159503,0.0,0.006366550346456749,0.0,0.0,0.00863831783970375,0.026976480244917157,0.009197408590994384,0.0,0.0,0.0,0.0,0.00569448252931963,0.0,0.0009892186627343009,0.0,0.0,0.027076873048597717,0.016977581323141082,0.0,0.007388084547200151,0.022042270854699713,0.0,0.0110219241705735,0.0023272669316346107,0.0,0.004209652231841494,0.0,0.0008739765775008925,0.0,0.004639423985664479,0.0,0.0,0.007092919654482857,0.0,0.01920543221286076,0.009135415483841969,0.0,0.0008529075776364865,0.0,0.0,0.0,0.0,0.0,0.0,0.023698721667377156,0.0,0.0,0.01516714877506141,0.012546686829870025,0.0,0.0,0.014365508242069775,0.006047721803732296,0.0,0.0035288210817720662,0.0016831504815122734,0.016796046650003758,0.0017569734642438098,0.0,0.0,0.012858778884330917,0.0,0.000834432092620677,0.0,0.008252714123607474,0.0072269147169177796,0.004135035143313338,0.0,0.02842473230846567,0.007824379430182308,0.03073183742088371,0.012283819240642741,0.006149565673819034,0.011985441009386344,0.028246777129246527,0.0
LFQ intensity D5_4,0.0,0.0,0.010695882026552542,0.0,0.0,0.0,0.0005285589005169677,0.005948673146061426,0.0,0.003529390586314522,0.00958604528880073,0.0,0.008567382143984954,0.005726224420119872,0.0,0.0,0.0008871608725540785,0.0,0.0031602614262856,0.020024809323629898,0.012650474443298523,0.012844968538703176,0.004563393912085481,0.0,0.0,0.005872315322236639,0.0,0.0,0.0198114142825858,0.015368822367814734,0.0,0.0,0.00644227040454253,0.0,0.0,0.0,0.0,0.014024935580803543,0.0107034997074152,0.033146481833829386,0.014510500060964434,0.0,0.005029332504644214,0.0,0.0,0.0,0.010907741813079888,0.008524297601942754,0.0,0.0,0.06787528587231,0.0,0.025610999680608714,0.0,0.0,0.0035525813687250713,0.012185056544166753,0.004925870025213936,0.0,0.0,0.0,0.009975301433444812,0.008953457905620486,0.038351845080155884,0.0,0.0,0.0,0.0,0.0,0.0,0.0,0.0,0.0,0.03192630407101276,0.0,0.013740900379092454,0.0,0.0,0.00925927172465844,0.0,0.0,0.03435066548905005,0.0,0.017029026728624358,0.0,0.0,0.0,0.0,0.0,0.0,0.014764611307619753,0.0,0.0,0.0,0.01299156907808485,0.0,0.0,0.0,0.0,0.0,0.012083961796301012,0.0033727497262869824,0.007605343175829586,0.0,0.0,0.001999998886348313,0.024063862138701906,0.013933507549423164,0.0,0.0025321092563915545,0.0029367452148410123,0.0,0.01340785259020206,0.0,0.0015272415582699723,0.0,0.0,0.03250649659819435,0.015963629884432954,0.0,0.007650357733744673,0.016088135052249784,0.0,0.01214623383808214,0.0013427168843339113,0.0,0.0045447213378440035,0.0,0.002000271293063151,0.0,0.003290309502042785,0.0,0.0,0.011706720884220256,0.0,0.016106149973810893,0.009963796832253336,0.0,0.0,0.0,0.0,0.0051266890420632585,0.0,0.0019051321850660824,0.0,0.020972160705739627,0.0,0.0,0.013629414783416113,0.013583156924467366,0.0,0.0,0.014762940605066416,0.005488368864310831,0.0,0.0057185704331865015,0.0,0.023159128303348566,0.0,0.0,0.0,0.0017755953951367905,0.0,0.0,0.0,0.006484384899155605,0.006816006364319106,0.0,0.0007470330204658048,0.02335327671371868,0.0097432489800684,0.026075010600398185,0.015431110072314978,0.005688569247236254,0.012580401161903568,0.021639306794594835,0.0
LFQ intensity D5_5,0.0,0.0,0.007535123616400941,0.0,0.0010053279589031434,0.0,0.0,0.007029052811414334,0.0,0.009268623149681486,0.00870213333045584,0.0,0.014005165468790366,0.006259024417900071,0.0,0.0,0.0027400793578645738,0.0,0.0036689206310925875,0.01814744517903147,0.009578790177168619,0.009981393634401882,0.00663787247535095,0.0,0.0018452407225229394,0.0006449382182005591,0.0,0.0,0.014699691375079791,0.014031717075521576,0.0,0.0,0.002232940183917543,0.0,0.0,0.0,0.0,0.01429468811551976,0.012047732557596329,0.029469427908448163,0.015069161096745318,0.0,0.0,0.0,0.004631693550836641,0.0,0.00850356834815681,0.005305666056180417,0.0,0.0035683963318639896,0.06852829334517295,0.0,0.03142271048561052,0.0,0.0,0.0,0.007512939940306517,0.0017987743377247069,0.0,0.0,0.0,0.013733733071460467,0.009252805342310476,0.03553849600526599,0.0,0.0,0.0,0.0,0.002911289233978186,0.0,0.0,0.0,0.0,0.03243369280009347,0.0,0.018471258784556147,0.0,0.0,0.012378838902796972,0.0,0.0,0.02218684598203348,0.0,0.016833371404930866,0.0009889117906887997,0.0,0.0,0.0,0.0,0.0,0.014468007595735237,0.0,0.0,0.0,0.013686365579256102,0.0,0.0,0.0,0.0,0.0,0.011830132393731459,0.0034272938178365325,0.009531331702982676,0.0,0.0,0.0059328337987940676,0.02818578434934176,0.015006095783166683,0.0,0.0007238827121596916,0.0032735210236227853,0.0,0.00548381696415752,0.0,0.01210690654676469,0.0,0.0,0.02597426665641831,0.016780292916980397,0.0,0.005213524050169281,0.016923602320520342,0.0017232772631365254,0.020615650395919456,0.0007127061607101034,0.0,0.009519579865042045,0.0,0.0,0.0,0.00697539046276888,0.0,0.0,0.01305983074991019,0.0,0.016526031974163115,0.010414092546549753,0.0,0.0,0.0,0.0,0.00011579652637690032,0.0004281540100980918,0.010592344135675924,0.0,0.028221742079393375,0.0,0.0,0.010593166841720862,0.01159620504994788,0.0,0.0,0.014505949698418943,0.005031320497105575,0.0,0.0023789186470206673,0.0,0.0,0.0,0.0,0.0,0.005090167633466885,0.0,0.0,0.0,0.006512609642188238,0.0028311537829510246,0.0,0.0,0.026473619444701574,0.014823887072217833,0.026109078077478465,0.016567604784330652,0.0,0.01643361477466751,0.02870467449642625,0.0
LFQ intensity D5_6,0.0,0.0,0.011183738293146258,0.0,0.0005241942434061885,0.0,0.0,0.0019400582990703294,0.0,0.005130888960683258,0.013697975251608485,0.0,0.012789147444262,0.005238238836262841,0.0001975480149324168,0.0,0.0,0.0,0.004235695476688022,0.016593783628627026,0.009895227930144863,0.01827188092705771,0.008682672280522637,0.0,0.0015387108562814782,0.006397904270521866,0.0,0.0,0.017645468253458522,0.014888251932411944,0.0,0.0,0.009099219111260841,0.00970045310990764,0.0,0.0,0.0,0.015275348527631806,0.008936798419312074,0.03597988053625509,0.01365799556686068,0.0,0.0,0.0,0.0,0.0,0.007682577487282936,0.00731874720460989,0.0,0.0035292875619665084,0.07155973025367986,0.0,0.027279718817862154,0.0,0.0,0.0036735511959409676,0.0,0.0007886197492495579,0.0,0.003623882738405953,0.0,0.014523260427862063,0.010330309810085554,0.035687126472179455,0.0,0.0,0.0,0.0,0.0,0.0,0.0,0.0,0.0,0.0328483465176395,0.0,0.012978732288827287,0.0,0.0,0.011299428783687417,0.0,0.0,0.025870927830675364,0.0,0.014535911257341008,0.004629737458757753,0.0,0.0,0.0011564690193694867,0.0,0.0,0.014378724030796475,0.0,0.0,0.0,0.012287487034356342,0.0,0.0,0.0,0.0,0.0,0.011781801491155562,0.004511483621861206,0.007647961778327228,0.0036900891154649086,0.0,0.004362400040062453,0.02222618199981377,0.013093549504545778,0.0,0.0006449671119023917,0.0,0.0,0.0061440939456831965,0.0,0.013481047550114186,0.0,0.0,0.0306217740660724,0.014752393621678976,0.0,0.007452421433987174,0.017232201881567336,0.0,0.01847034131129793,0.0015539074142734673,0.0,0.006061133296152159,0.0,0.0,0.0,0.0016122027247977067,0.0,0.0,0.01007009247867342,0.0,0.016624363269725096,0.01069675834113129,0.0,0.0007464755325249785,0.0,0.0,0.0035429960186064004,0.0,0.0008783539900162392,0.0,0.02773073272103872,0.00046903213003889136,0.0,0.006315284802277346,0.012585871002521003,0.0,0.0,0.014608210596509451,0.005490350680556925,0.0,0.005798321317862715,0.0,0.0,0.006710333056717241,0.0,0.0,0.004988524214798464,0.0,0.0,0.0,0.00501870607893098,0.009219469449956207,0.0,0.0,0.02933378833423472,0.008810965543408933,0.027985277928600612,0.013513323395857693,0.0,0.011974447427577526,0.02406471366878778,0.0
LFQ intensity D5_7,0.0,0.0,0.009773725608944088,0.0,0.011092349306244965,0.0,0.0,0.0,0.0,0.00788081491344116,0.007332839951505581,0.0,0.0062047349009613974,0.006544981960681065,0.002216732086199619,0.0,0.0012363614274861461,0.0,0.005184208012378545,0.016282575169960952,0.00944422276308236,0.0085631737894507,0.0075337865908233345,0.0,0.001392726484600792,0.002239475723526425,0.0,0.0,0.017434398491733883,0.013491609211698766,0.0,0.0,0.0047898587278038,0.0,0.0,0.0,0.0,0.013757526742708736,0.010076813287973045,0.03741304220544216,0.01706167213983169,0.01746721111006982,0.0,0.0,0.0009466471480631118,0.0,0.006255284524956257,0.004308545523019564,0.0,0.0021973685057378287,0.06908213212953795,0.0,0.03071676679495426,0.0,0.0,0.0,0.007467305599309548,0.0013660701288422375,0.0,0.0,0.0,0.015383802787368917,0.010430007434677894,0.03154696599347903,0.0,0.0,0.0,0.0,0.0,0.0,0.0,0.0006517633789476737,0.0041444941926152105,0.03330691413026997,0.0,0.007864863892899776,0.0,0.00494474180144147,0.011684273833426738,0.0,0.0,0.0238148512792883,0.0,0.020548262739032416,0.0,0.0,0.0,0.0,0.0,0.0,0.013311623329879719,0.0,0.0,0.0,0.01415351441671282,0.0,0.0,0.0,0.0008716796110353536,0.0,0.0064075528109345335,0.0022004546220036887,0.008537662747956825,0.0,0.0,0.011609418634868302,0.009779270426187463,0.009598394835724907,0.0,0.0,0.002833349475099116,0.0,0.005619755574058239,0.0009418963344894691,0.0,0.0,0.0,0.03515010402780231,0.01699605249763514,0.0,0.009014013660058856,0.013147335790629041,0.0,0.021294150137871313,0.0021022325408390184,0.0,0.0,0.0,0.0,0.0,0.0032031673940212937,0.0,0.0,0.014227842233127218,0.0,0.020725919855565277,0.009445540975507287,0.0,0.0,0.0,0.0,0.0,0.0,0.000521547424105073,0.0,0.03228517478520714,0.0,0.0,0.012355007362173893,0.015671412737170036,0.0,0.0,0.013083595410175262,0.0025854194320681393,0.0,0.0024247900800218754,0.0,0.0,0.006148657816552536,0.0,0.0,0.009286651493668507,0.0,0.0,0.0,0.011125173008748315,0.013716594224915231,0.0,0.0,0.03045902627599034,0.008311573534468718,0.03019106412284964,0.011039371173183187,0.009869814657831493,0.012120726151057016,0.026557565953389175,0.0
LFQ intensity D5_8,0.0,0.0,0.007908765344020345,0.0,0.0,0.0,6.827808061766585e-05,0.0006984514253126739,0.0,0.0037077774205703778,0.008468674881223368,0.0,0.006559531451873737,0.006194044611574567,0.0004079131500024655,0.0,0.0047566900696805695,0.0,0.0024058784087566897,0.01845312935070035,0.010173356236501778,0.013377079246625215,0.005502048970400748,0.0,0.0,0.0005148348702667092,0.0,0.0,0.00964701199066499,0.014628201092942127,0.0128278806306193,0.0,0.004564013511266218,0.0,0.0,0.0,0.0,0.01566372072603796,0.00804759406130813,0.039246053435013285,0.016202124269844995,0.0,0.0,0.0,0.0026368663017210425,0.0,0.009018785780685708,0.004005269118479938,0.0,0.0,0.06937739601405706,0.0,0.02983514226182847,0.0,0.0,0.0,0.006306247789288184,0.0018454018240874146,0.0,0.0005719353070438455,0.0,0.009090234930405894,0.010704061299537045,0.03920962830188165,0.0,0.0,0.0,0.0,0.0,0.0,0.0,0.0,0.008398658587354663,0.0318201050619245,0.0,0.00994241194879675,0.0,0.0,0.010888450092194569,0.0,0.0,0.026423353270975558,0.0,0.017354168659182732,0.0009323292820454668,0.0,0.0,0.0007759338843953893,0.0,0.0,0.011668078604181375,0.0,0.0,0.0,0.009754678889916813,0.0,0.0,0.0,0.0,0.0,0.010809480970164709,0.00390650010363146,0.009682690360392307,0.0,0.0,0.006366325887376178,0.023010440021938038,0.01187592807708859,0.0,0.0006280793742806794,0.0,0.0,0.01358737558032722,0.0,0.011615921654049094,0.0,0.0,0.03208404149823244,0.01702006913588703,0.0,0.008836357625417532,0.015779851469691162,0.0,0.01504073967384123,0.0026160544127450036,0.0,0.004712272486868858,0.0,0.001765868177733221,0.0,0.00282290578221565,0.0,0.0,0.009621834653136619,0.0,0.01986301887701264,0.00917571633048919,0.0,0.0,0.0,0.0,0.0,0.0,0.0010968904817698,0.0,0.027437015092999763,0.0,0.0,0.01280373474098462,0.014280907941026133,0.0,0.0,0.01435302244829865,0.0028369453589599126,0.0,0.0,0.0,0.014285091694997745,0.002689393013880825,0.0,0.0,0.009631984112449683,0.0,0.0,0.0,0.009704758904512861,0.005754531647240262,0.0,0.0,0.029754965069745197,0.009426389917405235,0.03201050503957987,0.012301571224842338,0.013624419825983296,0.01280396578296102,0.023800245104035556,0.0
LFQ intensity D5_9,0.0,0.0,0.010727799783756636,0.0,0.00224957910884621,0.0,0.0030219659498971845,0.0067623563880461705,0.0,0.004836046401679631,0.01159370386946618,0.0,0.00825333842871471,0.00422673831810177,0.002146683339265394,0.0,0.0,0.0,0.004247088846698224,0.020244164145312042,0.009098274247068777,0.014085015820368025,0.00671717959481411,0.0,0.0009511805756223791,0.004483918657545922,0.0,0.0,0.01685706124310009,0.012146142602181496,0.0,0.0,0.008802524653328012,0.0,0.0,0.0,0.0,0.014590538608022749,0.009332573382755154,0.02965569271395898,0.015131119966792799,0.0,0.0,0.0,0.0030990312874493654,0.0,0.008476301090908016,0.00893809008915775,0.0,0.0027599830233502338,0.0640139487515187,0.0,0.02374369775972054,0.0,0.0,0.0032457343900954834,0.00962990596157706,0.0,0.0,0.0014443643814911124,0.0,0.01221102277020989,0.01268530459096114,0.03295388478207119,0.0,0.0,0.0,0.0,0.0007048470982862341,0.0,0.0012638732837731113,0.0,0.011912752362414986,0.036831326315476344,0.0,0.007284930670589616,0.0,0.0,0.012365237751904108,0.0,0.0,0.02655607016988937,0.0,0.01774105443930864,0.0,0.0,0.0,0.0,0.0,0.0,0.011609600954463622,0.0,0.0,0.0,0.015675331262771576,0.0,0.0,0.0,0.0,0.0,0.009966634605567343,0.003718831156938962,0.008966658058048865,0.003313224887437858,0.0,0.005059485919050366,0.023408762079374982,0.011383118411692011,0.0,0.0024387593177934825,0.001811171973926103,0.0,0.008432772464295675,0.0,0.01621781373086497,0.0,0.0,0.029766235094715245,0.01617734442397325,0.0,0.007645451562010923,0.011627865631710201,0.0,0.018842946592008608,0.001986872977142849,0.0,0.003330753538827053,0.0,0.0022028445827455305,0.0,0.0033222009076269154,0.0,0.0,0.013323334039160483,0.0,0.017144711577634458,0.010253266069113571,0.0,0.0013412420842589794,0.0,0.0,0.0030491936346924153,0.0,0.0021108614521167927,0.0,0.026173780056769545,0.0,0.0,0.012011909755251496,0.01219137633798262,0.0,0.0,0.013738392565622622,0.005296770593574614,0.0,0.00424485333980962,0.0,0.0,0.0,0.010124921630521623,0.0,0.0054872811794161635,0.0,0.0,0.0,0.010661722891168278,0.005969486308890872,0.0,0.0,0.022195113575320693,0.0057196681495781795,0.029326006705868823,0.016239907932222,0.001662617060031295,0.011643196057290217,0.02516365925522266,0.0
LFQ intensity D6_1,0.0,0.0,0.009610167992226238,0.0,0.0017123091675587988,0.0,0.0019736368569940616,0.004225242575906266,0.0,0.008402305466853732,0.012038404345601795,0.0,0.006827084661801765,0.004530403594618414,0.0,0.0,0.0011037130821174124,0.0,0.004271928263482854,0.020687561898847268,0.009148237230468153,0.011716064057628909,0.007504549797826995,0.0,0.001508811580870546,0.005098052049298367,0.0,0.0,0.018279545171220334,0.01183556815893843,0.0,0.0,0.00797435654445418,0.0,0.0,0.0,0.0,0.014500205523712692,0.010489394420829183,0.030709864924844996,0.015593038650213909,0.0,0.0,0.0,0.0024017181188975495,0.0,0.007844276357753425,0.009577390579551048,0.0,0.001629129551260091,0.0676685073352844,0.0,0.029236294287866546,0.0,0.0,0.0,0.0,0.0002164374760072932,0.0,0.008232132583000354,0.0,0.01715874343067523,0.009599029673079802,0.02325174806377318,0.0,0.0,0.0,0.0,0.0,0.0,0.0,0.0,0.0023091298435236433,0.03149717911887481,0.0,0.004946937979423518,0.0,0.0,0.010286987191699399,0.0,0.0,0.026853901959081192,0.0,0.015606430746627925,0.00293539918705559,0.0,0.0,0.0,0.0,0.0,0.011008474823198095,0.0,0.0,0.0,0.010495697428740548,0.0,0.0,0.0,0.0,0.0,0.009493099334745108,0.004302962615204309,0.011463365826241545,0.0,0.0,0.0034084373675511443,0.023447396352079018,0.011594951550163822,0.0,0.002261982005723663,0.001408232239114532,0.0,0.00747655927317047,0.0,0.015576298043358734,0.0,0.0,0.03158495067635827,0.01686718741826654,0.0,0.007361891237517291,0.01565592570960654,0.0,0.03500600258423405,0.0018826173116966616,0.0,0.001667499520042004,0.0,0.0011698884010549549,0.0,0.004255836542333062,0.0,0.0,0.012541302755769075,0.0,0.018138441063743134,0.012243787089176665,0.0,0.0,0.0,0.0,0.0033216745822936297,0.0,0.001974356494978795,0.0,0.02865541735590489,0.005411564955492111,0.0,0.010529744089650092,0.0165634237208521,0.0,0.0,0.014575955131950617,0.004649355555137554,0.0,0.004948853767809029,0.0,0.0,0.0,0.0,0.0,0.008346693271017122,0.0,0.0,0.0,0.010103533750507815,0.01663636620104791,0.0,0.0,0.023687728749665446,0.007079180528813323,0.02492956856919694,0.009298153160897042,0.0074519916773912375,0.012558680676173632,0.02797315109238131,0.0
LFQ intensity D6_10,0.0,0.0,0.0,0.0,0.0009850851627264626,0.0,1.3974366192207588e-19,0.006442109988188927,0.0,0.003580805646308886,0.011979129370769432,0.0,0.012166444826768073,0.004141958105865043,0.0019181719452769969,0.0,0.0,0.0,0.002841953672127769,0.021669770470164246,0.008776934031843021,0.016140326482234107,0.005563789674561844,0.0,0.0019392301361446007,0.0013300225564209804,0.0,0.0,0.018120426729919512,0.011456426121341744,0.013886065216774804,0.0,0.00812610862143924,0.0,0.0,0.0,0.0,0.01476399199362518,0.011149547217980567,0.033373081731290125,0.015092198232011403,0.0,0.0,0.0,0.004216720823054706,0.0,0.010207618650778943,0.006862096582151513,0.0,0.0029741521438702307,0.07188179929057457,0.0,0.03317033858788957,0.0,0.0,0.004692205355001163,0.00010068344429568474,0.000986320227305647,0.0,0.006359388353453053,0.0,0.008710473969789603,0.010060707074825011,0.02696690807870056,0.0,0.0,0.0,0.0,0.0,0.0,0.0,0.0,0.0018253195187001854,0.03178008281261307,0.0,0.005816534441223671,0.0,0.0,0.01126148572805411,0.0,0.0,0.026294358099237018,0.0,0.018731007845809045,0.001400219970076513,0.0,0.0,0.0,0.0,0.0,0.011293815180938032,0.0,0.0,0.0,0.012540271214037368,0.0,0.0,0.0,0.0,0.0,0.009210170911906367,0.0033867990549576975,0.011142752286611194,0.0,0.0,0.0020185806466191877,0.023241494039478342,0.01220367399908784,0.0,0.0036461757567197764,0.0040979215734250245,0.0,0.015325961196714834,0.0,0.0037348458855955917,0.0,0.0,0.03334265741324823,0.01898819829761939,0.0,0.006948286720884608,0.019590808125334945,0.0,0.009832594850541226,0.002562388986683791,0.0,0.00624154189183879,0.0,0.0,0.0,0.006780935746396089,0.0,0.0,0.012061456994241136,0.0,0.019994700381387547,0.011754644042873675,0.0,0.0,0.0,0.0,0.0,0.0,0.0015553952511156248,0.0,0.023871290832322506,0.0,0.0,0.012062051383178682,0.017676469773743826,0.0,0.0,0.010132593149305385,0.0022864214877475,0.0,0.0,0.0,0.011843924284529768,0.005703948655535306,0.0,0.0,0.008839181100308175,0.0,0.0,0.0,0.011663973519592292,0.003928819741366148,0.001382743084329125,0.0,0.02723742017189079,0.00807967237639831,0.0270248980812646,0.010035318414039597,0.005656898255271279,0.013545608116887663,0.02779069819284585,0.0
LFQ intensity D6_11,0.0,0.0,0.005642794081844429,0.0,0.014546895345105748,0.0,0.0013388481876666217,0.0018436742364609131,0.0,0.005964585983746853,0.008566011968622158,0.0,0.0073682351982381905,0.005074679960286877,0.0013422051354537202,0.0,0.0,0.0,0.004602468397832224,0.01851453389629072,0.007847098921825493,0.014096181481625971,0.0054956780744725015,0.0,0.0006346129189196911,0.005193776623331218,0.0,0.0,0.017846725038397303,0.012600735446669314,0.008262009222033474,0.0,0.004576611672087197,0.0018941432518564624,0.0,0.0,0.0,0.012714371366391732,0.009906133242206829,0.026949771203695176,0.017754965778487366,0.020338014184991853,0.0,0.0,0.006008060006538052,0.0,0.006435871811902376,0.008508392528287516,0.0,0.0,0.06847424487297189,0.0,0.032386441651827094,0.0,0.0,0.0,0.0,0.002710508253462232,0.0,0.0,0.0,0.006908468231801134,0.01083223775754928,0.0322550405013571,0.0,0.0,0.0,0.0,0.0,0.0,0.0,0.0,0.0075602414583289404,0.03836727890373816,0.0,0.006597858597319724,0.0,0.005288899887401574,0.010398961272633558,0.0,0.0,0.02646718441008351,0.0,0.01880055743028531,0.003237604143008937,0.0,0.0,0.0,0.0,0.0,0.00999209623861945,0.0,0.0,0.0,0.016420647400974934,0.0,0.0,0.0,0.0,0.0,0.006397377735902089,0.00427898443473305,0.007360498782096878,0.0,0.0,0.010112091052079851,0.006839168380729448,0.008921246416078247,0.0,0.0,0.0002465800624570366,0.0,0.0050853046155415445,0.007463236422456078,0.00013684063390133287,0.0,0.0,0.03294555464507007,0.01710080438593633,0.0,0.00927903756876726,0.014736602133572176,0.0,0.014229644419313873,0.0003622235149027326,0.0,0.006698026637514671,0.0,0.002652082520553835,0.0,0.0010299222714314743,0.0,0.0,0.010910894029366486,0.0,0.019445964570590977,0.011091310494625368,0.0,0.0,0.0,0.0,0.004292304661670338,0.0009990174783988497,0.0,0.0,0.024087430444862865,0.0,0.0,0.014567696365736264,0.01368744217744208,0.0,0.0,0.014976824510449103,0.005486187530064645,0.0,0.0,0.0,0.016538636909151812,0.007335460570907586,0.0,0.0,0.008269322164214745,0.0,0.003812267648309282,0.0,0.008090937410350425,0.0030149354564531924,0.0,0.0,0.023902576356808387,0.005808730158196712,0.02943343415129686,0.01248396076303585,0.005759721773755617,0.01193718683230939,0.029626174732334455,0.0
LFQ intensity D6_12,0.0007933374355036653,0.0,0.009091603815431771,0.0,0.0,0.0,0.0005355477956858612,0.012317265804033035,0.0,0.0,0.02720972452526118,0.0,0.009792921378906843,0.005415855865125094,0.0,0.0,0.0014525765625368705,0.0,0.0014781522447170454,0.005554470004665706,0.0,0.024588462147360303,0.0023494293226608556,0.0,0.0,0.00034721486911257703,0.0,0.0,0.020573454886342168,0.016104385390412996,0.0,0.0,0.009845381939629874,0.0013474464854734446,0.0,0.0,0.0,0.014418110970765816,0.01037667590870995,0.03000985038955644,0.01336494038239816,0.0,0.0,0.0,0.005351578411448386,0.0,0.00084837761683086,0.017585953648921612,0.0,0.0,0.06283399780897664,0.0,0.023210640616676794,0.0,0.0,0.0022712145970643994,0.0,0.0,0.0021238093991993983,0.012958381005972956,0.0,0.010851826372128072,0.01178386274709694,0.025471543680151056,0.0,0.0,0.0,0.0,0.0,0.0,0.00031309680252398017,0.0,0.0,0.03536874381025081,0.0,0.0076552648040608155,0.0,0.002304399696662918,0.007577028983409699,0.0,0.0,0.026046254264714155,0.0,0.011978600569760217,0.0,0.0,0.0,0.0,0.0,0.0,0.01888352366994526,0.0,0.0,0.0,0.00826423934739251,0.0,0.0,0.0,0.003869133186460048,0.0,0.015151161614824714,0.00017626802229662945,0.0,0.0028597106956918367,0.0,0.0,0.025345603653802225,0.014522171540359759,0.0,0.0014419887014611088,0.0028110155810478943,0.0,0.012965626572771343,0.0,0.003561578796773284,0.0,0.0,0.03107270000690397,0.015326896930079013,0.0,0.007969465433317387,0.016834782330445865,0.0,0.025940587368355136,0.0064669252375659375,0.0,0.007660750491379235,0.0,0.0,0.0,0.007889417695088346,0.0,0.0,0.012122341639244617,0.0,0.018157563647385317,0.012225989170506197,0.0,0.0014941614778295554,0.0,0.0,0.0,0.0,0.0003278439696589798,0.0,0.03578685782137464,0.009077773167501997,0.0,0.008805571300475898,0.018844799098387533,0.0,0.0,0.01168865130031321,0.0015660720113285602,0.002561174247339802,0.005772343594018695,0.0,0.0,0.0,0.0,0.0,0.003572123012997423,0.0,0.0020526707862368425,0.0,0.012990366161285296,0.01858134327033455,0.00012184547077384872,0.0,0.023646789358551013,0.010185474803283573,0.025516215980241064,0.01636246169663285,0.0,0.01250513184194567,0.023519505336252022,0.0
LFQ intensity D6_2,0.0,0.0,0.007640796225847805,0.0,0.012680724732121151,0.0,1.7276459486408772e-05,0.0,0.0,0.007824438483957901,0.005178063538142899,0.0,0.0059954339256588435,0.004362573313013766,2.4874401066239125e-05,0.0,0.0,0.0,0.00615986039403992,0.020468823016066503,0.008305243281167001,0.012940863713541794,0.008529601486464127,0.0,0.0022051253660015876,0.0057333926036783845,0.0,0.0,0.02209855148417069,0.013083530905447996,0.0,0.0,0.005932196847958502,0.0,0.0,0.0,0.0,0.016243061524853504,0.009368721270780393,0.030083387506145576,0.01582524934181909,0.018891984787259865,0.0,0.0,0.004175329283782965,0.0,0.003873484845617987,0.008543470269488658,0.0,0.002550709117030821,0.06873193203721269,0.0,0.030883259564328868,0.0,0.0,0.0011516409992616689,0.0082991604471386,0.0,0.0,0.004042523939911378,0.0,0.012384521801295125,0.0076926269218317665,0.03443478173870323,0.0,0.0,0.0,0.0,0.0,0.0,0.0,0.0,0.0,0.03153115900861829,0.0,0.006537357250867274,0.0,0.008398720078182497,0.01367276760961059,0.0,0.0,0.025231756172927906,0.0,0.019733471674348906,0.0,0.0,0.0,0.0,0.0,0.0,0.012178468925551767,0.0,0.0,0.0,0.016917725232560347,0.0,0.0,0.0,0.0,0.0,0.010123245128889296,0.002957848280664712,0.0075097708955870375,0.0014655968912214844,0.0,0.010901908744772426,0.009598102412546416,0.009698319012863223,0.0,0.0,0.001345009601828369,0.0,0.011840791052643239,0.00347003330016466,0.0,0.0,0.0,0.03273290202207549,0.015985777895749287,0.0,0.009984193299523632,0.013503270608348213,0.0,0.021107234616713468,0.0017036457208949457,0.0,0.005180433606574344,0.0,0.0012145619493847666,0.0,0.0008194777359995201,0.0,0.0,0.011381996966150994,0.0,0.019728821138834483,0.011835637686102745,0.0,0.0,0.0,0.0,0.0034332037734836787,0.0026617930609701915,0.0,0.0,0.02155261288537989,0.0,0.0,0.012414170232246067,0.013413216242919803,0.0,0.0,0.010314752007391622,0.004862310629028437,0.0,0.0,0.0,0.0,0.00493095077233602,0.0,0.0,0.007514045388576199,0.0,0.0,0.0,0.012503227383445786,0.006408184937375891,0.00038017473546762836,0.0,0.03002381938917844,0.006950622283505758,0.028980649643982302,0.013105183740976325,0.004707099024239796,0.0118892032277925,0.029307560547209593,0.0
LFQ intensity D6_3,0.0,0.0,0.008422355152516665,0.0,0.001060958437397163,0.0,0.0016546212429387342,0.005875710005841851,0.0,0.003341514302686069,0.012119451055365736,0.0,0.006243120456122718,0.005482466985292544,0.0,0.0,0.0,0.0,0.004368888063212543,0.01872090713245375,0.0069514502970545134,0.012674148542550898,0.00595832239176171,0.0,0.0017083295397653936,0.0055705163512732355,0.0,0.0,0.014679433003105351,0.011780665470483585,0.012481585804911691,0.0,0.006093217975919516,0.0,0.0,0.0,0.0,0.013804552142013942,0.007100501616332458,0.026326337692553173,0.01576434431647983,0.0,0.0,0.0,0.0011291168536800675,0.0,0.008288890986279102,0.009042523474810807,0.0,1.8185090759031878e-05,0.07083988435467518,0.0,0.029235144359279125,0.0,0.0,0.0080725750745729,0.0,0.0030775795764787397,0.0,0.005747889192076169,0.0,0.007486504406381998,0.009539676999387061,0.02526732991487604,0.0,0.0,0.0,0.0,0.0,0.0,0.0,0.0,0.0,0.03934455865639088,0.0,0.009107070560242243,0.0,0.0,0.010199028846645636,0.0,0.0,0.023193259100982744,0.0,0.016948263660373525,0.005914359462988213,0.0,0.0,0.0,0.0,0.0,0.01095459257596268,0.0,0.0,0.0,0.01667946710615684,0.0,0.0,0.0,0.0,0.0,0.00999705852667415,0.0019947144417512557,0.009390424830870011,0.0,0.0,0.0037389281666117213,0.02363755783168858,0.01167869319524804,0.0,0.0,0.003029374535007994,0.0,0.01195248931254421,0.0,0.016131680515656277,0.0,0.0,0.032112910631572594,0.017093508545849845,0.0,0.00953843789608795,0.01683711316815735,0.0,0.011994324417092223,0.0011907658040133686,0.0,0.0067740424131636735,0.002606658202141459,0.005547305103393984,0.0,0.00520878072047687,0.0,0.0,0.009921786790278194,0.0,0.018730767354074678,0.008200049695896295,0.0,0.0,0.0,0.0,0.001555546562989676,0.0,0.0016236566389499574,0.0,0.02328703904166826,0.0,0.0,0.014354655627918513,0.01368148779258999,0.0,0.0,0.009729963301133316,0.0042078272988784,0.0,0.0,0.0,0.013524600641550217,0.0,0.0,0.0,0.010500374590732248,0.0,0.006131124163802493,0.0,0.012976987961253598,0.006571955119490069,0.006336831138156068,0.0,0.028176397318657474,0.01008407808071692,0.025269722603783587,0.013735629199261929,0.007311022512083635,0.009649280504004482,0.02571514957309636,0.0
LFQ intensity D6_4,0.0,0.0,0.011919539692055213,0.0,0.002913107266613417,0.0,0.0,0.005726430417565281,0.0,0.009119960604185202,0.013428586261300161,0.0,0.006397733599923761,0.006011306113854708,0.0,0.0,0.0,0.0,0.003628109486580157,0.01729920501696438,0.009499416790289601,0.01510486317492441,0.009754547160315506,0.0,0.0,0.004703661231149348,0.0,0.0,0.020093697803105742,0.008140492462804806,0.0,0.0,0.005623142103524963,0.006009917645516103,0.0,0.0,0.00020022716261585154,0.014126816893696345,0.011246125569256438,0.03470871365048446,0.016559863628695094,0.0,0.0,0.0,0.0025850798775467984,0.0,0.010091353379797437,0.0037646356324953895,0.0,0.002533879437483428,0.07366023489184481,0.0,0.02850855433935876,0.0,0.0,0.0,0.0,0.0,0.0,0.0,0.0,0.014342776309692405,0.011247959636911482,0.02971856245313474,0.0,0.0,0.0,0.0,0.00020419906647942032,0.0,0.0,0.0,0.004089092902516885,0.03172640469470295,0.0,0.004361761637398353,0.0,0.0,0.008590978116314148,0.0,0.0,0.023674227581051116,0.0,0.015953655630522562,0.005125373878465931,0.0,0.0,0.0,0.0,0.0,0.012925005825526822,0.0,0.0,0.0,0.007517689048391713,0.0,0.0,0.00035001582871206914,0.0,0.0,0.008522831775712926,0.00452381605008892,0.009220532406192021,0.0013344125646503973,0.0,0.00571962504253102,0.0254105873953502,0.011114403467776132,0.0,0.00272565827874996,0.0024421248652378717,0.0,0.007594528626828057,0.0,0.016991897877726293,0.0,0.0,0.025641102764741176,0.017867797637112135,0.0,0.008277423810770086,0.02006625907328805,0.0,0.023302491962443744,0.0005313175135365742,0.0,0.006973953808540131,0.0,0.0008054218124496543,0.0,0.003513012908385488,0.0,0.0,0.010411976638941996,0.0,0.017551095609579,0.011892867603660583,0.0,0.0008762081729405826,0.0,0.0,0.005482528613751863,0.0,0.00345404041693792,0.0,0.029124976775306628,0.0002194798529864647,0.0,0.011622552114559273,0.010823006909333955,0.0,0.0,0.014692709088390437,0.0064573944127585,0.0,0.004745645914676009,0.0,0.0,0.0,0.0,0.0,0.013325677029898314,0.0,0.0,0.0,0.010057203493094365,0.010812106207286728,0.0,0.0,0.025036952662492003,0.005119860300764639,0.026205779954771767,0.014997398191272672,0.001245234616138471,0.013422816724104907,0.02665638515047396,0.0
LFQ intensity D6_5,0.0,0.0,0.008241176005886433,0.0,0.0,0.0,0.0006483220093663121,0.007624540259080602,0.0,0.007013543437306524,0.008109956508867023,0.0,0.0073590165386212625,0.007284028733237334,0.0017226099804926824,0.0,0.0016598955090150766,0.0,0.0025313249977882988,0.01990488274799633,0.004483266908828346,0.007239004420168368,0.005365494672317405,0.0,0.0,0.0009979200737111474,0.0,0.0,0.010281972536666972,0.013728479844216516,0.011282491244363394,0.0,0.004970672362748579,0.0,0.0,0.0,0.0,0.015613645143757014,0.006163221476298036,0.03218170900510787,0.014625626566339225,0.0,0.0,0.0,0.0032456933944514177,0.0,0.004432922597703826,0.010058965017810052,0.0,0.0001936575978198551,0.06866049665193719,0.0,0.029857874258303416,0.0,0.0041818007328508966,0.0,0.0,0.0021544201729947346,0.005221531292652039,0.0020680436291416063,0.0,0.005070519842871053,0.009720957974211715,0.03402902379641366,0.0,0.0,0.0,0.0,0.0,0.0,0.0,0.0,0.011570467209147473,0.033930622695926095,0.0,0.007346244371063117,0.0,0.0,0.009466738433606944,0.0,0.0,0.02760285522343956,0.0,0.017997537730978293,7.814132925546715e-05,0.0,0.0,0.0,0.0,0.0,0.011975437425134645,0.0,0.0,0.0,0.013563268929077258,0.0,0.0,0.0,0.0,0.0,0.009979448268282193,0.0001565516453164495,0.010619074032435893,0.0,0.0,0.008873968297279359,0.030322714720718097,0.010917889522651613,0.0,0.0,0.001224930244558199,0.0,0.00602041858860506,0.0,0.017776487308878444,0.0,0.0,0.02495564076193682,0.019173204499108015,0.00030282833587407795,0.010261331342915505,0.019334660848773236,0.0,0.011357148340619112,4.2628941075773284e-05,0.0,0.006387876696453792,0.0,0.0014237010853705443,0.0,0.006623991585740949,0.0,0.0,0.01346403444998642,0.0,0.02055916810593573,0.009467515391376784,0.0,0.00015076631925935556,0.0,0.0,0.0,0.0,0.0009107842940764567,0.0,0.020740365620114422,0.0,0.0,0.01663317346295593,0.013113844394069336,0.00013832840047555382,0.0,0.015616457789207885,0.0067730655906711795,0.0,0.005717379470476581,0.0,0.01332515547154261,0.0,0.0004330233649452115,0.0,0.009933234879291444,0.0,0.0,0.0,0.012205419962820927,0.0036996243620819776,0.0,0.0,0.028729188080167757,0.0074076476854935455,0.03178299599530932,0.01268318921966208,0.006112248475118504,0.010363700347592887,0.03282517251180387,0.0
LFQ intensity D6_6,0.0,0.0,0.008913777015379263,0.0,0.0,0.0,0.0014987138131467882,0.009748281502332742,0.0026703042066358903,0.006110482414726381,0.009833634824907313,0.0,0.007541926845529872,0.005689645596753698,0.0003734338556610225,0.0,0.0028085291372528178,0.0,0.0026199915324425197,0.01810511390381445,0.0082466310489354,0.017282617267010282,0.010625014008618048,0.0,0.0,0.0028646982101491795,0.0,0.0,0.010400538574285145,0.012646287577348769,0.0,0.0,0.004373522358516216,0.0,0.0,0.0,0.0009454406977300772,0.014369619140930039,0.011279476240886713,0.033828469578959366,0.01588524743241575,0.0,0.0,0.0,0.0064276903437058995,0.0,0.006547029236090475,0.010054024613978788,0.0,0.0,0.06389181424242525,0.0,0.029336088473424747,0.0,0.0,0.0003236465371442446,0.006765859293421531,0.004097242175372238,0.004625867033772673,0.007962316857911598,0.0,0.013353501194243675,0.008334772836616723,0.02446314599982053,0.0,0.0,0.0,0.0,0.0,0.0,0.0,0.0,0.0065949592718362,0.029347811713309607,3.9062029534803104e-05,0.005658981328751782,0.0,0.0,0.007494443020962585,0.0,0.0,0.024787767122179314,0.0,0.011781056159267533,0.0,0.0,0.0,0.0,0.0,0.0,0.011025637521945254,0.0,0.0,0.0,0.011259622683229126,0.0,0.0,0.0,0.0,0.0,0.00431190236577278,0.0021446003051989824,0.014850964691312057,0.0030301263643827585,0.0,0.003947045264497386,0.022629982442090232,0.012260413193811562,0.0,0.006400083586269375,0.007659839875817961,0.0,0.01132582928334699,0.0,0.006299282733945412,0.0,0.0,0.031447838137285376,0.015691020486077015,0.0,0.01036974868199089,0.01082619059595181,0.0,0.022617211067650408,0.0009790397459839245,0.0,0.0031617692064124653,0.0,0.00023714444521944462,0.0,0.002202539067330905,0.0,0.0,0.012800106348944634,0.0,0.021227619656385494,0.010372488590493605,0.0,0.0,0.0,0.0,0.0,0.0,0.0009742062213495959,0.0,0.025452886886569166,0.006703882249386827,0.0,0.012794283850997354,0.0171428933442033,0.0,0.0,0.008928584048001063,0.0009815477024539667,0.0,0.005777833867611132,0.0,0.0,0.0,0.0,0.0,0.007418459713001661,0.0,0.002981451276618492,0.0,0.012118800786365874,0.023189652114393805,0.001263165737664143,0.0,0.032156209504141865,0.00907453314410596,0.02291529529314843,0.009674859951721704,0.0079509767783525,0.015207971056922443,0.0276659838635069,0.0
LFQ intensity D6_7,0.0,0.0,0.01195819703303336,0.0,0.0017024243851153028,0.0,0.00042921321455779196,0.004632676330841431,0.0,0.008286945655854177,0.01352191005154256,0.0,0.006798507824425042,0.005359473692740815,0.0,0.0,0.0,0.0,0.003137423173655488,0.01658492883314832,0.01016469635256183,0.016971105320011556,0.007107574047045101,0.0,0.002574931078305565,0.0019910045000061383,0.0,0.0,0.016068519519038864,0.010444940046051527,0.0,0.0,0.005914608009341838,0.0,0.0,0.0,0.0003286198474172675,0.014355749381631696,0.010173676761612231,0.032500953784812006,0.015318837617323947,0.0,0.0012088514830983649,0.0,0.005460547392831644,0.0,0.009987759095319609,0.002105507599813135,0.0,0.0,0.06785207697056642,0.0,0.03262085579006571,0.0,0.0,0.006562472877770487,0.00849634270890965,0.0,0.0,0.0,0.0,0.018685732877619047,0.0121196213311131,0.0385985979446269,0.0,0.0006914310561462492,0.0,0.0,0.0,0.0,0.0,0.0,0.0,0.031639284704325,0.0,0.0040296923753141145,0.0,0.0,0.009676493462263552,0.0,0.0,0.025701495001896807,0.0,0.016574296521962854,0.0051927006712820575,0.0,0.0,0.0,0.0,0.0,0.012116811783618701,0.0,0.0,0.0,0.01253684735943331,0.0,0.0,0.0,0.0,0.0,0.00530543450762511,0.004810749212422719,0.006127531228264983,0.001027194289530146,0.0,0.004025294239575528,0.024653280730850026,0.010521293436124336,0.0,0.0024267740221048787,0.002548374972080181,0.0,0.012486652578582273,0.0,0.001518650339542054,0.0,0.0,0.03262279864339102,0.018354557866390994,0.0,0.007752101785821093,0.01918617818697016,0.0,0.020383118857459623,0.0005614073312273798,0.0,0.0,0.0,0.0006929937100933611,0.0,0.002449140585816906,0.0,0.0,0.00895690636410904,0.0,0.02049144184457005,0.010469771773981085,0.0,0.0,0.0,0.0,0.004772773784081309,0.0,0.002053661988103214,0.0,0.0250864841441684,0.0,0.0,0.015688538961892526,0.014886973699733972,0.0,0.0,0.011237392274971496,0.0033900766589674415,0.0,0.0031038123745904186,0.0,0.0,0.005606169341509304,0.0,0.0,0.010521215045462077,0.0,0.0029140143355418143,0.0,0.015157725579505272,0.004409609705395326,0.0,0.0,0.027847211212647546,0.00818272548402897,0.026885648695974783,0.011969760404241336,0.009818570482102383,0.012602413712526895,0.028309240139971915,0.0
LFQ intensity D6_8,0.0,0.0,0.007408986941381695,0.0,0.0,0.0,2.0166737069294524e-20,0.007197244929626652,0.0067169385444947605,0.004564471904454613,0.011455137337991349,0.0,0.008713669202985747,0.006785321728524681,2.0166737069294524e-20,0.0,0.0030381199574584425,0.0,0.002503587521221074,0.01627703582212607,0.005733501841383753,0.009548306475260816,0.011011737767691914,0.0,0.0,0.005149450569410699,0.0,0.0,0.017860851846691648,0.012310324702926102,0.0,0.0,0.008650314273879684,0.0,0.0,0.0,0.0,0.014277835842008575,0.009590237401158868,0.028108417609118655,0.015788940956608977,0.0,0.0,0.0,0.002097716383974965,0.0,0.003755864753671863,0.010513104663806913,0.0,0.0032864111990328444,0.07166681305145484,0.0,0.03216881256536906,0.0,0.003542588416591489,0.008385238827151385,0.0,0.004417542896272028,0.0043094990262575565,0.0050165268714794905,0.0,0.012697828727567195,0.007251108954139934,0.023576718764366216,0.0,0.0,0.0,0.0,0.0,0.0,0.00460533662816267,0.0,0.0,0.03933457785592565,0.0,0.011993136305637173,0.0,0.0,0.012029946778904854,0.0,0.0,0.027019383049495346,0.0,0.012857660990422345,0.0,0.0,0.0,0.0,0.0,0.0,0.011776674763386978,0.0,0.0,0.0,0.008833907426459345,0.0,0.0,0.0,0.0014435786010758619,0.0,0.010081805363490836,0.0,0.01655760388405404,0.0008108408791496357,0.0,0.0028504495030164893,0.029003605530152285,0.012013248590458764,0.0,0.0,0.004941645568506672,0.0,0.009625577381791926,0.0,0.020400983000653072,0.0,0.0,0.023672018045474426,0.01181668465482643,0.0,0.008107307967383457,0.021508582304245686,0.0,0.019822270506504147,0.0,0.0,0.005279954074997859,0.0002128840560216026,0.0027783621693040278,0.0,0.0041567343783106584,0.0,0.0,0.011666388963048502,0.0,0.01842695038345,0.013158771398760618,0.0,0.0,0.0,0.0,0.0033458502212429355,0.0,0.0,0.0,0.021165083236729113,0.0033479906409139056,0.0,0.009072904034819725,0.015110684564598128,0.0,0.0,0.012957134416984203,0.003607456992845065,0.0,0.0057922208958034295,0.00746848926082592,0.0,0.001506001198174586,0.0,0.0,0.007360000190810352,0.0,0.005684071050596606,0.0,0.005723191989101224,0.011503188943057435,0.0,0.0,0.023251757338631204,0.006684309689148037,0.024626522194901985,0.009570178030034448,0.0,0.011593627362926224,0.028466258467243617,0.0
LFQ intensity D6_9,0.0,0.0,0.005292931656133879,0.0,0.0002707476320216461,0.0,0.0,0.008906332422688321,0.0,0.013146191037959956,0.007474340326376381,0.0,0.006662099679895051,0.004791498053847946,0.0,0.0,0.0,0.0,0.003695212309511982,0.02038722032347248,0.00912378655833572,0.011334094762883726,0.008082732918427331,0.0,0.004140259672973245,0.008635563952387513,0.0,0.0,0.018365319497232007,0.011590188492676743,0.0,0.0,0.006285005189948421,0.003117801046788996,0.0,0.0,0.0,0.013741255202456488,0.011126986461747314,0.030356222251834993,0.012778952577427286,0.0,0.0,0.0,0.005380403576690047,0.0,0.007384562704618098,0.009699390297806164,0.0,0.004416821392145676,0.07195493104724304,0.0,0.02868330691766558,0.0,0.0,0.003929749786646154,0.0,0.0003887143984346175,0.0,0.004108777476897514,0.0,0.01331017025274527,0.009353645488591494,0.026424973868445747,0.0,0.0,0.0,0.0,0.0014775443128278419,0.0,0.0,0.0,0.000532560361951871,0.03756630983154832,0.0,0.009242652516290984,0.0,0.0,0.00661906387503128,0.0,0.0,0.02300950292903038,0.0,0.017218094214768956,0.0,0.0,0.0,0.0,0.0,0.0,0.008547054070222024,0.0,0.0,0.0,0.009808288572435854,0.0,0.0,0.0,0.0,0.0,0.011523995243247884,0.006723776160757168,0.013404904463958839,0.0035497201146589283,0.0,0.006806934021259528,0.027646812245716863,0.009163542205071129,0.0,0.0035865017174635527,0.005225211652726008,0.0,0.005088573830786607,0.0,0.0,0.0,0.0,0.025411196137505677,0.016914722207828956,0.0,0.004913980173820089,0.020280322212653086,0.0021484820266328185,0.018660349123973585,0.0008533451904578798,0.0,0.006954901186616572,0.0,0.001456413062955065,0.0,0.013167263718363657,0.0,0.0,0.011258635767979813,0.0,0.019718274227301463,0.009513389421855182,0.0,0.0,0.0,0.0,0.00777782584342032,0.0,0.007794662615238834,0.0,0.032683974805970725,0.0018327822515769258,0.0,0.014279343654436564,0.01249504569707807,0.0,0.0,0.008744682513359333,0.005451239621289405,0.0,0.0017055094136453474,0.0,0.0,0.0,0.0,0.0,0.010169731645176604,0.0,0.0,0.0,0.010769230586075016,0.012066120760432729,0.0025277550437066004,0.0,0.020451074604150545,0.008572047127502673,0.027194908015800327,0.013288195265620447,0.0,0.01385465385169481,0.026008710651170004,0.0
LFQ intensity D7_1,0.0053833040310343125,0.0,0.0,0.0,0.00010651120279904773,0.0,0.002187398110598209,0.012730372913002016,0.00407103557740009,0.00655495913570892,0.009718104072712863,0.0007713055589446573,0.013087246481175737,0.005725083230644247,0.0,0.0,0.0006863717216787297,0.0,0.004097709073375467,0.016326647129992804,0.004780685345101491,0.013035912333149706,0.009221445509367123,0.0,0.0,0.0032187749489940866,0.0,0.0,0.011816799309211208,0.009989237118723258,0.015488391005335373,0.0,0.010071122576251961,0.0,0.0,0.0,0.0,0.009020212216383827,0.004652555381085035,0.031570301940280675,0.01654983950821797,0.0,0.0,0.0,0.00757566832443093,0.0,0.006400806085887021,0.01245588226553372,0.0,0.0017889333601249359,0.06204711430729851,0.0,0.02853110056809615,0.0,0.0007244945274234675,0.010909813713456368,0.0,0.0018736573788060932,0.004764219984080194,0.004720576007540593,0.0,0.003968843947291736,0.008061818725549341,0.023977091692720578,0.0,0.0,0.0,0.0,0.0,0.0,0.0,0.0,0.004953950467804176,0.039050775083892375,0.0043226176714726405,0.012775403101876463,0.0,0.0,0.012463020854200662,0.0,0.0,0.026504543437994688,0.0,0.01241767865631844,0.0,0.0,0.0,0.0,0.0,0.0,0.010188859397971185,0.0,0.0,0.0,0.014020811569649912,0.0,0.0,0.0,0.0,0.0,0.007255659888965649,0.002913050906582079,0.008958577526751367,0.0,0.0,0.0051176819453729126,0.020070325240162747,0.012866705092004134,0.0,0.007192620805522105,0.00325680577545106,0.0,0.010174424543269635,0.0,0.008416372598734586,0.0,0.0,0.02717550958833248,0.01980600967523639,0.0,0.006921486518592957,0.011539755473237462,0.0,0.014197303135018014,0.0,0.0,0.014128272188433853,0.0,0.0035808340547279537,0.0,0.004443891827751062,0.0,0.0,0.010570660015842805,0.0019470625606155614,0.02253316868415558,0.008976154998515925,0.0,0.0,0.0,0.0,0.0,0.0,0.0005665129583007732,0.0,0.018618830029031877,0.0,0.0,0.014925012438209685,0.022970952171356234,0.0,0.0,0.01145487871703119,0.0,0.0,0.005835938317594252,0.0,0.012628764618691798,0.0015369689322234383,0.0,0.0,0.005360675548828179,0.0,0.0070110441900314985,0.0,0.008318351641761515,0.00728504161032535,0.0,0.0,0.022871084985226553,0.014914958265854381,0.01824222650904232,0.008491595282053085,0.013164680391793589,0.006264241127560134,0.03213690266121877,0.0
LFQ intensity D7_2,0.001441988547133962,0.0,0.004059591876167237,0.0,0.0017196972840061416,0.0,0.0008234463826257177,0.007615706489807343,0.0,0.010096746835978434,0.00962179418657289,0.0,0.012277427889343967,0.005312972964099166,0.0,0.0,0.00011705156781029692,0.0,0.005697953808870318,0.02425615326305692,0.008089508656382251,0.018045992579765493,0.006207277697647073,0.0,0.0,0.0050313861456320165,0.0,0.0,0.01771656035568774,0.01023751428118355,0.015229870531784708,0.0,0.008475591300290313,0.0,0.0,0.0,0.0,0.011946945371341909,0.007414474684287089,0.030979212866226045,0.01697095029901827,0.0,0.0,0.0,0.010277602078873101,0.0,0.00675134136834175,0.010870599952697265,0.0,0.0002154335260919474,0.06591118320808291,0.0,0.018757948316896374,0.0,0.0007488833218567013,0.0,0.0,0.003688157525263784,0.0,0.0007161674255999386,0.0,0.0035498721984789784,0.0034683602066448143,0.02843709276630932,0.0,0.0,0.0,0.0,0.0,0.0,0.0,0.0,0.004289989013274758,0.04348505344400119,0.0,0.013304187308396673,0.0,0.0,0.016018305576449343,0.0,0.0,0.022061304872770235,0.0,0.015421197936293514,0.0,0.0,0.0,0.0002882214829498824,0.0,0.0,0.005914443455228637,0.0,0.0,0.0,0.013502062187867045,0.0,0.0,0.0,0.0,0.0,0.009870160620149157,0.005453460048747066,0.011710108233113579,0.0,0.0,0.004805650744468216,0.02128451501703493,0.0136299785996802,0.0,0.0023841260748176073,0.0001080629718352223,0.0010077470787299345,0.009781829468792056,0.0,0.016332295880471182,0.0,0.0,0.028083365807871935,0.016498011315072156,0.0,0.010058917262000587,0.013072950649010142,0.0,0.008027289688777063,0.0010887970611226983,0.0,0.01419923734503081,0.0,0.0009229923688684543,0.0,0.0037677222247309893,0.0,0.0,0.013703816094743781,0.0,0.018888751760546038,0.008952005377253188,0.0,0.0,0.0,0.0,0.0020549378421018355,0.0,0.0012518607372487666,0.0,0.022134703158553724,0.0,0.0,0.007159598857372583,0.020135735682726898,0.0,0.0,0.010999751776307682,0.0021239833016497177,0.0,0.0036551577441786675,0.0,0.011956427069203341,0.0,0.009086709658221446,0.0,0.00397425648553422,0.0,0.0041109515296256114,0.0,0.004252430574439271,0.0010164724054297007,0.0,1.5793734155019088e-05,0.03155269771179655,0.00977323900514594,0.028741930923764925,0.007911760523523596,0.014999801271260318,0.009840201851481144,0.03255658342632513,0.0
LFQ intensity D7_3,0.0015404416598410794,0.0,0.006898999964787353,0.0,0.0018342035106925936,0.0,0.0030152170811430954,0.007400917649171001,0.0,0.009756541233051228,0.008247892635689704,0.0,0.002876128520805999,0.005212416734575635,1.7920119158195187e-19,0.0,0.0,0.0,0.003371209783226157,0.022367597198986403,0.007342721889212118,0.01563410020316509,0.008602215808628718,0.0,0.0,0.003772621947058728,0.0,0.0,0.021540632204511335,0.009108013625170544,0.013690729944516047,0.0,0.007066376990595088,0.0,0.0,0.0,0.0,0.013399709155310996,0.007162634060471978,0.026497490690654272,0.017735417642657313,0.0,0.0,0.0,0.008669726550574297,0.0,0.008385256033991243,0.008369938817339042,0.0,0.004328254398583685,0.0686166861069946,0.0,0.029810582273144762,0.0,0.0006601435364522704,0.0,0.0,0.0016837496844377409,0.0,0.0,0.0,0.009961293010504396,0.006928519085588499,0.02989373294615244,0.0,0.0,0.0,0.0,0.0,0.0,0.0,0.0,0.0004483699812567786,0.04033006149743008,0.0,0.013167058642713688,0.0,0.0,0.010244013462443849,0.0,0.0,0.020514820403568883,0.0,0.0127633750845045,0.0,0.0,0.0,0.0,0.0,0.0,0.008056223570694281,0.0,0.0,0.0,0.0116969828333834,0.0,0.0,0.0,0.0,0.0,0.008985142147553492,0.004572111962823613,0.010759936210512812,0.0,0.0,0.005076257067765636,0.02418907387493739,0.01209628255761496,0.0,0.001800667496020794,0.002505969821157839,0.0,0.007845559664731301,0.0,0.0036881441590146543,0.0,0.0,0.03371722183879588,0.022798870393319393,0.0,0.004341207696993881,0.015738889059587854,0.0,0.01267151819585074,0.0018361930931460831,0.0,0.00746506145238197,0.0004670139137493681,0.004061960049985447,0.0,0.007220532221427656,0.0,0.0,0.011121429045916316,0.0,0.01823277666246468,0.01229728721952398,0.0,0.0001229428897248882,0.0,0.0,0.0005651796519673406,0.0,0.000716297656306597,0.0,0.026976502483369712,0.0,0.0,0.007580950145559713,0.017685802277377025,0.0,0.0,0.01093265320248797,0.003456409580289515,0.0,0.004024456677232885,0.0,0.015348593669033043,0.005287572061186955,0.0,0.0,0.012190761264537437,0.0,0.005011128182361099,0.0,0.009552477045250769,0.002310233783584808,0.0,0.0,0.023656457447209144,0.012181457573928332,0.02442776002270159,0.011627455211152627,0.014188761133085155,0.008563356353279086,0.03150066782941779,0.0
LFQ intensity D7_4,0.0021533156061742686,0.0,0.008988949641223005,0.0,0.0037150210254842313,0.0,0.000950816065263398,0.00691506764582225,0.0,0.00756178164235893,0.008733085120046068,0.0,0.006852175279187171,0.005043883635273769,1.4801053371998817e-19,0.0,0.0,0.0,0.003500736580013441,0.021522277145510423,0.010120307782215093,0.015692273895995774,0.005439290148561335,0.0,0.0,0.002890423113204278,0.0,0.0,0.01614489586436673,0.012862448573585082,0.0,0.0,0.0069676837940476,0.0,0.0,0.0,0.0,0.011470292829257328,0.005371888049831802,0.026965713082320875,0.008774763424724864,0.0,0.0,0.0,0.0036819939367798917,0.0,0.007955050174356548,0.007140765046178195,0.0,0.001024315935424158,0.0710877113138176,0.0,0.028194294885550766,0.0,0.0027127085848091784,0.006134640987505573,0.0,0.0,0.0,0.0,0.0,0.01347540532675292,0.008666986246559446,0.036022732998186605,0.0,0.0,0.0,0.0,0.0,0.0,0.0,0.0,0.003410218109371393,0.03528616057394956,0.0,0.008223104632453604,0.0,0.0,0.010625330692007842,0.0,0.0,0.02242074716420271,0.0,0.018715260215074386,0.0,0.0,0.0,0.0,0.0,0.0,0.011235036980950117,0.0,0.0,0.0,0.01187046156555386,0.0,0.0,0.0,0.0,0.0,0.009329751703580937,0.007902349291092058,0.009702008414751735,0.0031368952790810155,0.0,0.004126876446310556,0.02593116273110313,0.012172612023327253,0.0,0.004146144544369999,0.0026217627748264943,0.0,0.0029274093996027413,0.0,0.01764547196056553,0.0,0.0,0.03548856154877341,0.012762459701404197,0.0,0.010052817881771366,0.016968383946695413,0.0,0.020406874627672423,0.0022819612076077416,0.0,0.006825231976588942,0.00015578091285797902,0.002205672898848871,0.0,0.0,0.0,0.0,0.011403642349633406,0.0,0.018243915629057354,0.012235896412781978,0.0,0.0,0.0,0.0,0.007344352102330122,0.0,0.002319591110822751,0.0,0.024033369403829774,0.0,0.0,0.010206183382482956,0.016706002556726045,0.0,0.0,0.014530227250145626,0.0029861739292598374,0.0,0.0021154430075025115,0.0,0.0,0.004574851227815776,0.0,0.0,0.00860874662185288,0.0,0.004307482919676955,0.0,0.011906976873793189,0.003328050164092419,0.0,0.0,0.028858852295836915,0.01430900589202469,0.02854634184837463,0.012204580154263312,0.009714884929463426,0.008025594804228882,0.030179630549220526,0.0
LFQ intensity D7_5,0.0033778302261061478,0.0,0.009729600619306467,0.0,0.0011780544733941331,0.0,0.0008099870730993118,0.008882890463963226,0.0,0.011617457017150426,0.008647665502581139,0.0,0.005950686570791602,0.005647584907510978,0.0,0.0,0.0012604458538211711,0.0,0.00445429801903406,0.021470371073705124,0.009164087155001912,0.01897427041861754,0.006323148640313493,0.0,0.0,0.004622881854221477,0.0,0.0,0.017408427272114578,0.011489901751856095,0.012065871793812898,0.0,0.003768418809800514,0.0005944200940789362,0.0,0.0,0.0,0.014079928490487004,0.008466551849009338,0.027573626135119416,0.008199619169554168,0.0,0.0,0.0,0.006591613778380859,0.0,0.007700522524033369,0.006491154424829213,0.0,0.004308279214755843,0.06866094779157396,0.0,0.028726748604184643,0.0,0.005215633784929105,0.0,0.0,0.0,0.00023470661659457444,0.0,0.0,0.008771378931300209,0.00423680237397896,0.03057689952078362,0.0,0.0,0.0,0.0,0.0,0.0,0.0002660779315228827,0.0,0.0,0.03736207823843818,0.0,0.008122825551600668,0.0,0.0,0.013530057194606569,0.0,0.0,0.01973437248753607,0.0,0.016008339745987196,0.0,0.0,0.0,0.0,0.0,0.0,0.006250994967349533,0.0,0.0,0.0,0.010385706086990893,0.0,0.0,0.0,0.0,0.0,0.011184145553385821,0.004349448742118503,0.007839122062096212,0.0,0.0,0.0024579469390889563,0.024718319200893044,0.01137702744561882,0.0,0.0016623062636896358,0.0,0.0,0.008238760967966214,0.0,0.0032624237951552884,0.0,0.0,0.033908191637917924,0.01753889232647677,0.0,0.006877284256828095,0.0158764447637704,0.0,0.011410043838034574,0.0015204633543991727,0.0,0.010934891008109165,0.0,0.002580164300535941,0.0,0.003560604312249045,0.0,0.0,0.009890626971864318,0.0,0.02278797919941139,0.011081192337651745,0.0,0.0,0.0,0.0,0.01484754929921005,0.0,0.0015124001761620146,0.0,0.023506322392680853,0.0,0.0,0.009079665995416195,0.01608072841050655,0.0,0.0,0.014968452763216011,0.0049598863568598404,0.0,0.004745273848839972,0.0,0.014039153934977145,0.0074376420576480196,0.0,0.0,0.012505956648832542,0.0,0.00418138255587604,0.0,0.008838730767074282,0.004420534773086696,0.0,0.0,0.024448948216407137,0.010717818831113295,0.025794097379003924,0.008797778513148082,0.013987728188051869,0.009709138620783072,0.03343136599001794,0.0
LFQ intensity D8_1,0.005091141914810225,0.0,0.008503803811593753,0.0,0.0015817169207940711,0.0,0.0,0.0034022085836372647,0.0,0.007455501172073741,0.00926987584540751,0.0,0.0017927449414262314,0.005840647253549165,0.0,0.0,0.0015107757854800304,0.0,0.005263775136542799,0.016716545274334166,0.0073186608008975335,0.022041511337264005,0.009879013263743462,0.0,0.0010293424379689046,0.0034713659224360318,0.0,0.0,0.01901450381997226,0.005568945870533482,0.0,0.0,0.007813690325766339,0.0,0.0,0.0,0.0009713419652703494,0.011977205638642067,0.008059126598193878,0.027092399885506924,0.015451134685622687,0.0,0.00015536616760979504,0.0,0.00855638189091235,0.0,0.007654952964009607,0.003827817819713051,0.0,0.0029201905210611643,0.06842848207125395,0.0,0.02935080341437176,0.0,0.0043006951479026365,0.0,0.0014044060267313081,0.0018679017932438262,0.0013434230867703347,0.0011562113528344566,0.0,0.014161996971887886,0.00022215095491859684,0.02590921561225936,0.0,0.0002591275034903547,0.0,0.0,0.0,0.0,0.0,0.0,0.0,0.03971724049416907,0.0,0.012727451660015324,0.0,0.0,0.015474465111583348,0.0,0.0,0.020245296585611933,0.0,0.0184064066018606,0.0,0.0,0.0,0.0,0.0,0.0,0.00927162026532278,0.0,0.0,0.0,0.01187595120754484,0.0,0.0,0.004654957775463029,0.0,0.0,0.010047260664357202,0.001446126383332721,0.00862132669328312,0.0035760502401760573,0.0,0.004921671401225943,0.02194059391002193,0.014055472542048895,0.0,0.0001906275772773898,0.0,0.0,0.00920554419319614,0.0,0.014626206700525172,0.0,0.0,0.027699510055254582,0.017328207026802076,0.0,0.009245663787668073,0.017215351806358466,0.0,0.02053230001356004,0.0016033890886707248,0.0,0.006195198476653452,0.0017709791363491477,0.003771123674311145,0.0,0.0067470798826074,0.0,0.0,0.008970451766449868,0.0,0.016409846069745333,0.012903740519193081,0.0,0.0007915966021982302,0.0,0.0,0.008018648184589281,0.0,0.0028343386920515468,0.0,0.030050341990078232,0.0032393840411505718,0.0,0.006814490771711692,0.022872758941500943,0.0,0.0,0.010562768118931008,0.0016157776406973278,0.0,0.001158279790002855,0.0,0.0,0.008254167700463532,0.0,0.0,0.008066210538441494,0.0,0.008167433995013431,0.0,0.006363300651712351,0.014191210973519962,0.0,0.0034349504098349884,0.026265090519951878,0.00797938052970633,0.023463702065865833,0.006640049952808858,0.01149708457067989,0.008155963857956815,0.030529855660056893,0.0
LFQ intensity D8_2,0.0,0.0,0.012520631865059985,0.0,0.0,0.0,0.0030434949904230998,0.014860313983577449,0.003268528817687746,0.007012003373380105,0.009530405894294098,0.0,0.0030326177183258546,0.006199066373961594,1.5848288820904192e-19,0.0,0.004861014807096931,0.0,0.002550208922426152,0.0179131485145145,0.004188342110069085,0.019336422115536666,0.01658618980095048,0.0,0.0,0.0,0.0,0.0,0.005997625107201683,0.013090582079453614,0.014944365707271754,0.0,0.010810089931494345,0.0016590379041460037,0.0,0.0,0.00041374756022416925,0.00797027005606441,0.015039863936758456,0.02196749555332274,0.012831209248543944,0.0,0.0,0.0,0.0035639653584810097,0.0,0.0030026366586152703,0.004560545162767516,0.0,0.007278570469816282,0.0720582828279468,0.0,0.01203704491538818,0.0,0.0029501652318791954,0.0,0.0,0.0,0.0,0.0,0.0,0.012118000758737433,0.0,0.018592763877079872,0.0,0.0,0.0,0.0,0.0,0.0,0.0,5.723099159478659e-05,0.002175542745061615,0.026946432420817155,0.011389280449828931,0.012346272075343757,0.0,0.0,0.018949478892446005,0.0,0.0,0.023447166219757853,0.0,0.016705741006407572,0.0,0.0,0.0,0.0,0.0,0.0,0.0002198508165735947,0.0,0.0,0.0,0.008689659412615092,0.0,0.0,0.0,0.0,0.0,0.011307750375938943,0.005840105596206222,0.012162682495555169,0.0,0.0,0.008214939764315848,0.019464925669042496,0.012348754941922172,0.0029616851853469625,0.0061809329796812355,0.0,0.0,0.01730191817152589,0.0,0.02289558588578408,0.0,0.0,0.028106964052367168,0.016896259376831986,0.0,0.005555241879553477,0.015360674110397635,0.0,0.014673676755411999,0.000742951671542504,0.0,0.011251561416494145,0.0015895619128936853,0.004820487310655894,0.0,0.005852621876402416,0.0,0.0,0.014524094311690071,0.0,0.0197102983810396,0.015022787029957959,0.0,0.0023464360788910434,0.0,0.0,0.004664624485333789,0.0,0.0,0.0,0.02351142566199293,0.0,0.0,0.01962849979913714,0.024516912644834066,0.0,0.0,0.007277170446147297,0.0,0.0,0.0037550472158455472,0.0,0.012117460349753386,0.010014692958500427,0.0,0.0,0.01191082071339363,0.0,0.003429215013065029,0.0,0.003117533799409814,0.00990523082777482,0.0,0.00046074514335514767,0.024276960400671593,0.006414763643473895,0.02128593895398191,0.005375112486736026,0.006426311666293042,0.014817114470463001,0.02524621542744627,0.0
LFQ intensity D8_3,0.0065939182478801745,0.0,0.0,0.0,0.0,0.0,0.0036321142186122334,0.014075969411584337,0.006205839448035107,0.007762708671922496,0.01113774282794474,0.0,0.008454172278682988,0.005083469370444769,0.0,0.0,0.006396774684926747,0.0,0.0011423965876539222,0.014849263588288085,0.005738122916562179,0.01170598162411451,0.010269632693860827,0.0,0.0018857358141009589,0.0,0.0,0.0,0.01530152892551418,0.008856272540491802,0.0,0.0,0.010954155183783707,0.0,0.0,0.0,0.0,0.00859762585965697,0.003299186300255386,0.03230953101617096,0.011939307413696707,0.0,0.0,0.0,0.009960105422701319,0.0,0.00475760780054987,0.010277473474674713,0.0,0.00927913903315228,0.06901583013873154,0.0,0.024635097500724967,0.0,0.004873774061892998,0.001993575873465372,0.0,0.0,0.0,0.0,0.0,0.017191526585861382,0.007645667909509818,0.018676299890687954,0.0,0.0,0.0,0.0,0.0,0.0,0.0,0.0,0.0,0.03955024533259819,0.005935086009679993,0.0141985420796874,0.0,0.0,0.012836770718448465,0.0,0.0,0.023270674005679247,0.0,0.014315846306509132,0.002139303553098905,0.0,0.0,0.0,0.0,0.0,0.009883324813402407,0.0,0.0,0.0,0.006503249996937538,0.0,0.0,0.0,0.0,0.0,0.00552606773408702,0.002514580707693493,0.01590076478596975,0.0,0.0,0.0038877158200438344,0.021244960876683636,0.0144222927552114,0.000889981203626763,0.008351198650137207,0.0026665689827805746,0.0,0.010245490624298834,0.0,0.008809279579654154,0.0,0.0,0.027090738494088287,0.019481511704070927,0.0,0.005163990201818612,0.013507761498392406,0.0,0.03255614031263664,0.0,0.0,0.010143202976358146,0.0,0.002388667166044678,0.0,0.004789345783641363,0.0,0.0,0.01325612816626895,0.0,0.020168144705162646,0.009869477835073635,0.0,0.0,0.0,0.0,0.004375717481910291,0.0,0.0023080093640293125,0.0,0.03211545076508586,0.0,0.0,0.009423612089459807,0.01916074848106544,0.0,0.0,0.01141541957322327,0.0011423158690012417,0.0,0.005762754580514881,0.0,0.0,0.004927970046776906,0.0,0.0,0.006126973734022976,0.0,0.00201129293223166,0.0,0.011158288942233106,0.003987256007228383,0.0,0.004132145045411838,0.026973240260209603,0.011993485524271333,0.02322632745673911,0.011858413918405334,0.011145311548134447,0.004411311700138654,0.026339353983986354,0.0
LFQ intensity D8_4,0.0034296241304648833,0.0,0.0,0.0,0.002479820047595877,0.0,1.8513676690838041e-19,0.009210213147847307,0.004936791331134324,0.007352003149866468,0.0,0.0,0.005290052494179085,0.004955917310799968,0.0,0.0,0.0025539581528768195,0.0,0.001442290762635019,0.020099036943407405,0.0038204672159870452,0.010265696099006747,0.012554362033087789,0.0,0.0,0.005854833958680966,0.0,0.0,0.0070655747309419,0.008140091959244727,0.015137601459744448,0.0,0.013997737210498991,0.0,0.0,0.0,0.0011824971961552206,0.008765571091210385,0.005007355071141631,0.026752754485203603,0.011366073925300464,0.0,0.0,0.0,0.008758868967225329,0.0,0.0,0.007669296495044136,0.0,0.010796452314251727,0.06764694977049039,0.0,0.02518771244232702,0.0,0.005236933980370504,0.005693909305545144,0.0,0.0038559312960042206,0.0,0.0,0.0,0.009903904533823307,0.0030071881621193323,0.028639710015651777,0.0,0.0,0.0,0.0,0.002437790423767727,0.0,0.0,0.0,0.0,0.037749870128611425,0.0006488571055691475,0.012977889380562492,0.0,0.0,0.01220483364513027,0.0,0.0,0.016346151496503588,0.0,0.020947665875418464,0.0,0.0,0.0,0.0,0.0,0.0,0.008569520477543486,0.0,0.0,0.0,0.011537542290874194,0.0,0.0,0.0,0.0,0.0,0.005391964229374851,0.003993692332372757,0.01095768640538268,0.0,0.0,0.006695605497352532,0.024501574360918772,0.013856820757630436,0.0,0.0037446715710656472,0.00020763521342510781,0.0,0.01580785535262007,0.0,0.01687292630433444,0.0,0.0,0.036007028172245,0.019045021047964853,0.0,0.007277131151806764,0.013975623439814532,0.0,0.01079344600029759,0.0,0.0,0.010301043805766026,0.0005022417739221472,0.007080771697166589,0.0,0.0,0.0,0.0,0.008419897516336126,0.0,0.019778150522614415,0.011187428236463551,0.0,0.0,0.0,0.0,0.012141883039729476,0.0,0.0035761085214489007,0.0,0.027510699575493326,0.0,0.0,0.011508069964409194,0.017883239541979946,0.0,0.0,0.009954743555193577,0.0024251992605674156,0.0,0.005822413464541627,0.0,0.012989978113956182,0.007455065082945589,0.0,0.0,0.012577528519589052,0.0,0.007619923796808433,0.0,0.005382777464258055,0.006419445987667757,0.004301551065751003,0.0046966643003715095,0.026352893294865398,0.008820570688223481,0.01886716717617047,0.008325384870371745,0.01191260686296331,0.006192065889175363,0.029388502560799522,0.0
LFQ intensity D8_5,0.0042473684100684085,0.0,0.0,0.0,0.005285409790641275,0.0,0.0022920380994244675,0.009246134938722138,0.0006014682568189274,0.0,0.0,0.000761903510291996,0.003131199277304045,0.004586884965710607,1.0545216770581862e-19,0.0,0.0,0.0,0.0042195652566563,0.028352770234853407,0.011182874086601013,0.02109436719514161,0.009525490582825825,0.0,0.0020464046429164028,0.006409698766019321,0.0,0.0,0.01835065848596509,0.01337591922734429,0.009881594063309268,0.0,0.0062986987913469595,0.0021324508181648637,0.0,0.0,0.002117320820087686,0.006877668871537515,0.007009758378727192,0.027686773214405977,0.015250419343305139,0.0,0.004844257602541203,0.0,0.003832709813988987,0.0,0.0,0.012555432432071741,0.0,0.007728574505666706,0.06155314172353602,0.0,0.02172754275031438,0.0,0.0020524464795160335,3.8973383767552887e-07,0.0,0.003707786810496333,0.0,0.0,0.0,0.012651538806891299,0.007571070145347448,0.029402585556753114,0.0,0.0,0.0,0.0,0.0,0.0,0.0,0.0,0.003445777258141275,0.035544772695345055,0.0,0.016167224762089073,0.0,0.0,0.01211735334804188,0.0,0.0,0.02366703773945994,0.0,0.01399678505825841,0.0,0.0,0.0,0.0,0.0,0.0,0.012016744867752864,0.0,0.0,0.0,0.024865332823420298,0.0,0.0,0.0,0.00039570158871520943,0.0,0.0,0.0048061346616078224,0.0,0.0,0.0,0.005691416739728206,0.028848652353628053,0.012835120841520147,0.0,0.0,0.003095266186051948,0.004030132185560944,0.012190029831108994,0.0,0.0,0.0,0.0,0.0378168428780908,0.02040489557589485,0.0,0.006783731039514636,0.011718160550976357,0.0,0.010462721555491125,0.0,0.0,0.012933095798531217,0.0017931438876611333,0.0,0.0,0.005715407799255508,0.0,0.0,0.011368088755943107,0.0,0.019649323616010853,0.010758910705599388,0.0,0.0016549504048620801,0.0,0.0,0.0,0.0,0.005691324476119486,0.0,0.02440656582509842,0.0,0.0,0.015247812319075725,0.020895131440441007,0.0,0.0,0.010409545918888463,0.002022009103915293,0.0,0.0,0.0,0.018334029437556205,0.003611036414286989,0.0,0.0,0.01090236866726155,0.0,0.0076751600318942835,0.0,0.0037716385389474157,0.004094463330898085,0.0,0.005973386687907894,0.025426866245151804,0.006304230895385751,0.021236869277616505,0.006478121329806133,0.012827908608232847,0.009583470639023265,0.030742988915080944,0.0
LFQ intensity D8_6,0.004165672927624582,0.0,0.010218034654431527,0.0,0.00312731660318216,0.0,2.712329730671862e-19,0.01014444794188902,0.004379976651424405,0.008062274350132135,0.009299067548031193,0.0,0.003933486173607381,0.005079305158420041,2.712329730671862e-19,0.0,0.0038522739032725135,0.0,0.00030621288423812737,0.01942008370980339,0.005178309647784209,0.017189769475640836,0.009527587975330319,0.0,0.0,0.0018135891588958184,0.0,0.0,0.0118575532242688,0.010343291696153317,0.0,0.0,0.0098880806369003,0.0,0.0,0.0,0.0007084574487815325,0.006752627685711245,0.0026868318809159524,0.03141945802738011,0.006979000641100331,0.0,0.0,0.0,0.011486332709156374,0.0,0.004068122151087698,0.006650384736531392,0.0,0.004414835413816366,0.07050949018785187,0.0,0.024396961546929437,0.0,0.00484241642840183,0.0,0.0,0.0,0.006842685862856765,0.0,0.0,0.015416860633846908,0.007201191858978329,0.025260109354135935,0.0,0.0,0.0,0.0,0.0,0.0,0.0013277729249928454,0.0,0.0,0.03668617070978378,0.0011134826896790943,0.013637229260407627,0.0,0.0,0.015235669164025113,0.0,0.0,0.02091291202590488,0.0,0.018755855819917282,0.0,0.0,0.0,0.0,0.0,0.0,0.010959752314222356,0.0,0.0,0.0,0.008702254367151363,0.0,0.0,0.0,0.0,0.0,0.004760195575696078,0.005289100536620684,0.014872385754737372,0.0017612708070391036,0.0,0.004911770769237426,0.021854218352175908,0.012160953600894475,0.0,0.008739202639780806,0.0017942950713517025,0.0,0.004872027283843818,0.0,0.022444478126184,0.0,0.0,0.03073452678104741,0.009115660554086096,0.0,0.012790281897500207,0.016273530460540787,0.0,0.02051149947396234,0.0,0.0,0.00813758673357852,0.0004815421661735515,0.004327145548498735,0.0,0.0,0.0,0.0,0.010964999303339941,0.0,0.018258265896350254,0.011912121311624248,0.0,0.0,0.0,0.0,0.007420413415872049,0.0,0.0012421041232934422,0.0,0.02899220625317991,0.0057504059529348076,0.0,0.009596206675767365,0.01944624045997251,0.0,0.0,0.011357319254444375,0.0030172857338133254,0.0,0.005954958046877558,0.0,0.0,0.004578686558879251,0.0,0.0,0.012517298917947148,0.0,0.004313102070249774,0.0,0.010750663944350137,0.017449175986594144,0.0,0.0,0.02175422789154457,0.009691339592492524,0.02184358998428575,0.008483389102131823,0.01166964243464693,0.003709818461448648,0.028741666330414126,0.0
LFQ intensity D8_7,0.005800582943077257,0.0,0.0,0.0,0.003370618230903529,0.0,0.000905686569542232,0.007586379665693131,0.00584567382848052,0.012362911121624787,0.0,7.44389760353335e-05,0.0025519976798155353,0.004795020259339161,0.0,0.0,0.001443823729161299,0.0,0.004726011393535548,0.022483858618239025,0.004046983056727811,0.012241564287969634,0.006072647045161305,0.0,0.004501062048785643,0.00745584188275917,0.0,0.0,0.011033087375353036,0.008071271059688509,0.0071314789129583,0.0,0.0067843998974638255,0.0,0.0,0.0,0.0,0.011004827121516013,0.006665571268182491,0.02618069259480468,0.015554168004244128,0.0,0.0,0.0,0.010080781439556376,0.0,0.0,0.011117129363177674,0.0,0.009966630933709175,0.06694739313125109,0.0,0.026112246512791402,0.0,0.007083850691669098,0.0,0.0022766216216207726,0.0,0.0,0.0,0.0,0.011345894162066113,0.006403092192421374,0.032464620648679644,0.0,0.0,0.0,0.0,0.0,0.0,0.0,0.0,0.0,0.04570044764139067,0.0030030544420819654,0.006627479237933988,0.0,0.0,0.011418702327140574,0.0,0.0,0.022994014875709786,0.0,0.016892214111901952,0.0,0.0,0.0,0.0,0.0,0.0,0.007534333791575046,0.0,0.0,0.0,0.012899200251620623,0.0,0.0,0.0,0.0,0.0,0.005163808223633869,0.0043493779557469475,0.007361469830763969,0.0,0.0,0.008984798492038305,0.024240111660831745,0.011732314878228185,0.0,0.002080343461337268,0.0026796867461907114,0.0,0.01611758043243855,0.0,0.014808616752857485,0.0,0.0,0.03622902639467381,0.02148271104817484,0.0,0.004901404708832498,0.012991031979788252,0.0,0.014126898285430397,0.0,0.0,0.012893926641337341,0.0,0.006187239076654724,0.0,0.0,0.0,0.0,0.00897568621150971,0.0,0.019108436193626895,0.009369312462670578,0.0,0.00269288650965877,0.0,0.0,0.002524427082532139,0.0,0.0038732213823891807,0.0,0.019397799083400818,0.0,0.0,0.009183700251927473,0.02149790362553393,0.0,0.0,0.009351710411536537,0.0021435439943424056,0.0,0.005910093328358561,0.0,0.01869244752751122,0.007470844496293236,0.0,0.0,0.011408414635595185,0.0,0.004869372451910968,0.0,0.00916847582427056,0.0025987977644228518,0.0,0.0028242849663532867,0.023138687018623684,0.006303509428587698,0.02349389147479301,0.01019852852829448,0.009579290743010992,0.007076859457803974,0.033259223628723744,0.0
LFQ intensity D9_1,0.0027041011671604057,0.0,0.011529709350830917,0.0,0.00015872444158076176,0.0,0.0023136571200171726,0.006654305713654565,0.0063057406627683495,0.0032358081990833338,0.0,0.0,0.006405303944355639,0.012177599568612623,0.0,0.0,0.003126530491034413,0.0,0.0028144218765001013,0.023462064616244394,0.008057861158518672,0.009600563072438853,0.008823879946779802,0.0,0.002154214501477707,0.002972665716722343,0.0,0.0,0.00500126284770595,0.01137549308134134,0.0,0.0,0.006195605002977184,0.0,0.0,0.0,0.0016690098368402691,0.01315796473280229,0.004631377417332952,0.023865317163746513,0.017470592983681785,0.0,0.0,0.0,0.00758206973362816,0.0,0.0,0.008188126916366657,0.0,0.005988573763510572,0.07295853481994503,0.0,0.02394373506597649,0.0,0.0015902935779499882,0.0013058610649501349,0.0020367953770977863,0.0037590739454433746,0.0,0.0,0.0,0.010011588708604465,0.0022926218140722834,0.02752517010949859,0.0,0.0,0.0,0.0,4.88198047401118e-05,0.0,0.0,0.0,0.0,0.04526623368712251,0.0,0.011776543517145983,0.0,0.0,0.01242777449643634,0.0,0.0,0.01730804298541161,0.0,0.02187835933953312,0.002600362650744185,0.0,0.0,0.0,0.0,0.0,0.005981686398903141,0.0,0.0,0.0,0.010203081629226897,0.0,0.0,0.0,0.0,0.0,0.006942368706584345,0.0010199854354996424,0.010901391109848578,0.0,0.0,0.0,0.0250706345739793,0.015066158181415346,0.0,0.00036614257478105393,0.0018477524043525604,0.0,0.023633601707122448,0.0,0.011937750236766824,0.0,0.0,0.03534926361467396,0.01784288950924155,0.0,0.010765924224227766,0.012768678598362546,0.0,0.014406462017359588,0.0,0.0,0.009082099883164265,0.00047104248104118407,0.006042274777145901,0.0,0.0,0.0,0.0,0.010564692819282758,0.0,0.02117690799850226,0.011899615414545223,0.0,0.006205466869883978,0.0,0.0,0.010168851817824365,0.0,0.0,0.0,0.019056291339159672,0.0,0.0,0.013506143014847089,0.024463773451978147,0.0,0.0,0.010471131778282508,0.0,0.0,0.0056606372745721945,0.0,0.012939342252622332,0.008154484886374828,0.0,0.0,0.01230746106041175,0.0,0.0,0.0,0.010068007607193084,0.0,0.0012898750942443992,0.0,0.028724108831026288,0.013210941797824095,0.024284588742349126,0.01076845282360316,0.015884764462971615,0.006119648256250269,0.029023268350168153,0.0
LFQ intensity D9_10,0.005762174178554367,0.0,0.009101772423107923,0.0,0.0,0.0,0.0027065118040785372,0.007222757306980076,0.003265589146860868,0.0006738478338931072,0.014429568938179926,0.0,0.005673569165833671,0.006938093531144906,4.253320272470527e-19,0.0,0.0017096663471037473,0.0,0.002576673496261378,0.01941150660657651,0.004408045917246201,0.010021434352084413,0.0062619130131599445,0.0,0.0,0.0009376314436562138,0.0,0.0,0.008595824900724825,0.010145032435978108,0.0,0.0,0.0065486194728247935,0.0,0.0,0.0,0.0,0.013955633158793945,0.005982078115012828,0.029622733044537754,0.01582542138079087,0.0,0.0,0.0,0.010732014077722018,0.0,0.0031537618021255176,0.009001627176440857,0.0,0.0032003328987871664,0.07046230888422832,0.0,0.02475636519160722,0.0,0.0013214891419446268,0.0007693250710952022,0.0,0.006441844428867385,4.9153603297545325e-05,0.0,0.0,0.009409920201144123,0.004951711887407974,0.03299908277695799,0.0,0.0,0.0,0.0,0.0,0.0,0.0,0.0,0.0038631675588156303,0.03408828829152321,0.0,0.011893832217007808,0.0,0.0,0.013724020976256864,0.0,0.0,0.018021341947572444,0.0,0.01878430991424732,0.00034169251322429845,0.0,0.0,0.0,0.0,0.0,0.006122908044937913,0.0,0.0,0.0,0.013203712559034247,0.0,0.0,0.0,0.0,0.0,0.004538630818126478,0.002747684675065947,0.01636694453233824,0.0,0.0,0.0025509318782222508,0.018586049024923505,0.01684757938429843,0.0,0.005571294817071467,0.002872878765328496,0.0,0.012789016167859255,0.0,0.0192852387111767,0.0,0.0,0.03130871924029429,0.01675228266546684,0.0,0.011125271605796402,0.015243445852794862,0.0,0.014432037431597815,0.0003339916577778574,0.0,0.003282263856235749,0.0014576279444692888,0.004949855066054523,0.0,0.0029892693178514753,0.0,0.0,0.009006658368346738,0.0,0.021358090018694768,0.011430160234925534,0.0,0.0,0.0,0.0,0.007674084549389401,0.0,0.0,0.0,0.022241135459365746,0.0,0.0,0.012295683078285345,0.01724036420700148,0.0,0.0,0.016060238103280573,0.003133529143343328,0.0,0.005822657592505103,0.0,0.016537531765634692,0.007016523245737606,0.0,0.0,0.014595659508321365,0.0,0.005109441888635059,0.0,0.01125189710031729,0.0,0.0005183716398308385,0.0,0.022705350488817427,0.012460929226536532,0.02500405992525767,0.01187582768244496,0.016612024316313742,0.00821641760090707,0.028734042265727226,0.0
LFQ intensity D9_11,0.004165566458485205,0.0,0.011298186840566417,0.0,0.005613569622913544,0.0,0.00010578657574209948,0.00872384393190757,0.0044854170161318435,0.0,0.006886798870820428,0.0036408998651941784,2.3904559394320352e-05,0.005530735072157338,3.289218461996916e-19,0.0,0.004231029720054505,0.0,0.0038341226558748485,0.014614426333189535,0.00533908789605478,0.0,0.010745269914884495,0.0,0.0033918156206514073,0.0030473633586324605,0.0,0.008115465346086204,0.009954918058603325,0.007514661863960917,0.0,0.0,0.006186145747486093,0.011783253880537048,0.0,0.0,0.0,0.012145088960391043,0.005650697169229351,0.02069470184776478,0.013356200359897435,0.0,0.0,0.0,0.00795127662007176,0.0,0.011382220877968025,0.026584289733945145,0.0,0.017879694013167264,0.07326763508077119,0.0,0.018032490103451974,0.0,0.002687527205872233,0.0,0.0033365920902042904,0.0010230720918877189,0.0018045161678460684,0.0,0.0,0.01218220426988844,0.0027912297957852264,0.002962465062193641,0.0,0.0,0.0,0.0,0.0,0.0,0.0,0.0,0.0,0.034905402384722124,0.0,0.010021854526418609,0.0,0.0,0.005159504575739071,0.0,0.0,0.015285592384123317,0.0,0.019662354066526427,0.003972647602727565,0.0,0.0,0.00030973636768429313,0.0,0.0,0.005478483713903688,0.0,0.0,0.0,0.004531844631481438,0.006388501406121889,0.0,0.0,0.006692185658257619,0.0,0.006315829555766026,0.0036965911986407123,0.015948797153544435,0.0,0.0,0.0,0.01899351970912841,0.01603732510856278,0.0,0.0,0.0013507776506520484,0.0,0.010214833260041445,0.0,0.014004984500935114,0.0,0.0,0.02934261171982316,0.011599814083722439,0.0,0.01232950934768499,0.02090463208593356,0.0,0.02737799931792272,0.0016660374024222832,0.0,0.0064821805382149975,0.000418562289861109,0.002992616600468456,0.0,0.0,0.0,0.0,0.008636600999608729,0.0,0.020214778056665335,0.011126619590538582,0.0,0.0,0.0,0.0,0.025477808822268643,0.0,0.0,0.0,0.027236058142240702,0.0,0.0,0.017482493453613624,0.020323474780038035,0.0,0.0,0.014833174062449191,0.0009792512957598162,0.0,0.005546968758599482,0.0,0.0,0.006845896213557968,0.0,0.0,0.007876900086713691,0.0,0.005610324586266172,0.0,0.011407105677593357,0.0,0.008223040338756897,0.0,0.026643238699958202,0.01109001881332463,0.025798185481761608,0.013780286672737636,0.01270631870594772,0.006914523170806967,0.026198034090098042,0.0
LFQ intensity D9_12,0.0026664083848973196,0.0,0.01026325209455821,0.0,0.007473713427224041,0.0,9.728658611272197e-05,0.0024613100402701552,0.0,0.0009929369271950152,0.004740072347026779,0.0038390693056715866,0.0009337565220384381,0.005203720895750548,0.0,0.0,0.0,0.0,0.00582099184499229,0.018011048209812214,0.005704084526739925,0.01769974140150423,0.01009484336961552,0.0,0.0,0.004616790381182729,0.0,0.004150091490823392,0.00943004235098816,0.00930730666187403,0.0,0.0,0.00593930782825071,0.007231787016694,0.0,0.0,0.0,0.015496608347610538,0.007322622963688609,0.022970982413755284,0.008834496356512062,0.0,0.0,0.0,0.005856342991582699,0.0,0.01710262156688177,0.029407950775065975,0.0,0.006615596887524262,0.07900628081666763,0.0,0.019040566348735223,0.0,0.0011841775080238118,0.0,0.0036006867020152507,0.003053748017911241,0.0,0.0,0.0,0.015174715170295271,0.00498126938257483,0.030213262332860723,0.0,0.0,0.0,0.0,0.0,0.0,0.0,0.0,0.0,0.03642800890883341,0.0,0.012472745248675405,0.0,0.0,0.012634261092815536,0.0,0.0,0.017281974057776324,0.0,0.02461741232590564,0.0006143314900597087,0.0,0.0,0.0,0.0,0.0,0.006302987967378817,0.0,0.0,0.0,0.006479293217787605,0.0,0.0,0.0,0.0,0.0,0.006683278519302485,0.0055097435731201235,0.009249655337554662,0.0,0.0,0.0,0.019978864958719592,0.012613562455161155,5.1346382747324136e-05,0.0,0.0,0.0,0.01607036596130526,0.0,0.010719841961675709,0.0,0.0,0.027002743167469062,0.01680253963321,0.0,0.009572674681376736,0.0159735451421657,0.0,0.029450409832142418,0.0,0.0,0.0005292456198845103,0.0006091474146875129,0.004262950540085016,0.0,0.001873688077579872,0.0,0.0,0.010172150747940284,0.0,0.021587665055060302,0.009594983653301447,0.0,0.0,0.0,0.0,0.021765227649524193,0.0,0.0012624278861557885,0.0,0.024759749057959163,0.0,0.0,0.014235731638832044,0.018238730848562937,0.0,0.0,0.014485186846791296,0.0017725043421144674,0.0,0.005391998189849568,0.0,0.0,0.005826722180136112,0.0,0.0,0.007808162125820683,0.0,0.0030294041326787524,0.0,0.00933366694014998,0.0,0.0,0.0,0.0273402971640321,0.01065049468180032,0.025313557528661376,0.009603716763734872,0.01090648723761975,0.008372382232038232,0.028224645334889633,0.0
LFQ intensity D9_2,0.0,0.0,0.008519180790588082,0.0,0.001412269838117973,0.0,0.002876543607688831,0.0044932656212763305,0.0034895205508738915,0.0019513635269942865,0.008308517125318451,0.002193502277973884,0.006237797581544146,0.006496933825240416,1.0304679627396541e-19,0.0,0.008424973374875586,0.0,0.005189919959847033,0.011853333486330052,0.001330678757406623,0.010309633182742587,0.010489908928581693,0.0,0.010466305898187384,0.0007315135664550958,0.0,0.004825730607228495,0.0017876762091510435,0.01142289235103976,0.01380331889503493,0.0,0.0041688751754283175,0.0,0.0,0.0,0.0007550641518169781,0.012353598407839124,0.011920004313061608,0.02650000559030082,0.017652617404111573,0.0,0.0,0.0,0.0063217540855767355,0.00021702062189773527,0.011670564814692348,0.027074363606459644,0.0,0.004439656153548245,0.07084885794556348,0.0,0.01679845326838574,0.0,0.015156039459314364,0.005668301959921664,0.002854117177328302,0.0026722584812585203,0.0,0.0,0.0,0.01227170882619934,0.0029512854224616105,0.007692933045133118,0.0,0.0,0.0,0.0,0.0,0.0,0.0,0.0,0.0,0.03710689544024488,0.0008640370735862587,0.009452038757628347,0.0,0.0,0.010855158929423242,0.0,0.0,0.019000460727450045,0.0,0.01784466922159745,0.0010795355984714145,0.0,0.0,0.0,0.0,0.0,0.0046733422384760805,0.0,0.0,0.0,0.01090566000386635,0.0,0.0,0.0,0.006889176525093966,0.0,0.0,0.0006558490327804746,0.012131381369565895,0.0,0.0,0.004056592742841499,0.017964773066000916,0.017110782614666593,0.00020255918322385235,0.0,0.006832261618529309,0.0,0.018276716463751237,0.0,0.01813800999356161,0.0,0.0,0.027040720500308726,0.016536738410378997,0.0,0.008706931125511507,0.013789650604903341,0.0,0.011383822450993075,0.0,0.0,0.005443832487627303,0.0,0.0025560441139877,0.0,0.0021817633379783608,0.0,0.0,0.007537485586946894,0.0,0.021616367013301163,0.011431191269983848,0.0,0.002494560952787687,0.0,0.0,0.007880807938398869,0.0,0.0,0.0,0.022143185251274088,0.0,0.0,0.019012399836203727,0.016308251207020584,0.0,0.0,0.010080452944444285,0.007105558544483962,0.0,0.0057098840707344835,0.0,0.012799116748332255,0.009445322286150715,0.0,0.0,0.007511140557011882,0.0,0.0,0.0,0.008140694653133402,0.0,0.007133750325131069,0.008444675808207402,0.022040794469287205,0.00700173797508828,0.021913073261562475,0.011819747454721004,0.010433778091183194,0.01117107393800164,0.03254328631136563,0.0
LFQ intensity D9_3,0.006009627482474326,0.0,0.011319596978277266,0.0,0.005874234308671812,0.0,1.9581668644834614e-19,0.0,0.0,0.000824661294966375,0.0,0.0038556941472437903,0.001538358708988478,0.004488527870791766,1.9581668644834614e-19,0.0,0.0,0.0,0.006598911233631525,0.01867113865413986,0.006736809198324748,0.01127287578986738,0.0034956682045807494,0.0,0.007857879098368825,0.0021504227346984314,0.0,0.004264302741483965,0.01135549401686659,0.007468437147333868,0.0,0.0,0.0005759670147142041,0.005924251789127339,0.0,0.0,0.0015489524837871522,0.011944574407202344,0.009231017215253203,0.028409930565465452,0.01686999024932389,0.0,0.0,0.0,0.00730527299048706,0.0,0.01273635210887138,0.02726017896279531,0.0,0.0074175058390235716,0.06869970306009182,0.0,0.020753614839628308,0.0,0.009118222848434207,0.0,0.0012550927895981529,0.0,0.0013642165072714136,0.0,0.0,0.0064773027376823725,0.0020370015356014105,0.026316508876796364,0.0,0.0,0.0,0.0,0.0,0.0,0.0,0.0,0.0,0.03665563656320766,0.0,0.01208144407384354,0.0,0.0,0.01010775290645467,0.0,0.0,0.01648951453189088,0.0,0.01888962319638805,0.0016599044059141782,0.0,0.0,0.0,0.0,0.0,0.006360898158782009,0.0,0.0,0.0,0.0111017947947471,0.0,0.0,0.0,0.0048463295370722225,0.0,0.0037322319201268427,0.005597413874007417,0.007954743234069592,0.0,0.0,0.0,0.025088316383586863,0.020295009939217304,0.0004501702851111216,0.0,0.001845956816307001,0.0,0.00884430255801878,0.0,0.008385742719494972,0.0,0.0,0.036596788750731794,0.012654478814186881,0.0,0.01505911877651822,0.014622624455705687,0.0,0.010699497663250915,0.0007703810170066511,0.0,0.006181083194068436,0.0010435651876757933,0.00731377460214016,0.0,0.0,0.0,0.0,0.008257583807438795,0.0,0.02164984709186659,0.00938219444379812,0.0,0.0,0.0,0.0,0.009281754552863626,0.0,0.00044628543541929837,0.0,0.022651753500635426,0.0,0.0,0.02222445469840719,0.020353106710765588,0.0,0.0,0.011239416488746934,0.0,0.0,0.0055574803005553,0.0,0.01634526195913833,0.01309381207068139,0.0,0.0,0.011596565971684297,0.0,0.0,0.0,0.016042476275850478,0.0,0.00779879590891769,0.0,0.02215397383527743,0.012409374716444068,0.02181080067550762,0.009480776912713049,0.012161064381247406,0.0076068406095477275,0.0340999848611041,0.0
LFQ intensity D9_4,0.002543135541269331,0.0,0.010198823726230984,0.0,0.0035631010779949646,0.0,0.003632699779757429,0.003645584419165936,0.0013606110243838706,0.0005402193394629266,0.00819052460548998,0.0030861635219975796,4.754106226757586e-19,0.0074576371032682295,4.655062347033469e-19,1.08948267696528e-18,0.006736823011666319,0.0,0.005805558646452127,0.0117996591335184,0.004795525650622923,0.010531967435064057,0.008377096182176946,0.0,0.0,0.002027657129824533,0.0,0.0031058902459848024,0.004618684362602854,0.00906256547113662,0.01715725297205181,0.0,0.0010270868679176032,0.003139481045411182,0.0,0.0,0.0005542234671582711,0.013923897107283905,0.009821889479803192,0.02596508996198853,0.018675110697835534,0.0,0.0,0.0,0.004988608993551644,0.0,0.013459118423914052,0.028409608882677802,0.0,0.003871075864084283,0.06637494000144326,0.0,0.021668776997715626,0.0,0.001484072262589088,0.0,0.0,0.0026932637377632103,0.0027948112885980625,0.0,0.0,0.009966301225676754,0.001678978936772069,0.009397044408721328,0.0,0.0,0.0,0.0,0.0,0.0,0.0,0.0,0.0004887049498481335,0.03670182124459032,0.0,0.01104906385224722,0.0,0.0,0.007966792353543802,0.0,0.0,0.020275172112650983,0.0,0.016510666746941554,0.0,0.0,0.0,0.0,0.0,0.0,0.0033423356974394613,0.0,0.0,0.0,0.010228976580067736,0.0,0.0,0.0,0.005116258119124758,0.0,1.6966643947314386e-06,0.0032146555696180926,0.013113410611997646,0.0,0.0,0.00025597113945778876,0.01947314908911565,0.019440902391537153,0.0,0.0,0.0034501970716380817,0.0,0.012668421622420224,0.0,0.018569664826570534,0.0,0.0,0.03584047532028917,0.014122475146060992,0.0,0.012666357043151763,0.01694890508095969,0.0,0.007689585111979335,0.0018332215301678097,0.0,0.006502587392941662,0.001260801413519563,0.0036237508961260217,0.0,0.0,0.0,0.0,0.007045520936700228,0.0,0.02417020918915791,0.011560826305857867,0.0,0.0,0.0,0.0,0.003250773334632983,0.0,0.0,0.0,0.021832321650004562,0.0,0.0,0.024061071507874315,0.016888790022046477,0.0,0.0,0.016033085630250025,0.003236401384879709,0.0,0.005762484096242783,0.0,0.01788730120375364,0.008631564201214354,0.0,0.0,0.01053299368965891,0.0,0.005254192498249098,0.0,0.01397626398704058,0.0,0.007463973443510738,0.0,0.02631387329969794,0.011207700150333396,0.02100696747694691,0.014142375335307386,0.011515933401677265,0.01278659263738276,0.034952205008152215,0.0
LFQ intensity D9_5,0.00315630505766975,0.0,0.010892051380197585,0.0,0.00750518146832732,0.0,0.0002682030354827106,0.00034886553846289896,0.0,0.0020825144836000608,0.00535100583206161,0.0050783149316664935,0.005002611932472462,0.009881918859796699,0.0,0.0,0.0,0.0,0.005884981110165624,0.01826805713300874,0.00666721933359357,0.013120299637747463,0.005670958358920836,0.0,0.0,0.001823121426960191,0.0,0.006115974171243692,0.0094617998967503,0.009434996147425871,0.014618820734623015,0.0,0.0041436968375639215,0.0015498120525510796,0.0,0.0,0.0,0.013817503637562765,0.006678687410092408,0.024885107768359296,0.014879773561445118,0.0,0.0,0.0,0.00501774666973369,0.0,0.018030313123738248,0.02875795843249226,0.0,0.006206291123310715,0.06751929426867034,0.0,0.02594104676898543,0.0,0.001730194523421802,0.009592409286948156,0.0019091735975590878,0.00391187966890686,0.002992848145550818,0.0,0.0,0.008649507202652304,0.0028686034921923923,0.011076886269693678,0.0,0.0,0.0,0.0,0.0,0.0,0.0,0.0,0.0,0.03830519415180102,0.0,0.006949764079956009,0.0,0.0,0.009826566392159711,0.0,0.0,0.019402542972492404,0.0,0.016975915109323992,0.00455204576902926,0.0,0.0,0.0,0.0,0.0,0.004515449829059248,0.0,0.0,0.0,0.006710121706558664,0.0,0.0,0.0,0.0,0.0,0.007401114000539289,0.007120934924261595,0.008359050735728187,0.0,0.0,0.0006989964716967446,0.020068428057362836,0.016216327451852263,0.0,0.0,0.0,0.0,0.00794281647969521,0.0,0.007664039774566489,0.0,0.0,0.03440578389261841,0.01896434424842226,0.0,0.008456246993533511,0.016153601484175856,0.0,0.010513948288144094,0.0013814894555292823,0.0,0.007364285547340064,0.0012831504782783853,0.004569201299435268,0.0,0.0034671617818332343,0.0,0.0,0.008144321892225087,0.0,0.021174727109212615,0.010029995855842229,0.0,0.0009274245814074124,0.0,0.0,0.022034260484123044,0.0,0.0,0.0,0.020204147239512558,0.0,0.0,0.018164004669139023,0.0164018482562584,0.0,0.0,0.014605109755672413,0.0023829921991606866,0.0,0.005485003627197943,0.0,0.010955679543831955,0.007766321957780116,0.0,0.0,0.011654358873325294,0.0,0.004187886541893882,0.0,0.008125096946179258,0.0,0.007896461407316582,0.0,0.023427924348076053,0.011761754638858538,0.02284465678468123,0.012837542331725052,0.010038057884963427,0.0092102037465723,0.029679763638044407,0.0
LFQ intensity D9_6,0.007230152494911855,0.0,0.007298193452078013,0.0,0.00792937746831383,0.0,0.00106503731177299,0.0005382837975952214,0.0011262286186029678,0.0033019516502377647,0.0,0.0036571902533901117,0.0005166131544075571,0.007469022366704414,2.2498973735834906e-19,0.0,0.0,0.0,0.009815357488714085,0.019521785207375204,0.009227969615843691,0.009623805962457236,0.0027165298430628913,0.0,0.006814208833314194,0.0,0.0,0.004969932080473262,0.02364451591540348,0.009092596272772221,0.0,0.0,0.0034508995645256943,0.0,0.0,0.0,0.0,0.014569598944934894,0.008903514994987802,0.031120427541065514,0.018144413707047134,0.0,0.0,0.0,0.006397173951331868,0.0,0.011404275015365306,0.02677584617835356,0.0,0.00198110348660895,0.0602708094498282,0.0,0.028341164307655452,0.0,0.013637344268913098,0.0,0.0023364485719202825,0.0010241854585901994,0.0003604861460616812,0.0,0.0,0.009685307619704809,0.0034793113323745906,0.026388966596035998,0.0,0.0,0.0,0.0,0.0,0.0,0.0,0.0,0.0,0.03633012636144536,0.0,0.011483110599431776,0.0,0.0029559126602852343,0.008698633005412569,0.0,0.0,0.02168072143965691,0.0,0.010741329298858914,0.0,0.0,0.0,0.0,0.0,0.0,0.008580161130198771,0.0,0.0,0.0,0.01905221065326313,0.0,0.0,0.0,0.0008378160697353109,0.0,0.004856260971982807,0.005517515753625552,0.002707656608807853,0.0,0.0,0.0036720566904906798,0.024645286210876576,0.01637886269975227,0.0026616384800188415,0.0,0.0027639500060630483,0.0,0.017065082058574595,0.0,0.0,0.0,0.0,0.03781636436694262,0.020133374446018152,0.0,0.01141822787028509,0.014968522883449045,0.0,0.012503101388674352,0.0010015073146808471,0.0,0.00951028638200647,0.0,0.0,0.0,0.0,0.0,0.0,0.013963390622336602,0.0,0.021421740674800658,0.007885765191686043,0.0,0.0027801889720631863,0.0,0.0,0.0,0.0,0.0,0.0,0.017626853345369058,0.0,0.0,0.023304414025110035,0.018233118685921354,0.0,0.0,0.013248218979047764,0.0012653455037135621,0.0,0.0,0.0,0.01476290167722141,0.008687689724485912,0.0,0.0,0.004384214151606646,0.0,0.0,0.0,0.013998288114011895,0.0,0.007826405488851683,0.0,0.024244166381961318,0.009930540143528468,0.023123139268213657,0.006711007688592532,0.012691335493337242,0.008698793160706637,0.03340273843416154,0.0
LFQ intensity D9_7,0.005889709547207016,0.0,0.005471342038268942,0.0,0.007437433558191394,0.0,0.0017133932105543983,0.002451900275602492,0.0,0.0,0.013984947680630765,0.0037071300395291897,0.003301191911632051,0.008691483019563448,0.0,0.0,0.0,0.0,0.005845252883892622,0.02120696175984107,0.005749541299803138,0.021145674554046343,0.011861601484108978,0.0,0.0,0.0008234203502234156,0.0,0.000831866264124799,0.00784964732009776,0.01271609460019257,0.0,0.0,0.0021989217154419244,0.00022139665964354812,0.0,0.0,0.0012390331368989135,0.014374559957679497,0.007950941818449539,0.026156518940881245,0.013787410601700367,0.0,0.0,0.0,0.006727146189808557,0.0,0.01351642131144026,0.033955784735094516,0.0,0.00481347199358801,0.06289598853521237,0.0,0.020293621506571727,0.0,0.0010699620669242516,0.0006732870624319476,0.0,0.006800486406147491,0.0,0.0,0.0,0.00894986118714694,0.006233505952633409,0.03597235433641886,0.0,0.0,0.0,0.0,0.0,0.0,0.0,0.0,0.0,0.03235399417075155,0.0,0.012326396147795807,0.0,0.0,0.011484869319903617,0.0,0.0,0.019934407085086196,0.0,0.01486440794798974,0.0009241823717782466,0.0,0.0,0.0,0.0,0.0,0.009394542920463173,0.0,0.0,0.0,0.020626407903079298,0.0,0.0,0.0,0.002307789260320828,0.0,0.0,0.005030975830218346,0.005340600969085054,0.00019473396343063127,0.0,0.0,0.02429214863048089,0.017483191157899376,0.0006632468114929997,0.0,0.0059158167434485405,0.0,0.00922136458967698,0.0,0.007744736045147852,0.0,0.0,0.03114526785365507,0.016938254948420408,0.0,0.012089134131643763,0.013264561997274691,0.0,0.019378778049599407,0.0,0.0,0.01112774540898605,0.0012777050117312196,0.0,0.0,0.0047006827753413956,0.0,0.0,0.009567298438479992,0.0,0.021594764279688535,0.01034522277639449,0.0,0.0,0.0,0.0,0.008483373037063958,0.0,0.002002430543195684,0.0,0.02671245623469059,0.0,0.0,0.021042384221935776,0.021374651724987603,0.0,0.0,0.012422053914799192,0.0,0.0,0.0,0.0,0.0,0.007363749852976886,0.0,0.0,0.012982193398948075,0.0,0.008829998340401326,0.0,0.0045039474123985375,0.0,0.0011205117929858305,0.0,0.021890851804860834,0.008005894592380446,0.02121434690082879,0.008612208336514032,0.013168372576929875,0.008728475725398652,0.031499606137815876,0.0
LFQ intensity D9_8,0.006986139739059562,0.0,0.011097748742920108,0.0,0.0037723028183131845,0.0,0.003210746565513419,0.0057157274024345955,0.0012636475227333877,0.0046970868470969825,0.0,0.0008946483091933216,0.004665610408616505,0.005737356070095858,0.0,0.0,0.0,0.0,0.006703043165336597,0.018808507482363953,0.006407148494746063,0.014937342220807918,0.004888158084211888,0.0,0.010177990193503619,0.0024441704493222785,0.0,0.0,0.009904696104631993,0.00529046619069853,0.010129770896637857,0.0,0.003457099949381513,0.0,0.0,0.0,0.0,0.01327538285539724,0.007904661370555522,0.028421500528217448,0.015610678264888801,0.0,0.004160793525283512,0.0,0.007671068213055674,0.0,0.0,0.013313637372908305,0.0,0.004248614432368082,0.05824865916126087,0.0,0.027460495647365253,0.0,0.012483873136696674,0.006642957564122488,0.0,0.005585830201796316,0.0,0.0,0.0,0.006531735611083751,0.002459340359974004,0.029472597098916205,0.0,0.0,0.0,0.001028491982110806,0.0,0.0,0.0,0.0,0.0,0.03633841088393664,0.0,0.01699156136743635,0.0,0.0,0.007681255237206185,0.0,0.0,0.01657981207063446,0.0,0.012538938392120835,0.0,0.0,0.0,0.0,0.0,0.0,0.009193035661722828,0.0,0.0,0.0,0.017672270458397556,0.0,0.0,0.0,0.0,0.0,0.012816513287681776,0.0017622886627810309,0.007725778178088917,0.0,0.0,0.0017582621048716945,0.03462276287523979,0.02300722656935477,0.0,0.0,0.0,0.0,0.015976233496596246,0.0,0.0,0.0,0.0,0.03736762039932981,0.020679667503817452,0.0,0.006600433349348911,0.01061968387828061,0.0012538843804415834,0.01047768159405245,0.001868028755408694,0.0,0.008565813071536877,0.002618332424319065,0.008649152377311349,0.0,0.0021411804722816347,0.0,0.0,0.006877949122168113,0.0,0.02171851335258335,0.009811980631108832,0.0,0.0001742905953450511,0.0,0.0,0.0,0.0,0.008785100220756563,0.0,0.021939551180806902,0.0,0.0,0.013444217830251766,0.02470755557761323,0.0,0.0,0.010615590070636428,0.0,0.0,0.0050725805139716605,0.0,0.014504233429783474,0.009310769880521576,0.0,0.0,0.008407855211620179,0.0,0.0,0.0,0.00971346876389115,0.0,0.0,0.00713500008975059,0.028287421365751686,0.005620453432902212,0.02281849223980106,0.010548762161247392,0.013915946471067689,0.007884114588971623,0.02749060083363194,0.0
LFQ intensity D9_9,0.0049497537763278756,0.0,0.008346590589079942,0.0,0.008826148752194894,0.0,0.000678979074707178,0.000540062750648124,0.0,0.009542111446394465,0.0,0.0017397807059716674,5.704976847066529e-20,0.007259914785218814,2.567239581179938e-19,0.0,0.0,0.0,0.004978862847768681,0.02135569680009851,0.00815411361799033,0.012166163116394464,0.0005757549448862911,0.0,0.005732903673418952,0.0030187760623399075,0.0,0.0010167239760103808,0.01073565305547651,0.0073307662574678785,0.0,0.0,0.005736762320862351,0.0,0.0,0.0,0.0,0.013119431376144387,0.006088545430491835,0.02406183691071083,0.016356289571194157,0.0,0.0036533432956795675,0.0,0.006200763069377707,0.0,0.008506365525782987,0.028351298124055804,0.0,0.008787184686021977,0.06393145112228173,0.0,0.01831484960811459,0.0,0.0045633869309281965,0.0014262167450170835,0.0020755651098849416,0.004967970539148622,0.0,0.0,0.0,0.011249491108109189,0.0037028203137808883,0.035327153758313475,0.0,0.0,0.0,0.0,0.006039951866939935,0.0,0.0,0.0,0.0,0.04032046021110311,0.0,0.017479966897825373,0.0,0.0,0.011849029716820957,0.0,0.0,0.01520261185855527,0.0,0.017065482312007725,0.0,0.0,0.0,0.0,0.0,0.0,0.005550747397698449,0.0,0.0,0.0,0.009554907283071271,0.0,0.0,0.0,0.004016068739581521,0.0,0.006720887815855966,0.006084919804741261,0.006336532019826264,0.0,0.0,0.004337501492637658,0.027179842188059564,0.015715867394269868,0.0,0.0,0.0,0.0,0.015595967625518207,0.0,0.0043025885341848496,0.0012812742681438127,0.0,0.0339990158801205,0.01819602908749977,0.0,0.010120804165544454,0.017048929172933328,1.901658949022176e-19,0.012496659435317307,0.0,0.0,0.009410211124804307,0.001103514301898735,0.005999372592761807,0.0,0.0,0.0,0.0,0.007278997432477234,0.0,0.019467129546673942,0.011279087677484633,0.0,0.0,0.0,0.0,0.004169117744068852,0.0,0.008675641131183694,0.0,0.018965911165316957,0.0,0.0,0.020128114104832142,0.019115901735523164,0.0,0.0,0.01192976880692825,0.0019107062931631024,0.0,0.005532032610567174,0.0,0.01477792747561745,0.010714846654676789,0.0,0.0,0.012333911695896545,0.0,0.005041266261817957,0.0,0.008756832617623967,0.0,0.0,0.0,0.026214035556020115,0.011669459724513692,0.022645555208177987,0.006389927843362949,0.007515031138796058,0.007698354541238706,0.03141181806802224,0.0
