,AIA,AIB,AIY,AIZ,ALA,AS,ASE,AUA,AVA,AVB,AVD,AVE,AVF,AVH,AVJ,AVK,AVL,AVM,AWC,Amphid socket,Anal muscle,Apoptotic germ cells,BAG,BDU,Body wall muscle anterior,Body wall muscle middle,Body wall muscle posterior,CAN,CEP_ADE_PDE,Cephalic sheath,Coelomocytes,DA_VA,DB_VB,DVA,DVB,DVC,Differentiated germ,Distal tip,Dorsal uterine cell,Embryonic cells,Excretory cells,Excretory duct,Excretory gland,GLR,Glia_1,Glia_2,Glia_3,Glia_4,HSN,Hypodermis head,Hypodermis tail,I2,I4,IL1,Intestinal-rectal valve,Intestine anterior,Intestine middle,Intestine posterior,LUA,M2,M3,M4,Marginal cells,Mature sperm,Meiotic germ cells,Mitotic germ cells,NSM,OLL,OLQ,Oocytes,PDA,PDB,PLM_ALM,PLN,PVC,PVD_FLP,PVM,PVN,PVP,PVQ,PVR,PVT,PVW,Phasmid socket,RIA,RIB,RID,RIF,RIG,RIH,RIM,RIP,RIR,RIS,RIV,RMD,RMD_LR,RME,RMG,Rectal gland,SAA,SAB,SDQ,SIA,SIB,SMB,SMD,Seam cells (bus+),Seam cells (grd+),Seminal vesicle (male),Spermatheca bag distal,Spermatheca bag proximal,Spermatheca neck distal,Spermatheca neck proximal,Spermatheca-Uterine junction,Spermatocytes,Syncitial pachytene spermatocytes,URA,URX_AQR_PQR,URY,Unassigned hypodermis/gonadal sheath,Unassigned sex-specific muscle,Unassigned sheath cells,Unassigned uterine cells,Uterine muscle,Uterine seam cells,Uterine toroid,Uterine-vulval cells,VC,VD_DD,Vulval cells,XXX,cat-4(+)ptps-1(+) intestine anterior,e1_e3 (pharyngeal epithelium),e2 (pharyngeal epithelium),g1A (pharyngeal gland),g1P (pharyngeal gland),g2 (pharyngeal gland),hmc,hyp4_to_hyp6,hyp7 (hypodermis),pm1_pm2 (pharyngeal muscle),pm3_pm4_pm5 (pharyngeal muscle),pm6_pm7 (pharyngeal muscle),sh1 (gonadal sheath distal),sh2 (gonadal sheath distal),sh3_sh4 (gonadal sheath proximal),sh5 (gonadal sheath proximal),vm1 (vulval muscle),vm2 (vulval muscle)
LFQ intensity D1_1,0.0,0.0,0.00972382406271757,0.005893275582549256,0.0,0.020232982269124577,0.0,0.0,0.0,0.001863558991347954,0.02092874534157741,0.014733977648913087,0.020886813546671764,0.02121802970233997,0.0,0.0006632210860793065,0.002668918207445007,0.0,0.017764292848524203,0.0,0.0036970644849575922,0.00946976154354718,0.0,0.0014098045389149853,0.010788168870250608,0.015236292853591193,0.005751884937720064,0.016913723023636272,0.0,0.0,0.0,0.0,0.013670634869864237,0.0,0.0,0.013376216365473294,0.09541529094884452,0.012299622913844031,0.008311353392990939,0.0,0.00015138420358525156,0.033452359010561074,0.012371001334168432,0.0,0.0,0.0,0.0,0.008713150607835389,0.012175018958444549,0.007703383732774742,0.0,0.0,0.0,0.0,0.016333432255872585,0.0,0.015746746146731605,0.030074584891188628,0.0,0.0,0.0,0.009761983700170071,0.01642982945111535,0.0,0.02976393549098997,0.010091245343656572,0.0,0.0,0.0015363424345553886,0.0,0.0,0.01509390740671658,0.0,0.0,0.01782578398313047,0.0,0.0,0.0,0.0012469290593591516,0.0,0.0,0.0013780831033375917,0.006992863648572237,0.0,0.0,0.029419850544713348,0.0,0.0,0.010085630511056086,0.0,0.009555319105957898,0.0,0.0035803755598116144,0.0,0.0,0.02966538861652857,0.0,0.0,0.023040562122310107,0.007748468912315597,0.003271460719561683,0.0,0.006740163433110267,0.0,0.0,0.0,0.015554254936377802,0.015828226074645492,0.0,0.019851768868759573,0.0022298150522337057,0.009159726075352672,0.002817676842423853,0.0,0.0,0.0,0.010160999159107195,0.0,0.0,0.03452106814783663,0.0,0.0,0.0,0.004503544686470938,0.002146336407741347,0.005553062957132828,0.0,0.003322878962903293,0.0,0.0,0.0,0.009512092805992599,0.0,0.0,0.0016671881274057197,0.0066356159385013375,0.0,0.0,0.0,0.013393108968957188,0.0060120599007877865,0.0,0.044782158049025245,0.0061645702232030666,0.03922474645256127,0.0,0.0,0.016010500726699465,0.018081958316825273,0.0
LFQ intensity D1_10,0.0,0.002569525107509152,0.01965164538442842,0.005032057960252426,0.0,0.017702703610561817,0.0,0.0,0.0,0.0,0.021767991322511615,0.015583272615934908,0.0,0.021287848052948238,0.0,0.0021773094184213736,0.004237926252638942,0.0,0.018864358902989927,0.0,0.0,0.0004445941786290385,0.0,0.0,0.007365483531222309,0.016065622011660213,0.014844274929717594,0.013017222284857992,0.0,0.0,0.0,0.0,0.009462382748472312,0.001755544534187207,0.0,0.0192465790254212,0.09561572456127847,0.0005877202163793161,0.008084170420534451,0.0,0.00447389282779881,0.018638576253184175,0.017704194851447617,0.0,0.0,0.0,0.0,0.012390949506743854,0.014988782060452335,0.007418467087059599,0.0,0.0,0.0,0.0,0.013804544273552951,0.0,0.012097153230178596,0.038356021254565914,0.0,0.0,0.0,0.010671897327827272,0.01890316242960042,0.0,0.032781421781781936,0.005854724259961825,0.0,0.0,0.0,0.0,0.0,0.019396816860990717,0.0,0.0,0.019401213405136414,0.0,0.0,0.0,0.0,0.0,0.0,0.001941830504665137,0.0019916606197343044,0.0,0.0,0.031079549794976218,0.0,0.0038595130218232947,0.009191273934726662,0.0,0.0036997522176019566,0.0,0.007136168686513048,0.0,0.0,0.03301156199204272,0.0,0.0,0.02721517916319396,0.007236378897701291,0.005720811738540707,0.0,0.009627291623542302,0.0,0.0,0.0,0.012195198231853758,0.020020613464009067,0.018226396214981216,0.016583270912916354,0.0,0.006484646222033852,0.006226084024221909,0.0,0.0,0.0,0.003956382547398759,0.0,0.0,0.03506384676746111,0.0,0.0,0.0,0.005217928983564707,0.0008490443344579597,0.004087808503828654,0.0,0.001617103950564717,0.0,0.0,0.0,0.010885024464568521,0.0,0.0,0.004731808924486643,0.006692463702713053,0.0,0.0,0.0,0.011435275390977382,0.0,0.0,0.041628023343407004,0.00911464312514345,0.04019488892356756,0.0014097515854345005,0.0,0.016380604974617408,0.023042444731891463,0.0
LFQ intensity D1_11,0.0,0.0022701255865561895,0.019216319917639405,0.0028793367762319413,0.0,0.01693863954499887,0.0,0.0,0.0,0.0,0.021682966288444162,0.015582499364687386,0.0,0.019545915402185157,0.0,0.0,0.004710655680501764,0.0,0.017755952278186438,0.0,0.0047650908583037645,0.0,0.0,0.0,0.008880103564674448,0.011687283843420129,0.010425796697362669,0.01419658464345385,0.0,0.0,0.0,0.0,0.011523102952437308,0.0,0.0,0.017090726914111305,0.09478401915450456,0.004069440843809973,0.005869603721224616,0.0,0.0,0.0288303187124404,0.008956205848201424,0.0,0.0,0.0,0.0,0.006315758773964565,0.010468770967220695,0.011632089669600672,0.0,0.0,0.0,0.0,0.01788010900128627,0.0,0.014247118995213519,0.04012881642245655,0.0,0.0,0.0,0.01614151713104677,0.016521322288126885,0.0,0.033551662596300234,0.008019518390566254,0.0,0.0,0.0005323253758860228,0.0,0.0,0.015345568754193894,0.0,0.0,0.020122419608543045,0.0023792471822786294,0.0,0.0,0.0,0.0,0.005000371264504828,0.0,5.0662214972615755e-05,0.0,0.0,0.029734803795259133,0.0,0.002009106040680732,0.008919687839089396,0.0,0.011083416248748593,0.0,0.00988612494078179,0.0,0.0,0.0316280651688283,0.00044268537588899854,0.0,0.019481692259513024,0.010389172639211977,0.001167141748692564,0.0,0.006688067273947276,0.0,0.0,0.0,0.021720891658517694,0.019937850575377905,0.0,0.014690363338722761,0.0,0.008103000101089228,0.005935148411368891,0.0,0.007689557567339879,0.0,0.00851484705798508,0.0,0.0,0.03436197984689051,0.0,0.0,0.0,0.005403172433818127,0.004914808718266034,0.011300726085362551,0.0,0.004123203243545949,0.0,0.0,0.0,0.007628877009469234,0.0,0.0,0.00570319052858816,0.008795401060805962,0.0,0.0,0.0008295513467036859,0.008364095884574792,0.0006003728238048417,0.0,0.042423619135842555,0.006154738331564326,0.0378721835292357,0.006816477412264514,0.0,0.013149677542221405,0.02353833579646125,0.0
LFQ intensity D1_2,0.0,0.0,0.017886638040333268,0.0,0.0,0.016923170022772983,0.0,0.0,0.0,0.00013713471087487998,0.02291156730230599,0.015958517502206,0.001249141945400247,0.021677344804926814,0.0,0.0001762309382556891,0.0,0.0,0.019100703675328325,0.0,0.002537532899529483,0.007693659652494023,0.0,0.0,0.007783206743532825,0.01432108298011584,0.009210197021290322,0.01648055683765916,0.00048106286247570054,0.0,0.0,0.0,0.016143090541646338,0.0,0.0,0.013432526205214667,0.09713526562172878,0.014447224552834094,0.01080811184873539,0.0,0.003796665097627869,0.025170236572962478,0.016476974002759066,0.0,0.0,0.0,0.0,0.008125005856120693,0.01098473377284022,0.016721701196326523,0.0,0.0,0.0,0.0,0.011870390681876751,0.0,0.011408599989136382,0.039694844010951615,0.0,0.0,0.0,0.010537348070761503,0.016810656229047653,0.0,0.02721791833145374,0.0,0.0,0.0,0.0015293989839675957,0.0,0.0,0.011218325291124886,0.0,0.0,0.014205672661656865,0.0,0.0,0.0,0.0026622200004308857,0.0,0.0,0.005510321909643798,0.0011562218697101936,0.0,0.0,0.0325394908140603,0.0,0.0055100618942075805,0.009852798883136364,0.0,0.0021356163744435247,0.0,0.009429823061636899,0.0,0.0,0.034404007775348286,0.0018274749392283777,0.0,0.026019202283200753,0.012477043541195285,0.004094281559390267,0.0,0.007768604509431933,0.0,0.0,0.0,0.013423491852292005,0.017847149894520048,0.005331813007018157,0.023368314482677118,0.0,0.008050247481671009,0.0045591636537241345,0.0,0.00727754370017448,0.0,0.007665221071198602,0.0,0.0,0.04084197912500023,0.0,0.0,0.0,0.006390258152113457,0.0009781276485864951,0.007895481498319595,0.0,0.0021927284906119566,0.0,0.0,0.0,0.010848376299819013,0.0,0.0,0.005112626060227573,0.006645343047906417,0.0,0.0,0.007389072610276113,0.00019566190977667353,0.0,0.0,0.04128351014951663,0.006392345553444692,0.038554275447612876,0.003371236548558678,0.0007806935960368771,0.0129304780369009,0.013025253808677174,0.0
LFQ intensity D1_3,0.0,0.0,0.015250541702591562,0.0,0.0,0.02137197068656729,0.0,0.0,0.0,0.0,0.025789781792385297,0.011310075446198548,0.0023237494611318497,0.023694702368679495,1.164997458362022e-05,0.0008889065415395836,0.0038734217016920688,0.0,0.02110476139405426,0.0,0.0012311823387024115,0.004067636342984731,0.0,0.0,0.00935385660425911,0.015654112985640654,0.0064049722515908125,0.015484549023016039,0.0,0.0,0.0,0.0,0.013480961820669846,0.0,0.0,0.014024946243390886,0.10173086197639604,0.013218365628573188,0.005785082495646186,0.0,0.0,0.019121744432024728,0.005105715899114782,0.0,0.0,0.0,0.0,0.007710055502773342,0.005188969733999074,0.018697731955077495,0.0,0.0,0.0,0.0,0.011877992994451015,0.0,0.016904953634166373,0.03868513704079305,0.0,0.0,0.0,0.008811725547052812,0.016981539006068205,0.0,0.028265061846458335,0.006632658035420946,0.0,0.0,0.0,0.0,0.0,0.011220444862387267,0.0,0.0,0.020011515847954277,0.0,0.0,0.0,0.0,0.0,0.0007664339290210441,0.0,0.0022201216223376448,0.0,0.0,0.033438639911853044,0.0,0.0,0.006982799397937161,0.0,0.014676964186893423,0.0,0.0073241965101929814,0.0,0.0,0.031626390304811,0.010679957222381997,0.0,0.023841515778676905,0.010391149451622898,0.0,0.0,0.007654313877022921,0.0,0.0,0.0,0.01488442512098049,0.015026319187703967,0.006791906548731327,0.016171480793354228,0.0,0.009848026906441036,0.00597164177263973,0.0,0.008117356915380474,0.0,0.00253479559433607,0.0,0.0,0.035199549415796665,0.0,0.0,0.0,0.0073238906078662265,0.003646736052938505,0.006612545175197722,0.0,0.00571223895227617,0.0,0.0,0.0,0.01514702873910174,0.0,0.0,0.004452151774801128,0.007271794616140666,0.0,0.0,0.0039803452686877,0.00036551329046336374,0.0015891681930783501,0.0,0.042248607907292,0.005254412388477494,0.04720895034426208,0.007686974929464195,0.0,0.017192140437344954,0.01888818175645767,0.0
LFQ intensity D1_4,0.0,0.0009801548688923008,0.0151306076754837,0.003152953205019524,0.0,0.011035469724911177,0.0,0.006439553293307421,0.0,0.0,0.02465540085303627,0.014534147794859443,0.0005526094960464008,0.027605079728897645,0.0,0.005165052251727378,0.001214138688719749,0.0,0.02052772116832409,0.0,0.0029675467070291914,0.0,0.0,0.0,0.009671062439014434,0.014975469074191396,0.014579434339635461,0.014511912627376515,0.0,0.0,0.0,0.0,0.017234687716695354,0.0,0.0,0.01680084194720387,0.10553173816082885,0.0019852992440473395,0.006521889439650649,0.0,0.0027965719418215434,0.02774603197510864,0.008954885266833076,0.0,0.0,0.0,0.0,0.009633238874737734,0.003913162864785741,0.007038363450652267,0.0,0.0,0.0,0.0,0.011313893911538555,0.0,0.0,0.04049916299336851,0.0,0.0,0.0,0.017140456617367357,0.016663766691969926,0.0,0.034633204450417676,0.0023401376598731214,0.0,0.0,0.0,0.0,0.0,0.012826815418279404,0.0,0.0,0.01584502971162008,0.0,0.0,0.0,0.010818450801536896,0.0,0.0,0.0017675655482561586,0.002996796185604254,0.0,0.0,0.03575126222010441,0.0,0.005010665141737587,0.007823610989672476,0.0,0.004087222986632011,0.0,0.004672373759788728,0.0,0.0,0.031866772105213784,0.0006677394379537175,0.0,0.02561289161949075,0.009039061557011344,0.0,0.0,0.0060921194236944875,0.0,0.0,0.0,0.008533901202765534,0.01670714691883834,0.0032966141602000457,0.018445245031972497,0.0,0.002214951746658493,0.005967151052911799,0.0,0.00815276171695741,0.0,0.011211581240293292,0.0,0.0,0.03954241342288407,0.0,0.0,0.0,0.003169427952180556,0.0031741149213725542,0.005056647128069134,0.0,0.003452368593010072,0.0,0.0,0.0,0.015042222422383645,0.0,0.0,0.004879219910614588,0.006966317539317895,0.0,0.0,0.0,0.0032229481705919618,0.0,0.0,0.04569140654609204,0.009515892225155677,0.04972011856806201,0.005590056637225813,0.0,0.01614058123106959,0.020982887611404752,0.0
LFQ intensity D1_5,0.0,0.0027483098035167857,0.022368372275145567,0.008459375427222532,0.0,0.018095868941381613,0.0,0.0,0.0,0.0,0.021334755288835112,0.011699727479177602,0.0,0.0197961917180231,0.0,0.0015491847085863835,0.004992191263985283,0.0,0.013980357150566917,0.0,0.0,0.0002878463831207212,0.0,0.0,0.006337153215823208,0.014593663821094453,0.011524423516158525,0.015021462017658712,0.0013402818035118263,0.0,0.0,0.0,0.012884649982303594,0.0,0.0,0.018860704357555585,0.09158626543894778,0.008377131530979541,0.009364418007562316,0.0,0.004423044421435138,0.0169757207970802,0.004447372055367648,0.0,0.0,0.0,0.0,0.010363912686676108,0.012652549501863515,0.0070067388958485865,0.0,0.0,0.0,0.0,0.020022357129793635,0.0,0.015614249618080677,0.04304921278030178,0.0,0.0,0.0,0.013603260496630364,0.017314673901211258,0.0,0.03275397853719805,0.0007279137275594385,0.0,0.0,0.0,0.0,0.0,0.015815853989477168,0.0,0.0,0.018105646892217626,8.910084466833824e-05,0.0,0.0,0.0,0.0,0.0012427601312304283,0.0016665153718435509,0.0,0.0,0.0,0.03042975285261002,0.0,0.004085720900923475,0.008526680984340016,0.0,0.0,0.0,0.013820395206691944,0.0,0.0,0.028772667528683977,0.003092442319133496,0.0,0.023666370793007176,0.012396443417721916,0.0021916023669580047,0.0,0.008704219754365842,0.0,0.0,0.0,0.013843856752343472,0.018947457165118937,0.008431674421721196,0.01733177906168951,0.0007673127990430467,0.005799523296261614,0.004306227250918738,0.0,0.00856917299503174,0.0,0.01051064778618902,0.0,0.0,0.03622839681487021,0.0,0.0,0.0,0.004856380085845165,0.002765830653828539,0.010334306109423382,0.0,0.0020603299268919534,0.0,0.0,0.0,0.010924068976303493,0.0,0.0,0.0041269397014415555,0.008900909560553377,0.0,0.0,0.004457543733170427,0.012522955899979607,0.0,0.0,0.03937332578596438,0.009405902310474076,0.0356569839631545,0.006336944878637529,0.0,0.015207926214077534,0.02157011182299051,0.0
LFQ intensity D1_6,0.0,0.0030259494026121567,0.015697099602389738,0.014158907252901755,0.0,0.022132994300878478,0.0,0.0,0.0,0.0,0.02264483821474432,0.0076815026502703755,0.0,0.02512558574649554,0.0,0.0012534124740639404,0.0063295863152850506,0.0,0.015260273340711554,0.0,0.0061650073420839975,0.0037852543918464356,0.0,0.0,0.002966376599755792,0.015201246458411708,0.0,0.014759547522205164,0.0,0.0,0.0,0.0,0.012768666476505732,0.0,0.0,0.022796423933544075,0.09858742840543773,0.01417856421256971,0.006015528164289546,0.0,0.0,0.035202978218688605,0.010554617080494058,0.0,0.0,0.0,0.0,0.010037163357800763,0.005979842413505639,0.0,0.0,0.0,0.0,0.0,0.013449334616406218,0.0,0.0,0.040084835940386705,0.0,0.0,0.0,0.012704932194832794,0.02179930196155794,0.0,0.0339300044292069,0.00019195492142962315,0.0,0.0,0.0,0.0,0.0,0.0113960160305683,0.0,0.0,0.01849472520610629,0.0,0.0,0.0,0.0,0.0,0.0,0.0028558273872910833,0.0029447789341691373,0.0,0.0,0.0271973459980332,0.0,0.0018992976849478743,0.006353186477940944,0.0,0.0,0.00107591880404278,0.011871113130767087,0.0009725898340712305,0.0004559168012049757,0.03377710654532007,0.0059698385640481735,0.0,0.023171462650045983,0.0025303872542289858,0.0,0.0,0.0020879719280840468,0.0,0.0,0.0,0.00982075192617889,0.01713686229139291,0.005460995275970553,0.01566987912533992,0.0,0.002889854589246491,0.006368374150298039,0.0019683411925246826,0.010255650760033921,0.0,0.007970604022207074,0.0,0.0,0.044767195224197934,0.0,0.0,0.005140178460243988,0.008889738840403472,0.00530280620993631,0.011289247882629345,0.0,0.0016980174152124597,0.0,0.0,0.0,0.017236559322547387,0.0,0.0,0.0034203561757484464,0.00893588556453372,0.0,0.0,0.008285954112598271,0.0017555040883100496,0.0022663594698762164,0.0,0.043625532623759025,0.0094721187072885,0.0423267839241023,0.004655127184569019,0.0,0.01402138134748287,0.02184729894118603,0.0
LFQ intensity D1_7,0.0,0.0,0.016022262591050027,0.0007356220660989266,0.0,0.018776534321026484,0.0,0.0029723490279017334,0.0,0.0,0.02257972151512365,0.020290268621673106,0.0,0.023828831650775612,0.0,0.005449993958038112,0.0011268503273696427,0.0,0.018962188931362037,0.0,0.0012241910133703844,0.0007533864564223043,0.0,0.0,0.009608967917938633,0.014062182978514946,0.005980247170738586,0.017144078549730733,0.0,0.0,0.0,0.0,0.017129924986602083,0.0,0.0,0.010782222905338831,0.0934607565467947,0.009665947270505609,0.010675605636678895,0.0,0.001988730195366182,0.01571131491742353,0.015895006083918174,0.0,0.0,0.0,0.0,0.011467883858807227,0.013855387279378463,0.011250070263996204,0.0,0.0,0.0,0.0,0.009550658522962023,0.0,0.016798254197841384,0.04094262105196735,0.0,0.0,0.0,0.010035135101092735,0.018180226161455756,0.0,0.03135848700299141,0.0,0.0,0.0,0.002904716468007524,0.0,0.0,0.014707850574871853,0.0,0.0,0.01201865305316987,0.0,0.0,0.0,0.002180476072004045,0.0,0.0,0.002742133549844056,0.0015878818814885195,0.0,0.0,0.03314222798085194,0.0,0.004670424428274271,0.010332469267414768,0.0,0.005214376613335399,0.0,0.009301715685452365,0.0,0.0,0.028388195013200418,0.0,0.0,0.021571748266704067,0.009450590198650875,0.007361223927341952,0.0,0.005841071123362008,0.0,0.0,0.0,0.011675465238031747,0.017775213930917515,0.005333856844068262,0.01544430596091312,0.0,0.01081029679822736,0.006738352242257649,0.0,0.010503327136268928,0.0,0.003223632500254542,0.0,0.0,0.03750900145127638,0.0,0.0,0.0,0.005718974245014935,0.0038461161541810856,0.0076733532142838215,0.0,0.002459407740860162,0.0,0.0,0.0,0.005998452696576564,0.0,0.0,0.0066328674572300825,0.009628360068932133,0.0,0.0,0.010289508835163509,0.01141018163504935,0.0,0.0,0.04243943056143515,0.004847378598281514,0.03783313973370453,0.008142555010238636,0.0,0.014770129686387723,0.01961502907621586,0.0
LFQ intensity D1_8,0.0,0.0,0.017949926374834745,0.004911602079248118,0.0,0.0170464321668128,0.0,0.0015572745837259092,0.0,0.0,0.021911185038825137,0.017818641584855813,0.00034330880486557156,0.015956353190958363,0.0,0.010879362707710201,0.0,0.0,0.021679504570372567,0.0,0.003686216087905949,0.001193554055868134,0.0,0.0,0.008615098897404996,0.01944806695504537,0.005233041098541107,0.014555915875955457,0.0,0.0,0.0,0.0,0.012292355934323497,0.00671634591957085,0.0,0.00802575841947644,0.09492949259805264,0.005881192571346049,0.01108542993917734,0.0,0.00526853625005373,0.01841798130266545,0.014359106383460225,0.0,0.0,0.0,0.0,0.013175559231747071,0.014235200155232147,0.003218835897416785,0.0,0.0,0.0,0.0,0.01826046357967425,0.0,0.013563587105049313,0.04001674063125107,0.0,0.0,0.0,0.007971812217147945,0.01735868308038516,0.0,0.03247877603624242,0.0008850061450121028,0.0,0.0,0.0071503524551133285,0.0,0.0,0.013416282995911006,0.0,0.0,0.018248539444699712,0.0,0.0,0.0,0.004799288351233513,0.0,0.0,0.003204966448755213,0.006815740432207902,0.0,0.0,0.03175507668821753,0.0,0.004713909011687635,0.007061970690058684,0.0,0.008621463278528904,0.0,0.007089148297796302,0.0,0.0,0.03611232132377541,0.0018152220169174213,0.0,0.025856137253299136,0.006207150908598842,0.00568173390030353,0.0,0.005551539649228352,0.0,0.0,0.0,0.010940919730034082,0.016906815718264766,0.009257489092447144,0.015515429598766013,0.0012834953469959838,0.003262108451254945,0.0019134316062350554,0.004975884145381666,0.006292116339854153,0.0,0.005127608960815298,0.0,0.0,0.03851478997576935,0.0,0.0,0.0,0.007938511653258002,0.0018885030273625503,0.00045084998482102515,0.0,0.005483682778384667,0.0,0.0,0.0,0.008948464060264347,0.0,0.0,0.00605329241829728,0.008400185068518532,0.0,0.0,0.0,0.011467694364139323,0.0,0.0,0.03880454330409882,0.006000452922574414,0.03253050112530192,0.00363286748346904,0.0,0.01766981200982271,0.021713360217321856,0.0
LFQ intensity D1_9,0.0,0.0007741844061174282,0.0031676739555902725,0.0010719858523074903,0.0,0.01822872151659412,0.0,0.0017285611464628848,0.0,0.0008116272020316252,0.024128329954987773,0.019679649079669837,0.020260867799378638,0.01338571024680874,0.0,0.003028943093054258,0.0012987262850321045,0.0,0.017852538024037235,0.0,0.0033933701684260693,0.0,0.0,0.0,0.010799601378287569,0.017094367383022033,0.0,0.01563360608993049,0.0,0.0,0.0,0.0,0.014576847069464069,0.0,0.0,0.004316715698941091,0.10267986393326564,0.00695579249174013,0.017667998546332622,0.0,0.0006541594613138802,0.024362047545372686,0.011139737935087947,0.0,0.0,0.0,0.0,0.011570215184221558,0.016019856457091766,0.007864268147789366,0.0,0.0,0.0,0.0,0.014994480975554192,0.0,0.0,0.038198816783972404,0.0,0.0,0.0,0.00924235541336032,0.021206825156936934,0.0,0.03686817909011026,7.337943095105188e-05,0.0,0.0,0.0014351291101798017,0.0,0.0,0.01470639160449323,0.0,0.0,0.021278315537204398,0.0,0.0,0.0,0.004765376931954534,0.0,0.0,0.002819342631871239,0.009432219094460383,0.0,0.0,0.03523406043134318,0.0,0.0021521212423757587,0.015829877019178887,0.0,0.00021238758554200269,0.0,0.005241386740104032,0.0,0.0,0.03250525776337519,0.0,0.0,0.0274315148280093,0.008742959882060506,0.006229920533548279,0.0,0.005103982336728322,0.0,0.0,0.0,0.015070169905786164,0.014752514529107735,0.004841884392395991,0.015373222779569042,0.0,8.268809715862662e-05,0.004693618750204048,0.0062510311445251624,0.008729528201230349,0.0,0.0058031970996479275,0.0,0.0,0.042990254821012056,0.0,0.0,0.0,0.0029192442967056146,0.006027693409392444,0.0036032559840112866,0.0,0.002458836332504481,0.0,0.0,0.0,0.01183380267988084,0.0,0.0,0.0023533851793406044,0.0,0.0034179951664344466,0.0,0.005316604394145204,0.0064449595657405535,0.0,0.0,0.03909414042823291,0.008272930631584793,0.042174825022861545,0.004953613517829836,0.0,0.017227096797772193,0.021463260697252646,0.0
LFQ intensity D10_1,0.0,0.005212801145517471,0.006569347134275847,0.004613986229720416,0.00445347595704397,0.0,0.004986483992826202,0.006247781556995972,0.0,0.006180069831801383,0.02242254270488127,0.007812242696379372,0.0164498536128456,0.012247736159311722,0.0,0.010450455975581195,0.002308345341514486,0.0,0.010453082231745875,0.0,0.004287941772873121,0.0012318948883105066,0.0,0.0011227479733665108,0.015671781389549153,0.010182302842079716,0.029323015288106727,0.015408984972134124,0.0,0.0,0.007309272360346692,0.0,0.005613733336376897,0.027840106420229094,0.0,0.0027949727759686207,0.07277324017028922,0.0,0.020234394384775378,0.0,0.013509442089329663,0.001593256479622362,0.0,0.0029641743671366587,0.00686046550382082,0.0,0.0,0.005491420662420974,0.0015855503011031366,0.03637740659780859,0.0,0.0,0.0,0.0,0.0,0.0,0.0003566547132285539,0.03894288393537066,0.0,0.0,0.0,0.007909620960095351,0.02060691604995837,0.0,0.01976247361860414,0.0006907026924668122,0.0,0.0,0.0,0.0,0.0,0.004846322232639185,0.0,0.0,0.008524919908476224,0.0,0.0,0.0,0.011825087017157185,0.0,9.76274432452211e-05,0.0021554261738987055,0.008988121053886765,0.0,0.0033942405835144683,0.023126557996267994,0.0,0.0013015947414669858,0.0034352156173495336,0.0,0.020782057653774968,0.0,0.009307213068983182,0.0,0.0,0.03711299602011832,0.028508979392318702,0.0,0.015565236663792214,0.012471273901730572,0.0,0.0,0.0032588542443898094,0.0002216418910655136,0.005411576185225765,0.0,0.0,0.0,0.0,0.007435556693959279,0.0,0.025450971605738722,0.012057976666994753,0.0,0.0,0.0,0.01527322773285465,0.0,0.0,0.01871991711755571,0.0,0.0,0.021722351342640212,0.02353682591831941,0.0,0.0,0.014391277498563735,0.0,0.0,0.0,0.01790782449208638,0.007862968343007731,0.0,0.0,0.01120049886271454,0.0,0.0,0.0,0.010305988109454432,0.0,0.0,0.0,0.024836955332055065,0.010859664983554796,0.022833156730784218,0.01116794119918674,0.009680414882732483,0.009064048506132641,0.03450393107655053,0.0
LFQ intensity D10_10,0.0,0.007058960718616494,0.006954219860841139,0.004824989170131545,0.004960004487467539,0.005696383832962442,0.0036007898336298315,0.0026846968882586774,0.0,0.008460706160303835,0.02304689800650909,0.011975314629506224,0.020297390348546603,0.004327498253487107,0.0,0.0,0.003275824764608481,0.0,0.010926934853548178,0.0,0.002105118223481108,0.004901996963038282,0.0,0.0,0.014718088940189434,0.008277108072390547,0.018425434964236324,0.01728909464705727,0.0,0.0,0.003775160913610245,0.0,0.01818453027000516,0.02507376222625331,0.0,0.0035273674389333684,0.0754373470264124,0.0020963648411599905,0.02133015299052994,0.0,0.007968305072271293,0.0,0.0036062035110386555,0.0015308066834874119,0.002371720315140491,0.0,0.0,0.008776094584774716,0.0038766578539598875,0.046839931895263844,0.0,0.0,0.0,0.0,0.0,0.001808421949030571,0.0,0.03481171357136563,0.0,0.0,0.0,0.010449969864454775,0.021928155524439243,0.0,0.02170451751787334,0.0013853121541327119,0.0,0.0,0.0,0.0,0.0,0.005598118826366345,0.0,0.0,0.014405417574522562,0.0,0.0,0.0,0.00017390705657564995,0.0,0.0069190439839225135,0.0050203710207364,0.0070417934814469875,0.0,0.0,0.02828981321100205,0.0,0.0,0.0,0.0,0.011185854981468428,0.0,0.005176249872691376,0.0,0.0,0.03472435245061557,0.020653817076539426,0.0,0.010972549659182396,0.01214236878766601,0.005717699683350215,0.0,0.015337748109231478,0.0,0.0,0.0,0.0,0.0,0.0,0.007475664832032217,0.0,0.021737707393959298,0.01099719173135745,0.0,0.0,0.0,0.009347947434144832,0.0,0.0,0.029002323099274332,0.0,0.0,0.016263853025863216,0.02073747691938556,0.0,0.0,0.01750797921465539,0.004329169374553184,0.0,0.0,0.0,0.014438243790933001,0.0,0.0,0.0038323439603820484,0.0,0.0012459585826472069,0.0,0.015141028225094336,0.0,0.0,0.0,0.023368217762783857,0.019480731804703038,0.027615590826375623,0.01346834969812449,0.01345834446923488,0.008758554269618168,0.0381442679866134,0.0
LFQ intensity D10_2,0.0,0.006493135181896494,0.004974480351987726,0.0029489371319445005,0.0,0.017228639678710866,0.0,0.004173701155021559,0.0,0.00192875845416956,0.01826677590905239,0.007954418742836077,0.028708897929202313,0.014228020943804197,0.0,0.0,0.0026313414473991773,0.0,0.017231924422504857,0.0,0.0006762369767514833,0.011160437382672828,0.0,0.005382356478996746,0.01522648389700987,0.011322568462650884,0.022131797616132393,0.014096281265824039,0.0,0.0,0.0,0.0,0.007149624643806647,0.02616434881147855,0.0,0.006777099414069442,0.07613636918927141,0.0,0.015066586879918378,0.0,0.0032014454590947178,0.008572743302132509,0.0017521565762567842,0.0005758248625149176,0.0,0.0,0.0,0.006063559849917372,0.004760865940679873,9.853982738673435e-05,0.0,0.0,0.0,0.0,0.0,0.0,0.0,0.03928522229809465,0.0,0.0,0.0,0.011522706430427503,0.019525978280059027,0.0,0.020932289830799016,0.009084325524632909,0.0,0.0,0.0,0.0,0.0,0.004724589555217666,0.0,0.0,0.01992688082015499,0.0,0.0,0.0,0.011963251580963596,0.0,0.0,0.0004114580415226674,0.009754106262184805,0.0,0.0017419679402129167,0.02375196764570535,0.001820897796251316,0.0,0.010533548064111775,0.0,0.01080857248483645,0.0,0.01473198752220167,0.0,0.0,0.028460739063095323,0.01692862991382157,0.0,0.019117836964628952,0.011195947470126942,0.0,0.0,0.009270911906357749,0.0,0.0,0.0,0.0,0.0,0.0,0.008291030516592699,0.0,0.02075826303295014,0.013665928402454773,0.0,0.002196709423830824,0.0,0.02325394897410439,0.0,0.0,0.032579971293092695,0.0,0.0,0.019800499339610388,0.01455970566087488,0.0,0.0,0.014372870431487767,0.008193385535608416,0.0,0.0,0.016469480877192206,0.009950364183096631,0.0,0.0,0.015828711858620014,0.0,0.0063507215075510525,0.0,0.009923728285375188,0.0,0.005617999799285514,0.0,0.02414549140535283,0.0035529409646869363,0.021848103989870915,0.013149003176835952,0.011458228553632443,0.013233806589732002,0.03222093261765928,0.0
LFQ intensity D10_3,0.0,0.006996506397031665,0.00398507273236545,0.007535241322813052,0.007294602184420284,0.0,0.0051437032597130665,0.0025850064216843024,0.0,0.006119762157581759,0.014384861839740226,0.00544266008643213,0.01114795869258547,0.010276340037232747,0.0,0.0,0.005954030548191934,0.0,0.00762330385621837,0.0,0.001605814524157926,0.004692179016144564,0.0,0.004538555626428072,0.013071846402333586,0.004805345904629786,0.03626774283451064,0.008943165497238533,0.0,0.0,0.012186404202332942,0.0,0.008287824481182161,0.022772933598161824,0.0,0.01569865472253146,0.07395944800947747,0.0,0.01881595373631142,0.0,0.008092623939598514,0.0,0.0,0.0,0.006033641767699601,0.0006678706785927796,0.0,0.0038236616792844676,0.002469185140732989,0.0,0.0,0.0,0.0,0.0,0.0,0.0,0.0,0.03723222819373431,0.0,0.0,0.0,0.011818027582802846,0.013230556844057167,0.0,0.026287254240107395,0.007244160892719679,0.0,0.0,0.0,0.0,0.0,0.010476057517016763,0.0,0.0,0.010664159597063993,0.0,0.0,0.0,0.010927212442920511,0.0,0.0,0.003513199392626356,0.01250223124796807,0.0,0.0,0.03165556168567509,0.0,0.0,0.005420681339989612,0.0,0.01747233287621262,0.0,0.0160627540632993,0.0,0.0,0.03290732503638389,0.01917353350895173,0.0,0.01566785866393714,0.009064481404348176,0.0,0.0,0.009497908825785644,0.0,0.005626831213102868,0.0,0.0,0.0,0.0,0.004150353363630062,0.0,0.023468765150299855,0.009738445557871015,0.0,0.0016607577099098502,0.0,0.026184693116914952,0.0,0.0,0.02560297206609677,0.0,0.0,0.0219071281306486,0.02830105043039084,0.0,0.000890168136905684,0.012450091394097309,0.0,0.0,0.0,0.0,0.011324594694295597,0.0,0.0,0.013727373231135346,0.0,0.004878649815614291,0.0,0.020671112353711277,0.0,0.005264634133993106,0.0,0.029635509838295,0.012396823401997067,0.024048870733338626,0.01762166748144906,0.017048939262728154,0.007622282448800935,0.033738859681814344,0.0
LFQ intensity D10_4,0.0,0.004236573326322677,0.005801635960128513,0.0,0.006821493530550429,0.007449766058182946,0.0,0.00407344140235315,0.0,0.005067056191833551,0.01775470537626717,0.005944117971610678,0.02289872916647547,0.00935111736809662,0.0,0.0,0.0050331262860400655,0.0,0.013274534518571588,0.0,0.005325246753598571,0.009074357105930722,0.0,0.0,0.00938684528025037,0.019240196357999804,0.019222089905153256,0.013448143503330285,0.0,0.0,0.0,0.0,0.014248912294278143,0.033703356188437346,0.0,0.002968033964503294,0.08578880399099775,0.0,0.020845699502940806,0.0,0.001118278021089175,0.004257233217022201,0.0025570549547865432,0.0,0.0,0.0,0.0,0.006332341129632374,0.0,0.02544041867102411,0.0,0.0,0.0,0.0,0.0,0.0,0.0,0.028840963960276595,0.0,0.0,0.0,0.013124267143022516,0.025008760489191387,0.0,0.02523732600225467,0.004647033266831301,0.0,0.0,0.0,0.0,0.0,0.002445380252815787,0.0,0.0,0.012074823911293955,0.0,0.0,0.0,0.00537921932530551,0.0,0.007244645480731129,0.0027007067083242935,0.011287866472213285,0.0,0.0023339217181242394,0.016406151870588775,0.0,0.0,0.005074746313458819,0.0,0.023005098836911736,0.0,0.02209039685093617,0.0,0.0,0.02884853753313852,0.016325422096231085,0.0,0.022257603515649465,0.010354862044633867,0.0010521438571675335,0.0,0.005819278662179309,0.0010786888607968892,0.005987650876586235,0.0,0.0005326088933511592,0.0,0.0,0.008199271677346631,0.0,0.020357552827818648,0.013778222465991238,0.0,0.002622195374186279,0.0,0.029151436944111177,0.0,0.0,0.02568394690956417,0.0,0.0,0.01794907038927405,0.022755670909660516,0.0,0.0,0.011002084952303585,0.00010674836596795593,0.0,0.0,0.014595078463976648,0.007300091690007981,0.0,0.0,0.015049002424049576,0.0,0.010824038440356057,0.0,0.006326599826387809,0.0,0.0,0.0,0.022334522005344037,0.008744153813741835,0.024772856454773746,0.006245602768518477,0.006870709800373862,0.018218384517514268,0.0272913460393095,0.0
LFQ intensity D10_5,0.0,0.009604214845992933,0.005047057341086837,0.0,0.004844628176141081,0.0,0.006003071411426126,0.0,0.0,0.008093335494418848,0.021224619685140247,0.0056355014228513965,0.01811550119706183,0.0067922339280642235,0.0,0.0,0.003861476800514357,0.0,0.010842602263964543,0.0,0.002687987733949836,0.006823111407053901,0.0,0.0,0.012499303478038971,0.0076763651862477526,0.03061078161224207,0.009447894668284475,0.0,0.0,0.006271279271060469,0.0,0.014847263336850648,0.029127546167208678,0.0,0.008253143659484843,0.07940833282780031,0.0020264117107549537,0.019951412747910225,0.0,0.002234248667901788,0.0024215705368833772,0.0,0.0,0.010409957184154526,0.0,0.0,0.007883238046949539,0.0016892384895239088,0.02335067279613287,0.0,0.0,0.0,0.0,0.0,0.0,0.0,0.04119943987801169,0.0,0.0,0.0,0.013125693067802214,0.021906238902724567,0.0,0.029801163043228485,0.0032512762210403215,0.0,0.0,0.0,0.0,0.0,0.008105532708328192,0.0,0.0,0.014397830427368351,0.0,0.0,0.0,0.0,0.0,0.0021886111468873773,0.004387776335598955,0.002661622106448319,0.0,0.002322689862638878,0.02333233900151845,0.0007977987021669382,0.0,0.0,0.0,0.008545881745303963,0.0024845403331802763,0.002644806253376704,0.0,0.0,0.03643731186538296,0.026755202522425175,0.0,0.014872692710607318,0.012470845424359408,0.0026301912336878846,0.0,0.009509892648250797,0.0002137163457909774,0.005861229686166442,0.0,0.0,0.0,0.0,0.006402629461369114,0.0,0.021170693368578148,0.010510372590611036,0.0,0.002768705529752823,0.0,0.017757143765757474,0.0,0.0,0.030678566339311493,0.0,0.0,0.01851230530520467,0.02740387228706818,0.0,0.0,0.011305390389446432,0.0,0.0,0.0,0.0,0.010840227601908888,0.0,0.0,0.011111188951951038,0.0,0.005932365491885569,0.0,0.020663499386621247,0.0,0.0,0.0,0.02249212602751569,0.016357248513059655,0.030571594256357786,0.00913570333164301,0.01666976389175135,0.009965087051965927,0.032163192190850384,0.0
LFQ intensity D10_6,0.0,0.0,0.0079052831726747,0.0015164989027175437,0.006092665694440435,0.005338999179807457,0.0,0.0054463876450491925,0.0,0.0070223384280042106,0.013178143237811989,0.005985892735245918,0.016806136231068483,0.012493562507402073,0.0,0.0,0.004349318204827007,0.0,0.017379545647172496,0.0,0.0065752171089852735,0.012629055720124517,0.0,0.0010077618328842336,0.011516293840860985,0.019491746203207944,0.018415264557157415,0.010624927408439136,0.0,0.0,0.0,0.0,0.01642814267054113,0.028071550143176312,0.0,0.005285865695886105,0.07640413731145175,0.0,0.02198872138623063,0.0,0.0022503662800517797,0.013961135969463818,0.001282466989304561,0.0,0.0,0.0,0.0,0.009099636318294335,0.0,0.01285387310678869,0.0,0.0,0.0,0.0,0.0,0.0,0.00399217031117212,0.03748990099726878,4.35596433134773e-05,0.0,0.0,0.014471031669712996,0.02477682704720503,0.0,0.0213404076602905,0.007480242656083201,0.0,0.0,0.0,0.0,0.0,0.004745013249028428,0.0,0.0,0.013764621449202891,0.0,0.0,0.0,0.009707853887867508,0.0,0.0,0.002013155649822479,0.013773159603051845,0.0,0.00516992524466958,0.016932945583618533,0.0,0.0,0.0021874763996236734,0.0,0.022258522994199042,0.0,0.028280324673086474,0.0,0.0,0.030710148893149047,0.0224491596003316,0.0,0.01999864845893359,0.011635277876379317,0.0027155154628859556,0.0,0.004801406049052814,0.0006058705116092738,0.003856346272693056,0.0,0.0016561847206631888,0.0,0.0,0.007656012179187768,0.0,0.019952468184558567,0.014091107040357542,0.0,0.004723811818153005,0.0,0.01756730304319373,0.0,0.0,0.028301896994958213,0.0,0.0,0.015172889992332192,0.017889326332283847,0.0,0.0,0.011258128356991647,0.002226772671438421,0.0,0.0,0.017019860066374636,0.00012168258197604268,0.0,0.0,0.017042999756181405,0.0,0.0059137975877144875,0.0,0.005890560956044442,0.0,0.008110723408823734,0.0,0.021433886555030708,0.010202334272674137,0.01947868061476872,0.011389296340688089,0.0029266085448107974,0.020485112385349894,0.02288810962212336,0.0
LFQ intensity D10_7,0.0,0.008329527827998565,0.0021675533470924676,0.008157029307968543,0.0,0.0,0.003594682451545134,0.0026200330888292798,0.0,0.008202434375375515,0.019384268999412414,0.005737586994462764,0.012524823962615443,0.007942189552542984,0.0,0.0,0.0035001536115884875,0.0,0.009663003792473774,0.0,0.003623846975001895,0.012816516944203455,0.0,0.004023383972126541,0.01473141623569873,0.006905535147282306,0.04197101153546209,0.010465686404308665,0.0,0.0,0.009568963735549956,0.0,0.0037499909217768496,0.02737524629437566,0.0,0.008896556677923809,0.0736922007997518,0.0,0.01981390171657592,0.0,0.003289712782817124,0.02827840915816912,0.0,0.0,0.006630366265586856,0.0,0.0,0.005440486563219155,0.0,0.02113407388536732,0.0,0.0,0.0,0.0,0.0,0.0,0.002522299743217376,0.023295751975596996,0.0,0.0,0.0,0.003951450943088676,0.014634670187778366,0.0,0.020261709131058316,0.0036705060230319653,0.0,0.0,0.0,0.0,0.0,0.013713145922464691,0.0,0.0,0.015305503139119863,0.0,0.0,0.0,0.009196117448098354,0.0,0.0051299847883438205,0.0025683808675843072,0.013860966109023987,0.0,0.0,0.031118759769503335,0.0,0.0,0.0012656995559453066,0.0,0.01611954880322257,0.0,0.015485473722663776,0.0,0.0,0.0349144845236271,0.023189923645703762,0.0,0.020478879769733508,0.006676703028870958,0.0,0.0,0.006871432997529667,0.0005294278524097438,0.0067518372982089325,0.0,0.0,0.0,0.0,0.0007662921066130306,0.0,0.0274817831484025,0.012249943065414123,0.0,0.001665432971441309,0.0,0.009442537751033703,0.0,0.0,0.02244240897127269,0.0,0.0,0.020101337085213167,0.028084822533075236,0.0,0.0021599503620069365,0.011095825850061318,0.0,0.0,0.0,0.012231332888988537,0.004722584673221755,0.0,0.0,0.011907498539808062,0.0,0.0031878633801292263,0.0,0.018079031203559585,0.0,0.0022317870723187697,0.0,0.0269137652735901,0.015893205536829533,0.018263930381486923,0.00876691574864304,0.01240844380533975,0.00882748736710209,0.03533256971152062,0.0
LFQ intensity D10_8,0.0,0.0,0.011052664602248434,0.001276494840753166,0.0022864397073351595,0.0018739805334471397,0.003723363783386482,0.0,0.0,0.00038523875357276944,0.022903921238667684,0.00823114732309053,0.017955176447688268,0.004949042937690651,0.0,0.0,0.002847874413695937,0.0,0.008996575554613261,0.0,0.0,0.01290428824083062,0.0,0.0006417401439890838,0.01350738059645201,0.00736537254005805,0.03711061413970244,0.011012801971199672,0.0,0.0,0.009128065394056249,0.0,0.0,0.0020913648476189478,0.0,0.005996924338714401,0.07298806006977789,0.0,0.014398886127828652,0.0,0.003920207940462119,0.0,0.0,0.0006868495372965584,0.0,0.0,0.0,0.000666376929897005,0.003581521550119758,0.030863721212784957,0.0,0.0,0.0,0.0,0.0,0.0,0.009235639075552336,0.039625734502124775,0.0,0.0,0.0,0.009800016774418191,0.017707123387245092,0.0,0.024219680030283387,0.0041473979092005505,0.0,0.0,0.0,0.0,0.0,0.010328786504173206,0.0,0.0,0.02504072829150323,0.0,0.0,0.0,0.0,0.0,0.016548313979311592,0.0,0.007919749120770663,0.0,0.0,0.03648267486254414,0.0,0.0,0.00032573916364160777,0.0,0.0032545891538542696,0.0,0.015314172797712692,0.0,0.0,0.04010152375920864,0.026352501459683222,0.0,0.021409904907370346,0.007064123231833016,0.0020468281908563946,0.0,0.011764465918941263,0.003650858083208317,0.011890611234681141,0.0,0.0,0.0,0.0,0.0016905693317255538,0.0,0.02495186743034134,0.01091172943680018,0.0,0.004653003131709614,0.0,0.022640384076170497,0.0,0.0,0.01192504181051353,0.0,0.0,0.015247917880910292,0.022868447985749,0.0,0.0,0.013998778389188074,0.0,0.0026525914800400044,0.0,0.020088046681691753,0.011328225618275295,0.0,0.0,0.007999204737811858,0.0,0.007073085787046861,0.0,0.019243947828739137,0.0,0.005289922350699061,0.0,0.02284150007900397,0.01545382192309649,0.0225727982980973,0.011609269091017381,0.02023917197950471,0.010705643140206224,0.03643777347656592,0.0
LFQ intensity D10_9,0.0,0.0,0.00871862789748348,0.011142481791055923,0.007606119493602771,0.0002950619834928435,0.002186642685652188,0.005269256947306049,0.0,0.002902520749584974,0.022094046275482344,0.008426209925592494,0.011644518038450787,0.009169870946804942,0.0,0.0,0.0,0.0,0.007775644635685517,0.0,0.005964293735622601,0.005545420203407457,0.0,0.0035622783523084015,0.015559157415802613,0.007893234026310198,0.034900186550758966,0.021050100419859427,0.0,0.0,0.012012496399266156,0.0,0.0,0.00732315797588957,0.0,0.0075808927986532075,0.0757820575142016,0.0,0.021392193506606837,0.0,0.0,0.0009132218087514631,0.0,0.006077846014738852,0.0038102234600228316,0.0,0.0,0.007042877970316623,0.005873006638453664,0.026272017896079553,0.0,0.0,0.0,0.0,0.0,0.0,0.0001970663242454149,0.03911633238427017,0.0,0.0,0.0,0.008321496056500987,0.020761237974901654,0.0,0.023445208666946438,0.0005169171813278844,0.0,0.0,0.0,0.0,0.0,0.008159139415782302,0.0,0.0,0.011969629531980948,0.0,0.0,0.0,0.0,0.0,0.0037149166508557187,0.0,0.015957382406338417,0.0,0.0,0.02657031697795416,0.0,0.0007718602574145156,0.002194795048384041,0.0,0.026153165275110222,0.0,0.005135735202038072,0.0,0.0,0.041116566955792015,0.03479491161475894,0.0,0.015517097067897228,0.011662039416586282,0.0021515665941391044,0.0,0.005668004092231952,0.0,0.0,0.0,0.0,0.0,0.0,0.006495561962713284,0.0,0.024289224390145442,0.01458629520781992,0.0,0.005102618482693987,0.0,0.0247073264072402,0.0,0.0,0.028297371532624738,0.0,0.0,0.02488029173246443,0.02049837658654502,0.0,0.0,0.015328093497794452,0.0,0.0,0.0,0.0,0.00958167377179955,0.0,0.0,0.01821690761201612,0.0,0.005598212502571018,0.0,0.0128302654256819,0.0,0.0,0.0,0.02311217647348943,0.005371534888593505,0.0266747081441399,0.010025801619723317,0.01168056210197352,0.009014138541778901,0.034027809965490693,0.0
LFQ intensity D2_1,0.0,0.003370310288723991,0.001785066671649637,0.004082823236813824,0.0,0.014156993974225502,0.0,1.910623054031693e-05,0.0,0.0048102515072461485,0.0236366691852241,0.015233204906756016,0.030262695891026488,0.019853062108449598,0.0,0.004675665575396003,0.005244204971002639,0.0,0.019965449212858036,0.0,0.0025755797724833157,0.011563501958655813,0.0,0.0004392142578841832,0.014334933761331367,0.01507809493671287,0.016428982863524566,0.010728313189530546,0.0,0.0,0.0,0.0,0.014402998146612679,0.0,0.0,0.010062040219718805,0.08373897659117568,0.0005771115995903012,0.008646279313912231,0.0,0.00167631492049709,0.003202455484125745,0.014995780006362645,0.001575310229874906,0.0,0.0,0.0,0.01267892623582721,0.012491698838489572,0.016202328765358875,0.0,0.0,0.0,0.0,0.00497704679473471,0.0,0.0006449379416290631,0.05391615820387097,0.0,0.0,0.0,0.00393512180452263,0.01613134570510072,0.0,0.026833679326460323,0.0,0.0,0.0,0.0005130678890890004,0.002376703169097571,0.0,0.0208829236452599,0.0,0.0,0.020930940043445062,0.0,0.0,0.0,0.008801985494595833,0.0,0.0,0.004349166179182045,0.0035051656133200737,0.0,0.0012210903890641205,0.03025779297335311,0.0,0.0,0.010641728555523767,0.0,0.008144193288598403,0.0,0.0021178902121912362,0.0,0.0,0.026411181439631223,0.005497702974987136,0.0,0.02020116042819718,0.011684379400045119,0.00354026641260454,0.0,0.002895082679561673,0.0,0.0,0.0,0.0213544371682117,0.005750640758955168,0.01436601249998396,0.015159731494134238,0.0,0.012865046313804201,0.011196451455892415,0.0,0.0,0.0,0.0,0.0,0.0,0.0396526451044706,0.0,0.0,0.0,0.011391873687457607,0.0,0.0,0.00796532441965119,0.004061602117561293,0.0,0.0,0.008705513620064116,0.011483081870588078,0.0,0.0,0.0008520929137475398,0.0,0.0,0.0,0.004327477861608294,0.005585082782167669,0.0,0.0,0.03890991145196334,0.005279589632630666,0.03285995645655863,0.012002998899898176,0.010648008921341006,0.015005932310956644,0.02167153284270729,0.0
LFQ intensity D2_2,0.0,0.0038284936113275074,0.0192558182017367,0.009847659418345337,0.0,0.01692875872219557,0.0,0.0,0.0,0.0012149626233577849,0.027265139328481982,0.01490154697984531,0.0011479356337489456,0.016978889171860866,0.0,0.0,0.004759405974495031,0.0,0.014559953557935816,0.0,0.006619122403810693,0.007494108348981283,0.0,0.0,0.012199295768900961,0.012721902226120494,0.010159824834822176,0.01694923873164416,0.0,0.0,0.0,0.0,0.011317216256107654,0.0,0.0,0.018109329151057757,0.0891976714496629,0.0009409492686143405,0.012404306538733157,0.0,0.0,0.0065642072607398905,0.0004053209661190282,0.0034001151622986368,0.0,0.0,0.0,0.009996603005069797,0.007792395012187454,0.01623698843263075,0.0,0.0,0.0,0.0,0.00514953998383542,0.0,0.009294325648365818,0.042938057249840046,0.0,0.0,0.0,0.0032013559919946365,0.02363435755098523,0.0,0.025035690204203095,0.00225340191386949,0.0,0.0,0.0017969927575825766,0.0,0.0,0.01687325590147251,0.0,0.0,0.02509122227065947,0.0,0.0,0.0,0.0,0.0,0.0,0.0003402014040364369,5.255500990250288e-05,0.0,0.0,0.03023599335817752,0.0,0.0022338391345015623,0.0071593890963070166,0.0,0.00463966593330107,0.0,0.009135914458032041,0.0,0.0,0.03287360119314321,0.007049149250097016,0.0,0.020267162896896014,0.01459852681508808,0.0011140826671220034,0.0,0.007508347755923757,0.0,0.0,0.0,0.020376888100750862,0.00934429571639651,0.00894699050061216,0.01411594301857346,0.0,0.01118660592954742,0.010151454517685718,0.0,0.0,0.0,0.003471553966299611,0.0,0.0,0.039875115292051296,0.0,0.0,0.0,0.012650150796379983,0.0,0.0,0.00460252783501027,0.004438693267233817,0.0,0.0,0.014675380599258735,0.01460707572089829,0.0,0.0,0.0031874890030735366,0.004136069557570107,0.0,0.0,0.006189486484652776,0.00782069980612944,0.0,0.0,0.03787994736142382,0.006045284645051118,0.03890518073070909,0.0111550405811738,0.01681282228051861,0.012648683391835133,0.021102834410995832,0.0
LFQ intensity D2_3,0.0,0.0,0.022478959653061736,0.0035163818051857634,0.0,0.018220590200029082,0.0,0.0,0.0,0.0,0.026638985880779058,0.015060080621539726,0.0033274130118958853,0.01775854223632802,0.0,5.8706089613772095e-05,0.004660436625444734,0.0,0.018906689021076496,0.0,0.0045199964146337085,0.003706737621226637,0.0,0.0,0.008446929565482526,0.01457086422577241,0.004083361937720693,0.016167452954344703,0.0,0.0,0.0,0.0,0.01347566668710694,0.0,0.0,0.019748755664317087,0.084671775179238,0.004772920668678982,0.011929972055377103,0.0,0.006485305341648281,0.0075191680872471285,0.016085771617220964,0.0019368959655779168,0.0,0.0,0.0,0.011098919042614902,0.013152538999774024,0.015095900900022143,0.0,0.0,0.0011229376235080454,0.0,0.002163403760579959,0.0,0.0,0.047067160978018,0.0,0.0,0.0,0.0029332756011073344,0.02074934069375181,0.0,0.03119038180910407,0.0,0.0,0.0,0.0,0.0,0.0,0.017566551230005396,0.0,0.0,0.019355802361843224,0.0,0.0,0.0,0.0,0.0,0.0,0.0045313044285646914,0.0,0.0,0.0,0.03951077113995693,0.0,0.0037818770026536385,0.007904333029499529,0.0,0.0023737737011653008,0.0,0.010437326319947558,0.0,0.0,0.029796789755375586,0.007387045239942817,0.0,0.022539466690710448,0.014016800894848969,0.0030021483707068594,0.0,0.010041122430364546,0.0,0.0,0.0,0.013409845862393969,0.0041169277815048715,0.008177896877812209,0.01680641762931669,0.0,0.01577757220817132,0.007914411596693875,0.0,0.0004095146863044198,0.0,0.009837776090742998,0.0,0.0,0.040079550948004625,0.0,0.0,0.00016874369001653055,0.01081690653601731,0.0,0.0,0.0022555416405724074,0.005111050341750975,0.0,0.0,0.002982881827199559,0.009085920977798886,0.0,0.0,0.004745614354129987,0.002571466367238712,0.0,0.0,0.014635349889180294,0.008457053580807311,0.0,0.0,0.04012876013039361,0.0069840743703394135,0.03252009157902881,0.01794033994720855,0.0038916971280602325,0.014361020228640236,0.021246242596058923,0.0
LFQ intensity D2_4,0.0,0.003080462674343255,0.0171649206794733,0.011013713222382602,0.0,0.01762964564166154,0.0,0.0,0.0,0.0,0.02673621054409195,0.013902853237843318,0.0002258125905438229,0.01648295769228026,0.0,0.0,0.0,0.0,0.014552401727391943,0.0,0.007472798720369706,0.003483246642474657,0.0,0.0,0.012215231134999902,0.015332441182585076,0.008451700987856671,0.014826367150523179,0.0,0.0,0.0,0.0,0.01103461232643699,0.0,0.0,0.016362030693082005,0.08784087324583086,0.0057010961466558464,0.015521746502569548,0.0,0.0,0.002264229646140901,0.0,0.0,0.0,0.0,0.0,0.010075729492217333,0.006535860934414096,0.025032754833650875,0.0,0.0,3.0689392960572e-05,0.0,0.00023716874455112825,0.0026210287178222913,0.011450551897639478,0.04886276536480144,0.0,0.0,0.0,0.013232377461857877,0.01891440543533022,0.0,0.02856390230329388,0.0010051913366706804,0.0,0.0,0.0012194875276730455,0.0,0.0,0.01802590214585325,0.0,0.0,0.023747159661842352,0.0,0.0,0.0,0.0,0.0,0.0,0.00237404146025888,0.0012792335945941815,0.0,0.0,0.033207168572740545,0.0,0.001726725863681022,0.002699609668438982,0.0008142094594148101,0.007577106057327865,0.0,0.005860924029899706,0.0,0.0,0.02965091056911435,0.011712083710410721,0.0,0.023790755158520825,0.013214188530906383,0.003329464012866268,0.0,0.013567493386444644,0.0,0.0,0.0,0.022414239412868346,0.01013643840304866,0.004895368129652418,0.01309703245210014,0.0,0.013109724912213128,0.016028424812433432,0.0,0.0,0.0,0.0,0.0,0.0,0.03425139407001369,0.0,0.0,0.0,0.01831044465328377,0.0,0.0,0.0023953512621636515,0.00385684664358665,0.0,0.0,0.006663494022744732,0.010308796640856308,0.0,0.0,0.002015302476885834,0.0,0.006083003524028979,0.0,0.005115753587036404,0.014383647411282865,0.0,0.0,0.03904461913596854,0.00417442390561995,0.03139670751203449,0.007337193536184937,0.010695624279762046,0.014747304473043578,0.027884623028452512,0.0
LFQ intensity D2_5,0.0,0.0,0.016745520840843173,0.0016091476105946944,0.0,0.020333725755906088,0.0,0.0034091556321646926,0.0,0.0,0.025359604221729618,0.018500423945886996,0.0,0.018084946226899788,0.0,0.0021962226387905455,0.0021344109845259462,0.0,0.018546800425022724,0.0,0.0031248055445784397,0.0017557619515012788,0.0,0.0,0.012910356458906092,0.017769042057586053,0.021603145537911424,0.01549442356306676,0.0,0.0,0.0,0.0,0.016319430202529704,0.0,0.0,0.011652144792179384,0.0810624966321478,0.0,0.016389620106561302,0.0,0.001177048788597516,0.003604002588202456,0.013566305598117258,0.0,0.0,0.0,0.0,0.010183667932569414,0.01319749663057206,0.020216292804804817,0.0,0.0,0.0,0.0,0.0017600078625319418,0.0,0.004136029683471605,0.044010070288843926,0.0,0.0,0.0,0.010647836073438489,0.01499935283023698,0.0,0.03050317293602111,0.004738020812080148,0.0,0.0,0.0038313220478914814,0.0,0.0,0.01893321636678479,0.0,0.0,0.014566230551211328,0.0,0.0,0.0,0.0037495483631261825,0.0,0.0,0.004897095995028771,0.0014146769154563025,0.0,0.0,0.027049025042925893,0.0,0.00483911325934112,0.010566367152119607,0.0,0.006873489199686417,0.0,0.009049878164276501,0.0,0.0,0.03338840182351187,0.009206661853198407,0.0,0.020467532169878202,0.0047539403879897175,0.0021844716307371417,0.0,0.009724992449931144,0.0,0.0,0.0,0.02093189323670951,0.003190364702068795,0.005323565318947765,0.01573613914838058,0.0,0.014129516187034483,0.010020125530124243,0.0,0.0034630691863353617,0.0,0.005027334140905874,0.0,0.0,0.03910477727780127,0.0,0.0,0.0,0.010153514596625533,0.0,0.0,0.009550121158587709,0.01072869985655095,0.0,0.0,0.012997462541162519,0.012137585431556087,0.0,0.0,0.0028937246125701173,0.0,0.0,0.0,0.0021305397807985646,0.005107772700489036,0.0,0.0,0.04459362951266966,0.004764662512729412,0.031902286741199395,0.010655895774643957,0.00463056867070663,0.016509747552638506,0.021080550496848784,0.0
LFQ intensity D2_6,0.0,0.002299893074722734,0.01861352189928522,0.0007805650058491861,0.0,0.021769632720032028,0.0,0.002662690963147431,0.0,0.0,0.024138395128972544,0.018264412354566387,0.007970374637440438,0.02097776801671294,0.0,0.002230303216345764,0.0,0.0,0.017775497186483077,0.0,0.006866538120835067,0.0057206853000760114,0.0,0.0,0.009703401817172974,0.013295280823469202,0.01319944139011232,0.012328817653258313,0.0,0.0,0.0,0.0,0.014064275982538083,0.0,0.0,0.015936060751965877,0.08272748938887674,0.0,0.02070752120881497,0.0,0.0017880133622121099,0.012526596568830291,0.01657531818047047,0.0,0.0,0.0,0.0,0.008993397659490532,0.012084749610428661,0.017991274919555322,0.0,0.0,0.0,0.0,0.008645823605251159,0.0,0.0,0.04263377688263116,0.0,0.0,0.0,0.00719420344294069,0.022872292957282162,0.0,0.02616521010444827,0.0,0.0,0.0,0.000537275559233905,0.0,0.0,0.016277855804340796,0.0,0.0,0.018566897468915607,0.0,0.0,0.0,0.0,0.0,0.0,0.0039088617441595365,0.0022164450029986747,0.0,0.0,0.03299438915010711,0.0,0.002664899833203704,0.010573300219837642,0.0,0.005847628664023381,0.0,0.006571224708435793,0.0,0.0,0.03544375945765345,0.002120991244848516,0.0,0.023379048934180698,0.013623309356154637,0.0060407924981898285,0.0,0.009383087818321936,0.0,0.0,0.0,0.01421811013103184,0.0018052700060339068,0.011846959003588094,0.015113017622677815,0.0,0.008214455854289211,0.006696442670768085,0.000557099798832588,0.006422598755692252,0.0,0.0019524566297287017,0.0,0.0,0.03729741449879582,0.0,0.0,0.0,0.009649567959019882,0.0,0.0,0.005047235910358417,0.009053819937025956,0.0,0.0,0.006914038137863506,0.007987003342292872,0.0,0.0,0.003113330116696338,0.0,0.007412938992841188,0.0,0.005913642325602097,0.003751047503802904,0.0,0.0,0.03941880737181437,0.00890896801089595,0.03169068556944046,0.016935286060337073,0.0,0.014877416841416361,0.025549395550331082,0.0
LFQ intensity D2_7,0.0,0.0,0.017150388802183072,6.139311550314448e-05,0.0,0.019960424937416437,0.0,0.0014179992082208309,0.0,0.0020020883941476225,0.025767389460742852,0.018403757277202764,0.0,0.02134854510816692,0.0,0.0,0.00038682908741398853,0.0,0.016767613159419,0.0,0.006391231795069783,0.0,0.0,0.0,0.013983351691904736,0.01643668150062959,0.007894903219241429,0.010998646921283824,0.0,0.0,0.0,0.0,0.015438072987984358,0.0043973985070205925,0.0,0.012630823127341591,0.08369547856577209,0.0,0.01135557212129987,0.0,0.0,0.007585328208197046,0.01600063272177646,0.0,0.0,0.0,0.0,0.010079876531876855,0.01414012742498946,0.020944684258201257,0.0,0.0,0.0,0.0,0.004246138773098356,0.0,0.00468478806845197,0.0446652593232657,0.0,0.0,0.0,0.007537668169762,0.017658689737474597,0.0,0.03060951151149371,0.0008337255219385718,0.0,0.0,2.208157688269364e-05,0.0,0.0,0.014840885175756513,0.0,0.0,0.015999990039311452,0.0,0.0,0.0,0.0021426327879525493,0.0,0.0,0.005926875157047783,0.0038506240157206786,0.0,0.0,0.033077006209637744,0.0,0.0025631959527061456,0.010246341980163248,0.0,0.011048653092663053,0.0,0.004419036457161949,0.0,0.0,0.03077404813811958,0.007972641513284808,0.0,0.023927672795462145,0.011946876949009427,0.0,0.0,0.008377237908538608,0.0,0.0,0.0,0.01871399459677638,0.009209325859745557,0.015047698563359031,0.017725731720942894,0.0,0.011272586249147372,0.009993486780280328,0.0,0.001459171512332522,0.0,7.73241049807138e-05,0.0,0.0,0.036798882753385456,0.0,0.0,0.0,0.010418125095664239,0.0,0.0,0.008507631136506976,0.007772919964171385,0.0,0.0,0.007968157500071543,0.008301068005533273,0.0,0.0,0.001197944860067612,0.0,0.0045622010102108,0.0,0.002926037817383555,0.0052721959979576336,0.0,0.0,0.040870607767715235,0.005522685137889533,0.03662917264363727,0.007687512737026199,0.01299415698135188,0.01721490353148295,0.029245658684470703,0.0
LFQ intensity D2_8,0.0,0.0,0.007667076099407718,0.0010738040074436397,0.0,0.017004922537303683,0.0,0.0013180668126799083,0.0,0.001543397865205583,0.024000213791087983,0.017526300810253505,0.02638307744250723,0.015602675723051405,0.0,0.0,0.0,0.0,0.018695687393545907,0.0,0.0028014903375312063,0.0010508380967974246,0.0,0.00018983083880472337,0.014583060762097387,0.016298779199249307,0.008976217255670363,0.014877834025367553,0.0,0.0,0.0,0.0,0.01620308387022423,0.0,0.0,0.00784497956282872,0.08349910537692361,0.0065365669071269705,0.011772943968455109,0.0,1.2769279479913143e-05,0.004545609143265051,0.01398042517994651,0.0016961406803095796,0.0,0.0,0.0,0.008218481484383,0.014416469991759369,0.02165769713442441,0.0,0.0,0.0,0.0,0.009086905964985414,0.0,0.0044901870848743815,0.042667708328453985,0.0,0.0,0.0,0.0036759679149208145,0.017024466277841446,0.0,0.02750991451363485,0.0,0.0,0.0,0.0032295392658350528,0.0,0.0,0.01584050027514044,0.0,0.0,0.017388928653627973,0.0,0.0,0.0,0.002132933636711917,0.0,0.0,0.0031526517614508696,0.005317790374827488,0.0,0.0,0.0330553558204568,0.0,0.0017585096124534112,0.010684585096207243,0.0,0.015653082316017978,0.0,0.00545400609989195,0.0,0.0,0.029219802812322657,0.007844244067682369,0.0,0.022432411767304414,0.013080490514952194,0.0,0.0,0.005552879773023389,0.0,0.0,0.0,0.017869702177980534,0.008257046680031618,0.004604325410301579,0.015430139275511075,0.0,0.015527894728604259,0.01028806153032577,0.0,0.0026988458926543494,0.0,0.0,0.0,0.0,0.03833026139665723,0.0,0.00044287470675010674,0.0,0.010118292216113699,0.0,0.0,0.008337229811353425,0.007416081649865014,0.0,0.0,0.00656074303705915,0.008912559476145995,0.0,0.0,0.003325182898361167,0.0015068687271850344,0.0,0.0,0.004198994328391992,0.012888446127812187,0.0,0.0,0.039478287695855714,0.00460516810335649,0.038353649369039344,0.008669897342472697,0.014411633570255883,0.01802200831385237,0.02351539802431535,0.0
LFQ intensity D2_9,0.0,0.0,0.0172970775134726,0.002491528227956477,0.0,0.018085627284134702,0.0,0.007222769679444913,0.0,0.0,0.023706087328817505,0.02169754870135064,0.0022060451615282238,0.017924447524887362,0.0,0.0009877984907861153,0.0,0.0,0.016622495435769234,0.0,0.0007104949898994818,0.003187136059835381,0.0,0.0,0.01892568704133264,0.0162385154654175,0.011535257017772865,0.0143833996573258,0.0,0.0,0.0,0.0,0.017074487770045995,0.0,0.0,0.012875882585284012,0.0818029374239982,0.0047785279070196385,0.017504670264984326,0.0,0.00432762982922904,0.002383249669762554,0.01428766976943499,0.002002605244355557,0.0,0.0,0.0,0.012558546633254166,0.013111061502971613,0.020356943169854425,0.0,0.0,0.0,0.0,0.009527469974103227,0.0,0.0,0.04423708695676651,0.0,0.0,0.0,0.00332674199537869,0.01702616805665059,0.0,0.02645301197286087,0.002794584212866844,0.0,0.0,0.001586423640556745,0.0,0.0,0.015152704669353433,0.0,0.0,0.01272287388721332,0.0,0.0,0.0,0.0036436058988788466,0.0,0.0,0.0046067311742500104,0.005024926298392099,0.0,0.0,0.031746565086974335,0.0,0.002939887452617902,0.011149019838080683,0.0,0.010435901632677725,0.0,0.004261790234288513,0.0,0.0,0.029144258308167227,0.009036826085977853,0.0,0.022115535418277214,0.011682277451191901,0.0015187825806702543,0.0,0.009426221461119046,0.0,0.0,0.0,0.020790508825189374,0.00477514157651379,0.013673262291017223,0.01387828375112601,0.0,0.014580705993497315,0.009505324438733441,0.0,0.0006030374079206221,0.0,0.0048201606254546624,0.0,0.0,0.03726721957829905,0.001477855456068471,0.0,0.0,0.01167439759037447,0.0,0.0,0.0059081946172736,0.003960866843375022,0.0,0.0,0.0,0.0056419918544732325,0.0,0.0,0.0014305948534294212,0.004107894964169997,0.0,0.0,0.005905475177025727,0.01922512073872457,0.0,0.0,0.03702720531941841,0.0032582442356343336,0.0310546165972002,0.011181366833080032,0.014137111106035388,0.017168851798075473,0.021101045890650344,0.0
LFQ intensity D3_1,0.0,0.007819445531881894,0.006349128744115065,0.004061271526697608,0.0,0.021716949996650588,0.0,0.0,0.0,0.00046691371145225335,0.02447674809009935,0.015276023270207028,0.026174091123183987,0.01762348116085152,0.0,0.001593801320819118,0.005901431736997784,0.0,0.018839500811319788,0.0,0.011376743369994053,0.004369791065260455,0.0,0.0014967225976104854,0.012949354354124174,0.011855711228098666,0.014213726000306638,0.014556390032797416,0.0,0.0,0.0,0.0,0.012753498290195805,0.0,0.0,0.008798221355820311,0.07544360291393516,0.0,0.019278528072345924,0.0,0.0,0.007488300430992081,0.010174287505658734,0.0,0.0,0.0,0.0,0.012330418966085202,0.015134468760160396,0.02838698478469034,0.0,0.0,0.0,0.0,0.007907582672716367,0.0,0.004834707817978936,0.04749841758356893,0.0,0.0,0.0,0.006294298021991669,0.02369336817290956,0.0,0.021243495757439217,0.0014552243384624533,0.0,0.0,0.0011336984927549692,0.0,0.0,0.018131497940865323,0.0,0.0,0.020566950195441646,0.0,0.0,0.0,0.0,0.0,0.0,0.004505117600466845,0.006779804378421169,0.0,0.0,0.030291882122674217,0.0,0.0,0.014993650223265055,0.0,0.010032471689428448,0.0,0.002048918070127296,0.0,0.0,0.028385929846537955,0.013546586633754128,0.0,0.021008046238689564,0.014408718597002585,0.0,0.0,0.0010319621284095874,0.0,0.0,0.0,0.017587391941320626,0.00030491001434208463,0.00957518388174473,0.012992364610087053,0.0,0.011167137894276058,0.009698545633020934,0.0,0.0013841201619092993,0.0,0.0,0.0,0.0,0.03478615578048428,0.0,0.0,0.0,0.009278789097038708,0.0,0.0,0.012886064612221615,0.005813695581366208,0.0,0.0,0.0,0.007520653964407019,0.0,0.0,0.005654277176274505,0.0,0.004368438355422938,0.0,0.006060740326133473,0.0028126374992157683,0.0,0.0,0.030939974180488997,0.009258054712531561,0.031846167586376345,0.012233261245082363,0.015133041025248397,0.011946446711317628,0.026054082734431765,0.0
LFQ intensity D3_10,0.0,0.0037152927322942116,0.009349581768421477,0.0,0.0,0.016162066282105255,0.0,0.0006875151011340073,0.0,0.0,0.023008989654288537,0.021003229744184254,0.0284247345960137,0.017000068172524793,0.0,0.0,0.006259453497190299,0.0,0.018524520093883497,0.0,0.0,0.0056303141761087005,0.0,0.0,0.017363199525073907,0.0153847566219214,0.017143150212111883,0.011710477937863112,0.0,0.0,0.0,0.0,0.01471668144735413,0.0,0.0,0.012888288529643552,0.07864310422154543,0.0013727028081319244,0.022108598775791705,0.0,0.0,0.006220944429810059,0.008566259872631895,0.0,0.0,0.0,0.0,0.012646365699498714,0.012730454533224864,0.012885564372011316,0.0,0.0,0.0,0.0,0.0055382812016662375,0.0,0.001397095907016015,0.0401073223701723,0.0,0.0,0.0,0.011559185723394438,0.02150650321962947,0.0,0.027986976062990686,0.0,0.0,0.0,0.0,0.008355435276482527,0.0,0.01655105691180979,0.0,0.0,0.016111537109191006,0.0,0.0,0.0,0.0,0.0,0.0,0.004315829323229124,0.002473032057216163,0.0,0.0,0.03116288146089073,0.0,0.001401596184042155,0.009501953779504187,0.0,0.0019481983546331394,0.0,0.00216582933342966,0.0,0.0,0.03462358905957745,0.016845430970392844,0.0,0.019110842462198848,0.014865191331164531,0.0023654113589878915,0.0,0.00629105750483563,0.0,0.0,0.0,0.007995363989412852,0.0,0.0,0.012299643528682663,0.0,0.012454571537587705,0.008799242979967306,0.0,0.0020914006100075083,0.0,0.0,0.0,0.0,0.03829729586899061,0.0,0.0,0.0053673081825834365,0.014969870289314447,0.0,0.0,0.00961801732318051,0.0029236566529839665,0.0,0.0,0.013511230085566171,0.00803620239984053,0.0,0.0,0.0019506838563410917,0.0010269647365273894,0.0,0.0,0.01050573015143263,0.006641335401432718,0.0,0.0,0.042264555935073944,0.008996012144313998,0.03396654815930893,0.010736010650675181,0.01008987640790758,0.01724826077324298,0.02987966656840839,0.0
LFQ intensity D3_11,0.0,0.0,0.011250448720556765,0.0,0.0,0.015305946795533766,0.0,0.0009268516916626059,0.0,0.0,0.025364950101486816,0.017876386566353368,0.02083645166380537,0.015570624885980749,0.0,0.0022257598600709263,0.0013969378750110467,0.0,0.01857022351366975,0.0,0.005595185601513286,0.0010935062568886008,0.0,0.0,0.01614603879431402,0.015942447014119933,0.016183640917968353,0.013651013653769046,0.0,0.0,0.0,0.0,0.015201482392225617,0.0003837569803317988,0.0,0.007847590154670967,0.07941856524339892,0.00012605644768016484,0.01831447566316402,0.0,0.0,0.0028237733798736793,0.013967075817757885,0.0,0.0,0.0,0.0,0.012646517336350072,0.015074530247665092,0.03254040519682266,0.0,0.0,0.0,0.0,0.004990252286499874,9.005043416808699e-05,0.002451913147994145,0.043370930975111015,0.0,0.0,0.0,0.005053525260664361,0.027804353995306497,0.0,0.02168671364036308,0.0,0.0,0.0,0.0,0.0,0.0,0.014556190483862972,0.0,0.0,0.0190042168513847,0.0,0.0,0.0,0.0014551130730184746,0.0,0.0,0.002624744388706733,0.004515116619467514,0.0,0.0,0.033251505231364324,0.0,0.0,0.010800767803171674,0.0,0.01656436727092553,0.0,0.0033768970617127653,0.0,0.0,0.031290945191591694,0.015171580691496517,0.0,0.01659370012224125,0.013669229105806823,0.00044945955759167865,0.0,0.0050425959505284714,0.0,0.0,0.0,0.016062814902504618,0.0015123478583794485,0.0,0.012675804102593039,0.0,0.013282427199089336,0.009459789360601274,0.0,0.0,0.0,0.0,0.0,0.0,0.034679609178099785,0.0,0.0,0.0,0.012580391188883492,0.0,0.0,0.009769093736838623,0.007698330818144502,0.0,0.0,0.015971794199627406,0.010764185228056729,0.0,0.0,0.0020535293341859082,0.0,0.0,0.0,0.009534436431357915,0.003800971132346829,0.0,0.0,0.03824024567406851,0.005077631187951231,0.03487907780966022,0.014269473728490205,0.01254114094033382,0.01652820891513666,0.028523885158027056,0.0
LFQ intensity D3_2,0.0,0.002001000731691504,0.01804896790341921,0.004082489807578491,0.0,0.017368554469643326,0.0,0.002733728355971541,0.0,0.0,0.027780006551976762,0.01609097494804802,0.0033555783152574106,0.020148415409043673,0.0,0.0,0.005243858292786521,0.0,0.017902121380800714,0.0,0.0035603523275942353,0.00269115352190644,0.0,0.0,0.009575306417531597,0.011788022063460874,0.01384914517193386,0.014953423876168003,0.0,0.0,0.0,0.0,0.010237293415697353,0.0,0.0,0.016205911257183507,0.07808902374585686,0.008436446686052793,0.014888658382789284,0.0,0.0,0.0,0.013020102914750241,0.0,0.0,0.0,0.0,0.01379979053706049,0.006561146854361379,0.030721149999925996,0.0,0.0,0.0,0.0,0.003965223705302012,0.0032907969996233224,0.00982321529191929,0.03943435160251664,0.0,0.0,0.0,0.01508584160963415,0.026633810822164518,0.0,0.02515761875053212,0.00014547228391371107,0.0,0.0,0.0005908118707166301,0.0,0.0,0.01642516754226451,0.0,0.0,0.01862820913821525,0.0,0.0,0.0,0.0,0.0,0.0,0.005629729436302981,0.0048910512927517625,0.0,0.0,0.03543343068769829,0.0,0.002540412470839972,0.0036927594362831835,0.0,0.0003192911989011694,0.0,0.005283125349783093,0.0,0.0,0.033072009733462124,0.0211073794175176,0.0,0.015502493413629435,0.01459903966094051,0.0026778614957802525,0.002791848973732184,0.009501961136480799,0.0,0.0,0.0,0.006612568693161652,0.0007325019912011192,0.0,0.01331345147267725,0.0,0.010403427778141133,0.00860581657044878,0.0,0.001944581933733421,0.0,0.0,0.0,0.0,0.03912979753228648,0.0003896769959666761,0.0,0.0,0.011053744765803418,0.0,0.0,0.006754464743343893,0.00537230226089862,0.0,0.0,0.0,0.005290591079758327,0.0,0.0,0.003683325291802429,0.0,0.0,0.0,0.019114657039649256,0.01632690713749542,0.0,0.0,0.03866935699642803,0.01105167050558562,0.03087467434219909,0.014166391693926958,0.013111536129892598,0.013069516634177766,0.03097350175202658,0.0
LFQ intensity D3_3,0.0,0.004765686574159367,0.01130542993859328,0.0008508787005163151,0.0,0.015480510219036885,0.0,0.0,0.0,0.000525644890047928,0.022190504165104707,0.01878813863222754,0.0023796926495643455,0.02234767738284962,0.0,0.0,0.0029777267899335144,0.0,0.01881704860123894,0.0,0.004959853370443537,0.006159956406555052,0.0,0.0,0.0216741928851049,0.016481395961951938,0.014539449397682817,0.014856946124790339,0.0,0.0,0.0,0.0,0.015086255834570397,0.0,0.0,0.016873141980487796,0.07966469711307649,0.0,0.017932140948019187,0.0,0.0,0.0032103024243351624,0.01184694015756825,0.0,0.0,0.0,0.0,0.012636214419280697,0.015158116969565889,0.026069176304701305,0.0,0.0,0.0,0.0,0.004653963743903301,0.0,0.002969364106229649,0.04259379867928418,0.0,0.0,0.0,0.010234123197225968,0.02570112243686838,0.0,0.024182145922083006,0.0015372885974638728,0.0,0.0,0.0008318494302572917,0.0,0.0,0.01931564737215425,0.0,0.0,0.019078799850511894,0.0,0.0,0.0,0.0,0.0,0.0,0.002207338982596879,0.0012503216646992533,0.0,0.0,0.034006387184165626,0.0,0.0003825985473916237,0.010399922788438246,0.0,0.013309321404124505,0.0,0.0029472805904187517,0.0,0.0,0.02971217431266238,0.017039977740799215,0.0,0.02113344399009558,0.015101569471765771,0.002741993058275059,0.0,0.0038758855773561034,0.0,0.0,0.0,0.019293687712341027,0.0,0.0,0.014229199517012087,0.0,0.013992055062306608,0.006918327190958668,0.0,0.0,0.0,0.0,0.0,0.0,0.03497308220540251,0.0,0.0,0.0,0.012517702329315643,0.0,0.0,0.011408669039438669,0.005429420694541937,0.0,0.0,0.011271663976447435,0.007511828373830252,0.0,0.0,0.002213393605545082,0.0,0.003100999039111243,0.0,0.009202946501261767,0.007008291267530352,0.0,0.0,0.029959214970787185,0.005782875771364161,0.03188352157839037,0.009874578700125265,0.01751049522724094,0.017473512245460517,0.02566049750141141,0.0
LFQ intensity D3_4,0.0,0.009388650872169797,0.003973241553577403,0.00244042103719565,0.0,0.022150735722799433,0.0,0.0,0.0,0.0015419620280327693,0.024616541142427024,0.020355782522693707,0.036327225200228956,0.02027029360962932,0.0,0.0023231933224860876,0.008715070189878188,0.0,0.019692086839576926,0.0,0.005934301837577755,0.003344756094702658,0.0,0.0016575793330926845,0.015969042141989152,0.014205698760154714,0.018827362196083632,0.011395367476799145,0.0,0.0,0.0,0.0,0.011032966029740503,0.0,0.0,0.015390755445268745,0.07915256010797093,0.0,0.019530243460347308,0.0,0.0,0.0,0.01247772198121703,0.0,0.0,0.0,0.0,0.011530408003723699,0.015138397520813815,0.011366571371050403,0.0,0.0,0.0,0.0,0.000951527620630621,0.0,0.004072968386482185,0.04562062126880366,0.0,0.0,0.0,0.006573426167568424,0.01982750892183068,0.0,0.02348898516665648,0.0017409777850100757,0.0,0.0,0.002243226169456725,0.0001240901285265801,0.0,0.020240589436101106,0.0,0.0,0.017424527798469064,0.0,0.0,0.0,0.0,0.0,0.0,0.005292974591133147,0.0037641092390426245,0.0,0.0,0.031246166570813232,0.0,0.0,0.0127317774970804,0.0,0.0,0.0,0.001534755111184991,0.0,0.0,0.03354102752905162,0.013927140000922794,0.0,0.019067995712197028,0.013148674122638595,0.002397289610768127,0.0,0.0,0.0,0.0,0.0,0.012322669971977153,0.0011060430034987472,0.0,0.01295925230255777,0.0,0.01666951800980527,0.010083669888549703,0.0,0.0,0.0,0.0,0.0,0.0,0.03906129185998033,0.0,0.0,0.0009359022750614677,0.014316292892597718,0.0,0.0,0.011740807250953484,0.007319680394846781,0.0,0.0,0.0009974947792705724,0.006605915497938342,0.0,0.0,0.003142396662266017,0.0,0.0,0.0,0.013474823896089705,0.0,0.0,0.0,0.040282307007772564,0.00826040336119072,0.03348763746415989,0.014216641105087401,0.018267442470775785,0.015080239662397295,0.021960275607627814,0.0
LFQ intensity D3_5,0.0,0.004698930528790539,0.003181307628823919,0.0014608102062720943,0.0,0.02440618184875621,0.0,0.003912748613851561,0.0,0.0033100053059777887,0.02602653506443851,0.014717048803012379,0.03200012590785788,0.019566632627905454,0.0,0.0,0.0,0.0,0.01883841948529864,0.0,0.006462497358225704,0.008089042691466646,0.0,0.0053414166692264805,0.013269119150319949,0.013366901002699327,0.016047265077345038,0.013221546852982189,0.0,0.0,0.0003469986648109251,0.0,0.005798760270126969,0.0,0.0,0.016662851381034856,0.08029840306868004,0.0,0.01695813583837723,0.0,0.0,0.0003299899952993815,0.011791852952752766,0.0,0.0,0.0,0.0,0.013270795474126013,0.006539411119386041,0.02258168817824038,0.0,0.0,0.0,0.0,0.0008615161930342129,0.0,0.0075400331516354245,0.04298637813577107,0.0,0.0,0.0,0.0027630876744688384,0.028907278364652608,0.0,0.024485807099917697,0.0,0.0,0.0,0.0041329862923970085,0.0001293312009073899,0.0,0.012375652338336339,0.0,0.0,0.018701710813483863,0.0,0.0,0.0,0.0009569953621312209,0.0,0.0,0.0021154076188260916,0.006333383138891418,0.0,0.0,0.030191391402081724,0.0,0.0012633614876253062,0.013053587845935516,0.0,0.010791056324637784,0.0,0.0030462770998675604,0.0,0.0,0.03128223689605672,0.017825809787621945,0.0,0.01785078516002029,0.014562348105389948,0.0018222690863863341,0.0,0.005725151300349656,0.0,0.0,0.0,0.013735259739459235,0.0,0.0,0.013253858804903196,0.0,0.009693968722337968,0.012231049076909938,0.0,0.0,0.0,0.0,0.0,0.0,0.03646315367917628,0.0,0.0,0.0017715312569449564,0.017696118280795738,0.0,0.0,0.011121998084136588,0.005429180795301755,0.0,0.0,0.0,0.009474629777783234,0.0,0.0,0.0013933567145269087,0.0007175544118329801,0.0,0.0,0.007963020507365411,0.010929736389900097,0.0,0.0,0.04033210392999261,0.008999509088875033,0.03149319581484816,0.012270050994339391,0.01530434145381614,0.013997083494202282,0.02353003533604126,0.0
LFQ intensity D3_6,0.0,0.00331445405607831,0.00886174283472896,0.008151333972470799,0.0,0.01863523963524092,0.0,0.0,0.0,0.003656195252460109,0.026473718465246595,0.01569396065696313,0.030107568238215053,0.016370814982895446,0.0,0.0,0.005811825306933668,0.0,0.016176578418235048,0.0,0.004203237282542771,0.00481150298629363,0.0,0.001970169394200664,0.012089252519948853,0.01362910469769646,0.010829526427080585,0.014318751390933769,0.0,0.0,0.0,0.0,0.007457826260073437,0.004248452669595854,0.0,0.01625805274130339,0.07811691272646466,0.002467107496309102,0.013025990163518181,0.0,0.0,0.014643432656140536,0.0,0.0,0.0,0.0,0.0,0.011318467654911108,0.015262824805908008,0.01856398310818265,0.0,0.0,0.0,0.0,0.009055956493321872,0.0,0.01106227587015583,0.04644163098120554,0.0,0.0,0.0,0.006827525979323162,0.025636132795311014,0.0,0.02424111349344496,1.2367995847116304e-05,0.0,0.0,0.0,0.0,0.0,0.016052794784068566,0.0,0.0,0.018965692059978397,0.0,0.0,0.0,0.0,0.0,0.0,0.0036460516008671316,0.00474766065856242,0.0,0.0,0.031117918090760484,0.0,0.0,0.011506325422138116,0.0,0.007078494974804788,0.0,0.003381334716448324,0.0,0.0,0.030215466473423887,0.021658304270198287,0.0,0.020472556354768613,0.01325886977414792,4.500184731871618e-05,0.0,0.006025411652742863,0.0,0.0,0.0,0.014740665783571387,0.0,0.0,0.011810847228885656,0.00039812021727371585,0.01063637883461025,0.00524241370190146,0.0,7.591864352218751e-05,0.0,0.0,0.0,0.0,0.03920659865855391,0.0004377070615741059,0.0,0.0008196176200009554,0.011638876679871842,0.0,0.0,0.004969276968446053,0.004968711798582133,0.0,0.0,0.0,0.007878994256808521,0.0,0.0,0.0028286864000791685,0.003018766329696075,0.0,0.0,0.006901574132010309,0.02165081820267325,0.002860273083432126,0.0,0.03692257345067608,0.008201302380669106,0.0365397903924404,0.007800488226165609,0.008386686044778307,0.014827741171575197,0.029320259642792477,0.0
LFQ intensity D3_7,0.0,0.00218820102498009,0.00870868115486435,0.0,0.0,0.018778715640858843,0.0,0.00029445323043587396,0.0,0.0011791032879317307,0.020483404860391175,0.020196811167041872,0.02708528704753956,0.015098211185543692,0.0,0.0007847986859695363,0.0009346328673515443,0.0,0.01907938805706229,0.0,0.006311946959897943,0.010245446776534946,0.0,0.0,0.01943926323909998,0.015795150025991668,0.023320079847554794,0.013292038690461576,0.0,0.0,0.0,0.0,0.015214504624648085,0.0,0.0,0.014132984186483078,0.07846319094768686,0.0005265257812079357,0.01565974106460555,0.0,0.0,0.0,0.011250285722236198,0.00301977240841272,0.0,0.0,0.0,0.013036823337031624,0.014220276808383664,0.026708130325472142,0.007149851912783993,0.0,0.0,0.0,0.0056852283737737,0.0,0.0018918276195225609,0.039905787298815755,0.0,0.0,0.0,0.004573990305450277,0.028188701049661247,0.0,0.019549865204364355,0.0,0.0,0.0,0.0016171676471417255,0.0,0.0,0.017821883988801447,0.0,0.0,0.016283147067444697,0.0,0.0,0.0,0.0019279274047964365,0.0,0.0,0.004713305556198567,0.0027627239477544005,0.0,0.0,0.028075054863079405,0.0,0.0005243793506391166,0.01236408552388598,0.0,0.007262733716793741,0.0,0.0021719122289513095,0.0,0.0,0.03370781966534205,0.01474695123807324,0.0,0.01884412384170026,0.012867807353573839,0.0004730047071812032,0.0,0.003065278532809674,0.0,0.0,0.0,0.021381094707859986,0.0033398718548538465,0.0,0.01489925949671822,0.0013122912683702084,0.015893339567864897,0.005883098708801123,0.0,0.0,0.0,0.0,0.0,0.0,0.036973230998129485,0.0,0.0,0.0,0.011188496877171212,0.0,0.0,0.012242172852995937,0.008920157200392834,0.0,0.0,0.0,0.008070134963560504,0.0,0.0,0.0015864796507483148,0.0008674518542942405,0.0,0.0,0.005803745710662461,0.0005226978954111113,0.0,0.0,0.04196268004038779,0.005335268576825398,0.033742475557398066,0.015372741668489186,0.012841198431561186,0.01853717434820466,0.021702530415081144,0.0
LFQ intensity D3_8,0.0,0.006606280137412447,0.00945006787638409,0.0,0.0,0.01998750864623555,0.0,0.0,0.0,0.0027169589738044405,0.02266982840881913,0.018900620905215982,0.02696543736642341,0.01867563155338371,0.0,0.0,0.0029065907118237017,0.0,0.01907276844493481,0.0,0.002764065748930832,0.009467846597385253,0.0,0.0010879056249887568,0.01897177690633317,0.016714978418493967,0.013702854912483966,0.015921155290862674,0.0,0.0,0.0,0.0,0.01177266159855704,0.0,0.0,0.012658456834807302,0.07754505085010366,0.0032749218565043888,0.016857625176132145,0.0,0.0,0.007264102816811426,0.01080226565285088,0.0,0.0,0.0,0.0,0.011428016604883481,0.013611511680163765,0.027229042393763846,0.0,0.0,0.0,0.0,0.004095595516787119,0.0,0.007206655028861234,0.040672485122042,0.0,0.0,0.0,0.0077705932108591965,0.023143217037076547,0.0,0.02139770112336726,0.0022071017458937616,0.0,0.0,0.0,0.0,0.0,0.018687737952920877,0.0,0.0,0.021117435479748668,0.0,0.0,0.0,0.0,0.0,0.0,0.004382183304414303,0.0012159993376963535,0.0,0.0,0.02823487945030213,0.0,0.0005791290361959447,0.00835803723316544,0.0,0.010403984560964004,0.0,0.0017984329783815808,0.0,0.0,0.03132501133885406,0.014531550058504844,0.0,0.01872280588896072,0.013346113701164395,0.0,0.0,0.007053534333438026,0.0,0.0,0.0,0.01814945643234869,0.0,4.759049646259743e-05,0.013971224598538784,0.0,0.011044286907299444,0.009181763224545664,0.0,0.0,0.0,0.0,0.0,0.0,0.036566616199392915,0.0,0.0,0.004722832930009139,0.009379328949124395,0.0,0.0,0.01282939610425634,0.005490068324090851,0.0,0.0,0.0011084786234050576,0.006812236653242881,0.0,0.0,0.0004377532913467612,0.001267873926827207,0.0,0.0,0.010633887377447563,0.009743193882385578,0.0,0.0,0.03548245090354784,0.008761707465203904,0.0301222084254458,0.010526696651544985,0.015031069239296903,0.01681936247112624,0.026594401495018093,0.0
LFQ intensity D3_9,0.0,0.003641600902310471,0.010044368868401361,0.0068015794332857175,0.0,0.018681360089004017,0.0,0.0,0.0,0.0012720045073312588,0.022464739853409434,0.017325697984015894,0.02248620815013916,0.016983526718472183,0.0,0.0008415376558407916,0.002584942228565463,0.0,0.01823016060115628,0.0,0.003800002557055168,0.0038507631640285903,0.0,0.0006526487229728578,0.01894465125328589,0.01755031271489975,0.02006369834040753,0.01323130395660556,0.0,0.0,0.0,0.0,0.013418097673307053,0.0,0.0,0.01693310562300341,0.07740292269799326,0.0,0.019988641709666365,0.0,0.0,0.00516488276482262,0.008356251575287158,0.0,0.0,0.0,0.0,0.013725141067707775,0.017549928378769175,0.02028748200431927,0.0,0.0,0.0,0.0,0.0024248841511375213,0.0,0.004090938274829039,0.04017786025307522,0.0,0.0,0.0,0.008716584160519287,0.025411323938889556,0.0,0.025118989743574995,0.0,0.0,0.0,0.0019242825002979077,0.0,0.0,0.017962053282693635,0.0,0.0,0.014630673548004486,0.0,0.0,0.0,0.0,0.0,0.0,0.004621178866111867,0.0024185673753541687,0.0,0.0,0.029213988586089056,0.0,0.000994164916697806,0.013365621208484472,0.0,0.007481444021805111,0.0,0.004544870084407263,0.0,0.0,0.03173827184109564,0.014550343749943436,0.0,0.01648821614422894,0.013723944381291686,0.0,0.0,0.004215660021101551,0.0,0.0,0.0,0.02005917988373281,0.0,0.0019562654329820816,0.010915651505438273,0.0,0.01285283009867834,0.0032531294543955707,0.0,0.0,0.0,0.0,0.0,0.0,0.04015041013828094,0.0,0.0,0.003760749342332411,0.013543858675512678,0.0,0.0,0.006649098033474277,0.004806520830861972,0.0,0.0,0.0,0.008397168490405544,0.0,0.0,0.003013383694204768,0.0,0.0,0.0,0.010661308889638376,0.011498140063523288,0.0,0.0,0.041281374885799305,0.00800204266269629,0.034418337049615444,0.017216370856447543,0.007707454985855922,0.020379261469975693,0.02338604131045238,0.0
LFQ intensity D4_1,0.0,0.003455015622782803,0.011899509443925753,0.0,0.0,0.02096838274144712,0.0,0.0,0.0,0.002379263313107965,0.023693236082777094,0.017598884207971833,0.025787243179794257,0.012754407897245308,0.0,0.0,0.004125566766019887,0.0,0.020570666939932567,0.0,0.00511369342461674,0.0,0.0,0.0014204834175798745,0.010383496220627132,0.013711633379653768,0.015449153012494502,0.011124165339023556,0.0,0.0,0.0,0.0,0.012727427644135087,0.0,0.0,0.011963925424500171,0.07738912935284277,0.0003475320098369405,0.021454327961861218,0.0,9.263163310628384e-05,0.011111513130488948,0.0,0.0,0.0,0.0,0.0,0.011066393315814374,0.011601321233779426,0.02987074723719153,0.0,0.0,0.0,0.0,0.0030752787709236555,0.0,0.011439315753182855,0.04651181827385767,0.0,0.0,0.0,0.008089958475188246,0.029526330178849272,0.0,0.022821833889045462,0.0020951226267761783,0.0,0.0,0.0,0.0,0.0,0.01491635093595053,0.0,0.0,0.023399863492094306,0.0,0.0,0.0,0.0,0.0,0.0,0.004167996984412026,0.0007742380171767618,0.0,0.0,0.030207982444495952,0.0,0.0004257168214298716,0.005026923922331411,0.0,0.007813624896656783,0.0,0.0022780704902483117,0.0,0.0,0.031370418067647565,0.02217799995421172,0.0,0.019111914149397682,0.014250220885932016,0.001224625180542067,0.0,0.006860155175534646,0.0,0.0,0.0,0.014616677375549426,0.0,0.0,0.014318374230612338,0.0,0.011095104233973526,0.007167751401109952,0.0,0.0,0.0,0.0,0.0,0.0,0.03478914153146197,0.0,0.0,0.00953390991882401,0.010248074402006771,0.0,0.0,0.012626075535072364,0.005211376741060755,0.0,0.0,0.014466219658153999,0.005176422556457253,0.0,0.0,0.0035963838616860544,0.0014570112757375236,0.0,0.0,0.01094808756639755,0.0,0.0,0.0,0.030878997122062712,0.015274125445619438,0.034386418830843174,0.011786961485743336,0.01139141015094135,0.014186086927288784,0.031219880430955912,0.0
LFQ intensity D4_10,0.0,0.0,0.009984133793908575,0.0,0.0,0.019048571367047473,0.0,0.0,0.0,0.0011006235083947484,0.021568818244540988,0.017851112766962076,0.02722057774949879,0.016961345315743975,0.0,0.0037804083398229773,0.0,0.0,0.01812396260077766,0.0,0.0027571527461832165,0.0,0.0,0.002478662557034314,0.02054842428451169,0.01420183767814664,0.021697278715199483,0.013545570272145405,0.0,0.0,0.0,0.0,0.012662870942597583,0.0,0.0,0.01038847523350528,0.06834323629993895,0.0,0.02641908157898,0.0,0.004544897713053329,0.007135322989734617,0.011860519058907863,0.0006883663573622669,0.002009110434364347,0.0,0.0,0.008326098458830951,0.016898938690019856,0.02783825861492436,0.0,0.0,0.0,0.0,0.001891456937423045,0.0,0.014403846253766405,0.03353795936038753,0.0,0.0,0.0,0.006304831645722485,0.0290295773569386,0.0,0.02405287047991371,0.006418963700942762,0.0,0.0,0.0006109507339249632,0.0,0.0,0.019061807182512765,0.0,0.0,0.01765657232786246,0.0,0.0,0.0,0.0002557464795686267,0.0,0.0,0.004743256580985606,0.0,0.0,0.0,0.027588889324760883,0.0,0.001463681671306373,0.010583622306844676,0.0,0.014240944855076045,0.0,0.0019495380197479108,0.0,0.0,0.030235737265908516,0.021066345498770442,0.0,0.014889919100835765,0.006835190506298235,0.0012080277359439798,0.0,0.008211346981296332,0.0,0.0,0.0,0.01399732708851722,0.0,0.0,0.015199919397399527,0.0,0.010625129720602568,0.006043250018531173,0.0,0.0,0.0,0.0,0.0,0.0,0.03874942868431119,0.0,0.0,0.013654733851716127,0.013263695351644065,0.0,0.0,0.011982970372804278,0.0049254890922518745,0.0,0.0,0.0,0.0008484974301105196,0.009585088789564737,0.0,0.0,0.0,0.0,0.0,0.0071627130879514415,0.012192891870482229,0.0,0.0,0.03276685601325798,0.009299966719252529,0.035540906007546766,0.009882511294926396,0.006224739891989004,0.016559449746810707,0.027269696951454165,0.0
LFQ intensity D4_11,0.0,0.01527124783520004,0.0,0.006797425382727988,0.0,0.01992401762411187,0.0,0.0,0.0,0.003711064251112552,0.02242671401077471,0.014106871559100023,0.027177583657074685,0.017059494775495863,0.0,0.0,0.0020248052509543204,0.0,0.02102816497759856,0.0,0.01059589006454216,0.0024897134121486036,0.0,0.000246633203046717,0.011280253148382078,0.011556441105838587,0.026412869743064584,0.014588376811618165,0.01008082627996187,0.0,0.0012169248012747372,0.0,0.0025658166656117587,0.0,0.0,0.012868712855623866,0.07893021204452293,0.0,0.0268974894246376,0.0,0.0,0.0038537131713377603,0.006635716853464395,0.0,0.0,0.00025060524562889124,0.0,0.012331589922457654,0.00758004426765017,0.02917281438966343,0.0,0.0,0.0,0.0,0.0,0.0021990896934204612,0.004471444354667564,0.040653308255621454,0.0,0.0,0.0012445813119610475,0.006995598680391048,0.03673161069441898,0.0,0.017467025347747064,0.0,0.0,0.0,0.0,0.0,0.0,0.011182104060312257,0.0,0.0,0.02523778251170637,0.0,0.0,0.0,0.0,0.0,0.0,0.001645744275921811,0.0,0.0,0.009115622916437603,0.010989047614723716,0.0,0.0,0.006096192980102164,0.0,0.0069022966305995895,0.0028243559375624267,0.000435556344427081,0.0,0.0,0.031051687467878536,0.022426047380688617,0.0,0.013774865396933665,0.015858187899309147,0.0,0.0,0.0069391593605813585,0.0,0.0,0.0,0.0050428773227538925,0.0,0.0,0.01584469144715788,0.0006327861550645208,0.0154114709370758,0.00452580360085524,0.0,0.004970773420375959,0.0,0.0,0.003223413625390316,0.0,0.0364894375790172,0.0,0.0,0.008318981953499551,0.01799019519043163,0.0,0.0,0.008558163158348184,0.004317682699390706,0.0,0.0,0.0,0.013390022449744438,0.0,0.0,0.003538040698411856,0.0,0.000580490925908462,0.0,0.006588284067977929,0.00774175767012343,0.0,0.0,0.032461931780446256,0.007420078837825028,0.04015871426979458,0.010590702211573752,0.013201502987387138,0.013195176697833287,0.032483678463574514,0.0
LFQ intensity D4_12,0.0,0.007572754595116328,0.002951186111944653,0.0005008765253807319,0.0,0.01613909149387935,0.0,0.0,0.0,0.002009894081149476,0.018611910046863835,0.014942669706627191,0.01920818026279777,0.014475058202800413,0.0,0.0,0.0,0.0,0.022596831780003022,0.0,0.0031152408840678537,0.0,0.0,0.0,0.009601768851784582,0.011071200288672834,0.031817183676071836,0.018188491413338496,0.016029278471491906,0.0,0.0004589890868630188,0.0,0.0024458711378832466,0.0,0.0,0.009913129574236849,0.08258223499774822,0.0,0.028446022817692554,0.0,0.0,0.0012798325988903328,0.006918320101844444,0.0007032830735394484,0.0,0.0011785972275420024,0.0,0.011252622689278383,0.01562861274977106,0.036146238777733625,0.0,0.0,0.0,0.0,0.0,0.0005920787508928551,0.0034358624650000186,0.03846543488417842,0.0,0.0,0.001636666724183611,0.004592289751213377,0.02611066369690111,0.0,0.02260859616534178,0.007318695757906685,0.0,0.0,0.0,0.0,0.0,0.016359995624480102,0.0,0.0,0.02434783393334565,0.0,0.0,0.0,0.0011081223679859323,0.0,0.0,0.0023705413809188185,0.0,0.0,0.009012627981274848,0.014076666000466065,0.0,0.0,0.011363974246210154,0.0,0.006465845404843519,0.0004744679419368099,0.0,0.0,0.0,0.033562426989607375,0.02299832359447517,0.0,0.011822863655786085,0.0134350978598817,0.0,0.0,0.006615693475080918,0.0,0.0,0.0,0.0052740476829731915,0.0,0.0,0.01092496989731154,0.0,0.01597731314366633,0.009351548381891943,0.0,0.0008240858656879306,0.0,0.006487384347625633,0.0026095465621719023,0.0,0.03702555923064169,0.0,0.0,0.007502856263104536,0.01439999671413945,0.0,0.0,0.013237734384906451,0.005369253766338453,0.0,0.0,0.0,0.009556790718284244,0.0,0.0,0.005752443333787288,0.0,0.0,0.0,0.008803170368257436,0.017941166282185162,0.0,0.0,0.03613529127080249,0.00638859603145446,0.041095787777159595,0.010248679682352638,0.01044882507370037,0.012991867858333228,0.027092945486299577,0.0
LFQ intensity D4_2,0.0,0.006707276906289162,0.0046525786463667155,0.0028115451592263694,0.0,0.02050269765430537,0.0,0.0025431227755610283,0.0,0.0024584133439877957,0.02448587735500929,0.01962052014486667,0.02004188585009871,0.01757157163184766,0.0,0.002151818627949825,0.003976708713927455,0.0,0.01818392151906315,0.0,0.00779437612669397,0.0,0.0,0.0011375506684005116,0.021624342234429654,0.014517837451262602,0.02159537016317069,0.010213177081136685,0.0,0.0,0.0,0.0,0.015627406822936337,0.0,0.0,0.008340273209047731,0.07753738759525244,0.0,0.025327768541747776,0.0,0.0,0.0,0.008047627614125792,0.0,0.0,0.0,0.0,0.013794936239488832,0.017988605598517872,0.03226124417795418,0.0,0.0,0.0,0.0,0.0018978032728032156,0.0018911339988613707,0.0,0.03906536796862602,0.0,0.0,0.0,0.00812285666464796,0.0232070292175913,0.0,0.02217433041650915,0.0,0.0,0.0,0.0014030733332294652,0.0,0.0,0.01645153296561955,0.0,0.0,0.01659380835736406,0.0,0.0,0.0,0.0036772776341023002,0.0,0.0,0.0049465623856029565,0.0034973724312631835,0.0,0.0,0.032068942886069006,0.0,0.001192451973692256,0.015919703036717917,0.0,0.009362920571832516,0.0,0.004148790121993927,0.0,0.0,0.030409781423734322,0.016408852532502877,0.0,0.02089467962005602,0.013274095184605008,0.0017183744675520727,0.0,0.0031199672252400362,0.0,0.0,0.0,0.012374865364177931,0.0,5.8881475918593374e-05,0.01291961214237431,0.0,0.012060246510382101,0.006599341965279958,0.0,0.0,0.0,0.0,0.0,0.0,0.03556282550778429,0.0,0.0,0.002606828570296604,0.012428827051200115,0.0022449080625155126,0.0,0.009753021549794757,0.004138179872320158,0.0,0.0,0.0,0.008154729072907641,0.0,0.0,0.006643149332713571,0.0,0.0,0.0,0.010512435806916905,0.0,0.0,0.0,0.03472487302391564,0.010893319230839981,0.034783504473111064,0.018686794103958484,0.00938906955765715,0.016851215145898206,0.02565082263715636,0.0
LFQ intensity D4_3,0.0,0.005474312589737674,0.0112315176730726,0.0,0.0,0.022397370360589003,0.0,0.0,0.0,0.001210296815326291,0.02616334094620586,0.017675303488901936,0.026614037789784547,0.014160601250941414,0.0,0.0007802716963444257,0.004190149642436052,0.0,0.018445029083814807,0.0,0.0047256435988791015,0.0,0.0,0.0010383613470299176,0.013068111930984533,0.013214607976826075,0.01815879409455045,0.0117716370803595,0.0,0.0,0.0,0.0,0.011678369315145836,0.0,0.0,0.009849021385073342,0.07672521551042386,0.0,0.020094120780038797,0.0,0.002153931736210513,0.0010683384408183688,0.010721902983616981,0.0,0.0,0.0,0.0,0.012480434219087715,0.01280875149418631,0.03439574976900276,0.0,0.0,0.0,0.0,0.0,0.003944312459559732,0.0017476343618113637,0.039676851602680765,0.0,0.0,0.0,0.007329929793706157,0.027606874106603396,0.0,0.02144855177860831,0.0021187637127022332,0.0,0.0,0.0,0.0,0.0,0.015070066613244065,0.0,0.0,0.022623205773871984,0.0,0.0,0.0,0.0,0.0,0.0,0.0019437997878501562,0.0023673960606935864,0.0,0.0,0.03154755654877653,0.0,0.0,0.010534567965947967,0.0,0.012230517473251018,0.0,0.0017168893430990636,0.0,0.0,0.03209654816948472,0.020107760268428778,0.0,0.01724555770067961,0.015317449764346416,0.00021084688887052264,0.0,0.0046870059355711416,0.0,0.0,0.0,0.012983672980052152,0.0,0.0,0.013155896559025222,0.0,0.012309638354880026,0.008878943794838771,0.0,0.0001402792272407193,0.0,0.0,0.0,0.0,0.03229214194285134,0.0,0.0,0.0066477370678292135,0.01349004648238138,0.0,0.0,0.012810711299787733,0.005004856357674239,0.0,0.0,0.009285797798072162,0.009904344613897179,0.0,0.0,0.00808693106772034,0.0007150529985301271,0.0,0.0,0.012398243757592953,0.0,0.0,0.0,0.03446184944489613,0.011323827997984847,0.03261686661956415,0.014521876692009989,0.01319845718612459,0.013949161792486864,0.02795635685538357,0.0
LFQ intensity D4_4,0.0,0.00035518461500286697,0.009679014603733663,0.0,0.0,0.017081586806184202,0.0,0.0,0.0,0.0040127551904171775,0.02532276118635803,0.019411413551374792,0.02463308649322998,0.014686480201708088,0.0,0.0,0.0,0.0,0.01836274305511828,0.0,0.0056458496487010994,0.004724790421937403,0.0,0.0018307404435316224,0.02120438986508085,0.014039002398050227,0.020791154829161454,0.01504460506825142,0.0,0.0,0.0,0.0,0.012282456609815279,0.006357122218809258,0.0,0.007593078583223409,0.06593094880498215,0.0,0.026728505510483495,0.0,0.0,0.0033594176842181695,0.008943330828133996,0.00033426226493461656,0.0,0.0,0.0,0.008819961700630827,0.015119370535809593,0.028685648257177294,0.0,0.0,0.0,0.0,0.005154387129184647,0.0,0.010235734724340566,0.03623235578686929,0.0,0.0,0.0,0.004730031479341731,0.02672599550212695,0.0,0.01978928150942324,0.00271414380921765,0.0,0.0,0.0,0.0,0.0,0.015207098918509972,0.0,0.0,0.019663649340103135,0.0,0.0,0.0,0.0036463693872885385,0.0,0.0,0.005506283320581358,0.004194679735682899,0.0,0.0,0.02945576941204362,0.0,0.001926401476742343,0.015196051835986211,0.0,0.007745486328012972,0.0,0.003047506282226685,0.0,0.0,0.03235755270305171,0.020237200930531697,0.0,0.019528259258790096,0.005514195840195092,0.0,0.0,0.005990445492153465,0.0,0.0,0.0,0.011312330206713501,0.0,0.001832820663678395,0.013049105370811989,0.0,0.015596991335293575,0.007783592846705128,0.0,0.0,0.0,0.0,0.0,0.0,0.035145481600096194,0.0,0.0,0.009541166729657203,0.014908278814192316,0.0,0.0,0.0106264942473926,0.004817993514734842,0.0,0.0,0.0,0.0046128985540991405,0.012065492971762327,0.0,0.0,0.0,0.0,0.0,0.012975249938181922,0.007178531592151839,0.0,0.0,0.03663744091933713,0.008539504792030096,0.03364259453652849,0.015926887295582164,0.004536289806913376,0.017903378221293325,0.025588934464381218,0.0
LFQ intensity D4_5,0.0,0.002920077560192676,0.006490514347692053,0.001662626239943239,0.0,0.0161903331706681,0.0,0.0,0.0,0.002746754378208141,0.02504930238214558,0.0172013077916123,0.02110515232730341,0.014606307655344035,0.0,0.0,0.0029765151327401243,0.0,0.019307833154835145,0.0,0.0027555382516448756,0.0018723358603804688,0.0,0.0007698197509030864,0.019571618923629644,0.014110814807503248,0.025030323501422754,0.013215561387247514,0.0,0.0,0.0,0.0,0.009415609713583076,0.0,0.0,0.007164178675045164,0.06926143314560408,0.0,0.028401448486078663,0.0,0.0,0.0,0.011852926174377266,0.0,0.0,0.0,0.0,0.010051499572882205,0.0151205780249587,0.03236280710036589,0.0,0.0,0.0,0.0,0.0,0.0,0.014513657285230026,0.036149853109451235,0.0,0.0,0.0,0.006422694956065433,0.02433034643202591,0.0,0.019589943479785973,0.004972914085863214,0.0,0.0,0.002999517648201511,0.0,0.0,0.016294767121734798,0.0,0.0,0.018581808035091567,0.0,0.0,0.0,0.0013257896581140654,0.0,0.0,0.006665877635193149,0.004233410965568106,0.0,0.0003668179095799665,0.03005455397259596,0.0,0.003520945615751571,0.004620884512265526,0.0,0.0038545220333605977,0.0,0.005430013248489249,0.0,0.0,0.03389036729508078,0.022610326929856102,0.0,0.018022989773168602,0.01315445466160807,0.0005223009400583083,0.0007379018961923469,0.005081094664838657,0.0,0.0,0.0,0.005866984623121114,0.0,0.0,0.013882014746797084,0.003937944393957735,0.01763625970579276,0.00577912109465705,0.0,0.003673155558850398,0.0,0.0002716706320221803,0.0,0.0,0.03705579362780942,0.0,0.0,0.011618331291858873,0.013349739146933602,0.0,0.0,0.01167534676633902,0.003994245452406705,0.0,0.0,0.0,0.0036784364719968225,0.006097600258217845,0.0,0.00038023302631704376,0.0,0.003631354795653565,0.0,0.015358546288257478,0.004678536385690224,0.0,0.0,0.03676517278926482,0.012977856696003074,0.03564728336712035,0.016608717374168247,0.005635471872722024,0.01783110975781776,0.02280810249474267,0.0
LFQ intensity D4_6,0.0,0.004143592647216757,0.009407872303392996,0.0,0.0,0.014706034323935312,0.0,0.0,0.0,0.0019239448123573985,0.022941436074832948,0.01936320644461626,0.018228889134030077,0.015481825825725824,0.0,0.0,0.0003228528442194644,0.0,0.018965716454356844,0.0,0.0036928468639242803,0.000726729787819546,0.0,0.0004167325778646423,0.018210365639760907,0.013622377904641738,0.025897860895480507,0.007819074225916807,0.0,0.0,0.0,0.0,0.014768406606646292,0.004184378009923481,0.0,0.0049941545040102595,0.07718916868092326,0.0,0.025144396517046304,0.0,0.0,0.0025360384560837086,0.012274440840588362,0.0,0.0,0.0,0.0,0.012625233985056128,0.012238486230470648,0.02765687947045642,0.0,0.0,0.0,0.0,0.006508317403880806,0.0,0.0018602370879976355,0.03991371191539126,0.0,0.0,0.0,0.006889615670633218,0.02633358750524335,0.0,0.021106683455315627,0.0,0.0,0.0,0.0029147785345804327,0.0,0.0,0.017496514892849053,0.0,0.0,0.019907833884775163,0.0,0.0,0.0,0.0010611153890117875,0.0,0.0,0.005616298367139987,0.0050416827705286734,0.0,0.0037612363166631504,0.025179369003313655,0.0,0.0019519437516980528,0.012391475881628611,0.0,0.007179444266352021,0.0,0.004234506664572553,0.0,0.0,0.027254606825123106,0.02133184228985755,0.0,0.016245605289457375,0.01426000002030961,0.002090247410417751,0.0,0.004301736730275149,0.0,0.0,0.0,0.013506363692694775,0.0,0.0,0.013983081859697903,0.004579686368453956,0.01682963731643852,0.004955370282378747,0.0,0.0,0.0,0.0,0.0,0.0,0.0360417248322146,0.0,0.0,0.005750785686363171,0.013575544512065876,0.0,0.0,0.011277266486995955,0.006690878727559246,0.0,0.0,0.010944214089848267,0.006729259852396232,0.0,0.0,0.003061750565797931,0.0,0.004092438156008213,0.0,0.012052401908966994,0.0020701478452453035,0.0,0.0,0.03719166896866846,0.0106504749274445,0.03274434473729271,0.011563431197766939,0.014576902183370393,0.015825880880607223,0.026991411533411256,0.0
LFQ intensity D4_7,0.0,0.006028339567496096,0.009516884980706379,0.000777085293087827,0.0,0.016121698952996713,0.0,0.0021774021253712535,0.0,0.00140695801962743,0.024246626680900715,0.015200626615797554,0.023369462653586057,0.013989045700562846,0.0,0.0,0.0,0.0,0.018326697384757562,0.0,0.008252718721198595,0.0,0.0,0.0,0.015261820289754442,0.01398336378914804,0.013970541134824425,0.014032363393731066,0.0,0.0,0.0,0.0,0.019077413266228936,0.005676802406710616,0.0,0.009617172112659545,0.07864087728722292,0.0005902399792200596,0.020946938871990933,0.0,0.0,0.001678923288500784,0.003213794070951161,0.0,0.0,0.0,0.0,0.011518735900896799,0.014081811336656572,0.029239985902325148,0.0,0.0,0.0,0.0,0.0020192083231565724,0.002253272714036117,0.0,0.04202693244496809,0.0,0.0,0.0,0.0069388393371490435,0.028451477124084162,0.0,0.021326317317146418,0.0,0.0,0.0,0.0014475650372289723,0.0,0.0,0.015966888698241713,0.0,0.0,0.024307836401563046,0.0,0.0,0.0,0.0,0.0,0.0,0.003900154834061041,0.003164242768546644,0.0,0.0,0.029330197835768516,0.0,0.000594359262482966,0.011308614889557903,0.0,0.0071615570401831734,0.0,0.0029106330863844575,0.0,0.0,0.03155026348516184,0.023018307082866205,0.0,0.017166698370364445,0.01539763844044907,0.0,0.0,0.00916391889108428,0.0,0.0,0.0,0.013734159700242004,0.0,0.0,0.012143289024671277,0.0,0.018035652683584428,0.007745277641658999,0.0,0.001089321392106834,0.0,0.0,0.0,0.0,0.037934624811871376,0.0,0.0,0.0037076434390981,0.011173354962971699,0.0,0.0,0.007445811644673889,0.006775618540127111,0.0,0.0,0.0,0.012227114628584414,0.0,0.0,0.004022396910007806,0.0,0.0039154322129172445,0.0,0.011231345873287626,0.009415371639097626,0.0,0.0,0.03473625206068334,0.007612851932795371,0.03711645198284788,0.010082704748140717,0.015025327999354939,0.013195997996337664,0.03128474506354465,0.0
LFQ intensity D4_8,0.0,0.005437639726194964,0.004181242696957917,0.0081287005334254,0.0,0.01595717814106447,0.0,0.0,0.0,0.002808827720506344,0.024093943828399352,0.01279374278473942,0.01790628734300347,0.017961394149596858,0.0,0.003184076981608648,0.0,0.0,0.016136528316532894,0.0,0.001711911779130028,0.0,0.0,0.0016988916854701176,0.019843639310122126,0.018732428571670668,0.028571521466537807,0.015796503594619704,0.013800571982490687,0.0,0.0068575850803466705,0.0,0.00511076005674271,0.004201710718691789,0.0,0.009641718109693012,0.06757942608228308,0.0,0.024315409419222535,0.0,0.0011645262356991275,0.014331688696885147,0.007160296420057293,0.0,0.0,0.0,0.0,0.009751613238631803,0.010858188320248922,0.024337597359163788,0.0,0.0,0.0,0.0,0.006306597433326158,0.0,0.018319910864498627,0.04204072360369305,0.0,0.0,0.0021210231003727874,0.0030666230851219274,0.019684637160922013,0.0,0.017540122371383835,0.0,0.0,0.0,0.0,0.0,0.0,0.014519391479176351,0.0,0.0,0.016855660731400365,0.0,0.0,0.0,0.0,0.0,0.0,0.004082210247854214,0.003911613907908347,0.0,0.005891761156456497,0.014725898473107317,0.0,0.0,0.006476620318621252,0.0,0.007717192581342022,0.004115667628870865,0.0018709462878944883,0.0,0.0,0.027681021002359068,0.022473326586999187,0.0,0.013758141158842307,0.013373251656520688,0.0,0.0,0.009223676292720867,0.0,0.0,0.0,0.005704782056492676,0.0,0.0,0.014810529085786376,0.0,0.020911468964725538,0.00967282959421361,0.0,0.0005107737821648343,0.0,0.0,0.0060076498105378524,0.0,0.040272597249201236,0.0,0.0,0.007846071392781023,0.013319521266793028,0.0,0.0,0.012383027554177842,0.0013496865561625005,0.0,0.0,0.0,0.011157794146909355,0.00519616496706016,0.0,0.002063287796911586,0.0,0.0,0.0,0.007292138630410039,0.018195357504987963,0.0,0.0,0.03717859560852468,0.00826579421614735,0.034164120936267764,0.0031509710249280056,0.006969468929699819,0.019670500752166933,0.024095300693820897,0.0
LFQ intensity D4_9,0.0,0.010134733984416479,0.0035532806636779947,0.0,0.0,0.013960108027819126,0.0,0.0,0.0,0.0015330002590170908,0.023912121829442357,0.015177204298637538,0.02043636623994013,0.017672814594351483,0.0,0.0,0.002039934683158141,0.0,0.019614212863663907,0.0,0.004368052905805313,0.0,0.0,0.0,0.01646512783959536,0.01096903826764227,0.026894996289033034,0.015778820521446708,0.015137940154423301,0.0,0.0,0.0,0.004932788466402135,0.0044109231560956275,0.0,0.006592195691600046,0.07775578642543135,0.00011833215488902637,0.021536102557182187,0.0,0.0,0.02147857699020249,0.0,0.0,0.0,0.0,0.0,0.010040828305449463,0.01333296362827321,0.021500157902449225,0.0,0.0,0.0,0.0,0.0014251982029384327,0.0,0.004403818934568339,0.045748454322485345,0.0,0.0,0.0032356461280281888,0.007744396142897433,0.02522327798244243,0.0,0.020029347447113006,0.0,0.0,0.0,0.0,0.0,0.0,0.014550664818340851,0.0,0.0,0.019158745517285674,0.0,0.0,0.0,0.0030636229314098583,0.0,0.0,0.0025388578860890535,0.0027229156602784706,0.0,0.006943070877187024,0.012727716204146288,0.0,0.0,0.009491031751183451,0.0,0.011071588308180884,0.001106401352577009,0.0,0.0,0.0,0.030706856280899874,0.02259148537175085,0.0,0.015742479177534734,0.014972520684269235,0.0,0.0,0.008038454545187873,0.0,0.0,0.0,0.008289291501936845,0.0,0.0,0.014250675904687963,0.0,0.015249128963894257,0.007455848521127725,0.0,0.0,0.0,0.0,0.0028817437630957437,0.0,0.037000270120317036,0.0,0.0,0.01024981495026169,0.013751479912796304,0.0,0.0,0.008523282630776476,0.006019965969742907,0.0,0.0,0.0171102754750655,0.008586381849926978,0.0,0.0,0.005466565058292801,0.0,0.0012717643865842027,0.0,0.012502814088122,0.007645253771784822,0.0,0.0,0.02976796589558803,0.013500983829924545,0.04024210069143791,0.011828255709961918,0.009175439412151523,0.013349021864060938,0.02329871650162266,0.0
LFQ intensity D5_1,0.0,0.0,0.0026366322169092205,0.0,0.0076294678994571685,0.009744154158050316,0.0,0.005898213364183157,0.0,0.0034987564298579552,0.017173194172760316,0.013330065077911108,0.01199231530281588,0.008811862403971435,0.0,0.00033001844570054495,0.005784003847586325,0.0,0.015049848528597167,0.0,0.004253944876287763,0.0,0.0,0.0,0.014412162193986727,0.009955227760312851,0.03765200662330622,0.016505375696684536,0.0,0.0,0.0017211743544646048,0.0,0.01144756385537442,0.0032422938000718315,0.0,0.0,0.07862278607279743,0.0,0.03136330038230464,0.0,0.0,0.004627365729080876,0.0,0.0010392653150656027,0.0,0.0,0.0,0.012819168051274667,0.010820598319420645,0.03830646932746934,0.0,0.0,0.0,0.0,0.0,0.0005819605856294081,0.0015669695897777074,0.03100869185106796,0.0,0.0,0.0,0.006405808050176803,0.02996083400675319,0.0,0.018035676505535482,0.004661075269423673,0.0,0.0,9.959527998934863e-05,0.0,0.0,0.010450932462541758,0.0,0.0,0.013933430323739001,0.0,0.0,0.0,0.0,0.0,0.0091101169177836,0.0031264542384461594,0.009211512641120358,0.0,0.006149474896007078,0.02373370608512029,0.0,0.0029062768850983346,0.0017886847362803735,0.0,0.009894313111260067,0.0,0.018240042146302395,0.0,0.0,0.030857259716468476,0.02740137629084417,0.0,0.02060076660462117,0.013107270081329444,0.006069650657329323,0.0,0.00408749175447576,0.0,0.0017860499487214224,0.0,0.003920819723325473,0.0,0.0,0.009467904040418782,0.0,0.018702295732437885,0.011925136458691482,0.0,0.0,0.0,0.003461155309471818,0.0,0.0,0.03155283407056005,0.0,0.0,0.011500331377066643,0.016891605454672144,0.0,0.0,0.016799638785020776,0.00591103119740876,0.00032156279296973237,0.0,0.022000963893065755,0.004095118145812671,0.0,0.0,0.010825309793250403,0.0,0.002561664718577602,0.0,0.0115303447281465,0.0,0.006832493615504366,0.0,0.02467659767848417,0.005696035220909021,0.03377742179813332,0.017404477208333085,0.006675242106443398,0.012946285510629756,0.027081075799121127,0.0
LFQ intensity D5_10,0.0,0.00011069894495821208,0.005894298115657564,0.0,0.006018932305879068,0.010926333513013961,0.0,0.003977585987368935,0.0,0.004026998614465277,0.020476329399960858,0.010123781310842423,0.019039757064315314,0.007621543168387404,0.0,0.0021570272633399785,0.0019028010826541695,0.0,0.01375104655080289,0.0,0.0038327685044351576,0.0043303466665088435,0.0,0.0,0.01699808918943924,0.01226627343331935,0.03694728706741837,0.013762431829123803,0.0,0.0,0.003953174853646589,0.0,0.009727964157762867,0.0037817841152974927,0.0,0.0,0.08083335117775273,0.0,0.03001887288160174,0.0,0.0,0.0,0.0,0.0030529103836761332,0.004277472403171423,0.0,0.0,0.010281581297413337,0.0080620221519901,0.035623720900564884,0.0,0.0,0.0,0.0,0.0,0.0,0.0007156407115997404,0.04003347248383353,0.0,0.0,0.0,0.005684447257505034,0.030104864431033333,0.0,0.020630215870442607,0.004016932582645689,0.0,0.0,0.0,0.001571350836953915,0.0,0.010676016247948977,0.0,0.0,0.01593296565370502,0.0,0.0,0.0,0.0,0.0,0.010666818935298404,0.0056224807861922545,0.007115946055838544,0.0,0.0062105113693379805,0.023197056619797884,0.0,0.0036716959854907185,0.0030903768114036835,0.0,0.00911849148088627,0.0,0.01581959846246107,0.0,0.0,0.03244121534724109,0.025821556408674104,0.0,0.01951249090254096,0.012648569137375757,0.002778327466885384,0.0,0.008754898196709162,0.0019988873851212534,0.005219008786903962,0.0,0.003032986136096466,0.0,0.0,0.010623985313826514,0.0,0.02072084084482526,0.010503962128062165,0.0,0.00015668856527668076,0.0,0.0,0.0,0.0,0.025172477010460957,0.0,0.0,0.012937454469801385,0.017195761688367096,0.0,0.0,0.015402203384968243,0.003804486977318531,0.0025112219377384283,0.0,0.010433305009815113,0.0,0.0,0.0,0.012724640763934428,0.0,0.001288699795579025,0.0,0.010859364881560663,0.009770424726970279,0.0,0.0,0.023400132657958133,0.0063064800027545454,0.030567946233068712,0.015625972138414317,0.0094396426629921,0.0148397902544474,0.02585051186716905,0.0
LFQ intensity D5_11,0.0,0.011437018470228799,0.0,0.0012154939248204852,0.0026731041526741714,0.008992089682603824,0.0,0.0,0.0,0.0035678621342114577,0.019143659645226036,0.012658179527904503,0.011545039559861026,0.0065557919527048794,0.0,0.0,0.0,0.0,0.015177287266262867,0.0,0.002123093916415832,0.0,0.0,0.0,0.019989023705505808,0.013280333472289385,0.03493982542714706,0.017893389459865166,0.016310238334475046,0.0,0.0,0.0,0.00530892848625001,0.0,0.0,0.0,0.07653796016331692,0.0,0.02989520233880937,0.0,0.0,0.0,0.0030178378651900322,0.0017471103011681944,0.0,0.0027504704936039664,0.0,0.011321170186214846,0.007542686267536264,0.03948778191910663,0.0,0.0,0.0,0.0,0.00031849980297931165,0.0,0.007544817924994799,0.03910632680646688,0.0,0.0,0.0065140470318190286,0.007405584827548914,0.029854300358192313,0.0,0.02006717971948697,0.0054496771997830235,0.0,0.0,0.0009054659697068408,0.0,0.0,0.010160606182099595,0.0,0.0,0.015024062194191567,0.0,0.0,0.0,0.0,0.0,0.004011743016368536,0.0029516517199850716,0.006850476982816302,0.0,0.011107262908906694,0.007513099727541516,0.0,0.0,0.0,0.0,0.008920601457977871,0.0034372490850995874,0.016708779412738368,0.0,0.0,0.03467537186104186,0.026871541443079624,0.0,0.015645463937707122,0.013809205414387234,0.00133604725764135,0.0,0.004526097048992979,0.002725611027392859,0.0060120208560571235,0.0,0.0022002297849333294,0.0,0.0,0.009580861940527723,0.0,0.017435104703809604,0.010906827653216497,0.0,0.00023153003015014275,0.0,0.0,3.257595623081413e-05,0.0,0.02990676770210006,0.0,0.0,0.01447352585808043,0.013577456228395436,0.0,0.0,0.015578122656508443,0.00606492636190265,0.002491736874567213,0.0,0.013712454207329555,0.006028098713843167,0.0,0.0,0.010154570189850973,0.0,0.0,0.0,0.011194185473742851,0.007242970223100015,0.0,0.0,0.03375566997385612,0.006154456906053346,0.03689712807207826,0.01117314837195337,0.009123731313843064,0.017249951980930343,0.030270598994600707,0.0
LFQ intensity D5_12,0.0,0.0,0.009196380804770704,0.0,0.004128076337127003,0.009430702256211622,0.0,0.0046899001244221136,0.0,0.003300806905399588,0.019096056093057232,0.016972844935124347,0.01599202137024951,0.009706578626944308,0.0,0.0,0.0019556825326199497,0.0,0.014127766187657986,0.0,0.00393864341742015,0.0,0.0,0.0,0.016522651157682276,0.014612777899773858,0.03507616159462704,0.015791389032954958,0.0,0.0,0.005027572959369508,0.0,0.008702475447806227,0.004060508112296951,0.0,0.0,0.07943697234808511,0.0,0.034797260695969334,0.0,0.0,0.0,0.0,0.0,0.0019088858918541653,0.007865930365147072,0.0,0.011059959924353024,0.007533088429821943,0.026422087988578258,0.0,0.0,0.0,0.0,0.0,0.0,0.0017576330042801092,0.03660173436435869,0.0,0.0,0.0,0.006942141410037725,0.03210489493074512,0.0,0.0131603521332004,0.0026638863400898992,0.0,0.0,0.0011614771837856065,0.0,0.0,0.00903253851692811,0.0,0.0,0.015006751067117467,0.0,0.0,0.0,0.0,0.0,0.01044184177742991,0.004948457205932891,0.008899658714771958,0.0,0.0049303175366288325,0.0225170846048372,0.0,0.005629145399340264,0.004793812263570444,0.0,0.005890423748211694,0.0,0.009852452472499447,0.0,0.0,0.03520244782233084,0.029234743611400976,0.0,0.018269978440354582,0.014665817690649252,0.005266486840462053,0.0,0.0037965544685563553,0.0016219537044361572,0.004340955702794431,0.0,0.00380045158526618,0.0,0.0,0.008703692813748921,0.0,0.019534876566151473,0.011600495922069954,0.0,0.00019129180107685042,0.0,0.0,0.0,0.0,0.03362383907976985,0.010346210673722694,0.0,0.013733080659233461,0.013979486144308717,0.0,0.0,0.016834114365330038,0.00602053961710829,0.0012748170662922594,0.0,0.0,0.0,0.0,0.0,0.010921640588710268,0.0,0.0,0.0,0.01157461529753059,0.024653752030710564,0.0,0.0,0.02174969844188116,0.00581891307015858,0.03283225204956019,0.013135838285058486,0.001082423975103418,0.016004892374757378,0.032496355198376126,0.0
LFQ intensity D5_2,0.0,0.0,0.007484136868204382,0.0,0.011152138446297874,0.013097526263610267,0.0,0.007236438183034975,0.0,0.002178405833638655,0.015093144715717722,0.018894438821137102,0.016045305185377078,0.008614309546023309,0.0,0.0,0.0,0.0,0.013960373687225922,0.0,0.0038919205876629414,0.0,0.0,0.0,0.017454349629127012,0.01301116219569593,0.03356168479303973,0.017168122176358148,0.0,0.0,0.004299190159450793,0.0,0.011719937812346664,0.0,0.0,0.0,0.07782373141141735,0.0,0.03171094262666526,0.0,0.0,0.0,0.0008863291088581315,0.0009437438389957796,0.00016881311651718075,0.0,0.0,0.010454306547691056,0.009712089228981402,0.03872896362494399,0.0,0.0,0.0,0.0,0.0,0.0,0.012895813593795304,0.030850502022895406,0.0,0.0,0.0,0.006103775240742286,0.02318592924415827,0.0,0.02228184315265584,0.00352925447344288,0.0,0.0,0.0014483732947936337,0.0,0.0,0.008783018306522665,0.0,0.0,0.013348244958793954,0.0,0.0,0.0,0.0,0.0,0.0076638355269562424,0.0046015390975470425,0.0036158569457120037,0.0,0.005223339684232834,0.01858428122525461,0.0,0.005100895526557109,0.005218321303209106,0.0,0.010542305187991683,0.0,0.010757528920116183,0.0,0.0,0.03168007470256524,0.026888364454166543,0.0,0.017364453285549628,0.013634439654270676,0.002777544336100074,0.0,0.0037584390007484847,0.0009439179795399998,0.0035514832822948605,0.0,0.0,0.0,0.0,0.008032209122418157,0.0,0.021066496676824465,0.009237835921380371,0.0,0.0,0.0,0.0025763466317233184,0.0,0.0,0.027586496013580212,0.0,0.0,0.01666381520519687,0.014059065583361336,0.0,0.0,0.015242616613479643,0.004392589566926984,0.0,0.0,0.018399098713942817,0.004740014991485573,0.007661436454792956,0.0,0.01228893861165579,0.0,0.0,0.0,0.012105608362517497,0.00503396774025068,0.0,0.0,0.03473459108766883,0.0011535108882005877,0.0386175109589162,0.013695426225536014,0.007764979424756805,0.014771047984115574,0.03055151841263823,0.0
LFQ intensity D5_3,0.0,0.0,0.00689293692062368,0.00027279747596248044,0.008188354244140175,0.00992273614454999,0.0,0.007741759206165651,0.0,0.0028305120614723757,0.01999510194987509,0.009251650839726335,0.00803062784680598,0.010208259918121677,0.0,0.00028025032083130023,0.0018458876127891847,0.0,0.015047947517663607,0.0,0.009124655517938599,0.0,0.0,0.0,0.017184564987147537,0.01064186428029152,0.03679620954095855,0.015462063229441424,0.0,0.0,0.0013671420878968426,0.0,0.008666760626778241,0.004175163282437696,0.0,0.0,0.07867048457899836,0.0,0.03218254622092949,0.0,0.0,0.0033994823826643565,0.0,0.0014868360420145954,0.0,0.0003328492480610888,0.0,0.01580947725719257,0.01059503260470833,0.038729540213979674,0.0,0.0,0.0,0.0,0.0,0.0,0.006886101472541237,0.0348283025846625,0.0,0.0,0.0,0.009493926561811014,0.029572560260636656,0.0,0.022761063763784166,0.0,0.0,0.0,0.0025444231833502643,0.0,0.0,0.012386190371202864,0.0,0.0,0.012055231320206973,0.0,0.0,0.0,0.0,0.0,0.008971457580943077,1.2499787533506605e-05,0.006242971151599182,0.0,0.00827500585509185,0.02553195033967204,0.0,0.0002497950824159452,0.0,0.0,0.006063850894254118,0.0,0.01051826056334924,0.0,0.0,0.02692581746642301,0.026450260923023838,0.0,0.02325463272553623,0.013308401408681765,0.003637026986204504,0.0,0.0029292956704053707,0.0016368062314424628,0.004041826945148749,0.0,0.002459338205826384,0.0,0.0,0.007848442614542919,0.0,0.020515617751435743,0.009788113951036891,0.0,0.001018947423764551,0.0,0.0,0.0,0.0,0.026206223887473883,0.0,0.0,0.01605632988660737,0.013180520080838492,0.0,0.0,0.015636033700347423,0.006278989181379897,0.0,0.0027929993729820302,0.019661545096135324,0.0011280191113979094,0.0,0.0,0.011997845666586123,0.0,0.0009044848071015013,0.0,0.012110691037456487,0.006783747945785705,0.004631533141755266,0.0,0.031138328566842274,0.007988010650577863,0.03362882772754752,0.01386635721625951,0.00672136178228875,0.013424354806147716,0.030522183097795356,0.0
LFQ intensity D5_4,0.0,0.0,0.009323286838858438,0.0,0.001989142907928375,0.010994139966788235,0.0,0.0017424070543571285,0.0,0.000597762838237721,0.020750351070438215,0.01676234023767711,0.014918808612943271,0.004389656461133349,0.0,3.7468975808434064e-05,0.00663561729863563,0.0,0.01604998208409709,0.0,0.006613953401022401,0.0,0.0,0.0,0.016804746609855016,0.012797224544568712,0.037087558684031394,0.015756137328168465,0.0,0.0,0.0,0.0,0.009458688186646198,0.0040050610667380715,0.0,0.0,0.07383208986960013,0.0,0.02762973662198901,0.0,0.0,0.003370144249329673,0.013002977190889624,0.0030735174650332077,0.0004451339864242887,0.0,0.0,0.010457537411839772,0.008727933265916948,0.04179646044333789,0.0,0.0,0.0,0.0,0.0,0.0,0.0,0.03483797232848413,0.0,0.0,0.0,0.0077618912690035685,0.03830918908528014,0.0,0.01849305759570108,0.0,0.0,0.0,0.0,0.0,0.0,0.015222358519431335,0.0,0.0,0.01443905073675249,0.0,0.0,0.0,0.0,0.0,0.011946980450257242,0.0037588894849783037,0.005975912771182235,0.0,0.002021614669163562,0.02453073758280447,0.0,0.005124144437581748,0.005000186918103021,0.0,0.012006193537400855,0.0,0.007225148706514548,0.0,0.0,0.03644614831214692,0.02949382853486686,0.0,0.018155392606936795,0.013227763541503856,0.0036298422168544986,0.0,0.004195264075877628,0.000832768867056539,0.005426220095458906,0.0,0.0032359978689929622,0.0,0.0,0.012770507507405866,0.0,0.017553243496181176,0.010878057862371315,0.0,0.0,0.0,0.0055961537458166805,0.0,0.0,0.024741373103578514,0.0,0.0,0.015058429588492074,0.014743232836570653,0.0,0.0,0.016311808885655518,0.0059088738916227655,0.0001300724010434952,0.0,0.02364406290196576,0.0,0.0,0.0,0.0049501909360771396,0.0,0.0,0.0,0.009580992169712416,0.008101185264871497,0.0,0.0,0.02112745761994972,0.008245370205940426,0.029051107640845467,0.01738014881944252,0.0061029687927281326,0.013750637775033797,0.02402770567006754,0.0
LFQ intensity D5_5,0.0,0.004922279271221334,0.010735418068599331,0.0,0.01167030715221579,0.009305840200894283,0.0,0.001511569415683978,0.0,0.0017976097237463813,0.01898232329419297,0.013900169165933375,0.010806932109326208,0.004118127822850736,0.0,0.004407103803443565,0.0014479617816545995,0.0,0.014698580742932626,0.0,0.002316667196620332,0.0,0.0,0.0,0.01604183097144844,0.013542809142772986,0.03171090916746068,0.01722419030086913,0.0,0.0,0.005254750484661707,0.0,0.005115132174170078,0.003714290229142469,0.0,0.004359369948337948,0.07614572818225293,0.0,0.035345270745363984,0.0,0.0,0.0,0.008535846408445008,0.0,0.0,0.0,0.0,0.011032914742421128,0.01003638268367404,0.0398961435732683,0.0,0.0,0.0026701872614114442,0.0,0.0,0.0,0.0,0.038013333188521424,0.0,0.0,0.0,0.003106563564028983,0.02447160627388887,0.0,0.01898907655870087,0.0012770271301652523,0.0,0.0,0.0,0.0,0.0,0.015096388498708294,0.0,0.0,0.015442230948727037,0.0,0.0,0.0,0.0,0.0,0.011972969755453526,0.0030954875568792155,0.00818128434067253,0.0,0.006763039016130048,0.035999298722973326,0.0,0.0007637683925985551,0.006849612295937288,0.0,0.0049198245992642204,0.0,0.011708892344569842,0.0,0.0,0.028243453347018076,0.027368247859022185,0.0,0.019248053411904605,0.013567550314621035,0.0007895784836930002,0.0,0.012040799141804842,0.0,0.0036525072583002928,0.0,0.008953718285348446,0.0,0.0,0.010134850366337921,0.0,0.01860371894723904,0.011644398319899005,0.0,0.0,0.0,0.00025623964095398353,0.004457711452663755,0.0,0.03119219972985878,0.0,0.0,0.011817430786338559,0.012970296794663239,0.0,0.0,0.016300187740380674,0.0055465289123221165,0.0,0.0,0.0,0.0,0.0,0.0,0.008364792095861532,0.0,0.0,0.0,0.011920798811097137,0.0031953358755949716,0.0,0.0,0.02385675803007397,0.01678910649827419,0.028991048827042624,0.019916533761412288,0.0018244435465093458,0.018370508275117017,0.03208615453441238,0.0
LFQ intensity D5_6,0.0,0.0,0.0025662714178599404,0.0,0.005653831350843507,0.01556309723022029,0.0,0.0,0.0,0.0028230774691111586,0.018233163488744566,0.016740126314007987,0.021536530199954055,0.010447126873151328,0.0,0.0021915107692264783,0.00843813774510486,0.0,0.016364221629652093,0.0,0.009182865596942359,0.01040801524138032,0.0,0.0,0.01827957985059877,0.010983385252503563,0.03945601700344586,0.01426244953426734,0.0,0.0,0.0,0.0,0.006276360895136982,0.0,0.0,0.0037464706342441975,0.07842496275834256,0.0,0.029922100377608007,0.0,0.0,0.004090407155018243,0.0,0.0,0.0,0.003875166834637017,0.0,0.013586802660012366,0.009990453215086455,0.03906521604976832,0.0,0.0,0.0,0.0,0.0,0.0,0.0,0.03491103061403466,0.0,0.0,0.0,0.0075411511271730155,0.029050478913090313,0.0,0.015904182718513578,0.0055229395819506874,0.0,0.0,0.0,0.0,0.0,0.014763643744733058,0.0,0.0,0.015049542903427582,0.0,0.0,0.0,0.0,0.0,0.01100835560972,0.004547111704826402,0.007385326061757548,0.0,0.0018177753966783531,0.023404181900068023,0.0,0.0015139630138435972,0.0,0.0,0.00618629195594998,0.0,0.019331680231741904,0.0,0.0,0.03568762056039017,0.028093516662043978,0.0,0.018757124390568664,0.013470353772955329,0.0029177200600847414,0.0,0.006074056017045236,0.0,0.003312673914588393,0.0,0.0017397255495712053,0.0,0.0,0.011045957019438578,0.0,0.018455238663497707,0.011706603177861727,0.0,4.890158076896085e-05,0.0,0.0038751919947651236,0.0,0.0,0.03051815128209471,0.0015287293062897951,0.0,0.007843722809108791,0.013763195854473546,0.0,0.0,0.016067837821201476,0.005911774929714943,0.0,0.0,0.0,0.006650632369063155,0.0,0.0,0.007246231804513136,0.0,0.0,0.0,0.007831586229489216,0.010039235205900533,0.0,0.0,0.029888383625637754,0.008242501905530338,0.03159309355017623,0.016583226861223356,0.0,0.013411187848773327,0.027650822208852725,0.0
LFQ intensity D5_7,0.0,0.011611271053175285,0.0003034758731559236,0.0043975964691834344,0.005563427863209444,0.009696269158006152,0.0,0.002112414242489511,0.0,0.00517279127316114,0.017032365156073807,0.011948832938832213,0.011265550486419865,0.011007680077518992,0.0,0.0,0.0,0.0,0.01497867894477599,0.0,0.005105248335077667,0.0,0.0,0.0,0.017055313964955642,0.012532484809108603,0.04078048792934777,0.018756917885628513,0.01546637553068548,0.0,0.0010520883878800018,0.0,0.005789345783360135,0.0,0.0,0.0,0.07529432295655432,0.0,0.033545878582306926,0.0,0.0,0.0,0.008061023820366553,0.0005450300629875679,0.002749900663841817,0.0,0.0,0.01274228825223505,0.011567096301766677,0.03543433665458603,0.0,0.0,0.0,0.0,0.0,0.0014998218128158426,0.004587082465760473,0.034821992262545044,0.0,0.0,0.004142760991090323,0.007545774408178989,0.02670898761408696,0.0,0.022530486640615563,0.0,0.0,0.0,0.0,0.0,0.0,0.013619063869725372,0.0,0.0,0.016067525036308945,0.0,0.0,0.0,0.0020375835422565556,0.0,0.004324248340245457,0.002499515987775017,0.008232367552465904,0.0,0.012562483051986222,0.008230025184434536,0.0,0.0,0.0018633577962833808,0.0,0.004250860280668832,0.0012036236718189887,0.0059701095191864164,0.0,0.0,0.034674838126100054,0.02742024440607455,0.0,0.01750530534289566,0.013972067804588956,0.004018410056336225,0.0,0.0005964800437585497,0.00014716941689999063,0.0007157216362029466,0.0,0.002112295194445806,0.0,0.0,0.008811646815920846,0.0,0.022694420949490965,0.010336225308181523,0.0,0.0,0.0,0.0,0.00048083757738968046,0.0,0.03453748335117338,0.0,0.0,0.012881301452410083,0.017068884542830925,0.0,0.0,0.01454940112784776,0.002798368400513746,0.002562284661835831,0.0,0.0,0.008329780736176715,0.0,0.0,0.010938696018884444,0.0,0.0,0.0,0.013248944757279217,0.014430522208883302,0.0,0.0,0.03170553497991312,0.006839562579646861,0.03397085984746969,0.012214882948537089,0.01103909955472104,0.014540857062408359,0.03059170960624334,0.0
LFQ intensity D5_8,0.0,0.0,0.0015793360373115245,0.0,0.0028523164931472545,0.010627259553414457,0.0,0.004470808241044362,0.0,0.002211708127938903,0.018918896311575926,0.011670911592311383,0.015300854049158586,0.00693805445352044,0.0,0.0,0.0,0.0,0.01568453164596559,0.0,0.004585358895244727,0.0,0.0,0.0,0.017838125151423932,0.01074033763194296,0.04206925482471414,0.01756442968890426,0.0,0.0,0.00298593029053818,0.0,0.008626204577712281,0.0010775482957311486,0.0,0.0,0.07448991816433481,0.0,0.03185875400103403,0.0,0.0,0.0,0.00715251286375709,0.0009914758506709195,0.0,0.0006579534138721305,0.0,0.012446101515412858,0.011116868034377144,0.04135357611647573,0.0,0.0,0.0,0.0,0.0,0.0,0.011308684846836684,0.030719485510661636,0.0,0.0,0.0,0.00446908270029158,0.02982995877214051,0.0,0.01889233079013038,0.0012494072425148716,0.0,0.0,0.0024440089355820213,0.0,0.0,0.010624533538467923,0.0,0.0,0.010870459084869142,0.0,0.0,0.0,0.0,0.0,0.009963414103503557,0.0044734772590214545,0.009039943190182028,0.0,0.007505438827049012,0.022402253810180264,0.0,0.0017428429148760335,0.0,0.0,0.012765598748482631,0.0,0.017448234986794497,0.0,0.0,0.030893856792577057,0.02763005540066679,0.0,0.0176595735115074,0.015018395748147305,0.003949254498097985,0.0,0.002581593161755322,0.0023223030673574668,0.005443690073701517,0.0,0.001777509846089933,0.0,0.0,0.009406071837667692,0.0,0.021482039756120896,0.009661483075666059,0.0,0.0,0.0,0.0,0.0,0.0,0.03044303216114932,0.0,0.0,0.01481603004084815,0.015417414505977403,0.0,0.0,0.015580259408847849,0.002898539319114249,0.0,0.0,0.019396487609509322,0.0029774991844294463,0.0,0.0,0.012475371145396182,0.0,0.0,0.0,0.011563622358741001,0.006505229691662854,0.0,0.0,0.029849515692874837,0.006323461187511179,0.03410981539567514,0.012824382241359,0.014256834559841424,0.015016470509531329,0.026162027135056987,0.0
LFQ intensity D5_9,0.0,0.0011493726210252938,0.007708661522625898,0.0,0.005861421423601691,0.012331948691097057,0.0,0.0,0.0,0.003842958407712209,0.021622491967289315,0.010504533667210918,0.017352623569173407,0.0073717699206173395,0.0,0.0010753973600481144,0.00529894154784916,0.0,0.013512956649893808,0.0,0.00903344959291752,0.0,0.0,0.0,0.0168064735818848,0.011245969107570229,0.03234602739606757,0.015509125820455081,0.0,0.0,0.0035401696046082217,0.0,0.00954145104240465,0.004191548394548109,0.0,0.0009626024876865942,0.06991900424418268,0.0,0.025738082057676828,0.0,0.0,0.0033062505934490635,0.010650101631867265,0.0,0.0,0.0019452566861842965,0.0,0.010027738477918784,0.013146941201381799,0.036078749106381355,0.0,0.0,0.0,0.0,0.004996991739500558,0.0,0.013702278248811952,0.03760970718359638,0.0,0.0,0.0,0.009093161525040668,0.029177075118149615,0.0,0.019388220229974495,0.0,0.0,0.0,0.0,0.0,0.0,0.01201917347683376,0.0,0.0,0.01751949301152603,0.0,0.0,0.0,0.0,0.0,0.00865184264336203,0.0031622602436387408,0.00907074735024072,0.0,0.005083859671162019,0.024328660968691497,0.0,0.004335484260262685,0.004250208574614753,0.0006404385933846522,0.009486518611484019,0.0,0.021486728058081037,0.0,0.0,0.03236728749671122,0.02960432951565117,0.0,0.013636702311954197,0.01280421646871599,0.004150877548885362,0.0,0.004055773971305915,0.000693350523883324,0.004361500528079713,0.0,0.004093647464223027,0.0,0.0,0.010040561078635607,0.0,0.0185197546053947,0.011126146492643907,0.0,0.0013715896787594186,0.0,0.0035485934883608254,0.0,0.0,0.028382270028437254,0.0,0.0,0.014015539316813895,0.013323590666896527,0.0,0.0,0.015003987029875964,0.00554151718647639,0.0,0.0,0.0,0.0,0.010253632085950908,0.0,0.007632386861672491,0.0,0.0,0.0,0.012043412722223467,0.006683519947930306,0.0,0.0,0.0226122169590498,0.005147197846769018,0.03217023037189065,0.01729529073606308,0.0029692338593810446,0.012488307614684674,0.028438467708995552,0.0
LFQ intensity D6_1,0.0,0.0,0.006697584306958255,0.0,0.006836810652221896,0.013348786297135424,0.0,0.00028425890948868436,0.0,0.0026237988508065065,0.0217540377246473,0.011600185075343659,0.016511434554894986,0.008839227060000407,0.0,0.0019842711508931687,0.006271733064247334,0.0,0.01275611716856075,0.0,0.009120524813910362,0.0,0.0,0.0,0.01711081204573875,0.012578646888284297,0.033997554034153325,0.01704678146898516,0.0,0.0,0.002746087199609985,0.0,0.008234701124862165,0.004191392849870653,0.0,0.0018838399214306473,0.07524860388354548,0.0,0.03198221223855023,0.0,0.0,0.0,0.0,0.00028597741314614216,0.0005441872531122858,0.00897980607738747,0.0,0.010924411929942946,0.010494188200612651,0.025584941517255298,0.0,0.0,0.0,0.0,0.0,3.5546849737246626e-05,0.0026385428129467345,0.034860448731384414,0.0,0.0,0.0,0.008243194114525058,0.028772824130841437,0.0,0.016936907623550556,0.002917187619575903,0.0,0.0,0.0,0.0,0.0,0.011424603699869765,0.0,0.0,0.01092774404544844,0.0,0.0,0.0,0.0,0.0,0.009044499525391506,0.003747009986726977,0.011116939758583798,0.0,0.003617272076878286,0.02370218577341697,0.0,0.004059053216735229,0.003112869901554903,0.0,0.008420648695915389,0.0,0.02317947323253215,0.0,0.0,0.033805718014969656,0.02953677057443818,0.0,0.0175031617990962,0.01308079347722057,0.003229891414363227,0.0,0.00407532096802292,0.0019228537749955647,0.0051348657953582625,0.0,0.003757618751999301,0.0,0.0,0.008258619835208952,0.0,0.020750805740431033,0.013330645732058648,0.0,0.0,0.0,0.0038148127111316057,0.0,0.0,0.0312944299804554,0.006786473500455164,0.0,0.01188563780465328,0.018336625884258786,0.0,0.0,0.016298549533522316,0.004995582120800194,0.0,0.0,0.0,0.0,0.0,0.0,0.011078862573854596,0.0,0.0,0.0,0.01130273861787003,0.018362499148686585,0.0,0.0,0.024900969204917266,0.007374935070812471,0.028129867962837785,0.009984898500921102,0.008221479600328487,0.013494718702172516,0.032129987732948825,0.0
LFQ intensity D6_10,0.0,0.0,0.011601732142215836,0.0006446381145477459,0.0036928918986011867,0.012764598975514711,0.0,0.0,0.0,0.0001730095707789044,0.021673047393381183,0.014551621300910783,0.020450528484412266,0.006435349458417618,0.0,0.0013655466963576727,0.0004638362801196255,0.0,0.013754673328452156,0.0,0.00856940138749121,0.0,0.0,0.0,0.016323690879878297,0.012383738081771461,0.03594528890395189,0.0164590861941437,0.0,0.0,0.0045633133676782085,0.0,0.009514072276570843,0.006238876364216314,0.0,0.0008783739079553668,0.07679405220532932,0.0,0.03576242775050261,0.0,0.0,0.004480771703120679,0.0002689454971381699,4.669656159866808e-05,0.0,0.007053188877983666,0.0,0.011903285254393695,0.009688653048265368,0.0295703813431232,0.0,0.0,0.0,0.0,0.0,0.0,0.00274443597219014,0.0317844065683833,0.0,0.0,0.0,0.0059882266151422975,0.027721722350097778,0.0,0.02012761277892076,0.0019016316701523529,0.0,0.0,0.0,0.0,0.0,0.011178809720677321,0.0,0.0,0.013095567943359893,0.0,0.0,0.0,0.0,0.0,0.012095530437845689,0.00457706023823795,0.011799530002902932,0.0,0.0023573448382057166,0.020930921538092815,0.0,0.005898801192853375,0.0034463690993032764,0.0,0.011659343278239719,0.0,0.014021162966565543,0.0,0.0,0.0338747041618696,0.027586870775678875,0.0,0.021603933587843446,0.013669268437459674,0.0043477189244117646,0.0,0.005247176170037987,0.0013731359256117747,0.004481283716084504,0.0,0.0022748405040562024,0.0,0.0,0.009025196191477671,0.0,0.021414848498228816,0.012449973488446068,0.0,0.0,0.0,0.0,0.0,0.0,0.02674989224119308,0.0,0.0,0.014002976399097563,0.01889644427343276,0.0,0.0,0.010968684559583271,0.002366505385248606,0.0,0.0,0.012947324355447543,0.00512898961313605,0.0,0.0,0.010411950400482773,0.0,0.0,0.0,0.013602680556194572,0.004336030125642803,0.001172009757876437,0.0,0.02500765073628749,0.011397858870413065,0.029494734800701777,0.01058701515065939,0.005627620538991419,0.014405242417639479,0.030203244976772337,0.0
LFQ intensity D6_11,0.0,0.014492131490076067,0.00158275025787333,0.0,0.0013189167636131198,0.011137169027909169,0.0,0.0,0.0,0.003620984860002068,0.019947003312665607,0.008889202192742699,0.019095681976877384,0.0064273619319771165,0.0,0.0,0.004133915702584177,0.0,0.014020392664557787,0.0,0.004014049748816612,0.0020405437011904383,0.0,0.0,0.014825957488909622,0.011671186584859057,0.029032992162425164,0.01929604260736307,0.018497147895143277,0.0,0.006536982549365078,0.0,0.006091802365440894,2.2341675113358614e-05,0.0,0.0,0.0741697364186887,0.0,0.03516014789565774,0.0,0.0,0.0,0.0,0.000694025408128289,0.0,0.0,0.0,0.009465267051586478,0.010501131415169226,0.03550049242318993,0.0,0.0,0.0,0.0,0.0,0.0,0.008313238818309223,0.03965103156836514,0.0,0.0,0.0045767506525799025,0.005897557414654516,0.029204501389549522,0.0,0.020468418664795568,0.0035094720407855685,0.0,0.0,0.0,0.0,0.0,0.01128376385178498,0.0,0.0,0.01826977431417737,0.0,0.0,0.0,0.0,0.0,0.0045637049413873535,0.0034609025244478793,0.004263175729442803,0.0,0.009538875651306322,0.0058607128981049104,0.0,0.001472887886106792,0.0016111956359221972,0.0,0.005408749461238846,0.009352349047088192,0.005502731100566014,0.0,0.0,0.036252158730729074,0.03084704792265287,0.0,0.017816021616005276,0.012940197709624747,0.0028555496439237765,0.0,0.0033401012132235207,0.0011558821225955314,0.00488501501919533,0.0,0.0024214455024483624,0.0,0.0,0.007448865259099052,0.0,0.02112624456328646,0.012055357507113416,0.0,0.0,0.0,0.004648359202834382,0.0011562576988002125,0.0,0.027107782541930293,0.0,0.0,0.015703453291771724,0.014830842271375962,0.0,0.0,0.016458743128243372,0.005860742506159317,0.0,0.0,0.022125406025779584,0.00825822738551827,0.0,0.0,0.009995481931801987,0.0,0.0039422214172989785,0.0,0.011166791516181801,0.00048502981761604474,0.0,0.0,0.025051192955165055,0.005177787151848369,0.033505047906742136,0.013788158770527711,0.006325822578865061,0.013498724519631349,0.03337488940947253,0.0
LFQ intensity D6_12,0.0,0.0,0.012963030566408042,0.0,0.0,0.030645371545429848,0.0,0.0008841766923965582,0.0,0.0,0.004812182267215148,0.0004628937047046715,0.03032309372180789,0.0038442074206051285,0.0,0.0,0.0021776423513134475,0.0,0.01824266185463766,0.0,0.010410432314890725,0.0013033316394032016,0.0,0.0,0.01620566675910338,0.012660723557044324,0.03300250661302163,0.014826757946044275,0.0,0.0,0.005860458427451526,0.0,0.0,0.004318392101292086,0.0,0.0,0.06929434648915382,0.0,0.02519797524434195,0.0,0.0,0.0031986652472587975,0.0,0.0,0.00408100178950626,0.014244335727562885,0.0,0.009226957782695437,0.011841982212122532,0.027499315970241828,0.0,0.0,0.0,0.0,0.0,0.0,0.0,0.04012286893994433,0.0,0.0,0.0,0.006594423621003847,0.029511702510547386,0.0,0.013196990688010165,0.0,0.0,0.0,0.0,0.0,0.0,0.018448988453133093,0.0,0.0,0.008818406907660671,0.0,0.0,0.0,0.003758531577945523,0.0,0.011832500410140116,0.0,0.0,0.0,0.0,0.02777781588454144,0.0,0.0037282930670338105,0.005272890825859565,0.0,0.011149502743162704,0.0,0.008876864231530312,0.0,0.0,0.03449499033526844,0.028067409573984025,0.0,0.019131084966187248,0.02155760352235776,0.008610823017292454,0.0,0.006067604782429622,0.0005168705627273022,0.004217725167406511,0.0,0.007882503741907987,0.0,0.0,0.009789852639746518,0.0,0.02000899553142694,0.01359201884342537,0.0,0.001224912815569382,0.0,0.0,0.0010394249006056696,0.0,0.0423723791520331,0.01115313104355924,0.0,0.009518598816267942,0.020597659914564886,0.0,0.0,0.013125568094612955,0.001588147952284211,0.005039179517904851,0.0,0.0,0.0,0.0,0.0,0.0036316905053637633,0.0,0.0021485295692351167,0.0,0.015450561654277316,0.020300715176081636,0.0,0.0,0.027049877001787837,0.008967444274688657,0.027949237029526494,0.0177622531891854,0.0,0.014557208949474848,0.025968107952650393,0.0
LFQ intensity D6_2,0.0,0.01300072848098911,0.0,0.003982118175492635,0.003494721821960891,0.009060776993086677,0.0,0.0,0.0,0.005646951031141802,0.020160626016499726,0.013387769124693133,0.01823740288258578,0.01117857729109858,0.0,0.0027478328515185536,0.007133318892350966,0.0,0.01546996827744191,0.0,0.0064390720047084226,0.0,0.0,0.0,0.018525728438121693,0.011968087451291647,0.03335470061381941,0.017611829323034373,0.015036717475268324,0.0,0.0046315261031746905,0.0,0.0022108388417279917,0.0,0.0,0.0,0.07429879535378187,0.0,0.03231756351307195,0.0,0.0,0.0012861895751532214,0.009780984912798324,0.0,0.0,0.0049903219285805794,0.0,0.010240421825214447,0.008583222413852024,0.03795499987560387,0.0,0.0,0.0,0.0,0.0,0.0,0.0,0.03460883857480879,0.0,0.0,0.006809598555833605,0.009172688829809617,0.027852610096595447,0.0,0.021796578382533623,0.0,0.0,0.0,0.0,0.0,0.0,0.01409836426541872,0.0,0.0,0.019169273537064515,0.0,0.0,0.0,0.0,0.0,0.006705068576821816,0.0025488794833057695,0.004827942664810914,0.0,0.009961487378908123,0.0071602974207146,0.0,0.0,0.0032317238002617524,0.0,0.0103778839405478,0.005583319304152922,0.005419032187867478,0.0,0.0,0.03599814743742812,0.02729904357821625,0.0,0.014967296160780278,0.0128290651809094,0.005088615092000807,0.0,1.8880919619292431e-06,0.000751828243846491,0.002514673162331515,0.0,0.0019187254101707394,0.0,0.0,0.007672400301406793,0.0,0.021805611518876195,0.012946580907569297,0.0,0.00017248452288285088,0.0,0.003803917604010622,0.004218089121335497,0.0,0.025894555109036894,0.0,0.0,0.013602547687780629,0.014691400772777781,0.0,0.0,0.011500398784945935,0.005224907745842222,0.0,0.0,0.0,0.006833506883208378,0.0,0.0,0.009488823578999094,0.0,0.0,0.0,0.015066345541488373,0.007176066488296856,0.00041813421761971545,0.0,0.029402084196600342,0.0076218625477624,0.03339502981620453,0.014034506669072702,0.0052176785627819616,0.014101067906594798,0.03228733866974248,0.0
LFQ intensity D6_3,0.0,0.0,0.008381639430519925,0.0,0.004276559119252123,0.01370053101775681,0.0,0.0,0.0,0.0038550110337000547,0.018899409111032252,0.010123894679264835,0.016394221784383996,0.006359030633140737,0.0,0.0008074097877147322,0.005176801092502834,0.0,0.01222716567604066,0.0,0.008092389758619376,0.0,0.0,0.0,0.01718075693543106,0.010121451366575374,0.028436279248950976,0.017194891937279043,0.0,0.0,0.0013752761149339436,0.0,0.00914758958099897,0.00533507025912578,0.0,0.0006164363588112595,0.07669440324253259,0.0,0.03154490002571578,0.0,0.0,0.008861612214180895,0.0,0.002966620793567454,0.0,0.006404940389976543,0.0,0.010367362241260019,0.010129806441679202,0.027316811001695376,0.0,0.0,0.0,0.0,0.0,0.0,0.0,0.0424530200405128,0.0,0.0,0.0,0.008617300425781965,0.026762696987551817,0.0,0.018033545720769404,0.006608045920319777,0.0,0.0,0.0,0.0,0.0,0.010545973370647046,0.0,0.0,0.01636906853864243,0.0,0.0,0.0,0.0,0.0,0.009725429593881181,0.0018276024926926575,0.00797028955772179,0.0,0.004660247690838782,0.024357019987460635,0.0,0.0010340837228449591,0.004799192622641484,0.0,0.011008330544779883,0.0,0.021828709369006376,0.0,0.0,0.03272964691157406,0.027878750286554333,0.0,0.019188602675923327,0.013074609058553437,0.0030073527138781177,0.0,0.006018751817077907,0.002705583860704966,0.005315948920713247,0.0,0.005045634587143646,0.0,0.0,0.007572767375446187,0.0,0.020380437126948783,0.00883623000286274,0.0,0.0,0.0,0.001863836356738541,0.0,0.0,0.02568087352723497,0.0,0.0,0.014730709829477849,0.014706868584797778,0.0,0.0,0.010775272513413132,0.004477612440265949,0.0,0.0,0.014672258328596453,0.0,0.0,0.0,0.012982831073955172,0.0,0.00663700231236754,0.0,0.014560451372592277,0.007289176581405321,0.006117019231064494,0.0,0.024889444902646933,0.009842814024304546,0.027567151123586865,0.015021965208168946,0.008307479184465602,0.012219272330721266,0.02731481787407993,0.0
LFQ intensity D6_4,0.0,0.0012680216576726748,0.007921310787012035,0.0,0.009900801390212583,0.013903941238727617,0.0,0.0,0.0,0.003111437447569464,0.01843684001730453,0.012091126874800224,0.019775113166412055,0.01109407101935603,0.0,0.0,0.004973090570269313,0.0,0.009903249755428445,0.0,0.005948409978462826,0.006511226737162155,0.0,0.0,0.016014517038203474,0.013023697107877789,0.037901265158600685,0.01753799097160839,0.0,0.0,0.002833097458178515,0.0,0.01034022615009847,0.0,0.0,0.0,0.07968486886691323,0.0,0.029512266759720327,0.0,0.0,0.0,0.0,0.0003626133683743949,0.0,0.0,0.0,0.011470199363306554,0.011274198616952603,0.03197485533802326,0.0,0.0,0.0,0.0,0.0,0.00033713143895198073,0.0047559914476977706,0.03333919000273535,0.0,0.0,0.0,0.009301241910673774,0.02638926235001651,0.0,0.017183426447458815,0.005528895873817839,0.0,0.0,0.0,0.0,0.0,0.013057598565182125,0.0,0.0,0.009249777817971098,0.0,0.0,0.0,0.0,0.0,0.00871971159048445,0.003976896054960985,0.008862965511961734,0.0,0.005108649589957445,0.02546214199466511,0.0,0.0048138989117124395,0.0032793863008515464,0.0,0.00855802772186836,0.0,0.02285409086654164,0.0,0.0,0.02996180692650241,0.032262502734154756,0.0,0.021546243968330905,0.012937042935033958,0.0022622015236548852,0.0,0.00885814389616177,0.0,0.004218968493118135,0.0,0.004625120919994405,0.0,0.0,0.011368550337389295,0.0,0.018855595340954465,0.012789953309427731,0.0,0.0008260312552517156,0.0,0.0060177977550958765,0.0,0.0,0.03218240331843138,0.00023710818732884358,0.0,0.01152720380581974,0.011632891053004668,0.0,0.0,0.016040007965905587,0.006887390826081529,0.0,0.0,0.0,0.0,0.0,0.0,0.016448200735021318,0.0,0.0,0.0,0.009721606413449047,0.011707245113073467,0.0,0.0,0.024609945133147,0.003674620928042925,0.02876777888274855,0.016732013473210742,0.0017627499730076654,0.014383990707625756,0.0296081628532749,0.0
LFQ intensity D6_5,0.0,0.0,0.007750089549531485,0.0,0.0084165228007739,0.010065108478950464,0.0,0.0,0.0,0.0018194126095805797,0.02093178820770882,0.006854948358149228,0.009360976070869472,0.007513530504044013,0.0,0.0,0.0030235528126620627,0.0,0.01448399672889671,0.0,0.006273834520428,0.0,0.0,0.0,0.017308305726205786,0.007502477045799872,0.03423213433747287,0.015235222170171763,0.0,0.0,0.003657447220871858,0.0,0.00508029799859556,0.004335114209947313,0.0,0.0013122761044808261,0.07504909773183567,0.0,0.03224883868887797,0.0,0.004507590738117009,0.0,0.0,0.002672542547683493,0.006755152185380143,0.0016277424623210833,0.0,0.0066149357446557665,0.010421134879635797,0.03593225335732656,0.0,0.0,0.0,0.0,0.0,0.0,0.012841021372559614,0.03530441360260453,0.0,0.0,0.0,0.007754987777682824,0.030730881423153306,0.0,0.019525847574257744,0.0,0.0,0.0,0.0,0.0,0.0,0.0128277884980892,0.0,0.0,0.0146570887604525,0.0,0.0,0.0,0.0,0.0,0.008545389221487358,0.0,0.009932432326233368,0.0,0.007747017833797662,0.03198258286419971,0.0,0.0004815459045947906,0.0033062744689397023,0.0,0.007768846729474373,0.0,0.022414296976635023,0.0,0.0,0.02663718012844147,0.028859944317020755,0.001060727491234466,0.02135962782575898,0.01313542202254137,0.0016757498337776977,0.0,0.003884835971599908,0.0004150209896384644,0.004218010702670856,0.0,0.004490191250568637,0.0,0.0,0.014846740813167376,0.0,0.022225646283573878,0.010225250276540167,0.0,0.000162512015212673,0.0,0.0,0.0,0.0,0.022915419288299183,0.0,0.0,0.016988196004999106,0.014082790324748073,0.0,0.0,0.017060531502837182,0.007258744343642522,0.0,0.0,0.014222076214012988,0.0,0.0001093398721431293,0.0,0.012764243144984422,0.0,0.0,0.0,0.012924267977897166,0.004484926665211197,0.0,0.0,0.026754173585467472,0.007100927485066976,0.03502202734471481,0.013783517057009953,0.007122850413670912,0.011180964297783931,0.03622140543062823,0.0
LFQ intensity D6_6,0.0,0.0,0.009861130949644636,0.002740621219607449,0.007536888206364618,0.01190043004916143,0.0,0.004490966211594427,0.0,0.0022769665289507322,0.019664802259909554,0.010966531602692233,0.02091377828629623,0.01287347648527708,0.0,0.0,0.002947160886594581,0.0,0.013350732589620747,0.0,0.0050633309299871285,0.0,0.0,0.0,0.015741398211265644,0.012291214760233708,0.03699392708268615,0.01653918896393034,0.0,0.0,0.0071029796674638,0.0,0.006670804375131534,0.0043139472501541355,0.0,0.00015625286701195478,0.0702902706511695,0.0,0.03191831272093306,0.0,0.0,0.0,0.007607825102029431,0.004538821797558465,0.007144051110822701,0.008326378686130023,0.0,0.011357320367112848,0.008705183056133516,0.02659754288839844,0.0,0.0,0.0,0.0,0.0,0.0,0.007268758086641695,0.029173772501120892,0.0,0.0,0.0,0.00498500368255131,0.0283326089565329,0.0,0.013031092051222989,0.0,0.0,0.0,0.0,0.0,0.0,0.012036067187506803,0.0,0.0,0.011798072482842793,0.0,0.0,0.0,0.0,0.0,0.0038683376593585304,0.0018863097856553978,0.01536210655269274,0.0,0.0035941389981092547,0.02338724024469684,0.0,0.008245967533335058,0.00718956742305313,0.0,0.012070276943387418,0.0,0.010084396755164876,0.0,0.0,0.034475160402889775,0.027987732051561107,0.0,0.013595456760610103,0.014633722870617344,0.0023424935899914634,0.0,0.0034279531505702916,0.00028863468608707893,0.00330447448672021,0.0,0.0017326194883478079,0.0,0.0,0.007800247066556255,0.0,0.023307375984843514,0.011403771445323469,0.0,0.0,0.0,0.0,0.0,0.0,0.02751666406523458,0.007486357321186738,0.0,0.01437925426851589,0.018819888936017014,0.0,0.0,0.009980703875914291,0.0009809814768539282,0.0,0.0,0.0,0.0,0.0,0.0,0.012059002547205554,0.0,0.0030207445589239216,0.0,0.0133910437000246,0.02556359059751485,0.0010197382819997704,0.0,0.02905756415301196,0.007882389209923858,0.025554765917485626,0.011026347433406936,0.008626865124062758,0.016540730102303183,0.029597773838557544,0.0
LFQ intensity D6_7,0.0,0.0,0.008954402863303014,0.00011394375800047549,0.008898996203277392,0.014917907402960078,0.0,0.0,0.0,0.0022608359804981394,0.018199793390421038,0.0130708386793185,0.019949477155555125,0.008830181681617283,0.0,0.0,0.0019117632341685746,0.0,0.01163517885766987,0.0,0.006936231743462416,0.0,0.0,0.0,0.015942883342430655,0.011216212447576469,0.035278736987467176,0.016230233587204795,0.0,0.0,0.005887418602631879,0.0,0.009964061627920824,0.0,0.0,0.0,0.07306190562213918,0.0,0.03481199391288719,0.0,0.0,0.0064623585789722665,0.009498613573794923,0.0005183550491127531,0.0,0.0,0.0,0.015790331008902606,0.012900820542124984,0.04101989563137045,0.0,0.0,0.0,0.0,0.0,0.0,0.0,0.03461827679762114,0.0,0.0,0.0,0.01035638642381422,0.028496977984010706,0.0,0.017685484652385133,0.005467578686701818,0.0,0.0,0.0,0.0,0.0,0.012783404166551314,0.0,0.0,0.013580479836053917,0.0,0.0,6.897429153275924e-05,0.0,0.0,0.00572470370900114,0.005409537442521661,0.006659873850716953,0.0,0.005034600635440313,0.02221023799855386,0.0,0.004475591743762752,0.0032061071473887016,0.0,0.010270547947528238,0.0,0.01148608590125814,0.0,0.0,0.031986147821469094,0.027517878647233297,0.0,0.021049585725130937,0.014019388350701685,0.0016355349098732613,0.0,0.0009915455651017169,0.0004225134583368135,0.0029176877827883974,0.0,8.70250691930801e-05,0.0,0.0,0.011490959138426767,0.0,0.021791065447736343,0.01120872962785327,0.0,0.0,0.0,0.005153361337830522,0.0,0.0,0.026949780641641864,0.0,0.0,0.016927341293530507,0.015834031863249658,0.0,0.0,0.012243360471529824,0.003538463696219201,0.0,0.0,0.0,0.005866816248607783,0.0,0.0,0.0126053336594884,0.0,0.00311340376803303,0.0,0.015276930124059255,0.004597717367045645,0.0,0.0,0.028242432613728254,0.006925695349641103,0.028751835913136,0.013168435870459369,0.010458338314850248,0.012914782225274077,0.030515657018199884,0.0
LFQ intensity D6_8,0.0,0.0,0.007874966374726424,0.0019249037239287717,0.003728108676538287,0.013572606053053977,0.0,0.005645171292671364,0.0,0.0012757041819580373,0.0166443809745864,0.01259157085022584,0.01322275495373905,0.011566576221427588,0.0,0.0,0.007264117253087623,0.0,0.013302497008993861,0.0,0.009443430115515655,0.0,0.0,0.0,0.015757665196921112,0.01110613780297424,0.030021302682853454,0.0170751747864482,0.0,0.0,0.002286775747891252,0.0,0.003960038957692015,0.004356586337291874,0.0,0.00255407255469036,0.07825791675881047,0.0,0.03470067142570056,0.0,0.003614422540820644,0.00879271348303611,0.0,0.0028296095079098265,0.005908737220852575,0.005669624017301067,0.0,0.010607560856485307,0.006987940066483035,0.0257515798148804,0.0,0.0,0.0,0.0,0.0049789578349356805,0.0,0.0,0.04288069528606849,0.0,0.0,0.0,0.008405277469061589,0.02911683347109808,0.0,0.013982560302029122,0.0,0.0,0.0,0.0,0.0,0.0,0.011708938388964947,0.0,0.0,0.00988554159741071,0.0,0.0,0.0,0.0006361560250251399,0.0,0.009927316492829864,0.0,0.01563937738676782,0.0,0.0005157611284279919,0.03178836913542894,0.0,0.001908835009291989,0.007639641607128168,0.0,0.010395813156922201,0.0,0.025783084382464575,0.0,0.0,0.028435548019339625,0.025594330064046142,0.0,0.023431750518903637,0.011167914079136781,0.0024804458596607818,0.0,0.006148310951667751,0.0,0.003969542797112942,0.0,0.0033894220511380847,0.0,0.0,0.012759252575699558,0.0,0.021433702748491337,0.014162652866543125,0.0,0.0002662821861158097,0.0,0.0036019263616715196,0.0,0.0,0.024850291697687096,0.003848760258855255,0.0,0.009777007615908127,0.016444434809232193,0.0,0.0,0.014285632033343878,0.004065481485362269,0.0,0.007399366398259879,0.0,0.0019302275941796845,0.0,0.0,0.010724495206447696,0.0,0.006204212306638476,0.0,0.008251985936270561,0.012857617311134968,0.0,0.0,0.019444458482390896,0.008384442606559694,0.026628603129961168,0.010652930453135583,0.0,0.012416986179124293,0.03150350930263042,0.0
LFQ intensity D6_9,0.0,0.003037266412522213,0.011858970420791056,0.001636258311723826,0.015441025930940952,0.00963646348774431,0.0,0.0,0.0,0.002662855808873702,0.02005516254763108,0.011476162372212695,0.01632697211238246,0.007271024629033967,0.0,0.005317224678230885,0.009695006665689482,0.0,0.012485823897048854,0.0,0.006541626907723054,0.0033926843105926484,0.0,0.0,0.01573463612344348,0.01296512247444745,0.03302708717646122,0.01297524655686626,0.0,0.0,0.005950419583300002,0.0,0.004909303755522258,0.0011293891009104243,0.0,0.005006562761606611,0.08010566891561077,0.0,0.03177977947648716,0.0,0.0,0.004655084684065233,0.0,0.0001952803462896856,0.0,0.004211694470869157,0.0,0.011169303950488119,0.00966035272604302,0.029988232616606558,0.0,0.0,0.0,0.0,0.0,0.0,0.0004508918508355855,0.041121671526128646,0.0,0.0,0.0,0.002872943467026149,0.02641307997349723,0.0,0.018599383215095775,0.0,0.0,0.0,0.0,0.0,0.0,0.010571909463826428,0.0,0.0,0.011545615328610117,0.0,0.0,0.0,0.0,0.0,0.012709038557816433,0.005914259905361037,0.011796928025619897,0.0,0.00614708288229126,0.032409873216773764,0.0,0.004100066672884034,0.006282380935880377,0.0,0.004328440325581057,0.0,0.0015315092532758128,0.0,0.0,0.02820921703400562,0.026284106722892255,0.0,0.02085216536616708,0.012705004491710442,0.002488287588592455,0.0,0.008472371422175839,0.00027733993978624143,0.002838913902783576,0.0,0.015825014121046286,0.0,0.0,0.008542289574752246,0.0,0.021653677235327767,0.010309599215152386,0.0,0.0,0.0,0.00879533920588568,0.0,0.0,0.03555767336818362,0.002069383516947231,0.0,0.014728218762898771,0.013594308510440967,0.0,0.0,0.009843827386534222,0.0059387278241173555,0.0,0.0,0.0,0.0,0.0,0.0,0.013652159890321347,0.0,0.0,0.0,0.012168242561279949,0.01318866694739015,0.0017850778891217083,0.0,0.018806079275601854,0.005558010033657923,0.030083030697844775,0.014366124289261852,0.00040162896660931436,0.015157437972783405,0.02875530847406563,0.0
LFQ intensity D7_1,0.0,0.0,0.014436604968223967,0.006419315680161043,0.009368980659039204,0.01142560226715344,0.0008779668570363566,0.0014583209626557294,0.0,0.002628930611664269,0.019120560270313083,0.006342164254775679,0.016138910559366264,0.008631523386374775,0.0,0.0,0.0037382547907641186,0.0,0.009860940381547768,0.0,0.00959966482909225,0.0,0.0,0.0,0.010128687021441844,0.006354599535562783,0.03418927466778353,0.018657801415073658,0.0,0.0,0.008285081404907352,0.0,0.004662385240419942,0.0027910957002827913,0.0,0.003745487555926405,0.06771863435895523,0.0006868745845412475,0.031147448576645025,0.0,0.0002612056936355652,0.012024821034148772,0.0,0.0,0.005185720582058434,0.005509398741383071,0.0,0.007700758562255813,0.008797350282549158,0.026284514321102948,0.0,0.0,0.0,0.0,0.0,0.0,0.0055411629155131484,0.04396917085671181,0.002642031952258038,0.0,0.0,0.00950559583586677,0.02658601857645224,0.0,0.013579215291158154,0.0,0.0,0.0,0.0,0.0,0.0,0.009820956520600168,0.0,0.0,0.01581890559596266,0.0,0.0,0.0,0.0,0.0,0.009015353327061737,0.0029464541013958707,0.009698982255472874,0.0,0.005640955663709161,0.021878592105434535,0.0,0.008004426624092415,0.005497102785339921,0.0,0.011260780710509975,0.0,0.013427347535390656,0.0,0.0,0.027471804175371536,0.03260185112591415,0.0,0.014633074909202163,0.01610818734911995,0.0020198844814856994,0.0,0.012590488867723472,0.0,0.0034933939555407637,0.0,0.005068642591570401,0.0,0.0,0.009208394958176118,0.0019881500442095637,0.024628466510384743,0.009853871290460144,0.0,0.0,0.0,0.0,0.0,0.0,0.02052243054613507,0.0,0.0,0.017086212545061614,0.02502482960310566,0.0,0.0,0.012790180672350245,0.0,0.0,0.0,0.013790161255966622,0.0021922054166756666,0.0,0.0,0.009784810741293596,0.0,0.007749239175501506,0.0,0.011546825150884444,0.00838816001521879,0.0,0.0,0.024532503195654413,0.011735536677161335,0.019728643099983057,0.009418469061070207,0.014056242751269519,0.007442233892735443,0.035533173531002535,0.0
LFQ intensity D7_2,0.0,0.0014196310727150336,0.008732542416173411,0.0,0.010827649591103728,0.011695480296545211,0.0,0.0,0.0,0.0044635417668279585,0.02558842095994656,0.00872892459897658,0.020655722194708553,0.0059735731788633315,0.0,0.0,0.006717224212249307,0.0,0.011201192904812416,0.0,0.007922873075930054,0.0,0.0,0.0,0.014556788006605615,0.009270060444318749,0.03367510188873045,0.0167975856031708,0.0,0.0,0.010508431708103389,0.0,0.00776232319124535,0.004429243954052817,0.0,0.0,0.07237568734463419,0.0,0.020596914242831277,0.0,0.0015410455614302695,0.0,0.0,0.0009540876854368454,0.0,0.0007288792900169555,0.0,0.007003389298460646,0.0030973008620294746,0.031226688380625065,0.0,0.0,0.0,0.0,0.0,0.0,0.0048833761168105,0.047436074988121815,0.0,0.0,0.0,0.007688725695329003,0.026428077749201355,0.0,0.016915965690874342,0.0,0.0,0.0,0.0,0.0,0.0,0.00628590493815569,0.0,0.0,0.014243543135423142,0.0,0.0,0.0,0.0,0.0,0.011153391407753276,0.005045109777542126,0.010788300407737733,0.0,0.0034898828939277176,0.025037518600588837,0.0,0.004273230268297866,0.002283309285161923,0.0,0.01176736160105708,0.0,0.020711672909175274,0.0,0.0,0.030433938963139177,0.0317533888398861,0.0,0.01491101547636433,0.009240862723421481,0.003365346234152814,0.0,0.012874131157304888,0.0021033947799068598,0.005528012016007302,0.0,0.0056062049485234395,0.0,0.0,0.015119826969267473,0.0,0.020721275423922735,0.009839907220227017,0.0,0.0,0.0,0.0023304395583103772,0.0,0.0,0.02487828266298031,0.0,0.0,0.008284185532071012,0.022060037053845894,0.0,0.0,0.012313247500955417,0.002117209102081816,0.0,0.0,0.019055191099765684,0.0,0.00924031119588226,0.0,0.0073139209753192705,0.0,0.004557433551437431,0.0,0.007994428908369551,0.001262942404141295,0.0,0.0,0.02684151093873724,0.00893296808174204,0.03129887169911345,0.008844466231230193,0.016245830239542878,0.010616643022677008,0.03743302629397134,0.0
LFQ intensity D7_3,0.0,0.0014537217469856151,0.011909759550892372,0.0,0.010414531853511594,0.010030870856271844,0.0,0.0,0.0,0.003164764908831316,0.024119389831822036,0.00985767492315318,0.019888819699787237,0.009058260294087154,0.0,0.0,0.003422323724512796,0.0,0.01055568098258767,0.0,0.007011015675239333,0.0,0.0,0.0,0.014898064635640654,0.008402295461339738,0.02955997493843052,0.019228654313176437,0.0,0.0,0.009532285778215558,0.0,0.008323726654470558,0.004192337141817677,0.0,0.0014200742798604104,0.07576943726180103,0.0,0.032679261674124806,0.0,0.000563647661841366,0.0,0.0,0.0,0.0,0.0,0.0,0.010090351211500174,0.007076505636510689,0.0328204510349227,0.0,0.0,0.0,0.0,0.0,0.0,0.0012108287652301823,0.04404309258092185,0.0,0.0,0.0,0.007338514555930179,0.0244960868492962,0.0,0.014005405354033908,0.0,0.0,0.0,0.0,0.0,0.0,0.007664544284666648,0.0,0.0,0.013044125586776893,0.0,0.0,0.0,0.0,0.0,0.009241106878210436,0.004133786371245782,0.011782926111556805,0.0,0.004506009436272306,0.025675545683543632,0.0,0.003600543977758758,0.004201410608328704,0.0,0.0077988298732795825,0.0,0.01159693987294448,0.0,0.0,0.03660728069239752,0.031985102845244195,0.0,0.017845277205141917,0.015041136578695317,0.002460473249526394,0.0,0.008229779067130594,0.0007821779465963492,0.004551518911056446,0.0,0.004685015241078737,0.0,0.0,0.00818529523424588,0.0,0.01994223229841651,0.013424927140876298,0.0,0.0004019761531593859,0.0,0.0007164224756105004,0.0,0.0,0.03056584063974792,0.0,0.0,0.009114965637281158,0.01934472933484202,0.0,0.0,0.012349672266005548,0.003490521065967678,0.0,0.0,0.017850633142346018,0.00513665914087122,0.0,0.0,0.016550549033069756,0.0,0.005688466106163157,0.0,0.014258537257391157,0.0024067881891693533,0.0,0.0,0.021799775347091724,0.008273791679598208,0.026714977214752283,0.012810379343515763,0.015268044180764325,0.009286145124140104,0.03444733173677587,0.0
LFQ intensity D7_4,0.0,0.004340917874918935,0.00839439891822869,0.0,0.008836709456099844,0.00991663536879419,0.0,0.0,0.0,0.0028447434791992535,0.023872854522547705,0.012464362774298543,0.020222700910637385,0.005558290865212533,0.0,0.0,0.003780608275504001,0.0,0.012874602565409931,0.0,0.007252041213486754,0.0,0.0,0.0,0.01364212182103227,0.007039715995049103,0.029419702091167337,0.008814406802919634,0.0,0.0,0.003984317654887623,0.0,0.007462947391449944,0.0,0.0,0.002073327131855486,0.0774624893016737,0.0,0.030441775292558124,0.0,0.002741928092081465,0.006824586894404216,0.0,0.0,0.0008560534886311137,0.0,0.0,0.011844832679445298,0.009185505996371367,0.038777706009769486,0.0,0.0,0.0,0.0,0.0,0.0,0.003813036133725654,0.03812626927974658,0.0,0.0,0.0,0.008984024906585735,0.026933871272773677,0.0,0.02005574716555108,0.0,0.0,0.0,0.0,0.0,0.0,0.011564068823773596,0.0,0.0,0.012752363693784066,0.0,0.0,0.0,0.0,0.0,0.008821751735700585,0.007500402123378095,0.009051097358617432,0.0,0.004131531599800989,0.027325215328760612,0.0,0.00594775107830426,0.003897732080829694,0.0,0.0022356763170116437,0.0,0.02358782597716731,0.0,0.0,0.03771565093563643,0.025570573503401903,0.0,0.018045416718591487,0.013626951794463892,0.004455673414342291,0.0,0.007750817155822003,0.0022226328508647072,0.005384142213100974,0.0,0.0,0.0,0.0,0.01113400554507661,0.0,0.020132498108416243,0.013136179017694436,0.0,0.0,0.0,0.007911037061693958,0.0,0.0,0.026351899177397442,0.0,0.0,0.011352755402849012,0.0179802449887281,0.0,0.0,0.015952485153030275,0.003070287288589561,0.0,0.0,0.0,0.005170198358353651,0.0,0.0,0.012791013990045067,0.0,0.004814171906752326,0.0,0.014085960930730551,0.003840938285669097,0.0,0.0,0.020996583856975923,0.014260534732371523,0.030376912809671013,0.013581311760878149,0.010357229001597437,0.008458137587877002,0.0338151087062339,0.0
LFQ intensity D7_5,0.0,0.00010365505460747589,0.010956084447684589,0.0,0.010529306556433039,0.01140715593796559,0.0,0.00048737490871225003,0.0,0.0035876915390707343,0.02277873647816668,0.009373926435949457,0.02398649897003174,0.0077174581319331475,0.0,0.0,0.004995666087169051,0.0,0.012249587220936248,0.0,0.0035140420972555,0.0007088754195166962,0.0,0.0,0.016122603037542323,0.00995037979494245,0.030107340573030304,0.008941922982888744,0.0,0.0,0.007235627693256054,0.0,0.00690728286285041,0.0,0.0,0.004898618421344258,0.07573827868352298,0.0,0.030838566120901034,0.0,0.004853193161764449,0.0,0.0,0.0,0.0005198869129983681,0.0,0.0,0.010499336763224426,0.004471866862198074,0.03353448331382844,0.0,0.0,0.0,0.0,0.0002994807008802543,0.0,0.0,0.040560689725193194,0.0,0.0,0.0,0.010282967333353578,0.021400854648964733,0.0,0.01737103037272415,0.0,0.0,0.0,0.0,0.0,0.0,0.007112951736156198,0.0,0.0,0.011459359290494018,0.0,0.0,0.0,0.0,0.0,0.010248636851780258,0.004427589581469513,0.007447863352808721,0.0,0.0027985326558602236,0.024673549578335514,0.0,0.0033175842446335267,0.0014467900751061915,0.0,0.009213582710591002,0.0,0.009601017809858786,0.0,0.0,0.034280230362143824,0.029972382158600926,0.0,0.017655488318804275,0.013199565056171094,0.0031356480031788187,0.0,0.010145197029756949,0.0010430120936144598,0.0041783725708206656,0.0,0.004607964229338244,0.0,0.0,0.00862078706977146,0.0,0.024757263262061905,0.012053404390781657,0.0,0.0,0.0,0.016082185531955985,0.0,0.0,0.025706538427705625,0.0,0.0,0.010208720444927846,0.017420867396399697,0.0,0.0,0.016581124342863303,0.005156872192179843,0.0,0.0,0.01823170467466798,0.00841787146390687,0.0,0.0,0.015663021293349542,0.0,0.004719419710902131,0.0,0.009867229196377362,0.004451589747357923,0.0,0.0,0.022811623052146398,0.011695355303123335,0.028773358591589873,0.009471912201206825,0.015098977771508875,0.010136311057527013,0.03717807591732481,0.0
LFQ intensity D8_1,0.0,0.0,0.008899908319844012,0.0009689490714882526,0.009078836806688815,0.009727606943925477,0.0,0.0013680306757292118,0.0,0.004183332330219892,0.018332625751477885,0.009716365805277922,0.026366778953129114,0.010454929661308444,0.0,0.0009209395815456532,0.0043317812780794464,0.0,0.006291602908415675,0.0,0.00785428803098573,0.0,0.0,0.00072993856019231,0.014203011903515817,0.009996180954651079,0.029617405488473907,0.01682574018093804,0.0,0.0,0.008405476347919993,0.0,0.0070435528566909844,0.0,0.0,0.002813054684373211,0.07500445857028067,0.0,0.03243373575996386,0.0,0.0047094187901466295,0.0,0.001127960451616882,0.0,0.0027593741212075524,0.0010296695936471106,0.0,0.011827560778337826,0.0003600392704785211,0.028377862979727365,0.0,0.0,0.0,0.0,0.0,0.0,0.0,0.04336367695029257,0.0,0.0,0.0,0.010251829821826732,0.02257309016345172,0.0,0.02024234958768351,0.0,0.0,0.0,0.0,0.0,0.0,0.010166299517016177,0.0,0.0,0.012392851113013642,0.0,0.0,0.00494248907617482,0.0,0.0,0.01247454097660447,0.0017876777198690805,0.009386531217026458,0.0,0.005850687335812697,0.022766497722204588,0.0,0.0025467541843897214,3.325059862515388e-05,0.0,0.008198424845345664,0.0,0.02446543191983497,0.0,0.0,0.02883341015823227,0.027779894833481887,0.0,0.019858558767880192,0.014949008975716294,0.0028832746571226687,0.0,0.00791597816022846,0.0020296211451562244,0.004009562361526257,0.0,0.005718615186058295,0.0,0.0,0.009834364729853495,0.0,0.018119973803873833,0.014225039347737186,0.0,0.000660566759369381,0.0,0.00877665075636694,0.0,0.0,0.03348997524206602,0.004122203844623015,0.0,0.007625075423583285,0.025015798451207476,0.0,0.0,0.01203065530306568,0.0015848748279605187,0.0,0.0,0.0,0.00922547460833408,0.0,0.0,0.012279974187431432,0.0,0.009161740277117553,0.0,0.009376546972590145,0.015435375040900975,0.0,0.0,0.02077006004225295,0.008249763147067718,0.024697902150882977,0.0079854177584766,0.013168826764352909,0.009138613014563405,0.033844403141470754,0.0
LFQ intensity D8_2,0.0,0.0,0.015003962193672496,0.0013021099268890261,0.004891771006051013,0.011666377187530984,0.0,0.005539322748765485,0.0,0.0015299491095774206,0.020092707276023757,0.010169748560904707,0.023310370395403953,0.020442519407843206,0.0,0.0,0.00045435321697493043,0.0,0.013773524350449262,0.0,0.012364424477777441,0.0017219891336887876,0.0,0.0007848644147887123,0.008868095520615578,0.016344682744798538,0.024300707741713654,0.013570479555583317,0.0,0.0,0.00267389654674655,0.0,0.0016704576455327338,0.0,0.0,0.007716290710844999,0.07844206799213671,0.0,0.014482696729825483,0.0,0.003428712912021272,0.0,0.0,0.0,0.0,0.0,0.0,0.012298235279330556,0.0,0.020285354141992194,0.0,0.0,0.0,0.0,0.0,4.5713658589416754e-05,0.00227593526379527,0.02952133783015294,0.00908502435558991,0.0,0.0,0.014486884041503749,0.027868455118723677,0.0,0.017961917051056178,0.0,0.0,0.0,0.0,0.0,0.0,0.00023128989167979055,0.0,0.0,0.010111977500196203,0.0,0.0,0.0,0.0,0.0,0.009506533411799157,0.006389002628700819,0.013940947316355461,0.0,0.00885342731662543,0.017290632487103955,0.0007638368042395842,0.007696096310490738,0.0,0.0,0.017985859591970032,0.0,0.028076227973775073,0.0,0.0,0.030448496497742412,0.02707426443452009,0.0,0.01883534755399355,0.01614833719533759,0.003625863518716071,0.0,0.00976338002945917,0.0020068058535564815,0.005381847579657364,0.0,0.004848678923902215,0.0,0.0,0.015400895999053903,0.0,0.021588703726706533,0.016316997085100732,0.0,0.0018352649092323718,0.0,0.005078965473071447,0.0,0.0,0.025664558619830944,0.0,0.0,0.020453324112845034,0.02655026297777613,0.0,0.0,0.00855785008385115,0.0,0.0,0.0,0.01642496586236434,0.010650981162111564,0.0,0.0,0.015054811751342049,0.0,0.003765876377117622,0.0,0.00509915386588096,0.010989632176923073,0.0,0.0,0.026191962748350596,0.0019578870832008574,0.023836399395282235,0.005973444095809286,0.00740871264711965,0.01606337401936605,0.02778218476094841,0.0
LFQ intensity D8_3,0.0,0.0,0.015975736822277688,0.0050459279359418505,0.009757511796351903,0.013544567017534854,0.0,0.00714420192515162,0.0,0.0,0.019563799827035527,0.0077123962824218305,0.015925188376274758,0.00893630602964625,0.0,0.0018528022838075005,0.0016145308326396435,0.0,0.007476149530337987,0.0,0.011961644758088277,0.0,0.0,0.0,0.011836682725956933,0.006101829271093399,0.0346850700511783,0.013711505487686172,0.0,0.0,0.011094485381997537,0.0,0.004138400554314948,0.0009028320146643072,0.0,0.013579661845058506,0.0781547998271613,0.0,0.02677473877738598,0.0,0.0043033067208550334,0.0009542736560321504,0.0,0.0,0.0,0.0,0.0,0.012277421743164535,0.008392134610221438,0.02125183953328528,0.0,0.0,0.0,0.0,0.0,0.0,0.0,0.044768658864843304,0.0065020422711875026,0.0,0.0,0.009324399095805538,0.027306906750367642,0.0,0.01623907557290071,0.002477777907562215,0.0,0.0,0.0,0.0,0.0,0.010657629105534694,0.0,0.0,0.006814073107278002,0.0,0.0,0.0,0.0,0.0,0.003402349106636801,0.002432476577035067,0.01801538994056096,0.0,0.0035258534384149955,0.026182633066589116,0.0,0.011051853802736086,0.005457582018036541,0.00014330243768887407,0.010736013516328627,0.0,0.011078402889679094,0.0,0.0,0.030987203178066216,0.030290455388446998,0.0,0.0162196762736215,0.015550895685586418,0.0006886683443809433,0.0,0.011536857395800525,0.0,0.0019662392841577514,0.0,0.007291849499986691,0.0,0.0,0.01415433392973555,0.0,0.022777408506546377,0.011249886184225715,0.0,0.0,0.0,0.004713651737626328,0.0,0.0,0.03636794010165162,0.0,0.0,0.009946648634693505,0.021319022886170342,0.0,0.0,0.01328834590747102,0.001232561397590059,0.0,0.0,0.0,0.007263292707102991,0.0,0.0,0.010879013329059673,0.0,0.0021404766921182773,0.0,0.014527624903762935,0.004739268629882301,0.0,0.0,0.0213788888523329,0.010725982692397697,0.02542625085248568,0.012897531222170522,0.012689251274936765,0.006278032839002456,0.030686576582238854,0.0
LFQ intensity D8_4,0.0,0.0017314079155148377,0.011127520645115753,0.004454623111963476,0.009114707665498139,0.0,0.0,0.0025733651900025894,0.0,0.0004985733938350676,0.023770462405851945,0.005207780723527849,0.011272123572070275,0.012046533953180956,0.0,0.0,0.006044558588453908,0.0,0.007831181002921855,0.0,0.014178095487291513,0.0,0.0,0.0009490824795578388,0.010006378377597403,0.006156342316303733,0.028992789413371498,0.012352015261854357,0.0,0.0,0.00735082618868491,0.0,0.0,0.0,0.0,0.013353055403982812,0.07405596471910206,0.0,0.0265731157954057,0.0,0.005730192004903099,0.00634735909520228,0.0,0.00041652556528627856,0.0,0.0,0.0,0.009752646605659233,0.004257328989912875,0.03126931304001708,0.0,0.0,0.0,0.0,0.0,0.0,0.0,0.04276834646912336,0.002445215754815654,0.0,0.0,0.006028812739142177,0.01948514428694709,0.0,0.02264203488977466,0.0,0.0,0.0,0.0,0.0,0.0,0.00906312624421283,0.0,0.0,0.014264270467504779,0.0,0.0,0.0,0.0,0.0,0.006273923170399842,0.004376512611373773,0.00911190130274849,0.0,0.009322788130312114,0.028611862040618295,0.0,0.00562708536499995,0.002104624047520415,0.0,0.017209885704477856,0.0,0.018578694551401525,0.0,0.0,0.037690147088450435,0.03248829318269877,0.0,0.015611102802792765,0.013488906107064031,0.0,0.0,0.011333786000714307,0.0009722736400201986,0.00827759967351421,0.0,0.0,0.0,0.0,0.00776472248251855,0.0,0.02155761383901393,0.012127532909305006,0.0,0.0,0.0,0.013634641145201017,0.0,0.0,0.030253827528728166,0.0,0.0,0.013871032620732082,0.019442175403978263,0.0,0.0,0.011238274634810886,0.0024095684213214508,0.0,0.0,0.0168137372078306,0.009524479891693145,0.0,0.0,0.015959302938834952,0.0,0.008245783278260706,0.0,0.009895137388701666,0.007181006301763443,0.0038930460165312007,0.0,0.01991814978382438,0.008594475797587112,0.01969653328414323,0.009181617427793339,0.013655379717036474,0.00683654118150301,0.03311521561619052,0.0
LFQ intensity D8_5,0.0,0.006210949004476942,0.015239439360493788,0.0051455420492551186,0.0,0.0,0.0007991453514407024,0.0,0.0,0.002821927902140456,0.03339874211239432,0.01377406664913385,0.025872181688667076,0.008298369237179632,0.0,0.0038729835857762664,0.007453869855783957,0.0,0.013927641437745863,0.0,0.005013362773684917,0.0021302135378337005,0.0,0.0022184918914924844,0.008658746956250407,0.00800455162292654,0.029993272651357816,0.01713399393556879,0.0,0.0,0.003569255374239713,0.0,0.0,0.0028674383043485806,0.0,0.010419137550365025,0.0676611780757986,0.0,0.023317066694921902,0.0,0.0018760492800844538,0.0007033772524891863,0.0,0.001518626738991237,0.0,0.0,0.0,0.011087464945261472,0.008273005367760086,0.03261154771373353,0.0,0.0,0.0,0.0,0.0,0.0,0.003769168495302594,0.03883595329120212,0.0,0.0,0.0,0.008697436046077197,0.025829570640512788,0.0,0.015033686922926318,0.0,0.0,0.0,0.0,0.0,0.0,0.012586632064217285,0.0,0.0,0.02771373131065392,0.0,0.0,0.0,0.0,0.0,0.0,0.0046034743125017655,0.0,0.0,0.007067827948423127,0.03301350750103848,0.0,0.0,0.003957415820704945,0.006188355486529685,0.013848579374878253,0.0,0.0021923488638769814,0.0,0.0,0.03952253365643477,0.03309629024978739,0.0,0.01224951515383505,0.012353244829469508,0.0,0.0,0.015315462307220971,0.0010330665585984017,0.0,0.0,0.006277391872518682,0.0,0.0,0.012396759895889554,0.0,0.02151713404932932,0.011905661394869963,0.0,0.002424944324896534,0.0,0.0,0.0,0.0,0.026205789183700545,0.0,0.0,0.01507254399495416,0.022633692146739357,0.0,0.0,0.011778766126421824,0.0020327788889856245,0.0,0.0,0.023917572444383008,0.0044399411931433114,0.0,0.0,0.015264581205131238,0.0,0.008892810307509698,0.0,0.006716477824527174,0.00038201545065177857,0.0,0.0,0.020320569101460028,0.006967951085410886,0.022370370780554982,0.008467240700106625,0.01465815875629134,0.009637232931123755,0.0349401766056127,0.0
LFQ intensity D8_6,0.0,0.002976150068626526,0.011473070059334936,0.003072320917517179,0.008002267485460672,0.012157493154939513,0.0,0.003886870724301898,0.0,0.0,0.021662126178521743,0.008588433054400102,0.021581994071593183,0.009849155060960157,0.0,0.0,0.002372319961765983,0.0,0.011043383469260907,0.0,0.00982466093287756,0.0,0.0,0.0,0.008948138968830762,0.0038974044026404285,0.033794372036685706,0.00866124486494296,0.0,0.0,0.012611273383742202,0.0,0.0026086567024256515,0.0,0.0,0.0027367964636654755,0.07812583482422977,0.0,0.026980367072643133,0.0,0.00480046714700263,0.0,0.0,0.0,0.008814582219128314,0.0,0.0,0.012675307416007692,0.008001935238695307,0.027613153242556247,0.0,0.0,0.0,0.0,0.001369261883041389,0.0,0.0,0.0406309285756332,0.0003030285328489042,0.0,0.0,0.01049773668021241,0.023888658573049594,0.0,0.020508044503835324,0.0,0.0,0.0,0.0,0.0,0.0,0.010314471323210245,0.0,0.0,0.011007651218234644,0.0,0.0,0.0,0.0,0.0,0.0037069562805651327,0.005666978723972117,0.01617625443466684,0.0,0.005206377517707721,0.025447959969881886,0.0,0.011266046601530282,0.004619265821560126,0.0,0.0038900028769627408,0.0,0.026676926966648855,0.0,0.0,0.03283831614615006,0.02032047609893802,0.0,0.018270268225514155,0.01525914676360944,0.0006274921943867081,0.0,0.007434216731459362,0.0007210770880067514,0.004217047041352556,0.0,0.0,0.0,0.0,0.009774082335919946,0.0,0.02023498062401946,0.013205791416687658,0.0,0.0,0.0,0.00800953863669618,0.0,0.0,0.03318916657445139,0.006570588929906357,0.0,0.009846946612013519,0.021301528341133098,0.0,0.0,0.01300519614313137,0.003182538722705215,0.0,0.0,0.0,0.00597982049287767,0.0,0.0,0.013571340063132091,0.0,0.0047744968731280825,0.0,0.013634629561184839,0.019469893256676928,0.0,0.0,0.024832450259988814,0.008157890628000687,0.023590719513692755,0.009199479579552318,0.01375702761658417,0.004161453682249371,0.03292607024053292,0.0
LFQ intensity D8_7,0.0,0.0014006746321592873,0.008721499878509916,0.0064334996827669,0.014138775078618973,0.0,2.1600393584215048e-05,0.0008675121650800252,0.0,0.004625713009477482,0.02548795418473593,0.0058296923789784285,0.01564193257901256,0.006475498909424173,0.0,0.00433772290580855,0.007379049352539418,0.0,0.009096243308255985,0.0,0.007437165230792338,0.0,0.0,0.0,0.011676612948110085,0.00723157383923109,0.028018284664634494,0.018149445848152167,0.0,0.0,0.010025423962814575,0.0,0.0,0.0,0.0,0.009258166444609478,0.07150487770914835,0.0,0.02838061288034917,0.0,0.00676400088527762,0.0014241668901639898,0.0018905589505981446,0.0,0.0,0.0,0.0,0.013516826335788875,0.006623599712634673,0.03621352145046752,0.0,0.0,0.0,0.0,0.0,0.0,0.0,0.049013790614373776,0.0035896022064949326,0.0,0.0,0.008921559123401356,0.02389904947662547,0.0,0.0178981500241466,0.0,0.0,0.0,0.0,0.0,0.0,0.008541929116000409,0.0,0.0,0.014841255197900475,0.0,0.0,0.0,0.0,0.0,0.005281540890873226,0.003936604691533268,0.006610390347272182,0.0,0.009498543677624234,0.026466530139954644,0.0,0.0032053910825050372,0.004136545685590736,0.0,0.017339243985121353,0.0,0.018681121673788884,0.0,0.0,0.0394364734283401,0.030808856918237724,0.0,0.013820204131970071,0.01463477285735377,0.0,0.0,0.012043355401210612,0.0,0.006806896407107897,0.0,0.0,0.0,0.0,0.009388220736935043,0.0,0.02059378291641878,0.00998877988518438,0.0,0.0030535666161768723,0.0,0.002638678898660014,0.0,0.0,0.02102890144752746,0.0,0.0,0.00538778311035444,0.022903006684531435,0.0,0.0,0.010407818186750536,0.0020740964920195376,0.0,0.0,0.02658338614521947,0.009441131460673336,0.0,0.0,0.013951222698877405,0.0,0.005315509998135982,0.0,0.00987631624765528,0.0,0.0,0.0,0.019858532645960974,0.007669283520983154,0.02588720126814144,0.01203949484187533,0.010378345659277926,0.007577922393388162,0.03597300485610185,0.0
LFQ intensity D9_1,0.0,0.0,0.006562829033905961,0.006580093563061872,0.002398929650525989,0.0,0.0,0.003036616832461017,0.0,0.0027301800559456375,0.026649365021070216,0.01194415440780887,0.011671025682092204,0.0099809867889208,0.0,0.0018731391722024329,0.0032189625152158857,0.0,0.012901570208821317,0.0,0.006269110169479538,0.0,0.0,0.0013829913811799128,0.018471016455897556,0.009380000110770012,0.02710645774904545,0.019924968440430235,0.0,0.0,0.006629544078996717,0.0,0.0,0.001718339933409792,0.0,0.0036183925164590346,0.07962605693599906,0.0,0.02630728510008439,0.0,0.0001650702989155305,0.001615681696432631,0.002167803790528217,0.0006690574918901953,0.0,0.0,0.0,0.010176536661144563,0.0027351814116839037,0.030052174808945623,0.0,0.0,0.0,0.0,0.0,0.0,0.0,0.04993932490800821,0.0,0.0,0.0,0.00901219100721572,0.021333358574264508,0.0,0.023979236288963986,0.0028141606197038967,0.0,0.0,0.0,0.0,0.0,0.006256171553529302,0.0,0.0,0.012306193951996558,0.0,0.0,0.0,0.0,0.0,0.006362792130461444,0.0006585249234458584,0.011775690946669923,0.0,0.0,0.026977144985875164,0.0,0.0012042498659133,0.0032891118089636933,0.0,0.02610244799028534,0.0,0.01368213369286651,0.0,0.0,0.037704523651065455,0.030314447190219817,0.0,0.014066227709969143,0.013747532323662505,0.0,0.0,0.009384930496061396,0.0005269994458363541,0.00654781969043617,0.0,0.0,0.0,0.0,0.007597807669446572,0.0,0.02324636051781779,0.013150066647536159,0.0,0.007289965553263298,0.0,0.011095037693254848,0.0,0.0,0.021387551235418988,0.0,0.0,0.014211771422710568,0.026686417953450305,0.0,0.0,0.011850006188118998,0.0,0.0,0.0,0.014587742067929172,0.010414981863983173,0.0,0.0,0.015577992866079853,0.0,0.0,0.0,0.014755462932921702,0.0,0.0005785186013890505,0.0,0.02613731998141549,0.008201519273682326,0.026681901479181716,0.01196656285034403,0.017134443984522543,0.010213821539749243,0.03168601195904544,0.0
LFQ intensity D9_10,0.0,0.0,0.007207881284441517,0.001598168320072538,0.0,0.018158884569759278,0.0,0.0025161364716525616,0.0,0.0025275000178859755,0.02131974632361022,0.007717547987814041,0.012160273848618678,0.006979860527775501,0.0,0.0,0.0010660334932730382,0.0,0.010544341283879209,0.0,0.0064004198672601,0.0,0.0,0.0,0.016259612294515533,0.007307376243822984,0.032689053201237515,0.017605367462606443,0.0,0.0,0.011547950273184572,0.0,0.00468728686994277,0.004144879604874111,0.0,0.002261489600683995,0.076653280433945,0.0,0.027482037730579032,0.0,0.0007900432828422708,0.0011106381329785374,0.0,0.0033491107721667908,0.0020510562447754077,0.0,0.0,0.008772861854765706,0.005392091271878124,0.036421851951870934,0.0,0.0,0.0,0.0,0.0,0.0,0.0054527225340001775,0.03761963196531793,0.0,0.0,0.0,0.00810171809077923,0.019184295511414973,0.0,0.020617243441576075,0.0003500305307078379,0.0,0.0,0.0,0.0,0.0,0.006205894290232138,0.0,0.0,0.01590014501643322,0.0,0.0,0.0,0.0,0.0,0.0032443371672265455,0.0020790642310271963,0.01516042566649025,0.0,0.0013753984191972716,0.02139606709179243,0.0,0.00677481420221431,0.0054074763909965256,0.0,0.014077822182160095,0.0,0.023287308756849534,0.0,0.0,0.031735359820051955,0.025943573989548857,0.0,0.01708255612910239,0.01335975856129084,0.0029326897582108336,0.0,0.0028457801689168874,0.0019094197213739002,0.005316733689023421,0.0,0.0012369400408173627,0.0,0.0,0.007824062237947566,0.0,0.02363945443842819,0.012516711228564487,0.0,0.0,0.0,0.00846888069835802,0.0,0.0,0.025338584290412334,0.0,0.0,0.013455625204560364,0.018880200012546068,0.0,0.0,0.017965713232111668,0.003160163180054693,0.0,0.0,0.018208649567082097,0.007797739353941415,0.0,0.0,0.017106450003897898,0.0,0.0057218320146238495,0.0,0.016311514566002282,0.0,0.0,0.0,0.02379335010759747,0.014005173870869709,0.027985482267945946,0.013514735921717242,0.018175432264960666,0.008797131820235103,0.03201312512867821,0.0
LFQ intensity D9_11,0.0,0.003936156325257598,0.010058087081078235,0.0007692021149037384,0.0,0.009648965338855913,0.004029811085365767,0.005502308174740097,0.0,0.004450692759587152,0.016503974616407374,0.011319926011027338,0.0,0.010333950407125434,0.0,0.0018647786749471146,0.0014826122770722463,0.0,0.009479878220932464,0.0,0.007096889458033578,0.012790086420361047,0.0,0.0,0.017690551842933656,0.010072362027686953,0.02223600313907717,0.015016695503286635,0.0,0.0,0.00934032695188652,0.0,0.011791980910671438,0.026879492648327837,0.0,0.01635525562018681,0.08077870604311187,0.0,0.0207043402214697,0.0,0.0015118171895383405,0.0,0.003090350236025522,0.001050616598565884,0.004135265395739614,0.0,0.0,0.005845123590580996,0.0029845336910470977,0.004469218513902061,0.0,0.0,0.0,0.0,0.0,0.0,0.0,0.038674086244490945,0.0,0.0,0.0,0.005716568534053501,0.01777089522776904,0.0,0.020754730809052768,0.00509886249460851,0.0,0.0,0.0,0.0,0.0,0.006766343725187583,0.0,0.0,0.008077642417811687,0.007767163563128004,0.0,0.0,0.007841516570260396,0.0,0.006709014357379539,0.002944973686013032,0.014953978099907294,0.0,0.0,0.020439574223391318,0.0,0.0018796162252814295,0.0030941665577139967,0.0,0.012032358170431436,0.0,0.014963358589645094,0.0,0.0,0.0333045438540263,0.017453699900516133,0.0,0.023359143769657358,0.011607931460171101,0.0032578235541338685,0.0,0.0070821699932323125,0.0002630916727071004,0.00436404570174131,0.0,0.0,0.0,0.0,0.007514264921511772,0.0,0.022314730841296784,0.012152636300140962,0.0,0.0,0.0,0.028070559451516357,0.0,0.0,0.03139065947983581,0.0,0.0,0.017807105422309386,0.022255049217242848,0.0,0.0,0.016534577539681267,0.0011728692802938534,0.0,0.0,0.0,0.010438374904318664,0.0,0.0,0.008344454389204871,0.0,0.006337498494828301,0.0,0.012780096785189914,0.0,0.00796055739888786,0.0,0.026607739354478552,0.010053436155807144,0.02900864872453864,0.01632538005709956,0.013780968510193193,0.010276950301183432,0.0294761839783965,0.0
LFQ intensity D9_12,0.0,0.00658066554806384,0.004224081852715457,0.0,0.0,0.00750785687522309,0.0049463392222794745,0.0,0.0,0.00561299694841646,0.020495118512962995,0.008948390127665613,0.022212411000235622,0.008647553361778033,0.0,0.0,0.005256423831601046,0.0,0.011090040579488218,0.0,0.006777816312052276,0.008112097094208294,0.0,0.0,0.01777627961376143,0.00926527317654217,0.025807805755274582,0.010375247504917095,0.0,0.0,0.006403682498942327,0.0,0.01586595444732365,0.028705928069349015,0.0,0.003672519283615493,0.08666342641178963,0.0,0.02087079902550485,0.0,0.000551417107014067,0.0,0.004831651170903901,0.00078816993483395,0.0,0.0,0.0,0.010460533304182899,0.005177570660308874,0.03438750200931061,0.0,0.0,0.0,0.0,0.0,0.0,0.0,0.04005900083345454,0.0,0.0,0.0,0.009642127061307171,0.019363861706701853,0.0,0.026522946793457902,0.0008751714386176051,0.0,0.0,0.0,0.0,0.0,0.006562823412075755,0.0,0.0,0.009294321211592536,0.0,0.0,0.0,0.0,0.0,0.007282970064324895,0.004966177421670479,0.00844935067566697,0.0,0.0,0.02220647134046796,0.0,0.0,0.000557241385328136,0.0,0.018570274414929304,0.0,0.014857112499479215,0.0,0.0,0.0275843090828917,0.026925980634616827,0.0,0.01870404938896167,0.012347205930211552,0.0001407963429867761,0.0,0.0014752855299472116,0.0008827500533891287,0.00517769527762636,0.0,0.0,0.0,0.0,0.00896573408908771,0.0,0.02373707085995328,0.010548380075071619,0.0,0.0,0.0,0.02387003716478574,0.0,0.0,0.028389139596053724,0.0,0.0,0.015211201947909278,0.019940738628980686,0.0,0.0,0.01608717466963408,0.002006756948229742,0.0,0.0,0.0,0.008692186146767462,0.0,0.0,0.009402184935969367,0.0,0.0034017876047718804,0.0,0.012994837019774481,0.0,0.0,0.0,0.02824680543997122,0.012760362702652437,0.027583148892516125,0.01057309098448896,0.012730119828024364,0.009879409336663222,0.03051635938872391,0.0
LFQ intensity D9_2,0.0,0.0006095564914969426,0.005816367169720109,0.0024053831081199263,0.000387229382630351,0.011650423652609643,0.0014916611284893435,0.008915007140294511,0.0,0.005143334751110562,0.013446364206233503,0.003178271564407375,0.013614602373528734,0.012741630974048465,0.0,0.009251789885207935,0.0004367058617056834,0.0,0.013546974245884169,0.0,0.0021415651591002063,0.0,0.0,0.0009933859926780616,0.014409126396760145,0.014070089041886438,0.027133053537556958,0.01905800179538569,0.0,0.0,0.006798018201450877,0.0,0.012681810210836827,0.028638263395553514,0.0,0.0021279868018392765,0.07812286004743502,0.0,0.01913408754269332,0.0,0.01666010432069756,0.005788209319998975,0.003788331466529413,0.0022509776044897173,0.0,0.0,0.0,0.013209600950610342,0.00400815726757483,0.008152063403808606,0.0,0.0,0.0,0.0,0.0,0.0,0.0,0.04091639752304524,0.0012044244263244596,0.0,0.0,0.011660583449814339,0.022233519671165346,0.0,0.018696897952310894,0.0006246557368401038,0.0,0.0,0.0,0.0,0.0,0.0058635087234273865,0.0,0.0,0.012687957232027385,0.0,0.0,0.0,0.007643553458174473,0.0,0.0006750728587194645,0.0008565705213661346,0.011949403692480457,0.0,0.00512805467197372,0.01781363444523609,8.272482076662599e-06,0.0010098123206308497,0.004945219657898082,0.0,0.01881817585103974,0.0,0.02148905729962682,0.0,0.0,0.026258288642847828,0.025072351507101666,0.0,0.014875218626665904,0.01361102846254871,0.0013598911667971683,0.0,0.006187340245033765,0.00034667640036585296,0.002951156847812355,0.0,0.0,0.0,0.0,0.007745337919312343,0.0,0.023736547577145054,0.01268291167188034,0.0,0.0025304131396490536,0.0,0.008436952249146196,0.0,0.0,0.025573605159521492,0.0,0.0,0.020843735604390214,0.0177649546291795,0.0,0.0,0.011629578230059034,0.00781774436898886,0.0,0.0,0.01858212350488754,0.010303416892173723,0.0,0.0,0.00983756220093501,0.0,0.0,0.0,0.009536180897098987,0.0,0.007196271902491517,0.0005202728421458725,0.02640141784905704,0.004186488404337553,0.024164133281048317,0.013042739103046012,0.011429394544666523,0.0127583652702165,0.0365921344928993,0.0
LFQ intensity D9_3,0.0,0.006361048431042398,0.0010851908314064693,0.0,0.0005160758472913613,0.0,0.005076299277656239,0.0,0.0,0.007047637879289616,0.0212243184967652,0.011274510136814084,0.01390983067628263,0.0028714420787435044,0.0,0.007446621380106877,0.0024667188001566485,0.0,0.009193720691213858,0.0,0.00021276912256358224,0.0069865126567085056,0.0,0.0,0.01391631346148417,0.010694210078829538,0.031540390651844816,0.018657717981928206,0.0,0.0,0.008085286387495528,0.0,0.01078569058691405,0.027238508940461207,0.0,0.004748128502246873,0.0753632485843277,0.0,0.023465224046122404,0.0,0.009927361641710684,0.0,3.358820939792813e-05,0.0,0.002397260711211219,0.0,0.0,0.006645636207665723,0.0022842028829716263,0.02898690678376608,0.0,0.0,0.0,0.0,0.0,0.0,0.0,0.040249609913958984,0.0,0.0,0.0,0.011635948461407914,0.019080764089661716,0.0,0.020688808657639307,0.0018477489189995414,0.0,0.0,0.0,0.0,0.0,0.006788225377636993,0.0,0.0,0.013210458223694035,0.0,0.0,0.0,0.004078434748624951,0.0,0.004025786676703495,0.0058296384052916005,0.00813891046147182,0.0,0.0,0.026834853758496518,0.0002643594958136693,0.0,0.003331587975832182,0.0,0.010487789364909883,0.0,0.013008366724154187,0.0,0.0,0.03762014433535399,0.021419995414505046,0.0,0.015790108395291078,0.011137989382328538,0.0009574015141545379,0.0,0.007192220028235074,0.0009193551915262932,0.008292673546612894,0.0,0.0,0.0,0.0,0.007432285869646785,0.0,0.023805240494824253,0.010233281078332311,0.0,0.0,0.0,0.010246828075873363,0.0,0.0,0.025185534472359793,0.0,0.0,0.02396111447447017,0.022275450862250263,0.0,0.0,0.012598777616641969,0.0,0.0,0.0,0.01833605792064883,0.014122865625188524,0.0,0.0,0.013706169214001302,0.0,0.0,0.0,0.017712065910570222,0.0,0.007873709389841827,0.0,0.024120864311287703,0.010248136022188156,0.0241332046201465,0.01124019631831658,0.012965712050359538,0.008713082057546333,0.03781587258878257,0.0
LFQ intensity D9_4,0.0,0.0025805203773620207,0.005182066190410243,0.0005706962268481717,0.0,0.012441107887320956,0.0033810174739014186,0.00773733052048982,0.0,0.006506656199118369,0.016003996181731397,0.008702476881064023,0.012757399473421558,0.007579560882257751,0.0,0.0,0.0016820378333355422,0.0,0.01079065468929687,0.0,0.0009444066310855848,0.003367265430524728,0.0,0.00011173356005255558,0.01590805096835139,0.01117375725331713,0.027936947789321372,0.020520479528883986,0.0,0.0,0.005431839919831736,0.0,0.010507582951271643,0.027463291077927075,0.0,0.0,0.07234560770667653,0.0,0.02387832517386636,0.0,0.0013650718617590773,0.0,0.0,0.002719473557458541,0.0043681443641569034,0.0,0.0,0.010580519844764085,0.002367271786359499,0.011017548528175282,0.0,0.0,0.0,0.0,0.0,0.0,0.0006616223175533632,0.04005628897163719,0.0,0.0,0.0,0.008987821571471995,0.022101595649374573,0.0,0.017993648864042727,0.0,0.0,0.0,0.0,0.0,0.0,0.004074046408200474,0.0,0.0,0.013314204451514336,0.0,0.0,0.0,0.00421725722863834,0.0,0.0026986643277840078,0.0028570464033052896,0.012349084481934433,0.0,0.0007548649124361077,0.02063975107511632,0.0,0.0009690130145178764,0.0032134829970702217,0.0,0.013780278962942392,0.0,0.022484761855779363,0.0,0.0,0.035318081948006744,0.024874632326422407,0.0,0.018838813263826228,0.010230283536290104,0.0021069242794277006,0.0,0.007271628922623009,0.0016233892608807229,0.0046015378488457525,0.0,0.0,0.0,0.0,0.007702952975289138,0.0,0.026416119082726293,0.012627609874515177,0.0,0.0,0.0,0.0035541096754911528,0.0,0.0,0.02473886659456442,0.0,0.0,0.024751478211198354,0.018367239583052402,0.0,0.0,0.01764062766351461,0.00351121967849935,0.0,0.0,0.02026005798496236,0.009560195882969287,0.0,0.0,0.012184070645683786,0.0,0.005868052637593103,0.0,0.015497240521702215,0.0,0.008160452145515572,0.0,0.027686453122393713,0.011658897850998643,0.02322116457668581,0.016504738356401535,0.013184240514868233,0.01403283297323813,0.038929815818153586,0.0
LFQ intensity D9_5,0.0,0.006295356224333866,0.0021686578987384106,0.0,0.0,0.009660882181219133,0.006059664980043702,0.0,0.0,0.006289071929536492,0.021572113709566666,0.010358935328048487,0.017153995222060178,0.004213395247017122,0.0,0.0,0.0022923146169665037,0.0,0.011931165511422514,0.0,0.0043651333612541535,0.0011526030638818376,0.0,0.0,0.017900325199407242,0.00987533049211173,0.026801154772305907,0.016443495465250497,0.0,0.0,0.005201879943339858,0.0,0.01657115486419596,0.028887377383509855,0.0,0.0009509912168549717,0.07314817447355654,0.0,0.028135416713357047,0.0,0.0014561183077845413,0.010840798950110999,0.001421873596807112,0.0025845144651459387,0.005226836549029602,0.0,0.0,0.01016924230627663,0.004154041914024314,0.013110432582370598,0.0,0.0,0.0,0.0,0.0,0.0,0.0,0.04227615816735847,0.0,0.0,0.0,0.007185300032345693,0.01910734946686343,0.0,0.01851142243607649,0.004749154079411834,0.0,0.0,0.0,0.0,0.0,0.005526296478242073,0.0,0.0,0.010288093596873096,0.0,0.0,0.0,0.0,0.0,0.008131104451017845,0.006772189076115927,0.006700527126848029,0.0,0.0008405027222778418,0.021546721564005306,0.0,0.0,0.0015072142491795988,0.0,0.009005983851232188,0.0,0.013041193271063704,0.0,0.0,0.032734190089367815,0.029617085986198045,0.0,0.01722417711839617,0.01276623175597272,0.002004705873188124,0.0,0.006657387823165195,0.0019022713521936205,0.005807148598551601,0.0,0.0,0.0,0.0,0.0073487239028769006,0.0,0.022971548664091526,0.01113507284308738,0.0,0.001016272665268729,0.0,0.02414516185827517,0.0,0.0,0.02336538224389205,0.0,0.0,0.019671011926311894,0.017790153755578304,0.0,0.0,0.015971131038884263,0.002405306912990396,0.0,0.0,0.014138784330142701,0.010142151252632042,0.0,0.0,0.016096778380315716,0.0,0.0047690556721784886,0.0,0.010695915624789139,0.0,0.007785184452301845,0.0,0.028154807842011086,0.006369767273056674,0.025375172743875653,0.01450500216298664,0.010953530387324094,0.011743684006126139,0.03315554242553005,0.0
LFQ intensity D9_6,0.0,0.008338158799510461,0.004578446624981435,0.0014051978655381342,0.0006837014655325082,0.0,0.0059811453495435965,0.0,0.0,0.009611764276136725,0.022004987922407036,0.014131210759372254,0.014272959713390824,0.003882855945706659,0.0,0.007304418543901208,0.0,0.0,0.010125734298610606,0.0,0.003635790610275486,0.0,0.0,0.0,0.01668639537156284,0.010425769560712518,0.033931234636931505,0.019498816808464724,0.0,0.0,0.007063538978346459,0.0,0.011563285803249087,0.026391484892258614,0.0,0.0,0.06571631904920813,0.0,0.03130778774402811,0.0,0.014604375476480877,0.0,0.002434709683070192,0.0009496860076279969,0.00088859535845621,0.0,0.0,0.010632044762616122,0.003723977282977951,0.02909044183864666,0.0,0.0,0.0,0.0,0.0,0.0,0.0,0.03973635224627806,0.0,0.0,0.002067702501899787,0.009728087057941353,0.02461799341188263,0.0,0.011485440175921112,0.0,0.0,0.0,0.0,0.0,0.0,0.009289864747792859,0.0,0.0,0.0215148244681747,0.0,0.0,0.0,0.0,0.0,0.005043647628977516,0.004048846747238891,0.001741440284785904,0.0,0.004044956911611031,0.026354492772202844,0.0031634518944940295,0.0,0.002016754942215944,0.0,0.0187232963768979,0.0,0.006324677829982142,0.0,0.0,0.041428199483078715,0.033638114443195755,0.0,0.01574146251712238,0.010401450919454113,0.0025544807489354462,0.0,0.007937724376147783,0.0,0.0,0.0,0.0,0.0,0.0,0.007595025466870667,0.0,0.02340114546975734,0.008609380640909353,0.0,0.0040917165603840105,0.0,0.0,0.0,0.0,0.01959885680621711,0.0,0.0,0.024939091728712764,0.019907554310137868,0.0,0.0,0.014515041442667445,0.001300877729196293,6.096205208350611e-05,0.0,0.016211972024361497,0.009098710706742631,0.0,0.0,0.006398319113430745,0.0,0.0,0.0,0.015635045875600592,0.0,0.00746206790523456,0.0,0.025730313064605843,0.009077599493431449,0.025964267853088314,0.0077700513860980746,0.013949458506284927,0.009542593352112813,0.03667185059629629,0.0
LFQ intensity D9_7,0.0,0.0056661886562531585,0.004209947002420925,0.0,0.0,0.01994874807613888,0.0025143362910402616,0.0,0.0,0.0057911955011010555,0.023779353557805034,0.008954099635818365,0.025252686278319884,0.012574765256732122,0.0,0.0,0.001155196066881903,0.0,0.014446706112832117,0.0,0.0015080747702013667,0.0,0.0,0.0004592965490867993,0.016596500571131486,0.009179245023021214,0.02861951520336927,0.01530559971443857,0.0,0.0,0.0061578857234962266,0.0,0.01163866527704286,0.03119626379682402,0.0,0.004528199994078452,0.0694539743947143,0.0,0.022810033757931045,0.0,0.0005432198673089106,0.0009180548082728923,5.8827940749986616e-05,0.004676007952111552,0.0,0.0,0.0,0.00736891734879075,0.006434349034977258,0.040344019910390716,0.0,0.0,0.0,0.0,0.0,0.0,0.0,0.03564128808482271,0.0,0.0,0.0,0.006230491478468245,0.02286648166689686,0.0,0.01616168443656493,0.001318426143339709,0.0,0.0,0.0,0.0,0.0,0.011096762103025232,0.0,0.0,0.024033601208752933,0.0,0.0,0.0,0.0,0.0,0.0,0.004477287450269947,0.004473039711890048,0.0,0.0,0.02754326241314814,0.0,0.0,0.005310462810640573,0.0014905703349098907,0.010343592451763601,0.0,0.011708735179189798,0.0,0.0,0.03124891551294413,0.026225952662897217,0.0,0.014941907230022554,0.014089398550874785,0.0,0.0,0.012123919916576999,0.0018518389988614195,0.0,0.0,0.004244493068675038,0.0,0.0,0.007461693157638234,0.0,0.024028969626657116,0.01145217582136715,0.0,0.0,0.0,0.009586565732612842,0.0,0.0,0.030210546676093724,0.0,0.0,0.020272958943929425,0.02374123193232532,0.0,0.0,0.013861314770861437,0.0,0.0,0.0,0.0,0.009820378314400042,0.0,0.0,0.015219843681746567,0.0,0.009963133431040203,0.0,0.008128064076111304,0.0,0.0005264781842019392,0.0,0.023665911432414886,0.007136775714267183,0.02389801273585003,0.010813523563769674,0.01592720222866622,0.009674511682634189,0.035098722805596304,0.0
LFQ intensity D9_8,0.0,0.00684953684201411,0.008033154249839055,0.008809070015664198,0.00995632377796418,0.0,0.000987334606202531,0.0,0.0,0.005946497578340816,0.022137269391357548,0.008109302224550235,0.01542115970966239,0.0007866019281763607,0.0,0.011547760543759649,0.003198994770986256,0.0,0.0057770388166650056,0.0,0.0029243272034007936,0.0,0.0,0.0,0.01591488166205687,0.009211037015670484,0.031454203600049614,0.017838013953097767,0.0,0.0,0.006539549104463326,0.0,0.0,0.0041233409580072105,0.0,0.005110546482811096,0.0640733035451139,0.0,0.030534957633574306,0.0,0.013539276046650171,0.007314986074769238,0.0,0.004566103488868009,0.0003086104408259958,0.0,0.0,0.008803661292248407,0.002752472270860947,0.03298878091747754,0.0,0.0,0.00677529870838903,0.0,0.0,0.0,0.0,0.04036920821555658,0.0,0.0,0.0,0.003383458244124116,0.018459407186327586,0.0,0.014049892723435684,0.0,0.0,0.0,0.0,0.0,0.0,0.010746641642892235,0.0,0.0,0.021355953234733306,0.0,0.0,0.0,0.0,0.0,0.015906359963481644,0.0012835971138424867,0.0063548922939925465,0.0,0.002163397013084776,0.04104197125918332,0.0,0.0,0.0,0.0,0.01710021261368768,0.0023581126363677145,0.0,0.0,0.0,0.04067923647061833,0.03387114216192907,0.0,0.012147848679101866,0.011018185848673161,0.0019444290646315442,0.0,0.008313062532221423,0.0026625564617016526,0.009089720086398422,0.0,0.002381757506404054,0.0,0.0,0.015239968808943499,0.0,0.024139256870751646,0.010896787090423648,0.0,0.0,0.0,0.0,0.0,0.0,0.02430306165981819,0.0,0.0,0.014519345843382334,0.027380505352634255,0.0,0.0,0.012153659746918658,0.0,0.0,0.0,0.02590595612987262,0.010490016164622288,0.0,0.0,0.010686712405771149,0.0,0.0,0.0,0.012646469754846217,0.0,0.0,6.671194438565456e-05,0.023460683670529642,0.005361094359946636,0.025265127468803012,0.012256482261526369,0.015651292253205044,0.009030824085651961,0.031531606322060854,0.0
LFQ intensity D9_9,0.0,0.009165560403692263,0.0035100843624410513,5.509015965017609e-05,0.013739969568395571,0.0,0.001992969611882814,0.0,0.0,0.0048170971645400944,0.023222225889861035,0.01100843668509041,0.014947851299605512,0.0,0.0,0.009482451468435555,0.004534636727319952,0.0,0.008061366559406442,0.0,0.005160796535715649,0.0,0.0,0.0,0.015690723034954723,0.007823782928232506,0.027011907303698797,0.017914703003842174,0.0,0.0,0.006845315554870345,0.0,0.004000829799763226,0.02945233412454346,0.0,0.009261834560956705,0.07048100441692517,0.0,0.019859205054527748,0.0,0.0042972693534821475,0.0012615102744952438,0.0026235572038067778,0.0025416800446712755,0.0,0.0,0.0,0.011794308273919935,0.003581854328759213,0.039225392920667033,0.0,0.0,0.0011162783400038227,0.0,0.0,0.0,0.0,0.0443921775618076,0.0,0.0,0.0,0.006317465568204703,0.017343803505378445,0.0,0.01893579365819813,0.0,0.0,0.0,0.0,0.0,0.0,0.006059342512507875,0.0,0.0,0.010651520740078645,0.0,0.0,0.0,0.003639657213013108,0.0,0.008612552703692142,0.006369286757715621,0.0035904948003565385,0.0,0.00487024896418346,0.03436967669840132,0.0,0.0,0.0,0.0,0.016108354894030626,0.0,0.00313273523704353,0.004020270947770509,0.0,0.03553757328795678,0.0327174260510351,0.0,0.01810242421857125,0.012933283015235627,0.0,0.0,0.010150169520312185,0.0011412746121410044,0.007145834257187656,0.0,0.0,0.0,0.0,0.01055733130936957,0.0,0.02141331542929074,0.01242467426510659,0.0,0.0,0.0,0.0046289464528002896,0.0,0.0,0.021835488483272825,0.0,0.0,0.02106840410304988,0.021076880193383014,0.0,0.0,0.013186623298658426,0.0019711472191065262,0.0,0.0,0.016424542843782152,0.010902182869208459,0.0,0.0,0.015991984440837128,0.0,0.00594794554493291,0.0,0.012938647973681333,0.0,0.0,0.0,0.02303028540473396,0.01153594749721367,0.024313644152618615,0.008339023718642181,0.008948142613647226,0.008938496092169365,0.033902952411516626,0.0
