,ADF,ADL,AFD,AIA,AIB,AIZ,AS,ASE,ASG,ASH,ASK,AVA,AVB,AVD,AVE,AVF,AVJ,AVK,AVM,AWA,AWB,AWC,Amphid sheath,Amphid socket,Anal muscle,Apoptotic germ cells,Arcade cells,BAG,BDU,Body wall muscle anterior,Body wall muscle middle,Body wall muscle posterior,CAN,CEP_ADE_PDE,Cephalic and inner labial socket,Cephalic sheath,Coelomocytes,DA_VA,DB_VB,DVA,DVB,DVC,Differentiated germ,Distal tip,Dorsal uterine cell,Embryonic cells,Excretory cells,Excretory duct,Excretory gland,GLR,Glia_1,Glia_2,Glia_3,Glia_4,HSN,Hypodermis head,Hypodermis tail,I1,I2,I4,IL1,Intestinal-rectal valve,Intestine anterior,Intestine middle,Intestine posterior,LUA,M1,M2,M3,M4,M5,Marginal cells,Mature sperm,Meiotic germ cells,Mitotic germ cells,NSM,OLL,OLQ,Oocytes,PDA,PDB,PHC,PLM_ALM,PLN,PVC,PVD_FLP,PVM,PVN,PVP,PVQ,PVR,PVT,PVW,Phasmid sheath,Phasmid socket,RIA,RIB,RIC,RID,RIF,RIG,RIH,RIM,RIR,RIS,RIV,RMD,RMD_LR,RME,RMF,Rectal gland,SAA,SAB,SDQ,SIA,SIB,SMB,SMD,Seam cells (bus+),Seam cells (grd+),Seminal vesicle (male),Spermatheca bag distal,Spermatheca bag proximal,Spermatheca neck distal,Spermatheca neck proximal,Spermatheca-Uterine junction,Spermatids,Spermatocytes,Syncitial pachytene spermatocytes,URX_AQR_PQR,URY,Unassigned hypodermis/gonadal sheath,Unassigned sex-specific muscle,Unassigned sheath cells,Unassigned uterine cells,Uterine muscle,Uterine seam cells,Uterine toroid,Uterine-vulval cells,VC,VC_4_5,VD_DD,Vulval cells,cat-4(+)ptps-1(+) intestine anterior,e1_e3 (pharyngeal epithelium),e2 (pharyngeal epithelium),g1A (pharyngeal gland),g1P (pharyngeal gland),g2 (pharyngeal gland),hmc,hyp4_to_hyp6,hyp7 (hypodermis),pm1_pm2 (pharyngeal muscle),pm3_pm4_pm5 (pharyngeal muscle),pm6_pm7 (pharyngeal muscle),sh1 (gonadal sheath distal),sh2 (gonadal sheath distal),sh3_sh4 (gonadal sheath proximal),sh5 (gonadal sheath proximal),vm1 (vulval muscle),vm2 (vulval muscle)
LFQ intensity D1_1,0.0,0.011911523999303772,0.02836197834123285,0.0,0.0016315820188268688,0.007212199987708463,0.02541587898198447,0.0,0.021904841100630745,0.011841580749197994,0.0,0.0,0.00525124825630488,0.009606146499573715,0.007482758675208685,3.1903897840023998e-19,0.0,0.0,0.0,0.0,0.004041187915538687,0.01688344463773055,0.0,0.0,0.004019574598649867,0.012409697458716371,0.0,0.0,0.00244002126409594,0.016551589649241638,0.008086876829514826,0.007456163318286114,0.01645831695030586,0.012839244211166093,0.0,0.014135918030973287,0.0,0.0,0.0,0.0,0.0,0.0,0.0,0.01603996849603661,7.070631871612324e-20,0.0,0.0,0.030072261019867003,0.0,0.0,0.031899313528740675,0.0,0.0,0.0,0.01746655599967805,0.0,0.0,0.0,0.026251286510746555,0.0,0.0,0.017831894857426967,0.0,0.0037715703992385677,0.041863468800440604,0.0,0.03816961262520313,0.0,0.0,0.0,0.0,0.024302795861322266,0.0,0.03482949943295328,0.046152344842123945,0.0,0.0,0.007306704217000489,0.0,0.0,0.0016293762329352666,0.0,0.0,0.0,0.015199571482168318,0.0,0.0,0.0,0.015605689848003174,0.003659844897168866,0.0,0.0003470725923468179,0.0,0.0,0.0,0.0,0.0,0.0,0.0036598448971688646,0.009118744731088741,0.0,0.0,0.018328577763751245,0.021038880200227657,0.008663470385149283,0.0,0.0,3.761091164383519e-19,0.0,0.0,0.012122138257895059,0.000731151324289277,0.0,0.0007528339250181126,0.0,0.0,0.0,0.0,0.020876743438951167,0.0,0.02922311439407647,0.01106838830679194,0.016706155236570874,0.002097085711519728,0.0,0.005949846270127235,0.0,0.0,0.019833560270936884,0.0,0.014544892333273364,0.015232393915547888,0.0003881508900312124,0.00024697719335198845,0.010167403095429692,0.008065587706532353,0.011594457667422519,0.0,0.00351950065724757,0.017964593457609826,0.0,0.0,0.0,0.0,0.0,0.0,0.005224365216816562,0.0,0.0,0.0,0.007746178388420181,0.0020220360604488842,0.0,0.04248844539859533,0.007158028457621174,0.008602911363564447,0.005893299865019489,0.0,0.01003070364853377,0.030598934453378825,0.0
LFQ intensity D1_10,0.0,0.012283045322184322,0.0,0.0,0.003878855614907203,0.007357854695454057,0.021307974867224546,0.0,0.022483492794851644,0.011643447784063208,0.0,0.0,0.002692476133801199,0.012145924527000806,0.011820856368707588,0.0,0.0,0.002537026713901538,0.0,0.0,0.004903622806751372,0.013004115632988615,0.0,0.0,0.003813002319182033,0.01022444812351716,0.0,0.0,0.002541543225712122,0.0058665332047755855,0.011094559537794993,0.017228163455821816,0.012337612821387962,0.017333855243600198,0.0,0.009077673700460693,0.0,0.0,0.0,0.0,0.0,0.005986553989470677,0.0,0.01100150087906868,0.0036591647390619704,0.0,0.0007140646498765464,0.016120759332100512,0.000908006309028231,0.0,0.02244849532479607,0.0,0.0,1.6805656933698066e-05,0.01999720160778725,0.0030027921469092393,0.0,0.0,0.029135833892462087,0.0,0.0,0.01811052858883896,0.0,0.005275447939467881,0.047492525764041484,0.0,0.03929883629266916,0.0,0.0,0.0,0.0,0.02415599283166055,0.0,0.0360028497938981,0.047454954334909295,0.0,0.0,0.005110675199717457,0.0,0.0,0.0017443852145319016,0.0,0.0,0.0,0.01666071815981248,0.0,0.0,0.0,0.015837559016370403,0.003740997330364027,0.0,0.003024185101918612,0.0022667389761635063,0.0,0.0,0.0,0.0,0.0,0.0037409973303640254,0.011227316045855997,0.0,0.0,0.012669265357297324,0.021522375936318647,0.010350080884454068,0.0019465611828816496,0.0,0.0,0.0,0.002245981350903098,0.011181402253186434,0.0010264576368099693,0.0,0.0,0.0,0.0,0.0,0.0,0.029030913093953996,0.01823650230538887,0.023423643057735512,0.007537436193959885,0.01558010455069464,0.006764976491853689,0.00037782654483408025,0.0032492662459998613,0.0,0.0,0.010080904407884507,0.0,0.02032142229331137,0.01461705121488103,0.0,0.0,0.011202355925614428,0.00652616836000309,0.011630265214598715,0.0,0.002980549262402946,0.009457912786956887,0.0,0.0,0.0,0.0,0.0,0.0,0.004860112390295059,0.0002782563418473003,0.0,0.003503245170072041,0.0024005756833258046,0.0,0.0,0.04273434047609769,0.01294838772281822,0.01812488230069676,0.004046454254346427,0.0,0.013347437714217038,0.03608491405219147,0.0
LFQ intensity D1_11,0.0,0.014235113931199143,0.0,0.0,0.0003509302472800279,0.006919748077779608,0.020576560266337498,0.0,0.02024426619219341,0.0110432204277757,0.0,0.0,0.0035663166705233,0.01024491890940589,0.010595889550387252,0.0,0.0,0.0,0.0,0.0,0.004588484944696993,0.012548460339074759,0.0,0.0,0.004641087945290321,0.009435095377971965,0.0,0.0,0.0021652753630550556,0.007029772358285042,0.00454281077465551,0.004615439422363681,0.014475746616485244,0.0,0.0,0.02108505078128597,0.0,0.0,0.0,0.0,0.0,0.005903403233114368,0.0,0.01277452997858465,0.005603332855344952,0.0,0.0,0.028075555607312598,0.0,0.0,0.021511991484141124,0.0,0.0,0.0,0.01479755238476616,0.0,0.0,0.0,0.02698878941049499,0.0,0.0,0.018203273482874628,0.0,0.005359669472212923,0.04874636822042934,0.0,0.037351381885668826,0.0,0.0,0.0010792563796727214,0.0,0.02184601837794985,0.0,0.033251225373706284,0.04191326821852109,0.0,0.0,0.0,0.0,0.0,0.0014093434589190644,0.0,0.0,0.0,0.014722932455423969,0.0030733374422279645,0.0,0.0,0.015017773175505884,0.003302827006697578,0.0,0.0,0.0010213389038071685,0.0,0.0,0.0,0.0,0.0,0.003302827006697577,0.007340218456783078,0.0,0.0,0.024199223183967222,0.020387167087504113,0.009815053090685377,0.007920063142051884,0.0,0.0,0.0,0.0,0.016122382866310042,0.0005720223200713645,0.0,0.0,0.0,0.0,0.0,0.03420686628614131,0.031600452147156836,0.0,0.022553266761680013,0.009028066064481463,0.01750508822298444,0.005227869760556392,0.0,0.014497466475053112,0.0,0.0,0.018871783733143972,0.0,0.017386121206020455,0.01062921289857204,0.0032442945333966662,0.0,0.010319712592124082,0.011132163990583888,0.020080550268072806,0.0,0.0012318047265647066,0.012412058381122752,0.0,0.0,0.0,0.0,0.0,0.0,0.004280660784284032,0.0,0.0,0.0,0.002362376086191319,0.0,0.0,0.03959837560196716,0.01003517725061391,0.01908167329219864,0.009516327884628296,0.0,0.0070629785914699955,0.03361933830349855,0.0
LFQ intensity D1_2,0.0,0.014768793862669171,0.019704132310560812,0.0,0.005348017038900583,0.007473573869371923,0.023027521428973456,0.0,0.02416722904649646,0.011767384435312967,0.0,0.0,0.0026890386384300535,0.010915529811479547,0.011943676324937825,0.0,0.0,0.0003804366511767707,0.0,0.0,0.004980743544233812,0.017106665769508287,0.0,0.0,0.0014893148406182896,0.01447161555164612,0.0,0.0,0.0025364553596498363,0.011232862227661592,0.006059593155428979,0.0045564442604738,0.01162204943148999,0.015899512588813534,0.0,0.00716385681507903,0.0,0.0,0.0,0.0,0.0,0.0,0.0,0.021432353909490262,0.007249732502661684,0.0,0.0,0.02426870368531886,0.0,0.0010463469334993532,0.015112805058969342,0.0,0.0,0.0,0.014077328625280053,0.01000778256612309,0.0,0.0,0.02867304192447161,0.0,0.0,0.01785652437435261,0.0,0.001780361226534706,0.04766919280013682,0.0,0.03855750294437237,0.0,0.0,0.0,0.0,0.022424363102661687,0.0,0.03673816051793679,0.04217619204630385,0.0,0.0,0.005061624699389084,0.0,0.0,0.0017308294497547496,0.0,0.0,0.0,0.015219789564377348,0.0021102549489163385,0.0,0.0,0.014762179784976528,0.0037486676948035795,0.0,0.004484036510556886,0.001244019310536973,0.0,0.0,0.0,0.0,1.392743996555599e-19,0.003748667694803577,0.012766267825018399,0.0,1.392743996555599e-19,0.007732114767503506,0.021751467117037245,0.010498650200037967,0.008166868982870414,1.8569919954074652e-19,0.00018384300895387317,0.0,0.000169646385841961,0.021046362960865008,0.0008503995099613636,0.0,3.249735991963064e-19,0.0,0.0,0.0,0.0,0.025379253826036424,0.006579830457716769,0.024414336021597052,0.0017050740823571998,0.01379552252636457,0.00897296768235826,0.0,0.016082404585173835,0.0,0.0,0.01078109399544951,0.0,0.0206929671119388,0.0020965358997201617,0.002961695899303662,0.0,0.011397645994073722,0.010000626909893182,0.016540246125881567,0.0,0.0020580608187596634,0.011932164555908946,0.0,0.0,0.0052514852556100325,0.0,0.0,0.0,0.00519163068164877,0.0,0.0,0.00905640836575896,0.0,0.0,0.0,0.040665502653629185,0.00963046590281481,0.009811777322662708,0.009052585737009556,0.0,0.00795816695532739,0.024341021035774593,0.0
LFQ intensity D1_3,0.0,0.008820219789129714,0.024634299004397755,0.0,0.0,0.012944537632914832,0.022621788668264236,0.0,0.022209756179908335,0.0114149858746826,0.0,0.0,0.0,0.009459554415769957,0.00953196837009912,0.004836093817878125,0.0,2.2517256822768088e-20,0.0,0.0,0.0061268728591010865,0.019741328984150732,0.0,0.0,0.0018449808264064936,0.01403823322115201,0.0,0.0,0.0,0.007676848233438023,0.00788209605277002,0.0037553434216032987,0.011274003226851554,0.0,0.0,0.011244965555077605,0.0,0.0,0.0,0.0,0.0,0.0,0.0,0.019800247075995987,0.006240870630371315,0.0,0.0,0.02072543064877865,0.0,0.0,0.016762475317195463,0.0,0.0,0.0,0.006632572232915977,0.010684541393247291,0.0,0.0,0.026568489375846778,0.0,0.0,0.016208375698860255,0.0,0.004734929237916249,0.049389419106418225,0.0,0.036075496753228735,0.0,0.0,0.0,0.0,0.020864159268595736,0.0,0.034836783637275076,0.041671994678521646,0.0,0.0,0.009109591883967828,0.0,0.0,0.0,0.0,0.0,0.0,0.014309883889651839,0.0,0.0,0.0,0.014964042495233004,0.0,0.0,0.0,0.0,0.0,0.0,0.0,0.0,2.2517256822768088e-20,0.0,0.007226721063956318,0.0,2.2517256822768088e-20,0.024770939249989035,0.018324503391375667,0.008346077487588123,0.004669689521412047,0.0,0.00043268932151074326,0.0,0.00039927642614425183,0.017238719829161597,0.0,0.0,0.0,0.0,0.0,0.0,0.036049236868487974,0.02241171617462087,0.009366357558274958,0.029432268768040223,0.002249264061720801,0.017103884579733313,0.0079307545510587,0.0,0.015729439630311117,0.0,0.0,0.008426630095249946,0.0,0.016926124305689943,0.008176033225134017,0.001698284170303413,0.0,0.01063525385719457,0.00800973887284804,0.013981412162592402,0.0,0.005578974115393724,0.013168226637383805,0.0,0.0,0.0,0.0,0.0,0.0,0.005036156609258712,0.0,0.0,0.00607192207979689,0.0,0.0,0.0,0.04210394511194316,0.00945693507110594,0.020058253296869978,0.01089971639919551,0.0,0.010508771995952279,0.027944904053086445,0.0
LFQ intensity D1_4,0.0,0.014346486522425154,0.019233283908400168,0.0,0.0047916827487554745,0.006639321850236131,0.02323196518701967,0.0,0.023479334071392653,0.011979756059701438,0.0,0.0,0.0,0.012221905761741328,0.012977377650731044,0.0,0.0,0.008166578600198648,0.0,0.0,0.004424758491941313,0.01877914132180391,0.0,0.0,0.006656256109897112,0.014732791730526234,0.0,0.0,0.0,0.008655269837138758,0.0077875107610312555,0.017927131477656254,0.011831798125437769,0.017474844498417557,0.0,0.011801323779852714,0.0,0.0,0.0,0.0,0.0,0.0,0.0,0.00980607080400212,0.0,0.0,0.0,0.021946510240548014,0.0,0.0,0.02194972157151399,0.0,0.0,0.0,0.005976834788914232,0.002992098344413778,0.0,0.0,0.028128123934388106,0.0,0.0,0.02124783841483806,0.0018342806941961307,0.0,0.04422086868727052,0.0,0.04058261778726716,0.0,0.0,0.0,0.0,0.025448834773393113,0.0,0.0364160070736083,0.04316137903344069,0.0,0.0,0.010498264076189045,0.0,0.0,0.0,0.0,0.0,0.0,0.016042826505927584,0.0,0.0,0.0,0.013772965095336777,0.0,0.0,0.00391220676586597,0.0023162757417576276,0.0,0.0,0.0,0.0,0.0,0.0,0.012347668192485554,0.0,0.0,0.00730727863626476,0.0221440262647281,0.010538682399146888,0.004155613704924933,9.452530097954579e-20,0.0,0.0,0.0,0.016026940564376407,0.0,0.0,0.0,0.0,0.0,0.0,0.0,0.023714449647838608,0.00412533278079775,0.029722454732069137,0.0,0.008063404394619545,0.008857290355892713,0.0,0.017500960820105285,0.0,0.0,0.016048019034862842,0.0,0.0226347882423013,0.009880825784101743,0.0026363610753475128,0.0,0.00825301854359031,0.009166334834675306,0.012379221734034301,0.0,0.005116370357005238,0.012954919221817513,0.0,0.0,0.0,0.0,0.0,0.0,0.005285326527751831,0.0,0.0,0.0,0.0,0.0,0.0,0.04483163813401534,0.009077481244849011,0.018375758740655168,0.011429723058636366,0.0,0.010247556611686769,0.029786311534243833,0.0
LFQ intensity D1_5,0.0,0.015365622361019729,0.0,0.0,0.0045758401493183835,0.016688556075858556,0.021586279361395285,0.0,0.020496393424557873,0.010877062184036935,0.0,0.0,0.00275931807558672,0.010070626960976577,0.01007594428080245,0.0,0.0,0.0027283881645938767,0.0,0.0,0.00961608828437314,0.008951129802672713,0.0,0.0,0.0,0.013376690727155999,0.0,0.0,0.0026186527397764688,0.00493198454064551,0.00869752680993884,0.015567462781084085,0.010742723250624009,0.017045070737734095,0.0,0.010874165477131935,0.0,0.0,0.0,0.0,0.0,0.007272862016910817,0.0012232283671028536,0.02016496535924958,0.008371228621051763,0.0,0.0027680453422896014,0.01482747289164435,0.0,0.0,0.019196768733509333,0.0,0.0,0.0,0.013557450523471898,0.0,0.0,0.0,0.02785930798078853,0.0,0.0,0.024630685539030688,0.0,0.012076853084709438,0.048705944179117694,0.0,0.03701553980501505,0.0,0.0,0.0,0.0,0.02550554312301359,0.0,0.03243959634875277,0.04228001852073278,0.0,0.0,0.006203025069397039,0.0,0.0,0.00187383298788428,0.0,0.0,0.0,0.014019929315552699,0.0006930810231167554,0.0,0.0,0.012714252501401476,0.003739226920633524,0.0,0.003777283261506243,0.0009039907395751991,0.0,0.0,0.0,0.0,0.0,0.003739226920633523,0.011434994553938397,0.0,0.0,0.006829364457007736,0.01843377912520305,0.00978528867309479,0.005464904021572953,1.2873687555850186e-19,0.0009129991166605594,0.0,0.0008424960040619705,0.015274649333328425,0.0011097493567702717,0.0,7.724212533510111e-19,0.0,0.0,0.0,0.0,0.02607671140613352,0.009730261225128215,0.024505668583721347,0.00410347150872603,0.013147627268388085,0.005795959951594786,0.0,0.017011045196640623,0.0,0.0,0.021412821188464312,0.0,0.018691443220009256,0.013226698491571248,0.0,0.0,0.009065576421800399,0.008345024444007164,0.017588335687545212,0.0,0.002087592425897427,0.012894169129400432,0.0,0.0,0.0,0.0,0.0,0.00040444974880398955,0.004798831046208259,0.0,0.0,0.0027290173529816277,0.004714342867086655,0.0,0.0,0.03541887398939193,0.009389236451633639,0.01659236133111187,0.005569981742439977,0.0,0.01111521477139331,0.03229217454290781,0.0
LFQ intensity D1_6,0.0,0.01693674414151788,0.0,0.0,0.004359262370106573,0.01502629698564577,0.017993855312508977,0.0,0.02273905716083005,0.010604580528620478,0.0,0.0,0.0,0.012067847380340415,0.002780177156070053,0.0,0.0,0.0027760180955642894,0.0,0.0,0.010014235894785492,0.016536338786518546,0.0,0.0,0.0002225391775137003,0.013041590791929148,0.0,0.0,0.0,0.0,0.010997647675225042,0.0,0.014048258890746304,0.0,0.0,0.01974964363221192,0.0,0.002108969578718597,0.0,0.0,0.0,0.0,0.0011925852315961287,0.020839708409959693,0.0,0.0,0.0,0.03134837541741627,0.0,0.0,0.016922501168626747,0.0,0.0,0.0,0.006965754993878345,0.0,0.0,0.0,0.028497484837342636,0.0,0.0,0.015960036058167787,0.0,0.0,0.05216678069500906,0.0,0.035682152186602874,0.0,0.0,0.0,0.0,0.022000714563494228,0.0,0.03758472250768017,0.042299596708044444,0.0,0.0,0.007888519189348568,0.0,0.0,0.0,0.0,0.0,0.0,0.015537958108023645,0.0,0.0,0.0,0.012790261739450817,0.0,0.0,0.004007168187938419,0.0030204153632638103,0.0,0.0,0.0,0.0,3.556170038225581e-19,0.0,0.01104718968692232,0.0,0.0010457805827164283,0.006570149064718937,0.019602077753664137,0.011824201150750748,0.01498868089981847,0.0,0.009908651389905435,0.0,0.0,0.009735760163889409,0.0,0.0006945809744044184,0.0,0.0,0.0,0.0,0.0,0.03263471015636198,0.0047033157926792985,0.031275066223956156,0.000701904414833642,0.009934197223111963,0.009008923933233421,0.002859307371523666,0.016173752858061143,0.0,0.0,0.0200046242495413,0.0,0.030800914859026328,0.0036350931452045565,0.0006475930136085252,0.001036332104763454,0.01612707448322234,0.011617713205829239,0.017531130920230106,0.0,0.0031014609182142138,0.009310485581348378,0.0,0.0,0.004992951611240675,0.0,0.0,0.0,0.0048524752070065545,0.0009761184689605945,0.0,0.0012838852193559507,0.0,0.0,0.0025510291992491443,0.04538854648622241,0.010155687124279255,0.020496012630472404,0.003787178352365689,0.0,0.013187924854141555,0.03909971980046876,0.0
LFQ intensity D1_7,0.0,0.008996366362031953,0.019613271586489324,0.0,0.004031375287259763,0.008033885545031235,0.022164641100568306,0.0,0.020121827754052756,0.01212765980551652,0.0,0.0,0.0025142234082945456,0.011381908369003808,0.012067756473329175,0.0,0.0,0.0,0.0,0.0,0.00423021126872322,0.01996416283512785,0.0,0.0,0.0,0.0012010060495174389,0.0,0.0,0.00360484418108349,0.004963904876535567,0.0071624927867522375,0.000918384811938805,0.014205806080257828,0.01784858028517104,0.0,0.012184658828203493,0.0,0.0009833615622644393,0.0,0.0,0.0,0.0,0.0,0.01934069182971168,0.007058763014594302,0.0,0.0,0.012530871610026955,0.0,0.004705276301563775,0.020240939798289892,0.0,0.0,0.0,0.018899492079157885,0.008048864087066118,0.0,0.0,0.02682816842716465,0.0,0.0,0.0166738413109778,0.0,0.00476596299261968,0.04847497010400607,0.0,0.04077057158806099,0.0,0.0,0.0,0.0,0.025243317126602643,0.0,0.03244830103473474,0.037557312076067925,0.0,0.0,0.010830679864709486,0.0,0.0,0.00152646512002463,0.0,0.0,0.0,0.015419920929828497,0.0,0.0,0.0,0.013507883641532591,0.003605870392799763,0.0,0.0031411631970695133,0.0013258544370996982,0.0,0.0,0.0,0.0,0.0,0.003605870392799762,0.011685485474535741,0.0,0.0,0.013188539781504638,0.021169567652569804,0.011033139643599827,0.005352567669860924,0.0,0.0,0.0,0.0,0.017615573895173747,0.0006069861046335124,0.0,4.904231583558745e-19,0.0,0.0,0.0,0.0,0.027012643486455483,0.013302360322033356,0.030982854500339538,0.0,0.019028264271218773,0.009225591260771212,0.0,0.019080763324999084,0.0,0.0,0.0036584995510220634,0.0,0.020466069581171673,0.016568987218740026,0.0004923854310084374,0.0,0.012268670318489676,0.008592538602785393,0.01370984359808677,0.0,0.0,0.013064194066219626,0.0,0.0,0.0,0.0,0.0,0.0,0.005350579909157492,0.0,0.0,0.008680762746375905,0.0,0.0,0.0,0.037626755207729304,0.008718719239474879,0.016668604278639757,0.010987909298194678,0.0,0.009545953050294521,0.029443809901252387,0.0
LFQ intensity D1_8,0.0,0.01187847491533621,0.015646029735448205,0.0,0.0037509970118567585,0.0179408217404746,0.024341455790850997,0.0,0.02131563620100401,0.013877648656249962,0.0,0.0,0.0023760854934515726,0.008460769181846128,0.008472932367438074,0.0,0.0,0.0,0.0,0.0,0.008385026984395926,0.020294680409810622,0.0,0.0,0.0,0.014286350251875942,0.0,0.0,0.0034687013692562114,0.006429298580249868,0.011897819063275953,0.003998016755759646,0.01200193216572123,0.014215105378731059,0.0,0.002029047079155831,0.0,0.0,0.0,0.0,0.0,0.0,0.0,0.012400831409345886,0.004827122128239131,0.0,0.0,0.014094075206586622,0.0,0.0,0.017546039848093723,0.0,0.0,0.00299329495539169,0.02030971167242275,0.0,0.0,0.0,0.03143741754241769,0.0,0.0,0.021992327697320724,0.0,0.003790121242563079,0.05459521627813162,0.0,0.04008341582947021,0.0,0.0,0.0,0.0,0.024628923062257793,0.0,0.037099362121176475,0.040340993811666837,0.0,0.0,0.010421116273747807,0.0,0.0,0.001386225205769651,0.0,0.0,0.0,0.021549593878136528,0.0,0.0,0.0,0.014280489857119296,0.0034696888244155977,0.0,0.002432503869859726,0.005313559637263097,0.0,0.0,0.0,0.0,0.0,0.003469688824415596,0.011422183054491941,0.0,0.0,0.01409178789259842,0.018497135347804977,0.010559289545203505,0.006855308244077192,0.0,0.00021201862529887853,0.0,0.00019564624033193592,0.012745289602559594,0.00047978394946584016,0.0,3.3559581003299135e-19,0.0,0.0,0.0,0.0,0.02588465079762823,0.012095277498236159,0.024990661478354905,0.0014790101477841484,0.006492858816443611,0.0073222250264961455,0.0030088137359283776,0.014949106248093659,0.0,0.0,0.007598446349648086,0.0,0.017314284777976717,0.01776943630268096,0.0,0.0,0.009782721375377362,0.008690634538619317,0.006089304629419211,0.0014134852934881558,0.006354402242257362,0.008296315347423214,0.0,0.0,0.0,0.0,0.0,0.0,0.006765067749491674,0.0,0.0,0.0,0.004088723835986525,0.0,0.0,0.04173640844513917,0.011144259753163854,0.01964467183798262,0.0,0.0,0.01465326874676879,0.03384897421577915,0.0
LFQ intensity D1_9,0.0,0.011619549683779864,0.019815281905576552,0.0,0.004116387267742689,0.015837817024259897,0.023738002698567292,0.0,0.021113799644302482,0.011288608621296768,0.0,0.0,0.004931406616395312,0.004531888129761108,0.002983664567589267,8.947777760113367e-19,0.0,1.8837426863396561e-19,0.0,0.0,0.007469601376212904,0.018391494750644947,0.0,0.0,0.0,0.002068439614658548,0.0,0.0,0.0020970569330188327,0.010437578729087928,0.010776302744884033,0.0073112770919870436,0.011789469567446044,0.014760691330095579,0.0,0.02066809614545926,0.0,0.0,0.0,0.0,0.0,0.0,0.0,0.009878529924093587,0.005342176520830502,0.0,0.0,0.020451842677792407,0.0,0.003728040029398156,0.019823023660520127,0.0,0.0,0.0,0.020704489741218787,0.0039483738632045285,0.0,0.0,0.030462869041543494,0.0,0.0,0.020173228153651676,0.0,0.0,0.04889713169831464,0.0,0.03674216058227,0.0,0.0,0.0,0.0,0.02409382408058202,0.0,0.03649023250125014,0.04162734735621903,0.0,0.0,0.009674629604678969,0.0,0.0,0.0012800820052081272,0.0,0.0,0.0,0.018986868873218505,0.0,0.0,0.0,0.014945718868500536,0.003326596169936015,0.0,0.0028211702762625697,0.0010310911365829765,0.0,0.0,0.0,0.0,1.8837426863396561e-19,0.003326596169936015,0.011649226204195269,0.0,1.8837426863396561e-19,0.0067121730619539395,0.01863920145161524,0.009304862088635932,0.01687179961974638,2.119210522132113e-19,2.825614029509484e-19,0.0,4.0029532084717695e-19,0.015892386564447962,0.0003757629622829257,0.0,0.0,0.0,0.0,0.0,0.0,0.022763069742341314,0.006263766148443066,0.024303185561918926,0.0,0.008478862859499456,0.008570652811935335,0.0010450704466616893,0.018069748075265256,0.0,0.0,0.012157593663964232,0.0,0.020150914690994413,0.013400308989929194,0.002460937122523655,0.0,0.00870608275508124,0.011138923974465028,0.010486731470898758,0.0,0.0024793339015815124,0.015862954156934964,0.0,0.0,0.0,0.0,0.0,0.0,0.0,0.008044100859782112,0.0,0.0029383437251893642,6.142161507896891e-05,0.0,0.0,0.038534935826136575,0.011944432298272628,0.01799520110286421,0.009245651507461278,0.0,0.01325947315320454,0.028690454208715514,0.0
LFQ intensity D10_1,0.013331136771397557,0.0034720405441153006,0.012385445963106735,2.9807366912426066e-19,0.0029825636586448007,2.9807366912426066e-19,0.0,0.0041472732420926315,2.9807366912426066e-19,0.010811835445686516,0.0,0.0,0.0,0.004078149374365284,0.0,0.0,0.0,2.9807366912426066e-19,0.0,0.00430815777400647,0.0,0.01681733267809848,2.483947242702172e-19,0.0,0.00983602613541535,0.0044367121961634065,0.0,0.0,2.935442329650106e-05,0.01975215588774245,0.003848010526375876,0.008030602139831861,0.016219748583198412,2.9807366912426066e-19,0.0,0.0,0.0,0.0,0.0,0.00430815777400647,0.0,0.0,0.002314853524161193,0.008585374918682068,0.0240595415549176,0.0,0.003770806858062224,0.0,0.0,0.004157645351198652,0.017313882624075506,0.0,0.0,0.0,0.0003768029835311372,0.04640477084245044,0.0,0.0,0.02391786410923238,0.0,0.0,0.0,0.0,0.00833733840647106,0.037803724375010506,0.0,0.04208011097199122,0.0,0.0,0.0,0.0,0.03213612675545644,0.0,0.024007393776536937,0.033702933120809776,0.0,0.0,3.2100241290304993e-19,0.0,0.0,0.0,0.0,0.0,0.0,0.015357633892063398,0.0,0.0,0.0,0.009340506924684116,0.0013058276582232015,0.0015878022648433687,0.0012355388101018925,0.0013740078521812657,2.9807366912426066e-19,0.0,0.0,0.0,0.008418413105780452,0.001305827658223201,0.007400799572276919,0.0,2.9807366912426066e-19,0.02575481996859606,0.022918041165249738,0.008545763425691124,0.004483444973181404,0.0,0.024355871872479753,0.0,0.007278973477205027,0.018783357398604907,0.00016908260546933375,0.0,0.0,0.0,0.002901756918053449,0.0,0.020981397885383002,0.0,0.0,0.01611306748173722,0.000737850439638395,0.03531471188397901,0.0168338381394529,0.0,0.0034844198996274306,0.0,0.0,0.022430181959180805,0.0,0.012388919786595495,0.0,0.0,0.034183954728432255,0.03317614348002342,0.003706444526166111,0.0,0.014997955947245878,0.0,0.0,0.0,0.0,0.01570980097127847,0.0,0.0,0.01497503756188917,0.0,0.0,0.0,0.01570735230127218,0.0,0.0,0.00876974951345589,0.0226879114421953,0.00971394800250244,0.007508334459993949,0.01818977156967384,0.011562335136562954,0.005203031327259934,0.04534249872341399,0.0
LFQ intensity D10_10,0.012071532306098304,0.006071508501760837,0.0,0.0,0.0031405614758018567,0.0,0.009422298901759678,0.0048548446121777205,0.005868479867558237,0.00990244339412639,0.0,0.0,0.0019268678072595295,0.0031152148788405527,0.0,0.0,0.0,0.0,0.0,0.006385620949006515,0.0,0.011505736671607798,0.0,0.0,0.00409674882236704,0.00878377024842353,0.0,0.0,0.001769262320504902,0.01873319519547286,0.003937437543384298,0.009433803933262087,0.01578647570802987,0.011372588773247955,0.0,0.013431430291409592,0.0,0.011448775318265025,0.0,0.006385620949006515,0.0,0.0,0.0,0.00938139120028383,0.01441324837958341,0.0,0.007970502425169274,0.0,0.0,0.009079937504825225,0.020843988590485727,0.0,0.0,0.0,0.002874335947824612,0.05519516900183994,0.0,0.0,0.01951891542964136,0.0,0.0,0.002869705196230041,0.0041047174255382434,0.0,0.029874169896409404,0.0,0.04046721010298401,0.0,0.0,0.0,0.0,0.030018469686484802,0.0,0.02357408570775579,0.037679755703434153,0.0,0.0,0.002787738132672695,0.0,0.0,0.0009435517335952042,0.0,0.0,0.0,0.014832613496110947,0.0022708789543015515,0.0,0.0,0.008305807753814011,0.0030121330733572007,0.008542637954977872,0.00207126646097447,0.0014419105122180735,0.0,0.0,0.0,0.0,0.005045131407512062,0.0030121330733572,0.007439371470047394,0.0,0.0,0.019955547474774876,0.022305838976173623,0.008818465093058383,0.002164471030049065,0.0,0.024274300985675,0.0,0.006467921030788425,0.01593743517611677,0.0019376100018922442,0.0,0.0,0.0,0.0,0.0,0.0,0.0,0.0,0.0133167561938607,0.0,0.028267623884932987,0.014842476551557737,0.0,0.008028554450294345,0.0,0.0,0.015590489254312912,0.0,0.014021017241279939,0.0,0.0,0.01947191120797094,0.030706822977554584,0.0047554769957778645,0.0,0.01703025743333084,0.004866311556297578,0.0,0.0,0.0,0.0,0.0,0.0,0.007939978167824657,0.0,0.0035866012913197583,0.0,0.013187777869251849,0.0,0.01048487344080057,0.0011522848194602065,0.02354044189087542,0.016775596763362998,0.008795293634913933,0.02275165240233062,0.01811853939091259,0.005612326959933111,0.04828035116251587,0.0
LFQ intensity D10_2,0.0,0.003892229337534629,0.02356920096519032,0.0,0.002171294351709064,0.0,0.009004064745895922,0.0023591005656979597,0.0036377485993354373,0.010603932348756664,0.0,0.0,0.002620207848800054,0.0009741056972748958,0.0,0.009762011692796953,0.0,0.0,0.0,0.0059537183003469584,2.713797756237348e-19,0.004902371711082773,0.0,0.0,0.0006146842633622735,0.0089529449333016,0.0,0.0,0.002457712982141184,0.020077839017098763,0.00825100748916454,0.006633408375613644,0.016361379838318986,0.012018300798358087,0.0,0.01194088591234428,0.0,0.01128817365203922,0.0,0.0059537183003469584,0.0,0.007978960182150963,0.0,0.0055046735910119875,0.011795803576294903,0.0,0.006489786220480199,0.006720499525102349,0.0,0.0,0.01483266070561887,0.0,0.0,0.0,0.005377025624227129,0.009062181707064697,0.0,0.0,0.024212268386130317,0.0,0.0,0.0,0.0,0.0,0.039620064506101574,0.0015226090800123944,0.04075548834440416,0.0,0.0,0.0,0.0,0.025638161933847065,0.0,0.029219208524024296,0.04703282932483845,0.0,0.0,0.0,0.0,0.0,0.0016015959802072389,0.0,0.0,0.0,0.02424373220733802,0.0,0.0,0.0,0.01737142316904551,0.003746023635482261,0.0,0.00037557621867519825,0.005057222173234406,0.0,0.0,0.0,0.0,0.00327041241780913,0.003746023635482259,0.006633053256419279,0.0,0.0,0.01974548937064839,0.02311816208071827,0.005541655655920248,0.0,0.0,0.023822719559146686,0.0,0.005471011862068078,0.017632578856675185,0.002538966704272709,0.0,0.0,0.0,0.0,0.0,0.0,0.0,0.0,0.014326841280948558,0.0,0.030251049252215487,0.01762937629384065,0.0,0.005183113234899056,0.0,0.0,0.03764527993370634,0.0,0.01549272281020986,0.0,0.0,0.03204762176513941,0.02297064880094021,0.0009128653021403139,0.0,0.013951923621041414,0.006843129358327793,0.0011695170245378517,0.0,0.0,0.017445457401296143,0.0,0.0,0.015896323659497762,0.0,0.010619914028225647,0.0,0.013404664774295803,0.0,0.0,0.006693184843696911,0.02024897710072836,0.008139314954572848,0.007930936378679185,0.00903814506781935,0.01333227788232996,0.009350037439226773,0.04579876805072093,0.0
LFQ intensity D10_3,0.012131728139871224,0.0006861811481047777,0.0,0.0,0.0052404701357067224,0.0,0.0,0.005153556295360457,0.0,0.00883947776515663,0.0,0.0,0.0,0.004728311783079949,0.0,0.0,0.0,0.0,0.0,0.0060172644575409995,0.0,0.013413138063075074,0.0,0.0,0.007033484631828702,0.005320695648527816,0.0,0.0,0.0,0.02279670365770782,0.005397433045119388,0.01145912701238559,0.010310085699268707,0.0,0.0,0.008954161587039306,0.007040551479032453,0.0,0.0,0.0060172644575409995,0.0,0.0,0.0,0.004884966103894124,0.024159721394588954,0.0,0.009057027247027121,0.0,0.0,0.0007826815306497647,0.03043961370427229,0.0,0.0,0.0,0.0015539830577171532,0.0038284283012449106,0.0,0.0,0.02280517102946318,0.0,0.0,0.0,0.0,0.0,0.03988069592937771,0.0,0.045015414330453946,0.0,0.0,0.0,0.0,0.020957628274241524,0.0,0.0316375915166448,0.043642048594885,0.0,0.0,0.0,0.0,0.0,0.0,0.0,0.0,0.0,0.017953154900856343,0.0,0.0,0.0,0.0,0.00016704667083125604,0.00851875332828658,0.003862574265813771,0.0026049408623312897,0.0,0.0,0.0,0.0,0.011630698586459782,0.00016704667083125636,0.010104303650774946,0.0,0.0,0.016744664058006144,0.02528911194204029,0.0015414508468421712,0.0,1.0795059982539879e-19,0.02966158968528331,0.0,0.009308401102759581,0.01473936176685009,0.0,0.0,7.826418487341413e-19,0.0,0.004125408954575302,0.0,0.0,0.0,0.0,0.007735199251448191,0.0,0.03396571966117503,0.014907450303305278,0.0,0.005341832229308844,0.0,0.0,0.040575521640978954,0.0,0.026059803378213543,0.0,0.0,0.03791821903379909,0.03431283817109135,0.008302744883994585,0.003915155565907968,0.015048853229605301,0.0,0.0024763617004883364,0.0,0.0,0.0,0.0,0.0,0.006852726872955955,0.0,0.010553993248681877,0.0,0.026114679130694617,0.0,0.0,0.0038405906249304087,0.026766674816596968,0.008063679777526042,0.007915329590782042,0.020174345218732622,0.01674104089138737,0.007020382130778109,0.05979374533426844,0.0
LFQ intensity D10_4,0.0021371252294088007,0.005972716451369092,0.01733065824026244,0.0,0.00304699321119834,0.0,0.009175872555128955,0.0,0.0,0.012559412595717826,0.0,0.0,0.00022378664685710595,0.0001392897744360978,0.005370125381869471,0.0,0.0,0.0,0.0,0.008609446096186127,0.0,0.01598208075593754,1.4603672688344142e-19,0.0,0.0013235799463773626,0.008584002786610766,0.0,0.0,4.535881209230495e-05,0.019510713819669123,0.00624073122247573,0.004639486152062351,0.017608993547092177,0.0,0.0,0.008851909342186314,0.0,0.011758447796052342,0.0,0.008609446096186127,0.0,0.0014670707513077274,0.0,0.006074748253167293,0.012695275771990436,0.0,0.0,0.0031933746954289715,0.0,0.0,0.012881487887146556,0.0,0.0,0.0,0.0019096795152645655,0.03604310360080374,0.0,0.0,0.026891675826423416,0.0,0.0,0.0,0.0,0.0,0.03800703206392025,0.0,0.045374351097866146,0.0,0.0,0.0,0.0,0.03253724219506599,0.0,0.034176498544192385,0.0525897446221704,0.0,0.0,0.0,0.0,0.0,0.0,0.0,0.0,0.0,0.019936836938467765,0.0,0.0,0.0,0.0022807201370032572,0.0014311676691481261,0.005841961280352193,0.0011142394052595062,0.0005862162943943256,0.0,0.0,0.0,0.0,0.0,0.0014311676691481261,0.0030290061411799045,0.0,0.0,0.025605222151641824,0.0248810045926924,0.006295059897340674,0.005231112451263195,0.0,0.007081688410056051,0.0,0.010381505328529226,0.016460878445269982,0.0,0.0,6.372511718550171e-19,0.0,0.0006411918734498026,0.0,0.021141163579887223,0.0,0.0,0.010892598655986603,0.0015254708304783845,0.03308382998300608,0.019038318894881782,0.0,0.009466847873237032,0.0,0.0,0.04714733335115621,0.0,0.009415799309383119,0.0,0.0,0.033318062705909604,0.03778348076150452,0.0,0.0,0.011345991494935497,0.0,0.0,0.0,0.0,0.015654585752528972,0.0,0.0,0.014757720763043599,0.0,0.014810734788504679,0.0,0.005245828615195133,0.0,0.0,0.003717115426388877,0.02561535364408205,0.013557473421258607,0.009483295197668083,0.006294900149764116,0.006927651742694998,0.007538023628509195,0.038447979460874984,0.0
LFQ intensity D10_5,0.013662049887882369,0.0057838862539291505,0.016142827355892907,4.94645361367811e-19,0.004377145226542585,0.004753631475414149,0.0,0.004868930652455141,4.94645361367811e-19,0.010296594827598508,0.0,0.0,0.0007427652852838991,0.006358374461938008,0.00471409228174039,0.0,0.0,4.94645361367811e-19,0.0,0.00615506464451157,0.0031680451276285423,0.016510987969304607,0.0,0.0,0.007531989901165217,0.004960148852176453,0.0,0.0,0.000577295761239842,0.023303127294666506,0.005678028692428852,0.010622185260303936,0.016402085760444638,0.0,0.0,0.0,0.007041096326206212,0.0,0.0,0.00615506464451157,0.0,0.0,0.0,0.008979863260195252,0.019549570733667185,0.0,0.0007689175544921661,0.0,0.0,0.005013888951305857,0.025721983690992323,0.0,0.0,0.003948697185765912,0.0,0.03030898861691639,0.0,0.0,0.02010705270142026,0.0,0.0,0.0015722469944914063,0.0,0.0,0.04169111208923604,0.0,0.03981602081689021,0.0,0.0,0.0,0.0,0.03380854108045371,0.0,0.03121314254025913,0.04370763165860054,0.0,0.0,2.967872168206866e-19,0.0,0.0,0.0,0.0,0.0,0.0,0.008901971659256238,0.0,0.0,0.0,0.007846340848562477,0.0018682745878511417,0.003504427660069961,0.002072445343493199,0.0,0.0,0.0,0.0,0.0,0.0034880617778056543,0.0018682745878511413,0.008837014929869637,0.0,4.94645361367811e-19,0.021696870086572662,0.023175678385250375,0.0046254256744565,0.0025132368296618417,3.462517529574677e-19,0.02270589357018887,0.0,0.010564844394560426,0.018135526242973845,0.0005856037299935733,0.0,3.957162890942488e-19,0.0,0.0028809614380277166,0.0,0.0,0.0,0.0,0.013205642474235857,0.0,0.028851138766555137,0.01300214673343682,0.0,0.007126355299323865,0.0,0.0,0.025372286573110664,0.0,0.020892760397179043,0.0021874122532181276,0.0,0.026205140361428212,0.032497592313599354,0.005760250004175984,0.0,0.013066853451071999,0.0020001509567124432,0.002844867451580524,0.0,0.0,0.0,0.0,0.0,0.012679042188192937,0.0,0.009578211615955769,0.0,0.02142853009284058,0.0,0.0,0.004000978382906194,0.019053718771871182,0.010697079997119949,0.006778524662268493,0.016898929922485182,0.016690871649392133,0.006465990430957203,0.05143159768598584,0.0
LFQ intensity D10_6,0.002726267352389308,0.009207808586050522,0.020532285555870347,0.0,0.003923489398563943,0.0,0.010346078037353205,0.0,0.0073617391133879275,0.0134689787088633,7.176197791971367e-20,0.0,0.0,0.0052193793948713115,0.008186811775574716,0.0,0.0,0.0,0.0,0.013531694224217967,4.0249109354969837e-19,0.021502389816910075,2.63647266705035e-19,0.0,0.0,0.0037543764789379984,0.0,0.0,0.0,0.015340798931216837,0.009345840266241212,0.0027707453127064387,0.008510573082261814,0.0,0.0,0.006762838220270712,0.0,0.012358525407518807,0.0,0.013531694224217967,0.0,0.0,0.0,0.0003172090243663758,0.019730124779567672,0.0,0.000691630971729405,0.008501193382478475,0.0,0.0,0.011962328791030138,0.0,0.0,0.0,0.0012575723860053154,0.02495725101300008,0.0,0.0,0.02566965362318288,0.0,0.0,0.005620205747308871,0.0,0.014648608835461664,0.03926049496678437,0.003919283122987791,0.04666825321995377,0.0,0.0,0.0,0.0,0.033604177374311504,0.0,0.027975168294982984,0.03839977850638435,0.0,0.0,2.652073097032896e-19,0.0,0.0,0.0,0.0,0.0,0.0,0.010613885450362383,0.0010392195678492191,0.0,0.0,0.0072056813429683085,0.0008390978738053338,0.009952191239864301,0.002550564556151243,0.0024201590230030308,0.0,0.0,0.0,0.0,0.0,0.0008390978738053336,0.0039003281790806832,0.0,0.0,0.02984049228276541,0.023389722087587987,0.008027946639241702,0.002570025494034176,2.63647266705035e-19,0.013389758971459593,0.0,0.007837697064218963,0.017267333072661636,0.0,0.0,3.619299755950776e-19,0.0,0.0027302152896454034,0.0,0.018616047994151164,0.0,0.0,0.010890802301932137,0.0,0.02895330355527348,0.016779175657774884,0.0,0.008461179259813902,0.0,0.0,0.026967373475528675,0.0,0.015407660515356482,0.0,0.0,0.02364460048379623,0.02866166378763567,0.0,0.0,0.009900224435470477,0.002551047302525482,0.0,0.0,0.0,0.020622260999023777,0.0,0.0,0.01568398419994774,0.0,0.009728944625598961,0.0,0.0032785272020056013,0.0,0.0,0.00985857166457281,0.026668813549533744,0.01251605302861246,0.018665377714191935,0.010761499060896155,0.005561514265051454,0.012326412415024201,0.02751629857081771,0.0
LFQ intensity D10_7,0.012993357698627393,0.0,0.016791239028757652,3.0870831908492673e-19,0.004566399362251735,0.003952701227519505,0.0,0.003940157800179457,3.0870831908492673e-19,0.008240405360122563,0.0,0.0,0.0005223337764023731,0.0038171264291069484,0.003659258717229732,0.0,0.0,3.0870831908492673e-19,0.0,0.007363177743002381,0.0,0.014258167224397673,0.0,0.0,0.007858586321737318,0.0016291151990390676,0.0,0.0,0.000349876359338345,0.02513173870175358,0.007583042395850869,0.014290349334787665,0.011795227317655862,0.0,0.0,0.006029911807541595,0.006969590786481585,0.0,0.0,0.007363177743002381,0.0,0.0,0.0,0.005251536608156239,0.025471932706398595,0.0,0.0039663623814046355,0.028900956492493537,0.0,0.0,0.02919219712444318,0.0,0.0,0.0,0.0,0.011597711291596246,0.0,0.0,0.022447251233904016,0.0,0.0,0.0,0.0,0.015215872593695447,0.030493712600177476,0.0,0.04376289371888761,0.0,0.0,0.0,0.0,0.02273143928492953,0.0,0.029081854798837996,0.03865002043165996,0.0,0.0,0.0,0.0,0.0,0.0,0.0,0.0,0.0,0.016704921212664002,0.0,0.0,0.0,0.0,0.0016926388085739099,0.010307355190739505,0.002728560304157013,0.0016965639742432448,0.0,0.0,0.0,0.0,0.011758683721033978,0.0016926388085739094,0.009205330085982304,0.0,3.0870831908492673e-19,0.01559079019882029,0.02038746295743924,0.0004289708897887822,0.0,0.0,0.0217914039140392,0.0,0.012901798774158278,0.00992515439976045,0.0002350795461460964,0.0,5.1451386514154456e-20,0.0,0.0031212859962221375,0.0,0.0,0.0,0.0,0.0030175971415290687,0.0,0.03818546921192882,0.01900551321702367,0.0,0.004874228634595572,0.0,0.0,0.018988728724975167,0.0,0.02314206921628079,0.012938649470592553,0.0,0.02086497565901503,0.029870631156087388,0.005554688766256121,0.0054205436104312645,0.013507155684847671,0.0,6.945937179410851e-19,0.0,0.0,0.014308887765079397,0.0,0.0,0.009517506003237008,0.0,0.007169394312327849,0.0,0.019796697445264008,0.0,0.0,0.0,0.02529692301354866,0.014036872293330943,0.003990814726554455,0.017843037835947147,0.015395581946251775,0.008350774004870151,0.05288593977631287,0.0
LFQ intensity D10_8,0.007892580555567666,0.0003712498229951102,0.02823962830175908,0.00012938081579584926,0.0,0.0,0.0,0.00667840549223472,0.0,0.008325580471240782,0.0,0.0,0.0,0.004670810481074762,0.0,1.325571658375361e-18,0.0,0.0,0.0,0.0,0.0,0.02361334832783712,0.0,0.0,0.00482943301435264,0.014467417774559876,0.0,0.0,0.0,0.024222423207485463,0.006474971467361701,0.013123466455817343,0.01060889855819853,0.0,0.0,0.007098463097387838,0.005744541363168475,0.0,0.0,0.0,0.0,0.0,0.0,0.01704361610343816,0.020980350617418084,0.0,0.004703112837229381,0.0,0.0,0.005757744695824437,0.015051178701761795,0.0,0.0,0.0,7.997132774571488e-05,0.03936942815195896,0.0,0.0,0.01876324292568203,0.0,0.0,0.005125190786034155,0.0,0.016645682904213945,0.039833755564081294,0.0,0.04245771292456746,0.0,0.0,0.0,0.0,0.01970286405960201,0.0,0.030236234657789126,0.04201895051509618,0.0,0.0,0.0,0.0,0.0,0.0,0.0,0.0,0.0,0.017470874022605058,0.0024723613877396474,0.0,0.0,0.0,0.0,0.008550319715433127,0.0,0.002556492849181802,0.0,0.0,0.0,0.0,0.009706384220812244,0.0,0.0,0.0,0.0,0.0,0.019125585349978314,0.0,0.001310401023506606,0.0,0.028471905592530357,0.0,0.008877235834104455,0.011123791660514795,0.0,0.0,0.0,0.00030073826959955464,0.0072060092095333214,0.0,0.0,0.0,0.0,0.004402595884440127,0.0015068790863772732,0.032126340661131646,0.015903460441647095,0.0,0.009443855145381038,0.0,0.0,0.03227708540124283,0.0,0.014920532406354822,0.0029184145815524696,0.0,0.021658684712369636,0.03416130151624056,0.004127669083588329,0.0,0.01470902907434645,0.001264339781845693,0.0,0.0,0.0,0.01804912328191583,0.0,0.0,0.00941698650433434,0.0,0.012673277147991255,0.0,0.023793515884755274,0.0,0.0,0.0013983367914742139,0.023426069507240348,0.009801343202625441,0.008345968629193012,0.025685386706270547,0.020001479701921614,0.007552712391166131,0.049003877359775065,0.0
LFQ intensity D10_9,0.012830347052581023,0.002513312888502793,0.011888210288561065,0.0010696860397398735,0.0036410906433719885,4.7044064471333936e-20,0.0,0.004519671670806835,0.0006835259405018383,0.01023257629344173,0.0,0.0,0.0018329925030742236,0.002436404001838922,0.001686253917702187,0.0,0.0,4.7044064471333936e-20,0.0,0.0,6.115728381273411e-19,0.014155419892706552,0.0,0.0,0.008943349746799377,0.0036848831733951684,0.0,0.0,0.001992783235115832,0.019580798103124103,0.003206206882510736,0.009987603789655542,0.015599474699307643,4.7044064471333936e-20,0.0,0.010114613170495598,0.005344718168386612,0.0,0.0,0.0,0.0,0.0,0.0,0.00804871647822877,0.022565599558159146,0.0,0.0,0.0008368387351791346,0.0,0.004588498839029342,0.022756791075837224,0.0,0.0,0.0,0.004475264397569838,0.03485237926999596,0.0,0.0,0.02154679789776681,0.0,0.0,0.0,0.0,0.0,0.039157999873758266,0.0,0.04000886174049821,0.0,0.0,0.0,0.0,0.028555628204784467,0.0,0.026500105661044146,0.041347051592463845,0.0,0.0,0.002260701067056865,0.0,0.0,0.0011767220492406424,0.0,0.0,0.0,0.016238304901297896,0.002418012136723858,0.0,0.0,0.0027183034899536575,0.0032210009777757414,0.010610441027828064,0.002379305228634936,0.0013647853775006038,0.0,0.0,0.0,0.0,0.008627039217203843,0.0032210009777757405,0.007885804109549562,0.0,4.7044064471333936e-20,0.019629017987256088,0.022041611895596152,0.0048882298120940405,0.002919738484764816,0.0,0.02090365089285222,0.0,0.010984622584809768,0.015280444508691659,0.001948326031938744,0.0,0.0,0.0,0.0,0.0,0.019084806804084146,0.0,0.0,0.014857543654380691,0.0,0.03049682943850908,0.01766456338448439,0.0,0.007277455625461131,0.0,0.0,0.03301020078901788,0.0,0.0169081026959389,0.007538779059223728,0.0,0.021871977090317175,0.030192332258171726,0.005940131722196689,0.0,0.014181585430077031,0.0,0.0,0.0,0.0,0.0,0.0,0.0,0.015147954972934046,0.0,0.009207087482152198,0.0,0.020297581692227746,0.0,0.0,0.01306253509296825,0.023652746461268623,0.006250236329433468,0.00669945101802463,0.017533683856613476,0.014341781683545643,0.004580049127840307,0.04830106614664925,0.0
LFQ intensity D2_1,0.0,0.009432617827690677,0.016885182343768665,0.0,0.0032263484591640765,0.005988184170075276,0.023674483577100707,0.0,0.021557667632284967,0.00476915333388303,0.0,0.0,0.007316972221341566,0.009501702903239165,0.0,0.0,0.0,0.0,0.0,0.0,0.003990809506682789,0.015923970093782127,0.0,0.0,0.007329111493084478,0.0077863464584796436,0.0,0.0,0.004495117786848187,0.019753733396243898,0.010665076801452041,0.009862620139722882,0.011751124741796003,0.0,0.0,0.014540002224795132,0.0,0.0,0.0,0.0,0.0,0.0,5.294936358632803e-05,0.009582936850042254,0.005366310578535142,0.0,0.0,0.0026764292907494134,0.0,0.0,0.020494747115017958,0.0,0.0,0.0,0.014076125588124903,0.016306608189892893,0.0,0.0,0.02790105518359531,0.0,0.0,0.01277411705906143,0.0,0.0,0.056259617994570646,0.0,0.03396263908156607,0.0,0.0,0.002543488439240695,0.0,0.020510048886195415,0.0,0.033355173020772885,0.03940099459193146,0.0,0.0,0.008324552457288152,0.001716238757251067,0.0,0.003679504789041118,0.0,0.0,0.0,0.014441072547468316,0.0,0.0,0.0,0.012081116729886694,0.005721342603058219,0.0,0.002445862309245016,0.0,0.0,0.0,0.0,0.0,0.0,0.005721342603058215,0.00746410912053815,0.0,0.0,0.019380563421659527,0.021993040462968433,0.008642329754103957,0.013221665857423383,0.0,0.011220017039608938,0.0,0.0,0.018638048205772036,0.003785381489494057,0.0,0.0,0.0,0.0,0.0,0.020474342483288787,0.01158398298400969,0.019076307302189385,0.020377073647341922,0.0026182606179235516,0.022301548253063488,0.011068442202785822,0.0,0.004339119514177762,0.0,0.0,0.0014078158578421666,0.0,0.017965857304114298,0.0,0.0008229281391167151,0.003194158081115838,0.016657566114396685,0.004024820482763761,0.0,0.010311344664806488,0.0020990839767599133,0.014569956873098075,0.0,0.0,0.012318535678765813,0.0,0.0,0.0,0.0001601515435851626,0.0,0.0,0.010320296779991123,0.0005552518370539444,0.0,0.0,0.045423270521673276,0.008070508716194708,0.005095215176880337,0.01733970390268937,0.014854050102062097,0.01221079894671057,0.02856995380341602,0.0
LFQ intensity D2_2,0.0,0.011752574929079478,0.0,0.0,0.0028504404839786385,0.014996549827834068,0.015641949518210015,0.0,0.019883502248155802,0.011529181704320783,0.0,0.0,0.005905157933352822,0.010142949912116818,0.011006896144033178,0.0,0.0,0.0,0.0,0.0,0.009808378694666015,0.011079906115583685,0.0,0.0,0.006882906583299959,0.0011417385707485613,0.0,0.0,0.003305239803091219,0.012259157230601267,0.005467735049522859,0.006889652145164187,0.01756762940809614,0.0,0.0,0.01853402776228712,0.0,0.0038755508825462034,0.0,0.0,0.0,0.0015520180331353585,0.0,0.008064781593400674,0.01329882614332262,0.0,0.0,0.007612100885305837,0.0,0.0,0.01814710093894445,0.0,0.0,0.0,0.007856139315357486,0.02018719848825712,0.0,0.0,0.02385406073359362,0.0,0.0,0.012396508802177934,0.00501559873790565,0.005364665570526908,0.04530518864363564,0.0,0.037176231263726274,0.0,0.0,0.0,0.0,0.029551885600078244,0.0,0.026865812909699843,0.03914427286615392,0.0,0.0,0.005654805504645303,0.0,0.0,0.002515480159599993,0.0,0.0,0.0,0.01449705743494418,0.0,0.0,0.0,0.014299573532967302,0.004493147251342719,0.0,0.0024988683920964725,0.0006277047681287554,0.0,0.0,0.0,0.0,0.0,0.004493147251342717,0.010132631086208533,0.0,0.0,0.013889258712761905,0.021104620364992843,0.009909917502327838,0.015439770109129135,0.0,0.004361692646357562,0.0,0.0040248764302681555,0.013627669181199986,0.001935005085474582,0.0,0.0,0.0,0.0,0.0,0.03476922831730293,0.01660168120986544,0.018438898091613316,0.022722771784001332,0.004769712553714748,0.01949370600044942,0.009266808360718753,0.0,0.0049678198073871615,0.0,0.0,0.003837932178181602,0.0,0.017544699137735004,0.0008059146888102066,0.0,0.0,0.020700522583578223,0.003470888242710614,0.0,0.006765359566159125,0.005810449780080526,0.011859050088280688,0.0,0.0,0.013836564244913759,0.0,0.0,0.0,0.0044690329527825425,0.0,0.0,0.01491828755232074,0.0,0.0,0.0,0.032208934263748504,0.008674769854662983,0.007997119068592339,0.01706593213359983,0.014548710968458604,0.006886258748330921,0.03215020693630235,0.0
LFQ intensity D2_3,0.0,0.011987166365501066,0.0,0.0,0.005380761716202018,0.006961899879094759,0.020143460517088707,0.0,0.023402051781557277,0.008113774378940048,0.0,0.0,0.000600009815469195,0.010643197528855973,0.01137026957878448,0.0,0.0,0.0,0.0,0.0,0.004639739766339866,0.013547075428345701,0.0,0.0,0.006449940700515315,0.015316750669986424,0.0,0.0,0.00043545132844451616,0.006952465750584835,0.006004133052189195,2.2784871556093017e-05,0.014024392890528758,0.016679449996388047,0.0,0.016317131295733776,0.0,0.0,0.0,0.0,0.0,0.006370041737539811,0.0,0.013263453674205403,0.009763797350111311,0.0,0.00959109335531754,0.010762532002504783,0.0,0.005669091137272789,0.022357943428511707,0.0,0.0,0.0,0.016509357460168184,0.014919830011008536,0.0,0.0,0.026363362044043413,0.0,0.0,0.015096287176873805,0.0037272080059652215,0.0,0.04970017895836795,0.0,0.04017710189184716,0.0,0.0,0.0,0.0,0.009159820649377709,0.0,0.033118509077157125,0.038760445023529,0.0,0.0,0.01246214062999201,0.0,0.0,0.0,0.0,0.0,0.0,0.01564459837002566,0.0,0.0,0.0,0.016091834103049273,0.001717815985095058,0.0,0.005000627290294309,0.00031181352548933155,0.0,0.0,0.0,0.0,0.0,0.0017178159850950567,0.013233885045658747,0.0,0.0,0.00794197637297992,0.023021741929854605,0.010719321085117419,0.004057475779240561,0.0,0.005016350700898751,0.0,0.004628980842762345,0.022137781421960302,0.0,0.0,0.0,0.0,0.0,0.0,0.0,0.012160964259997221,0.012712692014553904,0.027031042047392703,0.0,0.019669760727824014,0.010999754818509531,0.0,0.0038881175351092568,0.0,0.0,0.019674832434859128,0.0,0.02130837430101494,0.007471411494487843,0.0013576757171711313,0.0,0.01871944905587554,0.0039476359543800165,0.0,0.007354199815334712,0.00640021176943646,0.013153222753110335,0.0,0.0,0.0,0.0,0.0,0.00044631345744029755,0.004695669392151577,0.0,0.0,0.017837832018314268,0.004730171499192643,0.0,0.0,0.03966623678122853,0.0025067848074295856,0.011782661956905046,0.017629825908844248,0.009225133472452216,0.0074423962706115935,0.030181510372952344,0.0
LFQ intensity D2_4,0.0,0.01293777767667971,0.0,0.0,0.0029599094182516483,7.076621273931028e-05,0.021491213030630955,0.0,0.021469975339423006,0.0005241652381230382,5.8783173605874654e-05,0.0,0.005387737277955905,0.012594745108883197,0.0041935211705282655,0.0,0.0,2.449639343274336e-20,0.0,0.0,4.7161955365916265e-05,0.012649035666538647,0.0,0.0,0.006190504057481454,0.005914335723966634,0.0,0.0,0.003978524274615335,0.013886122060582868,0.00643940397686165,0.009149090837726255,0.012264922889173826,0.0,0.0,0.014803425480091942,0.0,0.0,0.0,0.0,0.0,0.0,0.0,0.0208069294400811,0.005560210100359593,0.0,0.0,0.00818010401409151,0.0,0.0,0.020211906374143065,0.0,0.0,0.0,0.012158770181676978,0.025776488609425188,0.0,0.0,0.02477167518608184,0.0,0.0,0.011428768331085729,0.00654526675521247,0.004342171896311634,0.0516180948741158,0.0,0.04196397433573872,0.0,0.0,0.0,0.0,0.024877949888281223,0.0,0.03159927811174083,0.038030647794636836,0.0,0.0,0.00884212749092747,0.0,0.0,0.00312763406076795,0.0,0.0,0.0,0.016728716499326064,0.0,0.0,0.0,0.015758186053011783,0.005258160694443795,0.0,0.0025812409797999706,0.002579353562560457,0.0,0.0,0.0,0.0,0.000993243501735071,0.005258160694443793,0.010804344461107352,0.0,2.449639343274336e-20,0.014795662680055952,0.022954649133914408,0.008486929016015223,0.007872250638272607,0.0,0.016427374053404848,0.0,0.0,0.012458123389867832,0.003299672480313309,0.0,0.0,0.0,0.0,0.0,0.036772755978798026,0.015582850876424437,0.008891157465281735,0.015100380529902419,0.0,0.021745032782726183,0.01994912334074572,0.0,0.0,0.0,0.0,0.0,0.0,0.01762851682227897,0.0063390027731039635,0.0,0.0,0.020494641758403,0.0025798097082842457,0.0030263788127308563,0.005049872099320173,0.0057080806112284645,0.011323523527083563,0.0,0.0,0.0038200965667827425,0.0,0.0,0.0,0.0,0.010580382689748083,0.0,0.0055257429662291255,0.006715068691510123,0.0,0.0,0.03720350334465133,0.008479353060685525,0.013881748970207499,0.016521164456499274,0.013470492592665962,0.008996267939213608,0.0315058657833192,0.0
LFQ intensity D2_5,0.0,0.010849951236770053,0.01557751210812888,0.0,0.004055385692536577,0.006268610713958005,0.022874785767392106,0.0,0.022598695324571295,0.011881134781932607,0.0,0.0,0.006893772524779686,0.012530745181244302,0.013611432411793918,0.0,0.0,0.0,0.0,0.0,0.004177699035372641,0.016110299705287823,0.0,0.0,0.004918502525970003,0.0011981481640671785,0.0,0.0,0.004023565992551071,0.01696629754148877,0.008262538293656791,0.022499362738098102,0.01194937289482965,0.0,0.0,0.009884045866665372,0.0,0.0,0.0,0.0,0.0,0.0,0.0,0.007772952021964041,0.0,0.0,0.0,0.009679187905674149,0.0,0.0,0.018446605256473753,0.0,0.0,0.0,0.013914823554665692,0.026984225891129972,0.0,0.0,0.02923270849435497,0.0,0.0,0.015108649391667794,0.0013638437795967175,0.0,0.04828188010502565,0.0,0.040085703239608216,0.0,0.0,0.0,0.0,0.01615978326418564,0.0,0.03263653269383159,0.03910823022210811,0.0,0.0,0.005536064494674013,0.0,0.0,0.0031944879585513682,0.0,0.0,0.0,0.01588056912142193,0.0,0.0,0.0,0.012419301116537603,0.0052703220905236155,0.0,0.0027426187682614675,0.002604631007765621,0.0,0.0,0.0,0.0,0.0017964427944566486,0.005270322090523614,0.010420671086131561,0.0,0.0,0.013905344107703034,0.022364075555113272,0.00972637240882725,0.015002108725857704,0.0,0.001710046230812805,0.0,0.005035544633696819,0.008399056444558062,0.002643492200836075,0.0,0.0,0.0,0.0,0.0,0.020938841281080426,0.011004741500635988,0.009922792102226763,0.020704414589963506,0.003270066191288275,0.02173779082021089,0.010240299897908743,0.0,0.006596310859049207,0.0,0.0,0.011285989341268527,0.0,0.017028934541184024,0.0022615858377740394,0.0,0.0,0.014382860342458502,0.001482676796427966,0.0,0.012800504159639434,0.010140622103376696,0.01249450976695236,0.0,0.0,0.008816726192362389,0.0,0.0,0.0,0.0,0.0,0.0,0.006203429370438667,0.0,0.0,0.0,0.04200399798336659,0.005264186371639796,0.011384249042785875,0.01993371302439577,0.009903059208062448,0.01055439084511695,0.02981485267275261,0.0
LFQ intensity D2_6,0.0,0.01133008704420917,0.017441757924510366,3.8033568218239684e-19,0.003685330058344307,0.007026995825701223,0.023412020630690762,0.0,0.02281598836552915,0.013378131522476024,0.0,0.0,0.003567511502907186,0.01088642064940418,0.012485293042385727,0.0,0.0,3.8033568218239684e-19,0.0,0.0,0.004683122787834397,0.020897772609370337,0.0,0.0,0.007686491171770049,0.010865213534535284,0.0,0.0,0.0030714979630919997,0.013017770310390602,0.0054045513826416905,0.0104613041625269,0.013241477369320949,0.01676687730638823,0.0,0.016232273794641955,0.0,0.0011414355145868019,0.0,0.0,0.0,0.0,0.0,0.005762325227899083,0.011254789581765597,0.0,0.0,0.011307518114047925,0.0,0.0,0.021622644703755595,0.0,0.0,0.0,0.013867690282121689,0.014807027550598593,0.0,0.0,0.026844275820664044,0.0,0.0,0.01568554449878492,0.002082032979902118,0.0,0.04562926553548271,0.0,0.03840034977920975,0.0,0.0,0.0,0.0,0.021191508956524736,0.0,0.03201468083160344,0.03571362978985198,0.0,0.0,0.005997570032817411,0.0,0.0,0.002254255436687144,0.0,0.0,0.0,0.015213498703622106,0.0,0.0,0.0,0.015107248930173525,0.004300927126085905,0.0,0.00332133033315521,0.0012104183503785016,0.0,0.0,0.0,0.0,3.8033568218239684e-19,0.004300927126085903,0.01121833092708167,0.0,3.8033568218239684e-19,0.012733747025049523,0.022057848628347795,0.010535014183669988,0.0021536677432174188,0.0,0.0016650515880151488,0.0,0.0015364738956054704,0.013795978072544368,0.0014605315323995643,0.0,0.0020320911440923468,0.0,0.0,0.0,0.0,0.010261212773162092,0.014244834175644564,0.022533744859058433,0.0,0.012946101843162387,0.010096221781210215,0.0,0.013389162198222343,0.0,0.0,0.0036068162068023896,0.0,0.02087695847732441,0.004245461978988049,0.0,0.0,0.013205992726617103,0.005419880318825317,0.0,0.009962364073137712,0.008936433836763031,0.010962131388869732,0.0,0.0,0.012260448786850292,0.0,0.0,0.0,0.0,0.011137544346303959,0.0,0.01313436380674487,0.0,0.0,0.0,0.034426638546736874,0.007976376413739788,0.017853588120348773,0.023790555261950116,0.0,0.00818070257428053,0.03397494660075845,0.0
LFQ intensity D2_7,0.0,0.009852798679470488,0.026326678637524553,0.00078016906020436,0.004178477694275626,1.796700497437453e-19,0.01952707119101186,0.0,0.02017807014438091,0.012354692208304954,0.0,0.0,0.005992811487571132,0.0077655844054988045,0.008899734343358553,0.0,0.0,1.796700497437453e-19,0.0,0.0,6.737626865390449e-19,0.01948146273185239,4.491751243593632e-20,0.0,0.005441295229352673,0.0011274928258757039,0.0,0.0,0.0032911877521274555,0.01753789864887942,0.007105617001848298,0.008659477907574495,0.016300649030565866,0.0,0.0,0.02140989672726506,0.0,0.00567967137706663,0.0,0.0,0.0,0.0,0.0,0.003463994241632321,0.0035018515605058274,0.0,0.0,0.005959916698077998,0.002647904822776627,0.0,0.020586398154048495,0.0,0.0,0.0,0.013697812691055732,0.01596513288243103,0.0,0.0,0.024871161571361225,0.0,0.0,0.017961981694054042,0.0,0.002170102930748485,0.048602356312914395,0.0,0.03748774707183067,0.0,0.0,0.0,0.0,0.021653978562543412,0.0,0.03410646195591409,0.03288938989114262,0.0,0.0,0.009282960960593011,0.0,0.0,0.002511267484982923,0.0,0.0,0.0,0.019880906413633045,0.0,0.0,0.0,0.013596355021637021,0.0044642811352188375,0.0,0.0034314639131468564,0.005084768053678606,1.796700497437453e-19,0.0,0.0,0.0,0.0006050562070494826,0.004464281135218836,0.008227171723297486,0.0,1.796700497437453e-19,0.014953895378331382,0.021045255922387537,0.010903931356690856,0.014470230168071212,0.0,0.003750347335898048,0.0,0.0034607400890983415,0.011599653393415604,0.0019000318516941294,0.0,0.0,0.0,0.0,0.0,0.03491352476894936,0.013017334540581559,0.01687654103982743,0.024079948884661376,0.002965221534992855,0.020817051267530962,0.008761695952245737,0.0,0.004331297493077004,0.0,0.0,0.001347146387957163,0.0,0.018411303802398644,0.0,0.0,0.0,0.014016959283878836,0.003826472421301834,0.0,0.009484891886745603,0.007256871702112397,0.0055190223938687095,0.0,0.0,0.012998452907265416,0.0,0.0,0.0,0.0,0.009276508880898766,0.0,0.00787589144015941,0.0,0.0,0.0,0.037398347657415405,0.007366283153902511,0.012605185266874345,0.01764846015374632,0.008423201797784951,0.009395574265087333,0.030297285447646687,0.0
LFQ intensity D2_8,0.0,0.010672406677318162,0.015063400324433032,1.384709307602276e-19,0.0022821756930864745,0.006670821241586505,0.01876323900825577,0.0,0.019860642031259753,0.01169949882678354,0.0,0.0,0.0057130916434993215,0.006528897588039321,0.003909616892118652,0.0,0.0,1.384709307602276e-19,0.0,0.0,0.004445751178018672,0.019732758629563623,0.0,0.0,0.006473067333024982,0.0011586051301420695,0.0,0.0,0.00342545126700049,0.018652176058574697,0.01030507664784437,0.012933807921089883,0.015602538976463715,1.384709307602276e-19,0.0,0.015530258947651528,0.0,0.00164792940303718,0.0,0.0,0.0,0.0,0.0,0.009640976995083412,0.002119467435227809,0.0,0.0,0.01048513115573966,0.0,0.0,0.017463489734696542,0.0,0.0,0.0,0.015478163869850693,0.02492186016332865,0.0,0.0,0.02534884243159666,0.0,0.0,0.01455255747595398,0.0,0.0014884410697721395,0.04821680143781943,0.0,0.03874665434132075,0.0,0.0,0.0,0.0,0.02212188686351789,0.0,0.028589259941237552,0.03183786721622668,0.0,0.0,0.010700814467781544,0.0,0.0,0.002623986295617851,0.0,0.0,0.0,0.01349243803707336,0.0,0.0,0.0,0.017439955120341702,0.004630927634879092,0.0,0.0015148481836259242,0.0,0.0,0.0,0.0,0.0,0.00014633497483484362,0.00463092763487909,0.009675547068462352,0.0,1.384709307602276e-19,0.019433233736501514,0.021625983702284746,0.010156467215019779,0.013459857044147375,2.1924564037036037e-19,0.0044743634675106225,0.0,0.004128846647614083,0.021760244049444863,0.002037996599325317,0.0,0.0,0.0,0.0,0.0,0.020734914811118298,0.01170382849997987,0.015559942098185986,0.023944182084149123,0.0015435035145204595,0.020865941551876096,0.011616121703775946,0.0,0.0053774837197433124,0.0,0.0,0.003947840657993327,0.0,0.01878336497770526,0.001478227363390375,0.0022350443569806996,0.0032635727227690032,0.014296275073766145,0.005872820108700788,0.0,0.00928521605603352,0.007873233532708246,0.012852609391446312,0.0,0.0,0.0,0.0,0.0,0.0,0.0021292709170090754,0.0,0.0,0.010155191482987627,0.0018857284806732418,0.0,0.0,0.044824434060428506,0.00859278427822859,0.009708604761784196,0.015350005035356738,0.00881160664499028,0.01231046896636271,0.03098239971782867,0.0
LFQ intensity D2_9,0.0,0.0125799693449478,0.01970483169556757,0.0011630673689233878,0.003642746221196236,0.0063792062500847594,0.022251641461877438,0.0,0.021617513334061075,0.013149314898358008,0.0,0.0,0.004549172397227963,0.01059918210161547,0.012099384584492988,0.0,0.0,9.314535774334155e-20,0.0,0.0,0.0042514051379967015,0.016597612824379406,0.0,0.0,0.006673548176816906,0.002886430332076867,0.0,0.0,0.004378988711324454,0.01551248810585614,0.005501923267921937,0.002139528023801818,0.011659069664103752,9.314535774334155e-20,0.0,0.010834340824958905,0.0,0.0,0.0,0.0,0.0,0.0,0.0,0.014466511770972981,0.003942964581445455,0.0,0.004918517551317224,0.006635914826201595,0.0,0.0,0.0224633360363286,0.0,0.0,0.0,0.012409288208349063,0.019405563312948484,0.0,0.0,0.028297003554913904,0.0,0.0,0.018515904542092614,0.00040032504599435306,0.0,0.04475143671731984,0.0,0.03464408015174509,0.0,0.0,0.0033442210532898275,0.0,0.021705943251793352,0.0,0.03286244524929666,0.03747509839776173,0.0,0.0,0.009781445981313008,0.0,0.0,0.0035698085818400096,0.0,0.0,0.0,0.01683932443153375,0.0,0.0,0.0,0.012457405851593365,0.005595584585044742,0.0,0.0028683084158268573,0.003296210757234333,0.0,0.0,0.0,0.0,0.004347579627344686,0.005595584585044739,0.011094793843617034,0.0,9.314535774334155e-20,0.013277846416481935,0.02182075303576528,0.010148116134515505,0.00012352745291558545,1.746475457687654e-19,0.003468897115120839,0.0,0.0065745752781559775,0.013643345680811518,0.0031533590294040388,0.0,0.0002094084016339912,0.0,0.0,0.0,0.02025289506465531,0.010985801209848538,0.021399306004009497,0.012816508867986671,0.004172517799648285,0.022317385325288364,0.010053911793017867,0.0,0.004256346102243593,0.0,0.0,0.010824986664166602,0.0,0.021290512550304237,0.009851432035787297,0.0,0.0,0.019640286124876977,0.002108585571696656,0.0010336549174175724,0.008396137346569134,0.0,0.010969907881541119,0.0,0.0,0.0,0.0,0.0,0.0,0.00457589651246018,0.0,0.0,0.013859007120324937,0.010147045188123262,0.0,0.0,0.034355908172593014,0.00901638241759964,0.007122885776448353,0.018409215977849672,0.013336779510953474,0.007163981842264475,0.029366928037767588,0.0
LFQ intensity D3_1,0.0,0.009058393429230763,0.01472961124581169,0.0,0.0032629846558957726,0.00556926259857098,0.02111714241857807,0.0,0.019050029123059562,0.010346665958138749,0.0,0.0,0.006068668902174005,0.006668536576271547,0.00451780962964913,0.0,0.0,0.0,0.0,0.0,0.003711620333031708,0.016054394359595124,0.0,0.0,0.013205696168667935,0.001132931661300601,0.0,0.0,0.0035388523624841507,0.01601542154599003,0.007069320021159755,0.003475526000344752,0.014624669138657563,0.0,0.0,0.019912521109901646,0.0,0.0028179465003237507,0.0,0.0,0.0,0.0,0.0002455347150072928,0.008514773308702709,0.012100483634187663,0.0,0.0,0.008506686549436919,0.0,0.0,0.01832575439851493,0.0,0.0,0.0,0.015649067937599053,0.029508380440532705,0.0,0.0,0.02590697987112249,0.0,0.0,0.011321619336720566,0.0,0.011125552711363819,0.04853098818358261,0.0,0.035510279751178125,0.0,0.0,0.0,0.0,0.027190136760148743,0.0,0.0326455300863652,0.03401686467503636,0.0,0.0,0.009556178171847545,0.0010606839051875722,0.0,0.002755045051799786,0.0,0.0,0.0,0.013407197214072162,0.0,0.0,0.0,0.017422637810280115,0.004717670534963062,0.0,0.002811658830389675,0.0,0.0,0.0,0.0,0.0,0.0012135529774959042,0.004717670534963061,0.007336732246105712,0.0,0.0,0.018800603152513962,0.021146774691118943,0.01078156102905429,0.015007702858361352,1.8053674779175973e-19,0.00488141782648481,0.0,0.007773820098852778,0.013956039846668915,0.002457133049210602,0.0,0.0,0.0,0.0,0.0,0.019948446879554865,0.0032799499430002633,0.017214348519930246,0.019706224028223362,0.004285674293094195,0.023280283937135157,0.00769196687133107,0.0,0.0044604331122082225,0.0,0.0,0.0,0.0,0.017313035725839462,0.0006400073365228515,0.0008680034913072679,0.00782934847738923,0.013881162175529092,0.005589270905329308,0.0,0.010420076620963897,0.008845834393661307,0.011815374095525999,0.0,0.0,0.0,0.0,0.0,0.0,0.0,0.00691737328173378,0.0,0.01179668663788276,0.0,0.0,0.0009127721123238628,0.03097905065415855,0.009908850550296111,0.007971565980202955,0.020481297438125327,0.017391272608850324,0.008786132062494002,0.02630210367341726,0.0006327382662624597
LFQ intensity D3_10,0.0,0.009974980677500309,0.015946994156469396,7.329670181082905e-20,0.005746703080519788,7.329670181082905e-20,0.01741698551107233,0.0,0.021602667603281188,0.009546095156801318,0.0,0.0,0.0022327078629708697,0.007015742299672241,0.004890906379301018,0.0,0.0,7.329670181082905e-20,0.0,0.0,2.4432233936943016e-19,0.01921916178359128,0.0,0.0,0.0072214765822267955,0.0012265669664280473,0.0,0.0,0.0020712907927186563,0.022518196398668394,0.01209052050558249,0.013635564568280559,0.01097937918890459,0.016329127824369648,0.0,0.01741817090882731,0.0,0.0,0.0,0.0,0.0,0.0,0.0,0.013843052279874401,0.012844749847697113,0.0,0.0,0.0029231294468593794,0.0,0.0,0.0181605397568365,0.0,0.0,0.0,0.010871514200384598,0.025687256762744175,0.0,0.0,0.025577420326114694,0.0,0.0,0.013121927288865833,0.0,0.007569682148500028,0.04588289392252679,0.0,0.04062356359512883,0.0,0.0,0.0,0.0,0.02815996267596094,0.0,0.034978201663921224,0.032916651496990655,0.0,0.0,0.0058013973956159166,0.006942557018191499,0.0,0.0012236507895752818,0.0,0.0,0.0,0.013538518497714022,0.0,0.0,0.0,0.015861418159093903,0.0033470356882838457,0.0,0.004402561188828471,0.0,0.0,0.0,0.0,0.0,0.00257693058985743,0.0033470356882838444,0.010144070580456238,0.0,7.329670181082905e-20,0.008240145126105372,0.02289452768302615,0.010178873055293594,1.7102563755860112e-19,0.0,0.00668036037344949,0.0,0.009704053358235393,0.013832333426422623,0.001001643418361418,0.0,0.0,0.0,0.0,0.0,0.0,0.006491141252548856,0.0,0.02061747613106453,0.003714096497955322,0.022235941262061014,0.008409467182411914,0.0,0.009087374916758272,0.0,0.0,0.004520358776307316,0.0,0.01876754205689206,0.0045913783609964854,0.0,0.006520644863108444,0.018706163135339356,0.006509295328035955,0.0,0.006361920964605587,0.005206163173457292,0.017967351061432428,0.0,0.0,0.010379809520505783,0.0,0.0,0.0,0.0007565974478632461,0.0,0.0,0.016531226055910935,0.0,0.0,0.0,0.04668751721590436,0.008335178829341146,0.007862577439290263,0.014611409197715069,0.014764135604064558,0.014472517058527005,0.03593182097151683,0.0
LFQ intensity D3_11,0.0,0.006399449428298028,0.015476504791510151,2.1973385292578865e-19,0.002901027073854157,2.1973385292578865e-19,0.01682969419516017,0.0,0.020178199722617942,0.010481334416254613,0.0,0.0,0.0029596743804480943,0.003210600935029837,0.0012901503165311144,0.0,0.0,2.1973385292578865e-19,0.0,0.0,0.0,0.018508872810352222,0.0,0.0,0.010526777064370546,0.001161185092828515,0.0,0.0,0.0028080158236001803,0.022273273417726093,0.012588694468443235,0.01668752217749665,0.01586420339115678,2.1973385292578865e-19,0.0,0.015652078642722986,0.0,0.0004742853818818772,0.0,0.0,0.0,0.0,0.00025165794246677175,0.012145601375416917,0.011059006257693346,0.0,0.0,0.007846254470704517,0.0025285454749185117,0.0,0.010914882790829118,0.0,0.0,0.0,0.0105309994412065,0.04172403630758068,0.0,0.0,0.02451006387896639,0.0,0.0,0.01213573593759798,0.005770153639427906,0.0,0.048377671060615655,0.0,0.036331901780440344,0.0,0.0,0.0,0.0,0.02798378665546889,0.0,0.031454766548035855,0.03149396049394735,0.0,0.0,0.0066897499058380895,0.0005794015476473826,0.0,0.002005102817769664,0.0,0.0,0.0,0.01815980186910439,0.0,0.0,0.0,0.015942268372259007,0.004015998585930791,0.0,0.0021318994960985043,0.0,0.0,0.0,0.0,0.0,0.0013268617068080415,0.004015998585930788,0.007078984234382074,0.0,2.1973385292578865e-19,0.020168399680484214,0.021674140084090576,0.011063982341047019,0.0033486209470512457,0.0,0.007344927277990566,0.0,0.00677774136788509,0.01810824453259041,0.0016145303847243967,0.0,0.0,0.0,0.0,0.0,0.022358329916880942,0.006890565569072112,0.0,0.02013778269340521,0.0,0.02254939248258936,0.011590313837201516,0.0,0.00292191303188971,0.0,0.0,0.0037351157356330534,0.0,0.015606610630286196,0.001742646205148182,0.00018459284250309257,0.0,0.016102552980482666,0.005416858689128129,0.0,0.01090106030404832,0.008793149395802329,0.010792264038298695,0.0,0.0,0.02344880323701313,0.0,0.0,0.0,0.00036929545851208107,0.0,0.0,0.015507950324138391,0.0,0.0,0.0,0.04160977277556282,0.005904465493344034,0.008609240435816184,0.019537860119062295,0.013806849888068587,0.014565785505914659,0.03211885382917787,0.001420753257788274
LFQ intensity D3_2,0.0,0.013805478822275811,0.027463517229533527,0.0,0.0051092202643157085,0.006573804908741895,0.016104763183319354,0.0,0.019676098895947097,0.011606606230023176,0.0,0.0,0.0026572755041217285,0.012063385365514736,0.009019832625440491,0.0,0.0,0.0,0.0,0.0,0.004381094899516989,0.01667162596440659,0.0,0.0,0.009183587348125818,0.003395086942970767,0.0,0.0,0.002501629493560406,0.017659324376826244,0.005921988160927821,0.009564906354285358,0.0182346978518373,0.0,0.0,0.013935662719095033,0.0,0.0026865127295992827,0.0,0.0,0.0,0.0,0.0,0.01820420362136547,0.01409126039028765,0.0,0.0,0.0003835941642110607,0.0,0.0,0.01803109175958021,0.0,0.0,0.0,0.008596060573164485,0.03376454729505327,0.0,0.0,0.02480555636788534,0.0,0.0,0.00811164670902046,0.009794386731645864,0.00908488370603553,0.04402538721434707,0.0,0.04137789925492112,0.0,0.0,0.0,0.0,0.03057764019584062,0.0,0.030448589422732746,0.034489052312033676,0.0,0.0,0.008043964453048783,0.0,0.0,0.0016804809231416153,0.0,0.0,0.0,0.01577139633662346,0.0,0.0,0.0,0.01517340078190494,0.0037372426037871865,0.0,0.0047431310801906304,0.0021735159221831428,0.0,0.0,0.0,0.0,0.000633113268448036,0.003737242603787185,0.012672840152219547,0.0,0.0,0.007585753214910055,0.022171789796312874,0.011774609831424249,0.001130599583096605,0.0,0.012158668229700999,0.0,0.007005570689123459,0.014277777846104369,0.0018512773751545558,0.0,0.0,0.0,0.0,0.0,0.0,0.0036516480355578067,0.004819096387936488,0.013521675452130092,0.004743039156835308,0.019133235558828544,0.007724238468305686,0.0,0.0038470802201601684,0.0,0.0,0.004454485512310763,0.0,0.02191505075389356,0.010582214584290085,0.0,0.004003665250215841,0.013911444980121009,0.004016721025696153,0.0,0.006396453476736279,0.0058138697623577335,0.007246017354534851,0.0,0.0,0.0,0.0,0.0,0.00044033805165405037,0.0,0.0,0.0,0.018877374537043336,0.006999833988233694,0.0,0.0,0.035934692402914116,0.013222382142610503,0.007135202529623161,0.020324969421975883,0.017020868555734543,0.007332033282295202,0.036608094828333805,0.0
LFQ intensity D3_3,0.0,0.010291528501182104,0.014393113565616563,0.0,0.003277346683073254,0.0051621718865171974,0.017165099731478204,0.0,0.020366307310027455,0.010426591997503966,0.0,0.0,0.006179341159372126,0.0114149079083979,0.011415983977138309,0.0,0.0,0.0,0.0,0.0,0.003440315804379229,0.015822979867139323,0.0,0.0,0.009070710053164238,0.0011561178564524612,0.0,0.0,0.003655822843619274,0.019472500107702895,0.009862520104116023,0.0,0.015753637867008802,0.0,0.0,0.016010267936216807,0.0,0.0007238600971148421,0.0,0.0,0.0,0.0,0.0002505597452127331,0.009236429254744308,0.011010746424581495,0.0,0.00012124217879333936,0.006761106853706288,0.0,0.0,0.016130536475455738,0.0,0.0,0.0,0.01639226655091374,0.031855545814063246,0.0,0.0,0.023817538979889943,0.0,0.0,0.013512971037718422,0.0014523660507204917,0.0,0.04373094583095536,0.0,0.0377327513055684,0.0,0.0,0.0,0.0,0.027746600877678298,0.0,0.030679041736395386,0.03528445690090155,0.0,0.0,0.005682138431584117,0.0,0.0,0.0028559504064429382,0.0,0.0,0.0,0.015474019349885258,0.0,0.0,0.0,0.013577144889454138,0.004858778990057425,0.0,0.0022350244831123205,0.0015808399100613363,0.0,0.0,0.0,0.0,0.0037961625247489948,0.004858778990057424,0.007434775639584238,0.0,0.0,0.01915743663688305,0.02157955741012081,0.010666386795732077,0.014949487303312402,0.0,0.006414474293534076,0.0,0.009255401185503775,0.013134486588670785,0.0026493781728721306,0.0,0.0,0.0,0.0,0.0,0.02052665978300549,0.0021122090079914247,0.0068101482570175715,0.017792575099796207,0.0048010597577892245,0.020051844127415966,0.007337262073681014,0.0,0.006202788518768406,0.0,0.0,0.005309907972819854,0.0,0.01768249100771061,0.004713926935193961,0.002105400907302232,0.001983348791734782,0.014876020664109205,0.008026580589965103,0.0,0.01025897379210664,0.00842737186799081,0.008677109188040774,0.0,0.0,0.01629312799108812,0.0,0.0,0.0,0.0,0.005835405169217093,0.0,0.017941057349362168,0.0,0.0,0.0,0.03421917935810354,0.006093437281070721,0.008564471614750553,0.01534009403865177,0.013444427838531007,0.012260870115408449,0.03137579762524044,0.0
LFQ intensity D3_4,0.0,0.009273664609180745,0.01577030003174166,0.000986263608651414,0.005962809656746057,0.005372037578456796,0.016552197871114626,0.0,0.01828832187644005,0.010273729285285915,0.0,0.0,0.006543178006077316,0.007016840601320047,0.005408225745677547,0.0,0.0,0.0,0.0,0.0,0.003580180239862777,0.017469034129563177,0.0,0.0,0.010781322863661404,0.0011778520510513726,0.0,0.0,0.003996153507857579,0.018866256451000943,0.011559656030812495,0.01256115855773687,0.015269950363485975,0.0,0.0,0.014163427578304306,0.0,0.004532039243122525,0.0,0.0,0.0,2.1773519291424995e-05,0.00025527009046923143,0.0093346504837262,0.01168193139805541,0.0,0.0,0.0,0.0,0.0,0.020535851782676515,0.0,0.0,0.0,0.017251468380490187,0.02299005285356129,0.0,0.0,0.025431520525139768,0.0,0.0,0.015221556671997287,0.0,0.010706819857148839,0.046295799242532784,0.0,0.0359246944329813,0.0,0.0,0.0,0.0,0.02467549342040822,0.0,0.033570347649026167,0.03747345183567632,0.0,0.0,0.01017067387656672,0.003135383641800105,0.0,0.0031810977531357646,0.0,0.0,0.0,0.013116980827374891,0.0,0.0,0.0,0.015257297183605157,0.005221801694493319,0.0,0.00467198617466705,0.0,0.0,0.0,0.0,0.0,0.005543931540892876,0.005221801694493317,0.010182906155222738,0.0,0.0,0.008297005584356016,0.02198523776311602,0.010397697216936598,0.013914593374731601,0.0,0.005328752883825815,0.0,0.008316240107522391,0.01279656187124653,0.0028876596968657174,0.0,0.0,0.0,0.0,0.0,0.0,0.008884277958761537,0.0,0.018571134380974057,0.0032695974612898383,0.026070027823757485,0.009367371490759191,0.0,0.003915728684390056,0.0,0.0,0.0022271719987659753,0.0,0.022472999920057232,0.0,0.0016148807809811174,0.001486340011003604,0.021475189397497294,0.007781486053391766,0.0,0.015386436208128993,0.007859502101473506,0.016458208834457547,0.0,0.0,0.002877265188067543,0.0,0.0,0.0,0.0,0.0,0.0,0.014706198613961396,0.0,0.0,0.0,0.03967847791190482,0.0,0.011558216229237092,0.019944420377830806,0.014754994571035279,0.014086236687911374,0.027531196369915877,0.0016197498732615446
LFQ intensity D3_5,0.0,0.011158477768579773,0.013807711705785463,0.001131465619776461,0.0023467353991465465,0.00662661963984317,0.014244938944146957,0.0,0.02086910258424328,0.009252160027541534,0.0,0.0,0.00769947713104471,0.006850124221845396,0.0037288062390072557,0.0,0.0,0.0,0.0,0.0,0.004416293137411061,0.01994771079414481,1.9686798044979516e-19,0.0,0.007140035104930268,0.0011627443732991412,0.0,0.0,0.005306595238190117,0.019430955027362026,0.012094610760858859,0.006483216074938956,0.01666842764796284,0.014511835027773045,0.0,0.01732087162819566,0.00024258973284120984,0.006268794156024292,0.0,0.0,0.0,0.0,0.0,0.011098040822223928,0.01107385668299466,0.0,0.0,0.006226899980986043,0.0,0.0,0.020127146185277247,0.0,0.0,0.0,0.006599231990571402,0.03186500835855829,0.0,0.0,0.02344392384498538,0.0,0.0,0.013446122902463034,0.0010461841936503364,0.01447990926503658,0.042986599031751394,0.0,0.038256005837171154,0.0,0.0,0.0,0.0,0.024358994075146398,0.0,0.0324925973988057,0.033780213530829314,0.0,0.0,0.006525542944189802,0.0005801795885673797,0.0,0.004501260366616189,0.0,0.0,0.0,0.013951758763423612,0.0,0.0,0.0,0.017826437111537148,0.0065169103340973365,0.0,0.0010729956979524254,0.0,0.0,0.0,0.0,0.0,0.0054651821559557326,0.006516910334097334,0.009766187420629898,0.0,0.0,0.018803540950348908,0.021703244887070986,0.010044706831856723,0.014135317950640195,0.0,0.006613503272281787,0.0,0.009458183299609626,0.01246973867230463,0.004299445666246521,0.0,0.0,0.0,0.0,0.0,0.0,0.0014429870313849632,0.0007757869770838823,0.015423607489513316,0.0,0.01472150778801358,0.015148029170360058,0.0,0.0,0.0,0.0,0.006329435248299109,0.0,0.017501596536637146,0.006080082259451349,0.00101209847607684,0.00033990562430839496,0.024148541929047414,0.00542183586100484,0.0,0.011511207469551891,0.004744433454324391,0.013934944113828378,0.0,0.0,0.0,0.0,0.0,0.0,0.0012848444131966722,0.0,0.0,0.011048287536324126,0.00502214230602895,0.0,0.0,0.041930164711393915,0.007407990016789612,0.009741166354654213,0.01962148047454735,0.013468193434187353,0.014774800612187633,0.026922852379034704,0.0
LFQ intensity D3_6,0.0,0.0073302008500814465,0.0,0.0,0.002476709992551605,0.0,0.015433072726612969,0.0,0.018198119486832066,0.010434908033829111,2.6104902705045534e-19,0.0,0.0044876874383633575,0.008729558790403174,0.0,0.0,0.0,0.0,0.0,0.0,4.7463459463719153e-20,0.009645567649558432,0.0,0.0,0.009501485221645489,0.0011913996820930698,0.0,0.0,0.004334062326096117,0.01075045652047525,0.00645435007152604,0.01191205618207537,0.017749806134367677,0.0,0.0,0.015644067023710927,0.0,0.005186607471512517,0.0,0.0,0.0,0.005957785255876241,0.00025820620201106144,0.014830111162829751,0.016156676826637774,0.0,0.004326745285520032,0.023161290912693644,0.0,0.0,0.026364146754432185,0.0,0.0,0.0,0.015882075435930215,0.02079078820235589,0.0,0.0,0.02262308544290864,0.0,0.0,0.014146382352520793,0.0,0.014373633334002918,0.04595089011360586,0.0,0.040035407511751345,0.0,0.0,0.0,0.0,0.03135265662099861,0.0,0.03185243871706565,0.03636591623945815,0.0,0.0,0.0048901304185020675,0.0,0.0,0.0035094745766554403,0.0,0.0,0.0,0.014468558296170837,0.0,0.0,0.0,0.015534109487896247,0.005573891003682773,0.0,0.0011715688105592345,0.0,0.0,0.0,0.0,0.0,0.0,0.005573891003682771,0.010078585190485923,0.0,0.0,0.019019744196673582,0.02223811153390321,0.010932935212022068,0.0,2.4918316218452556e-19,0.018093857779649128,0.0,0.0008131147270700777,0.014608112572545712,0.0040766853220994,0.0,0.0,0.0,0.0,0.0,0.021703333007813113,0.0012633449976436006,0.0,0.018746669475218736,0.005372755016258731,0.017270947128678927,0.005887402778018782,0.0,0.006069916137360701,0.0,0.0,0.0010002103506292187,0.0,0.023471013665910572,0.008687977362670561,0.0,0.007229534095294946,0.012282578252867132,0.004682749733072661,0.0,0.005483145323496138,0.005942623812793199,0.011352318300875656,0.0,0.0,0.0,0.0,0.0,0.0,0.002614165114820463,0.0,0.0,0.01695357061660511,0.014743143017846426,0.004142203726229109,0.0,0.04000676495867176,0.012880579703083055,0.0035961663833555093,0.01993172587831478,0.010879572261507077,0.007108864657273657,0.036225602139758485,0.0
LFQ intensity D3_7,0.0,0.009592662025402245,0.01654412787225807,2.3043903912787036e-19,0.004071622305751036,0.004700946376223326,0.0157828147856593,0.0,0.02004823403332051,0.010573216972594566,0.0,0.0,0.005063830544837125,0.006884398010806485,0.005205601865816496,0.0,0.0,2.3043903912787036e-19,0.0,0.0,0.0031329332825784217,0.012912435368969915,0.0,0.0,0.010444657918493694,0.0011568688884493947,0.0,0.0,0.0040929953843180725,0.019974997145524608,0.011028229714651177,0.020869247968250956,0.012777670749549922,2.3043903912787036e-19,0.0,0.011713417537015129,0.0,0.005638396501950533,0.0,0.0,0.0,0.003254061220621308,0.0,0.010415744588180875,0.011017899175340158,0.0,0.0,0.0,0.0,0.0,0.016237457158759412,0.0,0.0,0.0,0.017180273347362645,0.0352392423589973,0.0,0.0,0.02568599379463639,0.0,0.0,0.015681932275745505,0.0,0.005715265788983209,0.04789296312302476,0.0,0.03618393332938984,0.0,0.0,0.0,0.0,0.027764625497701787,0.0,0.032465435512584656,0.034629256476771085,0.0,0.0,0.00995305027629985,0.003687095074214441,0.0,0.003292369158825772,0.0,0.0,0.0,0.013183524366003509,0.0,0.0,0.0,0.016074000164436844,0.005296856765978885,0.0,0.0033051777092598746,0.0,0.0,0.0,0.0,0.0,0.003942573035178922,0.005296856765978883,0.008851759905006773,0.0,2.3043903912787036e-19,0.013592809252893329,0.02159357582355847,0.00954041207795148,0.005173828851364015,1.3826342347672223e-19,0.00713248384002341,0.0,0.006581703119533699,0.01304632900907781,0.0028865846611506396,0.0,0.0,0.0,0.0,0.0,0.020527608086688198,0.004132406458861526,0.0,0.01806450640636784,0.003409536870583418,0.01911131265612548,0.007905321687596114,0.0,0.002788220700789987,0.0,0.0,0.0037904797357209644,0.0,0.0187897910231728,0.0,0.003310350509094949,0.0,0.016256102398406722,0.00858804765355858,0.0,0.013666736418089291,0.00874198048445604,0.01635890488212861,0.0,0.0,0.0,0.0,0.0,0.0,0.00030144114724754586,0.0,0.0,0.013670434419166454,0.0,0.0,0.0,0.04074974171039468,0.004706204831160399,0.010376692943693587,0.019557585580675815,0.01681088143072396,0.013654185423666651,0.028321438618669943,0.0024057091657038285
LFQ intensity D3_8,0.0,0.008187872687110855,0.013552005844041178,1.393280750715334e-19,0.003142111979047156,0.005624315769722545,0.020798301496286517,0.0,0.018552880049429298,0.010924719274306709,0.0,0.0,0.004404662168667534,0.007325955499704653,0.004169462969234109,0.0,0.0,1.393280750715334e-19,0.0,0.0,0.0037483103733785975,0.015454076928934444,0.0,0.0,0.010969091348807776,0.0024718752509715206,0.0,0.0,0.0042543593816095895,0.01785599480746505,0.009377647108032378,0.011543497401089597,0.015901428763855096,1.393280750715334e-19,0.0,0.016628739528902862,0.0,0.0037938755708774997,0.0,0.0,0.0,0.0,0.00025265311816860726,0.015240194549068067,0.011102738850458352,0.0,0.0,0.008189178671343781,0.0,0.0,0.01683609943306101,0.0,0.0,0.0,0.016268133264323054,0.03846869922367624,0.0,0.0,0.024986435555965605,0.0,0.0,0.014737235331196627,0.0,0.014603712699277837,0.04520856360619803,0.0,0.037210817052913174,0.0,0.0,0.0,0.0,0.02797841777965291,0.0,0.03185607553814849,0.03347109929858182,0.0,0.0,0.006055324497578237,0.0,0.0,0.00344749826486603,0.0,0.0,0.0,0.012725689444312516,0.0,0.0,0.0,0.011724374787473324,0.00546752766256997,0.0,0.002369908711953712,0.0,0.0,0.0,0.0,0.0,0.00386582241085795,0.005467527662569969,0.007335235322546113,0.0,1.393280750715334e-19,0.02018275735179301,0.021759849986024118,0.010661481137587981,0.0006904126498487555,0.0,0.007006431396809592,0.0,0.0064653846283413636,0.01589655590437646,0.0030258607630124276,0.0,0.0,0.0,0.0,0.0,0.019866262419532772,0.0005993483149820369,0.002761202549608432,0.021384745254263048,0.001694623313166958,0.020006499089173974,0.008839818869151401,0.0,0.004749994630042385,0.0,0.0,0.0,0.0,0.01728654414966525,0.0034405528463124654,0.0,0.003994887249408173,0.014167296856542623,0.004525126978724208,0.0,0.010446228403595272,0.008962766917231201,0.01412031925738581,0.0,0.0,0.0027603928907626446,0.0,0.0,0.0,0.0007220406340230709,0.0,0.0,0.018624292894187718,0.0038472552969199807,0.0,0.0,0.03715489464645928,0.007566595446375345,0.008659451366206168,0.01672492984555549,0.014430493051936787,0.011263582523620244,0.032160973549137134,0.0
LFQ intensity D3_9,0.0,0.009226637469932438,0.0,0.0,0.00414171141287412,0.002893179938932864,0.018029181459201387,0.0,0.020769904455974184,0.009300039109523909,0.0,0.0,0.0046395520359080724,0.007129839989830574,0.0060844181082931,0.0,0.0,0.0,0.0,0.0,0.0019281521203934628,0.008151852820629822,0.0,0.0,0.009391520104896878,0.00024768834188574815,0.0,0.0,0.004484345233756701,0.018773980241550664,0.011158645333294397,0.017589178310684347,0.016609595333300635,0.0,0.0,0.014314793568833313,0.0,0.0031348460280014845,0.0,0.0,0.0,0.006685723110759914,0.00026109764265705356,0.006563482238213432,0.011473830055630454,0.0,0.0,0.007752378676739618,0.0,0.0,0.018851445522562203,0.0,0.0,0.0,0.016683036959536844,0.031002703776454622,0.0,0.0,0.02549223877069123,0.0,0.0,0.01238879357765791,0.0,0.01494892236402847,0.050218318241667066,0.0,0.03949534423490692,0.0,0.0,0.0,0.0,0.028913551435636467,0.0,0.03393819197817681,0.0325856938898028,0.0,0.0,0.008805372870658686,0.0,0.0,0.0036504687972819913,0.0,0.0,0.0,0.013039230596330949,0.0,0.0,0.0,0.014798855780835509,0.005738086706968226,0.0,0.0033435652810273075,0.0,0.0,0.0,0.0,0.0,0.0009403118020525702,0.005738086706968223,0.008469702267651667,0.0,0.0,0.014148402263453062,0.022487138006073753,0.011058239395094665,0.0013241522136329517,0.0,0.005253234696856727,0.0,0.008324148770766232,0.013586198196025788,0.003335664005515682,0.0,0.0,0.0,0.0,0.0,0.022141479789341157,0.0,0.007080596567655385,0.018025661946033528,0.005363913685967037,0.016413594878118255,0.0032030382369781676,0.0,0.006301124704785553,0.0,0.0,0.004901423079990163,0.0,0.020056788386357573,0.004145880983890133,0.0017802355237385606,0.002067937895948001,0.011802412252350496,0.006633155033471297,0.0,0.008285283371147869,0.007653997108074505,0.015637782677801713,0.0,0.0,0.0,0.0,0.0,0.0,0.0,0.0,0.0,0.01875294904977131,0.003718491008343303,0.0,0.0,0.04285945894612411,0.01089515666479794,0.009506456230854233,0.019605816763693492,0.012868272871157705,0.013449063236438845,0.03149724195761502,0.00605811489954081
LFQ intensity D4_1,0.0,0.008918560235913505,0.014703582027668066,0.0,0.003672927904361088,0.004352123707248805,0.013706251779002159,0.0,0.014795767652682382,0.009543316497935087,0.0,0.0,0.00475237115896789,0.0061197768423862245,0.0037145508619936514,0.0,0.0,0.0,0.0,0.0,0.002900461337168551,0.0164373574639191,0.0,0.0,0.007239342830566365,0.0011041463737503183,0.0,0.0,0.004610806458848863,0.01597451285383928,0.009252426805878691,0.010827090621256866,0.015620764113449379,0.0,0.0,0.0139029858983777,0.0,0.007463804346740502,0.0,0.0,0.0,0.0,0.0,0.007507935005832585,0.012428654324239615,0.0,0.002936521041795268,0.013827494784058966,0.0,0.0,0.01317819604453065,0.0,0.0,0.0,0.0115428875753739,0.03435947222458887,0.0,0.0,0.022313229400182447,0.0,0.0,0.004647706054251391,0.0,0.02026642724299048,0.04325259053708851,0.0,0.03790019055738815,0.0,0.0,0.0,0.0,0.03349109642151789,0.0,0.026153847094845677,0.026989732337640304,0.0,0.0,0.006004656013201544,0.0,0.0,0.0038462881843254076,0.0,0.0,0.0,0.01217984814781612,0.0,0.0,0.0,0.015663455295836366,0.005760004224813349,0.0,0.0029414445758907484,0.0,0.0,0.0,0.0,0.0,0.0,0.005760004224813348,0.0076402611863906535,0.0,0.0,0.01432958488759994,0.020609481921363096,0.011297777014218722,0.0,0.0,0.009961248864065679,0.0,0.009428263603825135,0.016280758066675234,0.003906609761148891,0.0,0.0,0.0,0.0,0.0,0.03465580872754777,0.0,0.0013641595999103022,0.01998136280821298,0.0037880618491700677,0.01732158035791126,0.00788412847736816,0.0,0.0072275374461033305,0.0,0.0,0.0029682766963649034,0.0,0.016546607555471746,0.003238774764402293,0.0,0.009283429122739066,0.013673677469326427,0.004527927115832956,0.0,0.010396064091503267,0.00828562371207698,0.014111515890345937,0.0,0.0,0.017997589579919204,0.0,0.0,0.008032993135272618,0.0009345839304052711,0.0,0.0,0.013744428093155797,0.0,0.0,0.0,0.0308113828160946,0.014324533226605445,0.008186344852908912,0.017269697856575165,0.01773896275814099,0.010980974683032317,0.03842779687691261,0.00027758211642620707
LFQ intensity D4_10,0.0,0.010147197967568983,0.009565614589988381,0.0,0.0032535533495197254,0.0055343602281926795,0.016021064726341697,0.0,0.016657071829936528,0.009825969293980984,0.0,0.0,0.004686570047801995,0.0076997112800716,0.0051634858346423455,0.0,0.0,0.0,0.0,0.0,0.003688359740579063,0.01437605293750764,0.0,0.0,0.011071806715847099,0.0,0.0,0.0,0.004537096287162349,0.016567487964757387,0.009165207518146238,0.0159274417894542,0.016250834007811778,0.0,0.0,0.012684927052320726,0.0,0.007976752095719537,0.0,0.0,0.0,0.0,0.0,0.005049271218710532,0.013919827840498875,0.0,0.005431729113744123,0.0037927178223763117,0.0,0.0,0.016632420266309643,0.0,0.0,0.0,0.016922876791860296,0.037028314261821946,0.0,0.0,0.026862060500802178,0.0,0.0,0.009452521262449061,0.004682664209418608,0.021734896584141024,0.03319328276354222,0.0,0.03964892017057918,0.0,0.0,0.0,0.0,0.029555478707659018,0.0,0.03290703784619195,0.02826845855946966,0.0,0.0,0.01048066121861889,0.0,0.0,0.0037323703321013187,0.0,0.0,0.0,0.01402937380591442,0.0,0.0,0.0,0.01699455069982099,0.005746899387049081,0.0,0.002483527579295396,0.0,0.0,0.0,0.0,0.0,0.0,0.005746899387049078,0.007434044785591025,0.0,0.0,0.019540446199470592,0.021697985382614773,0.011314464752536422,0.0,0.0,0.009001997533137018,0.0,0.009920891785238861,0.013215630729155346,0.003695740952038061,0.0,0.0,0.0,0.0,0.0,0.02370966375201998,0.0,0.0,0.020213835563539905,0.0031786297265928706,0.01680905718258248,0.007250634494277621,0.0,0.0009916241262808627,0.0,0.0,0.002869066473176544,0.0,0.02103671625887584,0.010453183877247911,0.0,0.012393795699629917,0.01440278708805936,0.007649640098027648,0.0,0.010392214404930733,0.008754158882893413,0.011186355608619709,0.0,0.0,0.0,0.0,0.0,0.005239096972526305,0.0,0.0,0.0,0.015987431026501003,0.004302812882315979,0.0,0.0,0.02706724602490071,0.008980077757961141,0.008618712087630839,0.016531398474999123,0.012667826807704721,0.011245359108078862,0.035200737825478966,0.0019494100885906057
LFQ intensity D4_11,0.0,0.003737228971033096,0.013810614886769906,0.0,0.003049487347645081,0.0027732107807530294,0.015216457038351219,0.0,0.01960584699993075,0.011380233105023372,0.0,0.0,0.004766045597295131,0.00437594022024694,0.0034115040609878932,0.0,0.0,0.0,0.0,0.0,0.0018481989921370896,0.014735014929135272,0.0,0.0,0.011066602462081306,0.0,0.0,0.0,0.0022788135079826717,0.014868222996620434,0.008075843987155759,0.006345610549345944,0.019560658529627444,0.0,0.0,0.013152055725489132,0.0,0.005400557328780288,0.0,0.0,0.0,0.0010245164459018546,0.00027755002485545694,0.005858855720302016,0.013936474882491041,0.0,0.0031340772649314152,0.004026847464999936,0.0,0.0,0.017947938389057807,0.0,0.0,0.0,0.0064872693272458965,0.04096252669442206,0.0,0.0,0.024765508503821237,0.0,0.0,0.007673045374150512,0.0037731378060534486,0.017285819259298917,0.04175670107401627,0.0,0.030818255425118048,0.0,0.0,0.0,0.0,0.040827245011465146,0.0,0.025722214105593267,0.03156656530650905,0.0,0.0,0.01066974883580426,0.0,0.0,0.003607876054181972,0.0,0.0,0.0,0.015496743157453108,0.0,0.0,0.0,0.02268217513139334,0.003610847905265047,0.0,0.002201249638416514,0.0,0.0,0.0,0.0,0.0,0.0,0.003610847905265046,0.007658183434228883,0.0,0.0,0.02075893455609541,0.023904105946724936,0.013086394442794936,0.014604117886961558,0.0,0.010556456074342895,0.0,0.009679853205817521,0.02252629926114542,0.0011327444792437566,0.0,0.0,0.0,0.0,0.0,0.023129271775206788,0.0,0.0,0.023030946017825713,0.005876431691353308,0.019115328934599315,0.0048489344759331246,0.0,0.00596714115631756,0.0,0.0,0.0,0.0,0.01588189701369265,0.009833864124252804,0.0,0.007680237419434103,0.015759693018925786,0.001059071737297556,0.0,0.006806628991344695,0.005634295144351502,0.009733344298398745,0.0,0.0,0.0,0.0,0.0,0.0013972885816076386,0.0,0.004314734721051386,0.0,0.01843054099325845,0.0,0.0,0.0,0.03387299848741486,0.015165693739803653,0.00949501086087555,0.02252478997145068,0.01375212228972027,0.008936840450044238,0.034663620094079944,0.0
LFQ intensity D4_12,0.0,0.008826989011100694,0.015359592749508037,0.0,0.0039900323021541005,0.005406449829769724,0.01049766988356662,0.0,0.01628474713046724,0.009523265697288041,0.0,0.0,0.0027432377987739167,0.004806383365779214,0.0027014302553581768,0.0,0.0,0.0,0.0,0.0,0.003603114193760234,0.010786498026799289,0.0,0.0,0.010065217613492905,0.00021974250352224203,0.0,0.0,0.0025938395876538667,0.018112579787995572,0.008971352067339218,0.02910968290120445,0.016318979871576045,0.0,0.0,0.01522258040184017,0.003762752475141427,0.006278171202473099,0.0,0.0,0.0,0.005921517409921275,0.0002475271690331436,0.006119117024831245,0.014660265127813382,0.0,0.0,0.0003185426664050996,0.0,0.0,0.01644844464523812,0.0,0.0,0.0,0.012913064563475048,0.040790164658918895,0.0,0.0,0.023548686232284094,0.0,0.0,0.007256050420664133,0.003115942087797976,0.017816523593751587,0.03634251101301068,0.0,0.02807320767111158,0.0,0.0,0.0,0.0,0.03134542610593512,0.0,0.022649411783870966,0.02961815394934256,0.0,0.0,0.006235159056180471,0.0,0.0,0.0018041963164630965,0.0,0.0,0.0,0.014603003725246672,0.0,0.0,0.0,0.0205342496064471,0.0037819463834161326,0.0,0.002738629259855545,0.0,0.0,0.0,0.0,0.0,0.001011330011640288,0.0037819463834161317,0.008092701740917698,0.0,0.0,0.013420850734052112,0.02131837558415702,0.010927831655711269,0.0016077583065608034,0.0,0.01025777469414199,0.0,0.008751811566970335,0.016348616698631267,0.0018702695379824552,0.0009017670684553763,0.0,0.0,0.0,0.0,0.020529522449449222,0.0,0.002282852824321367,0.019590388536112866,0.004157821521228919,0.02002592671310079,0.010342435224744227,0.0,0.005740623108055809,0.0,0.0,0.011322217822005144,0.0,0.015156828711354365,0.02109933698962803,0.0010206622217760915,0.009245540626883444,0.017030522206905655,0.011168522096738331,0.0,0.011542520738109931,0.008328466585206543,0.00731477195716849,0.0,0.0,0.0,0.0,0.0,0.002018650516657139,0.0,0.0,0.0,0.01619421822838225,0.011015150579064258,0.0,0.0,0.02745111247379482,0.006064646197212979,0.008467926311861424,0.015627828189409186,0.014857911030099494,0.01096636414228027,0.035755178153624445,0.005324970734609485
LFQ intensity D4_2,0.0,0.008905832477351027,0.015449843449385213,6.509402403909005e-20,0.004618253326157394,0.005402251379096668,0.017243630616694167,0.0,0.015303088469210805,0.010738713027845199,0.0,0.0,0.006666387710112118,0.003295109023384621,0.0015725441678884333,0.0,0.0,6.509402403909005e-20,0.0,0.0,0.003600316147410375,0.015982498225016545,0.0,0.0,0.011555423294832536,0.0,0.0,0.0,0.00402690636417593,0.020530110487003886,0.011249147262106528,0.01926373032985702,0.01583828600629724,6.509402403909005e-20,0.0,0.013322841549018584,0.0,0.003985814543030656,0.0,0.0,0.0,0.0,0.0,0.011071184750215861,0.013806144866128082,0.0,0.0,0.0,0.0,0.0,0.015191251685598999,0.0,0.0,0.0,0.019244330089418022,0.04158385083442465,0.0,0.0,0.02431211838372237,0.0,0.0,0.013425402901644786,0.0009661601899062041,0.0,0.037877630108922686,0.0,0.03760436695965465,0.0,0.0,0.0,0.0,0.03316122363961592,0.0,0.029025592750800126,0.02579932884235016,0.0,0.0,0.006977957579967338,0.0,0.0,0.003204603647589628,0.0,0.0,0.0,0.018516336600212974,0.0,0.0,0.0,0.016233074982464363,0.0052634547581503635,0.0,0.003316156683744446,0.0,0.0,0.0,0.0,0.0,6.509402403909005e-20,0.0052634547581503635,0.008884135919443849,0.0,6.509402403909005e-20,0.014344528121646162,0.022180786239698574,0.010919001658761716,0.01565584151550687,0.0,0.007990749854215893,0.0,0.007373692590481018,0.014166685675093183,0.0028335694196459623,0.0,0.0,0.0,0.0,0.0,0.021137099943450467,0.0,0.005536534510837574,0.021129244678257997,0.000817519521415178,0.019123409126623803,0.007355522863888186,0.0,0.00776943087789279,0.0,0.0,0.00484709226234919,0.0,0.018780844192664483,0.0,0.0019733500082326936,0.007519365619051078,0.012318450873045029,0.008311478163940386,0.0,0.008783991852678438,0.008139473270480205,0.010566433933160832,0.0,0.0,0.0,0.0,0.0,0.0024729399375172227,0.0,0.0,0.0,0.015118901286874677,0.0,0.0,0.0,0.0382978293551137,0.007561720862004696,0.008810486646857924,0.026426993264525713,0.013234272080556435,0.013447822012166795,0.031808431507385215,0.003968017485979282
LFQ intensity D4_3,0.0,0.009671212492715004,0.005559229570577391,0.0,0.0018776267489815062,0.0007667545117988212,0.015010612996724484,0.0,0.011886163809668449,0.009444021332456573,0.0,0.0,0.004943879921203104,0.00622786527554308,0.002764107802511569,0.0,0.0,0.0,0.0,0.0,0.0005110015169991322,0.016885557436724603,0.0,0.0,0.01085486219281946,0.0,0.0,0.0,0.00478954110049261,0.022305178822785838,0.011432701234679083,0.012314433751797697,0.015203365401228939,0.0,0.0,0.01275329524413971,0.0,0.010462424994042277,0.0,0.0,0.0,0.0,0.0,0.006539801307684665,0.012684853982528256,0.0,0.005054517242535234,0.0005464461058307357,0.0,0.0,0.012800036893841423,0.0,0.0,0.0,0.013390317101942642,0.0434661630470345,0.0,0.0,0.023730260083091478,0.0,0.0,0.003914683005937422,0.007703232240757163,0.007957476737499034,0.039160944459558734,0.0,0.03755408423387266,0.0,0.0,0.0,0.0,0.03103579834582322,0.0,0.02882749532091539,0.02643837534736523,0.0,0.0,0.006511586740450799,0.0,0.0,0.003957830792426337,0.0,0.0,0.0,0.013750140088042427,0.0,0.0,0.0,0.018050441349463427,0.006039858918611678,0.0,0.0010820531580386398,0.0,0.0,0.0,0.0,0.0,0.001667192097503933,0.006039858918611676,0.009065822637705785,0.0,0.0,0.019697615677985815,0.02242410875098757,0.011605449078636438,0.001937431243792757,0.0,0.009560729970688218,0.0,0.008822436571113413,0.018291745470776707,0.0036813992483359825,0.0,0.0,0.0,0.0,0.0,0.021204067567594295,0.0,0.0,0.01992758192521586,0.0021073479776327684,0.018083448200352046,0.009390944606019982,0.0,0.008689914040780093,0.0,0.0,0.002628333429546265,0.0,0.01719867520518692,0.0010624110945800782,0.0003287966699217868,0.004843686231436633,0.015553284087330631,0.007419735475496385,0.0,0.01390533821001885,0.009997643927609495,0.014692593161928605,0.0,0.0,0.010714558895623229,0.0,0.0,0.008563358629318497,0.0,0.0,0.0,0.01752866351971671,0.0,0.0,0.0,0.041846871907236655,0.01106007145410413,0.008907137401859317,0.01731114336439388,0.014728053300244166,0.013465920365434769,0.03917314853101206,0.0010132484931271739
LFQ intensity D4_4,0.0,0.009624129806159143,0.018788196454795555,0.0,0.0036529954036306884,0.0,0.012798859817751591,0.0,0.019123844242206776,0.009890433756148969,0.0,0.0,0.004588336223963628,0.0032698693989291093,0.003130654888072497,0.0,0.0,0.0,0.0,0.0,5.99494056854386e-19,0.01906735186533582,0.0,0.0,0.01131406162122429,0.0011575496292273676,0.0,0.0,0.004439387189462916,0.018556031183756923,0.01100747864733223,0.018035607906626956,0.016064245238370745,0.0,0.0,0.015596731580481839,0.0,0.013875160697099884,0.0,0.0,0.0,0.0,0.00025087004629465424,0.01222246146071602,0.013610104157829574,0.0,0.005643614894416534,0.003438710326965463,0.0,0.0010644821427230123,0.018052295059250455,0.0,0.0,0.0,0.01729728200117086,0.038521950664437046,0.0,0.0,0.024155808284288337,0.0,0.0,0.013076621920916092,0.0,0.016615913814032685,0.03561036910168473,0.0,0.037930082384627625,0.0,0.0,0.0,0.0,0.031804033302693914,0.0,0.02946605033979404,0.03223483343087003,0.0,0.002922688390898404,0.0,0.0,0.0,0.003638104581508348,0.0,0.0,0.0,0.01746631037169693,0.0,0.0,0.0,0.014757727734631342,0.005644054887591168,0.0,0.002886162499524074,0.00016126911464941037,0.0,0.0,0.0,0.0,0.0,0.005644054887591166,0.007813379474054312,0.0,0.0,0.019406801277235264,0.021606282213843923,0.011864870920750606,0.0010792128909551696,0.0,0.009251681038630366,0.0,0.008537252844681433,0.012414028145957046,0.0033750033158158606,0.0,0.0,0.0,0.0,0.0,0.019617313704012398,0.0,0.002587955647752736,0.02076730404426303,0.0,0.018652843919081105,0.01030285509712265,0.0,0.0029605605122169027,0.0,0.0,0.0009717923698672009,0.0,0.017917405401798373,0.0032613354168383292,0.0018074359731882629,0.009287977200047669,0.013431897061068381,0.00743425588456967,0.0,0.012817984144584767,0.009249184735075773,0.012566971519631506,0.0,0.0,0.0,0.0,0.0,0.0,0.0,0.0,0.0,0.016978849711929297,0.0,0.0,0.0,0.035183418050422285,0.005837918753076861,0.008582286438188163,0.02154081878097463,0.009636397906036842,0.013150596603149864,0.0297276380884583,0.002281709563342152
LFQ intensity D4_5,0.0,0.009283832027969717,0.014935682878977813,0.0,0.0050329191644132845,0.003874907210387639,0.00999917534739775,0.0,0.017450574045233754,0.010766675784030082,0.0,0.0,0.004472031358129757,0.0071578581302885825,0.003074281565291714,0.0,0.0,0.0,0.0,0.0,0.0025824216646520228,0.016233073076208894,0.0,0.0,0.009682028579483894,0.0,0.0,0.0,0.0022216323650654213,0.018233852537831965,0.009597694495472252,0.016863629873729833,0.017059280400991316,0.014400935006289826,0.0,0.018956211862019713,0.001995814679986863,0.007243092059611076,0.0,0.0,0.0,0.0,0.00024896981854643835,0.00708410665763784,0.01537464884104912,0.0,0.0,7.798668699798498e-05,0.0,3.355486239765519e-05,0.01573257435448467,0.0,0.0,0.0,0.015102704174356215,0.03966121504127551,0.0,0.0,0.024484860462475853,0.0,0.0,0.007177965787458458,0.003333633760663683,0.018637712010786962,0.03569167940072268,0.0,0.0380625653373833,0.0,0.0,0.0,0.0,0.0323892749266229,0.0,0.027357450053086145,0.03184716271997609,0.0,0.0,0.001977741348656183,0.0,0.0,0.001427595468025761,0.0,0.0,0.0,0.013769707750870707,0.0,0.0,0.0,0.017606614643022794,0.003416553478887646,0.0,0.0037740708030020824,0.0,0.0,0.0,0.0,0.0,0.001015639407510404,0.0034165534788876454,0.009153480863162531,0.0,0.0,0.013632415351786562,0.021442624345537637,0.011096093363894995,0.013223265620504923,0.0,0.010799737543115055,0.0,0.008699346519336357,0.012955127687779388,0.0015280963163012043,0.004072766381996329,0.0,0.0,0.0,0.0,0.0,0.0,0.003921435989860173,0.018759426112798034,0.0054511392621126595,0.022867650341065037,0.005578620459886246,0.0,0.004686211568177512,0.0,0.0,0.005223357972484606,0.0,0.014905212721505268,0.005111388611495039,0.0011764036923080882,0.014992831922365401,0.01620071214378531,0.008110568508148275,0.0,0.012315507624637878,0.007234203783661169,0.011173781963567315,0.0,0.0,0.0,0.0,0.0,0.003314021056389639,0.0,0.0035684335591709454,0.0,0.018707321267813888,0.0,0.0,0.0,0.03867813753146734,0.007074233540471734,0.008161598191554648,0.0208150224166192,0.008779499200871654,0.011647951521127792,0.033067003695984504,0.0020552259590078553
LFQ intensity D4_6,0.0,0.008913728873927093,0.014709473567174622,0.0011674395435012132,0.0038842469122519936,0.005978958079985059,0.017169668734197813,0.0,0.017056975758300646,0.010443283011085235,0.0,0.0,0.006115153891176566,0.006522515170167551,0.004222337863469269,0.0,0.0,0.0,0.0,0.0,0.003984660803337032,0.015630889612266927,0.0,0.0,0.012187853995458641,0.00010948087887287864,0.0,0.0,0.003979711114603274,0.019919081783988508,0.011526264164521318,0.008310403353250425,0.013046352677437905,0.0,0.0,0.01120014165865528,0.0,0.004322572792082571,0.0,0.0,0.0,0.0,0.0,0.0045422179597247574,0.013000863367949336,0.0,0.0007006438335605651,0.0,0.0,0.0,0.011579767216266544,0.0,0.0,0.0,0.011579633772400517,0.03604393788233449,0.0,0.0,0.0238585752717689,0.0,0.0,0.012531459753562181,0.0,0.014928921370187746,0.03494611510210395,0.0,0.037879936894767346,0.0,0.0,0.0,0.0,0.031646926267904794,0.0,0.028528829987253163,0.02196219782322946,0.0,0.0,0.002460242295480213,0.0,0.0,0.0051528001139770855,0.0,0.0,0.0,0.013116076534759706,0.0,0.0,0.0,0.016607979503867026,0.005157044537668368,0.0,0.0031347018339561127,0.0,0.0,0.0,0.0,0.0,0.0,0.005157044537668367,0.007948731271538766,0.0,0.0,0.014745733887217572,0.021117863747996714,0.011418540162089742,0.012529031684429969,0.0,0.009867982585393766,0.0,0.009105962694417703,0.018382401789039226,0.0029969073252517336,0.0,0.0,0.0,0.0,0.0,0.03510308360937929,7.013663658981437e-05,0.0,0.018286750268508272,0.004496501103612891,0.0208421010979189,0.007046612206692933,0.0,0.0033701187970205915,0.0,0.0,0.005409694118406286,0.0,0.016079937570204157,0.0007809168783527656,0.0012956850005721927,0.009733400627997737,0.017249548742807375,0.005616779680218276,0.0,0.011448732608986417,0.008487261297563024,0.012071994623467683,0.0,0.0,0.015292904456835238,0.0,0.0,0.0012761082635603263,0.0,0.00723166946206206,0.0,0.016889622115032494,0.0,0.0,0.0,0.038791235509770636,0.009991671057478103,0.008388280494263427,0.01819003938243312,0.019187843329958043,0.013431917415438211,0.030794428718119504,0.00011475967927262233
LFQ intensity D4_7,0.0,0.00921920390533166,0.0076918754363290865,0.0,0.004293109954041475,0.001542337770005579,0.018938367518798346,0.0,0.017308054644275615,0.010604141695364602,0.0,0.0,0.004269982262722674,0.0062541296085604865,0.0037231970833193745,0.0,0.0,0.0,0.0,0.0,0.0010278869286975895,0.0172663623273065,0.0,0.0,0.011300574522318866,0.0011766505340765974,0.0,0.0,0.003320391435555353,0.02052856140875415,0.00741541573328852,0.014433667556022304,0.017243725119122724,0.0,0.0,0.010407484394464631,0.0,0.0035630338217473648,0.0,0.0,0.0,0.0,0.0,0.010226185988005088,0.0112062975143561,0.0,0.0007286773010351643,0.00422132781236896,0.0,0.0,0.014454739969813217,0.0,0.0,0.0012060929274690393,0.015930150865799096,0.038991753905971656,0.0,0.0,0.025373788475707863,0.0,0.0,0.010238208011508817,0.006859027143382102,0.0,0.04886338483926537,0.0,0.04038743592361569,0.0,0.0,0.0,0.0,0.03527057824674595,0.0,0.02951653203037431,0.023982610429051487,0.0,0.0,0.006621725772440085,0.0,0.0,0.004540857776773861,0.0,0.0,0.0,0.013541053540104786,0.0,0.0,0.0,0.018257442096301025,0.00454459813617073,0.0,0.00351353707889549,0.0,0.0,0.0,0.0,0.0,0.0,0.004544598136170727,0.011789972756224931,0.0,0.0,0.01416945995436339,0.02196281080690978,0.01218136626280513,0.005016720611003416,3.5469652962985293e-19,0.010850702686355103,0.0,0.01001279572750937,0.0137365371124257,0.002341296631126236,0.0,0.0,0.0,0.0,0.0,0.022960815883059392,0.0,0.0,0.020335889279399492,0.0026762372267586324,0.024741114381125688,0.00775108917553286,0.0,0.0055790189947989765,0.0,0.0,0.0,0.0,0.019049742232111755,0.011023218058933543,0.0,0.005210343188193291,0.0184382195315703,0.004444324097351317,0.0,0.009351588722727356,0.00499177978169363,0.012718852255233892,0.0,0.0,0.0,0.0,0.0,0.003720705249279206,0.0,0.00700240733950352,0.0,0.018754675044611018,0.0,0.0,0.0,0.03556497199129201,0.0118621766147854,0.008723904069523874,0.01888969525217821,0.012053711338750515,0.009189643316571329,0.038355456844861635,0.0
LFQ intensity D4_8,0.0,0.010598620312613783,0.0,0.0,0.004491644285156733,0.0012295758243257063,0.013397547517867914,0.0,0.017596977072306032,0.00909403115053258,0.0,0.0,0.00391339664489837,0.0032455497128616962,0.0015795404413248989,2.020743440351904e-19,0.0,0.0,0.0,0.0,0.0008194475569786415,0.01216901059269107,0.0,0.0,0.007770842505463804,0.0,0.0,0.0,0.0030000824573027376,0.0225717120856756,0.013343771374310628,0.014510691616455143,0.015421866318295462,0.0,0.0,0.009825283018809142,0.00471853472385748,0.005224607093596159,0.0,0.0,0.0,0.00046915691984991003,0.0028459193451165453,0.005826788636727823,0.013056885315198745,0.0,0.000739108306089603,0.0143363123124028,0.0,0.0,0.019894450622114916,0.0,0.0,0.0015522989258302553,0.008725000987093955,0.023251849389746164,0.0,0.0,0.026275813707588684,0.0,0.0,0.014257511541619826,0.0,0.0211381470769486,0.04379218852315385,0.0,0.02740337661667214,0.0,0.0,0.0,0.0,0.02335284572306861,0.0,0.02210151605327153,0.020297656148597503,0.0,0.0,0.006325615853198875,0.0,0.0,0.0042382178727054885,0.0,0.0,0.0,0.018547653093812733,0.0,0.0,0.0,0.016348436857680358,0.004241708943957979,0.0,0.0037008914232481488,0.0,0.0,0.0,0.0,0.0,0.0073303060847746395,0.004241708943957978,0.008776936970326287,0.0,0.0,0.014375130665930734,0.02227720812683601,0.01178623032957496,0.004771297807414888,0.0,0.010682935078268254,0.0,0.009857983376823653,0.01309007218242304,0.001986324539912256,0.005456958122668702,0.0,0.0,0.0,0.0,0.022158452452190575,0.0,0.0,0.025819757563606688,0.0,0.024339177046595096,0.013855421095698702,0.0,0.0027189569330085717,0.0,0.0,0.001542696807089904,0.0,0.0276959773881501,0.011452755230208842,0.0010547995646513755,0.008517140510597754,0.02220060692304137,0.010244451474731542,0.0,0.012113957493810177,0.0009377976916238707,0.010472392178865463,0.0,0.0,0.0,0.0,0.0,0.004757355680429481,0.0,0.0,0.0,0.013610744849788043,0.013114924280847482,0.0,0.0,0.04279038914259437,0.010696020427059775,0.006997701241950828,0.011771102932221974,0.01251804166726917,0.015775796921528782,0.03676622035177566,0.004202187420734325
LFQ intensity D4_9,0.0,0.009235999302748188,0.00970992167769922,0.0,0.00313457101033536,0.005130859990152539,0.01284703589615746,0.0,0.01254997799249944,0.009991129603839704,0.0,0.0,0.0017899797599295977,0.0028274650071135753,0.0005419692819834744,9.323733675580854e-20,0.0,0.0,0.0,0.0,0.0034194480738393403,0.015709923325245116,0.0,0.0,0.01103205662047571,0.0,0.0,0.0,0.0016355173468788158,0.018785418110725035,0.008074644303867595,0.018969759823356757,0.015094728873526999,0.0,0.0,0.010207295672274037,0.0,0.007200653216983418,0.0,0.0,0.0,0.0,0.0,0.012654784824756685,0.011619250563937034,0.0,0.0,0.019890982250991625,0.0,0.0,0.01740031247090602,0.0,0.0,0.0,0.016061165601090097,0.03042931099337964,0.0,0.0,0.024550655514647496,0.0,0.0,0.01216709623926461,0.0,0.01031853960096793,0.04322877866457321,0.0,0.02793983018468229,0.0,0.0,0.0,0.0,0.0320099061407896,0.0,0.02506028796508898,0.025828151554255083,0.0,0.0,0.010664400311296863,0.0,0.0,0.0008270181122023443,0.0,0.0,0.0,0.01826241717524376,0.0,0.0,0.0,0.016767781360234334,0.002852532351785069,0.0,0.0023594446722771797,0.0,0.0,0.0,0.0,0.0,0.0048129456741738035,0.002852532351785068,0.007343697377959248,0.0,0.0,0.019327049403666002,0.02184230055422612,0.011715807941674886,0.0006460803766851,0.0,0.008693649692260224,0.0,0.011399196211349051,0.014538910475622644,0.0007742598432642463,0.0,0.0,0.0,0.0,0.0,0.021698532816297703,0.0,0.0,0.021246977010596343,0.0031825832776891227,0.01984145572262127,0.008270700713498407,0.0,0.00617198307788799,0.0,0.0,0.0,0.0,0.019145139109463145,0.01470005597081343,0.0,0.00540887755450867,0.018385352013970298,0.00934683646283112,0.0,0.007312379681933243,0.005277747874541234,0.011483234933101768,0.0,0.0,0.01758142505422614,0.0,0.0,0.004505847611069505,0.0,0.004592602454652841,0.0,0.016751805556738743,0.004886954837321119,0.0,0.002672626889830104,0.030902649768012137,0.016252650857766265,0.008676035884843447,0.01899657220585449,0.013745720401988983,0.01027612316322649,0.03396468554254819,0.0019950122074999864
LFQ intensity D5_1,0.0,0.007755027627658872,0.01510376522706105,5.814166539940306e-19,0.003449219284674656,5.814166539940306e-19,0.011161051822198072,0.0,0.009176665508310238,0.01108832677627752,0.0,0.0,0.0,0.0018654901996611381,0.004554725823850522,0.0,0.0,5.814166539940306e-19,0.0,0.0,3.0780881682036916e-19,0.019124949942617982,0.0,0.0,0.014963953308831648,0.0,0.0,0.0,0.0,0.020189629096744637,0.008848442309252729,0.02324064577393892,0.01362105607495083,5.814166539940306e-19,0.0,0.01119962292478458,0.005865862764849587,0.006362529115286572,0.0,0.0,0.0,0.0,0.0002480758927509676,0.01036057028854046,0.019727467867792767,0.0,0.0,0.004952402395859477,0.0,0.0,0.011391551246435275,0.0,0.0,0.0,0.010601132432293407,0.04151037852196277,0.0,0.0,0.02467207208008251,0.0,4.67413388505005e-19,0.002605319807524397,0.0007123005063320204,0.019367072524184327,0.030920087967202203,0.0,0.038264786894738036,0.0,0.0,0.0,0.0,0.03678022263529753,0.0,0.024355288632602258,0.029950055769171615,0.0,0.0,0.0062706421168412544,0.0,0.0,0.0,0.0,0.0,0.0,0.01416189352924783,0.0,0.0,0.0,0.009914084369447379,0.0005723670375426697,0.0034145335522905358,0.0021951239537057114,0.0,0.0,0.0,0.0,0.0,0.0042283181808382315,0.000572367037542669,0.007564228365147947,0.0,5.814166539940306e-19,0.02008232678197603,0.021365634631938586,0.009461635149362166,0.0008439713545440229,0.0,0.014162621938497173,0.0,0.012503010726602494,0.018334038225732267,0.0,0.0,0.0,0.0,0.0,0.0,0.01902244667050262,0.0,0.0,0.014584381453102297,0.0,0.022533388283796175,0.014173170610729084,0.0,0.005978429985526206,0.0,0.0,0.0097044538382567,0.0,0.018117181343436223,0.008615864607921573,0.0016921893770375964,0.006301268923911264,0.026019156585122105,0.011528728958403131,0.0,0.01628529326858857,0.0064656581903276035,0.0,0.0,0.0,0.023344415602134995,0.0,0.0,0.014188517830251756,0.0,0.004662545953613173,0.0,0.017645141225159016,0.0,0.0,0.0,0.01934985441221674,0.009483917188708191,0.008486698198706335,0.016669071542441412,0.013675296856763662,0.010729409037174382,0.035404613839697105,0.00570236022149565
LFQ intensity D5_10,0.0,0.0069491338598120156,0.014713281751984048,0.0,0.004097690226076483,0.0,0.011222904227670298,0.0,0.005064098941345921,0.009862159556242926,0.0,0.0,0.0,0.0,0.004136992525360406,0.0,0.0,0.0,0.0,0.0,5.522808427925895e-19,0.015065461242707754,0.0,0.0,0.015959639305607145,0.0,0.0,0.0,0.0,0.0231075252366738,0.00777745290512364,0.0251493384495866,0.01298536506042209,0.0,0.0,0.008778346537210702,0.007859446178638568,0.0057524323230349495,0.0,0.0,0.0,0.0,0.004720683206871809,0.006317371343624934,0.01841926406824614,0.0,0.008499416998038132,0.0,0.0,0.0,0.01661035740466294,0.0,0.0,0.0,0.009432314390152949,0.043474963311604,0.0,0.0,0.027983271261247056,0.0,0.0,0.006057147060754902,0.0,0.01614550497411498,0.039193781731593935,0.0,0.037284339777486096,0.0,0.0,0.0,0.0,0.03579872149685489,0.0,0.0353144300006782,0.02915252327221194,0.0,0.0,0.005803279486968061,0.007381573757991411,0.0,0.0,0.0,0.0,0.0,0.01519363330849873,0.0,0.0,0.0,0.005233410283827765,0.0007099253730036696,0.005072468538446845,0.002696997729839357,0.0,0.0,0.0,0.0,0.0,0.007196057814157162,0.000709925373003669,0.008161972786872551,0.0,0.0,0.016752710617266357,0.021123331022373702,0.009548109739255019,0.003556436274846754,0.0,0.013062904054024124,0.0,0.0120541677052377,0.018381591986212555,0.0,0.0,0.0,0.0,0.00048219990499696896,0.0,0.01969869844666819,0.0,0.0,0.01775512479137795,0.0,0.02272542678581354,0.013120609704287405,0.0,0.0069815824099112396,0.0,0.0,0.004461849126353316,0.0,0.010393225744010104,0.014169480316363453,0.0020277242711096797,0.008612049611462695,0.02551942801494836,0.004541520723940949,0.0,0.015590887115943758,0.004579682943800164,0.0,0.0,0.0,0.014449189237496485,0.0,0.0,0.013693056261222388,0.0,0.003681628845217454,0.0,0.018898589119555286,0.0012140202976880432,0.0,0.00044516508624058555,0.01996741531556909,0.009325989688548154,0.008390452164256214,0.017374514813144264,0.01407806579816479,0.008698529306608993,0.03329576884907321,0.00030427082876153296
LFQ intensity D5_11,0.0,0.005933737669709925,0.014909837322839735,0.0,0.003821111079746988,0.0,0.010176655367460125,0.0,0.003810921070744607,0.010827637652793974,0.0,0.0,0.0,0.002223379798347723,0.004658546256436685,0.0,0.0,0.0,0.0,0.0,6.097546627121358e-05,0.018492162278329425,0.0,0.0,0.0076411942295364806,0.0,0.0,0.0,0.0,0.021113966502682106,0.013161000157717989,0.019371240821329704,0.016285837162960358,0.0,0.0,0.011723412714800235,0.0007453817926066648,0.011847372942412084,0.0,0.0,0.0,0.0,0.004783747083320078,0.010217705611395782,0.020792890791893316,0.0,0.009518867259163817,0.0,0.0,0.0,0.018618090199108685,0.0,0.0,0.0,0.013718410954554484,0.04582107388085402,0.0,0.0,0.0261257356588025,0.0,0.0,0.003241077829931027,0.0,0.02202924748445726,0.039152113496746486,0.0,0.03222122090957464,0.0,0.0,0.0,0.0,0.03865953889620267,0.0,0.03030372872089061,0.022658336534945953,0.0,0.0,0.008532074118474944,0.0,0.0,0.0,0.0,0.0,0.0,0.013980501628797316,0.0,0.0,0.0,0.009734221349180758,0.0,0.005315979358721821,0.0025646202541073945,0.0005548206364722846,0.0,0.0,0.0,0.0,0.002594839930203119,0.0,0.007941644480506514,0.0,0.0,0.019574339911066246,0.021473216048815715,0.00971465266964043,0.0008862825804664299,0.0,0.015034015224427637,0.0,0.010660660497673448,0.019082424768274705,0.0,0.0,0.0,0.0,0.0008970945908745355,0.0,0.021128540213157698,0.0,0.0,0.017686861958183475,0.0,0.022254222792429643,0.011752004413609202,0.0,0.008471974441630406,0.0,0.0,0.0,0.0,0.009633134278954986,0.009714158117668169,0.00039720450211048076,0.011768610719966996,0.015856683940758898,0.008381925116943576,0.0,0.01471031520469979,0.00923146607290933,0.0,0.0,0.0,0.010510158500737147,0.0,0.0,0.014821389226674924,0.0,0.0,0.0,0.020080864378692668,0.0,0.0,0.0,0.026317013522067636,0.005870942615581658,0.008502540693700706,0.01725503095157392,0.016255061889122423,0.01518645387220952,0.0382488991574417,0.002756999772904409
LFQ intensity D5_12,0.0,0.0069334904247118296,0.012863067823995754,0.0,0.0036487331210226974,0.0,0.009507033001117625,0.0,0.008015117777703322,0.010542018645326645,5.450429419157289e-19,0.0,0.0002662176133180479,0.0015254530926037254,0.0063417926335798055,0.0,0.0,0.0,0.0,0.0,8.531106916941843e-19,0.018656288265567093,0.0,0.0,0.00973382818982512,0.0,0.0,0.0,0.00010706322538790657,0.021037423696799715,0.006930312731570677,0.02996619758715841,0.01838583854176128,0.0,0.0,0.015429758670121023,0.0040142069558726555,0.011008716530204337,0.0,0.0,0.0,0.0,0.00025783398439119606,0.00960234339674582,0.020027721573840775,0.0,0.000709747947561391,0.0,0.0,0.0,0.019246324820464927,0.0,0.0,0.0,0.004346430145374274,0.03473485467954376,0.0,0.0,0.028134036009623546,0.0,0.0,0.0019660486340617664,0.0001763080767364389,0.01601940985858686,0.033164062758369674,0.0,0.031133574631313117,0.0,0.0,0.0,0.0,0.03883796725411297,0.0,0.025978369332762742,0.027646609935953744,0.0,0.0,0.006336674963656455,0.0,0.0,0.0,0.0,0.0,0.0,0.014560509686297735,0.0,0.0,0.0,0.011507374071692418,0.0013439030801470548,0.001574273296062036,0.00265943546690303,0.0,0.0,0.0,0.0,0.0,0.004030751884372466,0.0013439030801470544,0.007925229669309829,0.0,0.0,0.0200727627561754,0.022206054143799184,0.01064640487110272,0.00225308392715418,0.0,0.014124473238499722,0.0,0.013033760981545893,0.020391915079975433,0.0,0.001140141056406154,0.0,0.0,0.0001478385071509551,0.0,0.02201194184779806,0.0,0.0,0.019607640367993066,0.0,0.02446956818057112,0.013595586817129647,0.0,0.00722118220150463,0.0,0.0,0.0014168285292149932,0.0,0.016063659438733117,0.025637242248241245,0.0,0.008965475788140121,0.02049563029900312,0.0031198828415360674,0.0,0.015557502606393794,0.008612287153007523,0.0,0.0,0.0,0.0,0.0,0.0,0.015315867052485435,0.0,0.0,0.0,0.01819591965478371,0.017814606923806896,0.0,0.0005973048126845326,0.021795186519050765,0.011171977472790385,0.008820523375460177,0.018637621198859932,0.007936677986564156,0.008180133407105727,0.04256706194965351,0.0
LFQ intensity D5_2,0.0,0.007696450986927221,0.0020389051988160623,0.0,0.003578526635641099,0.0,0.012053109666695101,0.0,0.009049329467205172,0.012695718635973819,0.0,0.0,0.0,0.005006115119807364,0.00493122134566923,0.0,0.0,0.0,0.0,0.0,8.219198682032859e-19,0.0173185938053589,0.0,0.0,0.0068380373713713485,0.0,0.0,0.0,0.0,0.01945031132553916,0.010583734983122347,0.021559726167749288,0.0173510669916247,0.0,0.0,0.01144897951437477,0.008641789030353744,0.011357590476961228,0.0,0.0,0.0,0.0,0.0,0.01414644653371823,0.02082585336102977,0.0,0.0,0.0,0.0,0.0,0.01138606574273985,0.0,0.0,0.0,0.010786348173997228,0.04945370265736279,0.0,0.0,0.02686167701162183,0.0,0.00020920001998222772,0.0036789929155463534,0.0,0.028442722242826145,0.03326605220116178,0.0,0.036882707989954466,0.0,0.0,0.0,0.0,0.02398006883577361,0.0,0.029283467728060453,0.02718938646963856,0.0,0.0,0.006878055381068408,0.0,0.0,0.002067817194131718,0.0,0.0,0.0,0.008983745458416355,0.0,0.0,0.0,0.010597108334568376,0.0,0.0038491166652802147,0.0027862376809087855,0.0,0.0,0.0,0.0,0.0,0.0022436243911721976,0.0,0.007878334788047725,0.0,0.0,0.020123028836395655,0.02232435366289407,0.010509943548167734,0.0,0.0,0.018354261271437505,0.0,0.010099380677244349,0.019699120282868042,0.0,0.0,0.0,0.0,1.0888374877785562e-05,0.0,0.022621828101566738,0.0,0.0,0.013112300763570697,0.0,0.02321892349827706,0.013009313575645312,0.0,0.009382609424291746,0.0,0.0,0.005989921611011074,0.0,0.00775908711259353,0.010391902560952758,0.0,0.012486243202115053,0.0226473254345489,0.008255787603900827,0.0,0.014721407660500545,0.00640284531019396,0.0,0.0,0.0,0.017521207079388947,0.0,0.0,0.012594943127677123,0.0,0.0,0.0,0.019640965268191923,0.0,0.0,0.001028887065708561,0.026649680536887918,0.007955038386002655,0.008867513429016075,0.0166770544132661,0.016019998545721222,0.012468867608470185,0.04159257190487398,0.004586861621544269
LFQ intensity D5_3,0.0,0.008150389394766741,0.014745422800215808,3.1983512959931934e-19,0.0,3.1983512959931934e-19,0.011454171798365137,0.0,0.007701198716683735,0.010792013444363221,0.0,0.0,0.0,0.0022458260601139163,0.0039937674446850185,0.0,0.0,3.1983512959931934e-19,0.0,0.0,0.0,0.01886019415756827,3.418842561644573e-19,0.0,0.009497665131590923,0.0008523780299935639,0.0,0.0,0.0,0.020786513562504678,0.011252744272352497,0.03147215854712475,0.015609495848255424,3.1983512959931934e-19,2.819129348389342e-19,0.00998789645900909,0.0020859622236621203,0.009594566592804813,0.0,0.0,0.0,0.0,0.0013347038286793287,0.008796562398314448,0.02232080670102062,0.0,0.011906685341129486,0.004360516538530445,0.0,0.00028138745750408705,0.01558120490315794,0.0,0.0,0.0,0.005778380543499621,0.04069283877147094,0.0,0.0,0.02585567440819864,0.0,3.418842561644573e-19,0.0009544123116837478,0.0033987890145820336,0.017285729142185128,0.03307716047006584,0.0,0.03590097585876296,0.0,0.0,0.0,0.0,0.03307209080771486,0.0,0.02591364687827295,0.02077091910324199,0.0,0.0,0.006757260343663242,0.0,0.0,0.0029278348570920694,0.0,0.0,0.0,0.014262602068349622,0.0,0.0,0.0,0.01032852483839375,0.000967786079391407,0.002689985962805701,0.0,0.0003579389982128149,3.1983512959931934e-19,0.0,0.0,0.0,0.005280202070589184,0.000967786079391407,0.004097403361210676,0.0,3.1983512959931934e-19,0.01686038986019143,0.021169474772806143,0.011104016970655689,0.0025120900744902606,0.0,0.01475307661308069,0.0,0.01108429021508215,0.01887199807542432,0.0,0.0,0.0,0.0,0.0008725330987810021,0.0,0.0180348530128293,0.0,0.0,0.012433977906792931,0.0,0.021852487065703773,0.013101704038394325,0.0,0.008526314218542082,0.0,0.0,0.0,0.0,0.01110003289557631,0.014603153224793481,0.0,0.014559217312299609,0.01954693701411071,0.005849882135705544,0.0,0.014792716734542634,0.008090541015782424,0.0,0.0,0.001241837331134505,0.019011509543959696,0.0,0.0,0.01713254972220796,0.0,0.0032054849097661927,0.0,0.01805090011680011,0.004762587099183251,0.0,0.0,0.02267811080217695,0.012682202747657969,0.008408781040997886,0.01861606897077592,0.013126482892183572,0.012804330970792078,0.03684894611487925,0.00670834786072532
LFQ intensity D5_4,0.0,0.007150957252184106,0.01779827605637692,3.4221529206325664e-19,0.0030924342629763306,0.005233861664750498,0.008227490397713587,0.0,0.00758555871993332,0.010775737105064687,0.0,0.0,0.0,0.0018574662653801774,0.006535347940852762,0.0,0.0,3.4221529206325664e-19,0.0,0.0,0.003488093267526595,0.021045402168054676,0.0,0.0,0.015825029341316688,0.0,0.0,0.0,0.0,0.019076945846729053,0.005043662052280704,0.024362551827091027,0.016569606039947248,3.4221529206325664e-19,0.0029294179711719433,0.009668330958803307,0.002678212118619698,0.010363618847407632,0.0,0.0,0.0,0.0,0.0,0.012809613295653338,0.016031705295966595,0.0,0.0,0.0,0.0,0.0,0.01580638903919673,0.0,0.0,0.0,0.011263556374983736,0.049025595978119424,0.0,0.0,0.025903422103321163,0.0,0.0,0.00285391523148304,0.0016042828815367978,0.014502209828592252,0.030159282542656395,0.0,0.039023809886145636,0.0,0.0,0.0,0.0,0.03695210045960353,0.0,0.03127191918000182,0.028004158116745517,0.0,0.0,0.006324670750112823,0.0,0.0,0.001980203901277191,0.0,0.0,0.0,0.014090924824077753,0.0,0.0,0.0,0.009698484988461396,3.4221529206325664e-19,0.004445781165066837,0.001462723396205342,0.0,0.0,0.0,0.0,0.0,0.005152137867668864,1.482932932274112e-19,0.007212034249221324,0.0,3.4221529206325664e-19,0.019973198626510143,0.02137847211165936,0.010346331309425097,0.00524102961958143,0.0,0.011656651920863919,0.0,0.014061681905058201,0.0134386786367722,0.0,0.0012443580247310955,0.0,0.0,0.0,0.0,0.020882321296907824,0.0,0.0,0.017503569622994,0.0,0.021304828151325297,0.013441564360435764,0.0,0.004426412419090254,0.0,0.0,0.010565358160645882,0.0,0.005345512405040889,0.014041233228110558,0.0,0.005716436894275241,0.023083989408973615,0.0038753451904253748,0.0,0.014185222670482181,0.006824366258560326,0.0,0.0,0.0,0.025279779905011724,0.0,0.0,0.01303148560346689,0.0,0.0,0.0,0.01892664965071683,0.0019204021858805697,0.0,0.007311209772766635,0.019019043198029873,0.010235934878611326,0.008491797406752292,0.01649239999705731,0.014456472791289756,0.006292713363996654,0.03511862756427295,0.0
LFQ intensity D5_5,0.0,0.006886372649506181,0.026291140197457735,0.0,0.0028891044006115335,0.0061033683267719884,0.010094971392500823,0.0,0.014546430666698652,0.012368503210356718,0.0,0.0,7.265884052581648e-05,0.0005576976002635998,0.005377553927154364,0.0,0.0,0.0,0.0,0.0,0.0040675736833528445,0.019953966113988683,0.0,0.0,0.010569706989922083,0.0,0.0,0.0,0.0,0.02026977520674665,0.00633919227560308,0.026315882789395915,0.009823941820814697,0.0,0.0,0.018970374170813202,0.0012001276504187042,0.0,0.0,0.0,0.0,0.0,0.0,0.007874049466719359,0.01924886945236239,0.0,0.0,0.0,0.0,0.0,0.014406229617903159,0.0,0.0,0.0,0.003914405847985856,0.05275439603060107,0.0,0.0,0.028251964310203506,0.0,0.0,0.00442165628138133,0.0024904930293277333,0.007562261882867558,0.03420483348529439,0.0,0.04113470528958955,0.0,0.0,0.0,0.0,0.03459127984292196,0.0,0.03068276495744556,0.027780688686596697,0.0,0.0,0.0062949879734973315,0.0,0.007367386303709868,0.0032770439037029865,0.0,0.0,0.0,0.015431044013645612,0.0,0.0,0.0,0.010377159529446537,0.0011744722535165443,0.0,0.0020403819282511773,0.0,0.0,0.0,0.0,0.0,0.005018855330267065,0.0011744722535165439,0.007267625529879202,0.0,0.0,0.020691953441334947,0.022710001957838837,0.010616986800766694,0.0,0.0,0.011144113281934893,0.0,0.013794580599695903,0.020918005148681692,0.0,0.00411178509088671,0.0,0.0,0.0,0.0,0.020393815463369106,0.0,0.0,0.019230978970635644,0.0,0.023636160989834308,0.014011318910724742,0.0,0.005875844933521712,0.0,0.0,0.005171496026147694,0.0,0.017254008402294015,0.007277810046187384,0.0,0.004717449964876867,0.017452328700213675,0.003979231454350507,0.0,0.014662206379299814,0.00913187383376077,0.0,0.0,0.0,0.0,0.0,0.0,0.01101199961473586,0.0,0.0,0.0,0.01754407013915052,0.0,0.0,0.0,0.02591724151834477,0.018603535972346832,0.013738804809195993,0.025873539085304133,0.001104840577988699,0.008686816855558954,0.03929683191748214,0.0
LFQ intensity D5_6,0.0,0.0063083688711228604,0.016132643675216097,3.2688976167730375e-19,0.004587220294694335,0.0064717675967262325,0.009893849862610927,0.0,0.012228646739410882,0.010098187480043706,0.0,0.0,0.0,0.005072969528904503,0.010195284325515563,0.0,0.0,3.2688976167730375e-19,0.0,0.0,0.004313092402722817,0.021365115296535987,2.3349268691235983e-20,0.0,0.014603920350059968,0.004429531557473014,0.0,0.0,0.0,0.020728110030790885,0.007330554262997911,0.027462758706835483,0.016577312596875844,3.2688976167730375e-19,0.0,0.013754075285589515,0.003207850061531703,0.009069751622405933,0.0,0.0,0.0,0.0,0.0,0.009373310760377802,0.018163952517499058,0.0,0.0,0.011517796658424246,0.0,0.0,0.014216701267514764,0.0,0.0,0.0,0.007471864087412845,0.04145497150618916,0.0,0.0,0.026222887352384525,0.0,2.3349268691235983e-20,0.004573593736539879,0.0,0.015170473153150893,0.02994782889906002,0.0,0.03924404805686253,0.0,0.0,0.0,0.0,0.03587515187366786,0.0,0.030836454322366307,0.030520149503391138,0.0,0.0,0.00971763404372778,0.0,0.0,0.002345398018734293,0.0,0.0,0.0,0.009890440392872082,0.0,0.0,0.0,0.003282193602860214,0.0003190279101081564,0.004546900829537417,0.0033027925758417134,0.0,3.2688976167730375e-19,0.0,0.0,0.0,0.0052985794540355916,0.0003190279101081563,0.008795014303528761,0.0,3.2688976167730375e-19,0.014109108966547379,0.021879721674636348,0.009547067663425583,2.801912242948318e-19,0.0,0.011160452603394848,0.0,0.013681294446283208,0.016109370428762617,0.0,0.0,0.0,0.0,0.0,0.0,0.020184483644255777,0.0,0.0,0.01657087079700506,0.0,0.020714796650440816,0.015028005720650418,0.0,0.0,0.0,0.0,0.011364448295382627,0.0,0.01567009880303844,0.019605410468364372,0.0003338323225075137,0.009241186392823685,0.02222902250981468,0.008437485140919956,0.0,0.014115333563086006,0.006770658106104632,0.0,0.0,0.0,0.0,0.0,0.0,0.012382891014064435,0.0,0.0,0.0,0.013919756089091868,0.007700252987720604,0.0,0.0,0.02456591371355137,0.010768204493972495,0.011091797858634097,0.01667447774478323,0.002880935869236659,0.009235917338133106,0.037499608192635904,0.00029039321647284964
LFQ intensity D5_7,0.0,0.008964974852859329,0.015027744636217057,2.3023860728496305e-20,0.004703613055777291,2.3023860728496305e-20,0.011131780894482723,0.0,0.007478575691037275,0.011582096481139382,0.0,0.0,0.0,0.002741028580442429,0.003145421564559315,0.0,0.0,2.3023860728496305e-20,0.0,0.0,1.7037656939087266e-18,0.019339847981599746,0.0,0.0,0.011722553865077858,0.0,0.0,0.0,0.0,0.019226976321081942,0.009973015088848397,0.029572507870850945,0.01449486155981279,2.3023860728496305e-20,0.0,0.012900734548163999,0.0046910636314162635,0.007367408137675644,0.0,0.0,0.0,0.0,0.006285064564509744,0.013376835083501454,0.021503344656785578,0.0,0.0007158037684764501,0.0,0.0,0.0,0.014602476457073346,0.0,0.0,0.0,0.011293267129610618,0.045602592593725295,0.0,0.0,0.026501947148332552,0.0,0.0,0.0002852550541389989,0.004147655169569644,0.02254561250764163,0.03485474042800525,0.0,0.029196229836100398,0.0,0.0,0.0,0.0,0.03334050085737023,0.0,0.023007471195977132,0.02152170760198313,0.0,0.0,0.0071589679458842525,0.0,0.0,0.0003281654969866616,0.0,0.0,0.0,0.014786206692125077,0.0,0.0,0.0,0.010809458732954625,0.00032843581087023323,0.004728382398915727,0.003742266019080682,0.000988870666028854,2.3023860728496305e-20,0.0,0.0,0.0,0.005378815499216048,0.0003284358108702322,0.008851700500219972,0.0,2.3023860728496305e-20,0.014243335990527399,0.021574794109254964,0.009753787583181052,0.0017794081459710795,0.0,0.017864137905205656,0.0,0.009863760585908876,0.017612598289963293,0.0,0.0,0.0,0.0,0.0,0.0,0.02161414599253637,0.0,0.0,0.013755137853979096,0.0,0.023438037641573182,0.013809260349843342,0.0,0.006908522735352292,0.0,0.0,0.0,0.0,0.01872401182127382,0.016867795383033332,0.0,0.011955122658415378,0.02553372167009187,0.00839104994046039,0.0,0.012924852720100204,0.0036381415898555343,0.0,0.0,0.0,0.0,0.0,0.0,0.013541284258591198,0.0,0.0,0.0,0.021254837916352493,0.004333892311652843,0.0,0.0004190831987520298,0.025625133483453827,0.00702778167366083,0.008569778967893016,0.01806357908423511,0.01724796363277235,0.011825475350253242,0.03696626715024224,0.004598885618617524
LFQ intensity D5_8,0.0,0.007620641350486443,0.01511356330230201,4.2837383936379742e-19,0.0033434226724713537,4.2837383936379742e-19,0.0125317609294287,0.0,0.00498566861214672,0.011210562904173457,0.0,0.0,0.0,0.003937489750365333,0.0005729018963165789,0.0,0.0,4.2837383936379742e-19,0.0,0.0,0.0,0.01905049514488562,0.0,0.0,0.011860249190959899,0.0008736588627089531,0.0,0.0,0.0,0.021653831775149155,0.010644262735266082,0.029151368377505878,0.014447929673853404,4.2837383936379742e-19,0.0,0.007814026582001568,0.007113178564535297,0.008239691813075762,0.0,0.0,0.0,0.0,0.004849111549675216,0.0071105280091722295,0.021091034262446833,0.0,0.002854719650811248,0.0,0.0,0.0,0.012016914684434573,0.0,0.0,0.0,0.013700543146006713,0.044359606423289594,0.0,0.0,0.026623833721426838,0.0,0.0,0.0003577962709704918,0.0008062185959050803,0.022722017941204885,0.03278453543936209,0.0,0.03354329959706042,0.0,0.0,0.0,0.0,0.03911088236523355,0.0,0.02313399953212949,0.023753017091395413,0.0,0.0,0.0074089970147940875,0.0,0.0,0.0,0.0,0.0,0.0,0.013177522949843222,0.0,0.0,0.0,0.010548130993128272,0.00020369115532416145,0.003119486021839301,0.0020698422350073947,0.0,4.2837383936379742e-19,0.0,0.0,0.0,0.006602915297161665,0.00020369115532416088,0.007523386591854696,0.0,4.2837383936379742e-19,0.020349315113280433,0.02169800089086685,0.009980307175699973,0.0017944201754628091,0.0,0.020923529658684388,0.0,0.006442329988943567,0.020519575078869142,0.0,0.0,0.0,0.0,0.0,0.0,0.020222186331600354,0.0,0.0,0.015158343742891954,0.0,0.024569865970738024,0.01226453979900966,0.0,0.0071362777642856754,0.0,0.0,0.002006690137897891,0.0,0.011001373749132992,0.0101003377042954,0.0037203022370668666,0.008508835357533972,0.02356659160831627,0.009244354289156313,0.0,0.015110279133965966,0.004126859206340288,0.0,0.0,0.0,0.016134495884908888,0.0,0.0,0.014383842783441701,0.0,0.0,0.0,0.01786624513303347,0.0,0.0,0.0,0.027113881137619936,0.004897368650397931,0.008618718247703178,0.018824945979989238,0.019264903209527926,0.012365340282145452,0.036541680151138324,0.005703837593621208
LFQ intensity D5_9,0.0,0.009246367190424466,0.015981638641383963,1.3871331780537497e-19,0.004119888936968752,0.005110646626420478,0.01224868476077081,0.0,0.008536768609133202,0.009034010940837516,0.0,0.0,0.00029576859920291354,0.001825789062749384,0.005193841263923506,0.0,0.0,1.3871331780537497e-19,0.0,0.0,0.003405976931026623,0.016342997530649796,0.0,0.0,0.012027570184815801,0.0,0.0,0.0,0.0,0.021555429721451306,0.005867686554066177,0.03208881148188309,0.01701639300706701,1.3871331780537497e-19,0.0,0.013419254534509347,0.006572857712069638,0.011221158502223352,0.0,0.0,0.0,0.0,0.0008456366524245206,0.006869455381131478,0.019823829574277394,0.0,0.0,0.00021407761695499305,0.0,0.0,0.014389649168305919,0.0,0.0,0.0,0.008210385767215923,0.04319863955131322,0.0,0.0,0.028742266225285057,0.0,0.0,0.013891217944934343,0.0,0.020196948485941668,0.03959640825033251,0.0,0.030881381933530617,0.0,0.0,0.0,0.0,0.036624497930250854,0.0,0.026165133596656478,0.027134262569198535,0.0,0.0,0.011021398364085961,0.0,0.0,0.0,0.0,0.0,0.0,0.014407516154778742,0.0,0.0,0.0,0.011086148919466831,0.0005206434830397961,0.003057251783090356,0.0028481972502387392,0.0,1.3871331780537497e-19,0.0,0.0,0.0,0.00524543690757464,0.0005206434830397955,0.008288657088343416,0.0,1.3871331780537497e-19,0.02098775368017157,0.02166383899984952,0.010348905658998958,0.005197064067724363,0.0,0.013540466939971846,0.0,0.013183358633910718,0.018802870916264865,0.0,0.0,0.0,0.0,0.0006357520389467448,0.0,0.022315648339360648,0.0,0.0,0.01462306122433047,0.0,0.022951966053271974,0.014752234760475394,0.0,0.005685142939967761,0.0,0.0,0.00884395403465876,0.0,0.012583538187290792,0.011016007660066931,0.0,0.004383663019454404,0.02195474037907503,0.00338631738420401,0.0,0.014654770948196581,0.005772199826972551,0.0,0.0,0.0,0.0,0.0,0.0,0.01393918415402197,0.0,0.0,0.0,0.016960354488173533,0.0,0.0,0.003200826407482592,0.021457007829730743,0.009666572148847108,0.009054520847443228,0.021546049929103032,0.009995316428342631,0.007115825938316641,0.03488986126238567,0.0
LFQ intensity D6_1,0.0012425601682452274,0.007165163425708946,0.01459226028615261,0.0,0.0031500809577513465,0.006341047865365237,0.008713159112337924,0.0,0.006411877788372783,0.00950737365325092,0.0,0.0,0.0,0.0015917942093890095,0.00582097138258405,0.0,0.0,0.0,0.0,0.0,0.004225974583395633,0.020016053800733444,0.0,0.0,0.015173853499627384,0.0,0.0,0.0,0.0,0.021726705317886806,0.0062067990084384295,0.02855149296982021,0.01766897252580967,0.0,0.0,0.01474427864863973,0.0068503946823406945,0.010649315358484401,0.0,0.0,0.0,0.0,0.00024324514821744326,0.012794550606486042,0.020346731093347455,0.0,0.0,0.0,0.0,0.0,0.018410705347440073,0.0011848156244154663,0.0,0.0,0.007083482943015665,0.03378689943619865,0.0,0.0,0.027686310962028223,0.0,0.0,0.0,0.003181684944783534,0.01722166925775854,0.033406713920883416,0.0,0.02785609543051685,0.0,0.0,0.0,0.0,0.03542850401498015,0.0,0.023085862563440702,0.025647026923007576,0.0,0.0,0.0063750058313892105,0.0,0.0,0.0,0.0,0.0,0.0,0.01350691619518792,0.0,0.0,0.0,0.009560742895443675,0.0006372972818583515,0.0055923437546498665,0.0017610456960455829,0.0,0.0,0.0,0.0,0.0,0.006846943687748067,0.0006372972818583516,0.007186328468381646,0.0,0.0,0.01975706629625262,0.020949584843467987,0.010024092515925022,5.467026490347382e-05,0.0,0.012640224570422083,0.0,0.01425887796130503,0.018230397491062814,0.0,0.0009912950497649444,0.0,0.0,0.0014609705041440768,0.0,0.021256381982903423,0.0,0.0,0.018777323525355712,0.0,0.02406847916403573,0.01625013069968983,0.0,0.0068826322945910465,0.0,0.0,0.009398538019454835,0.0,0.014653918415477203,0.021002969602873484,0.0,0.011517487199786382,0.02811919302151126,0.0018412702548075343,0.0,0.014899343718934937,0.005247514366900153,0.0,0.0,0.0,0.0,0.0,0.0,0.01401192452587351,0.0,0.0,0.0,0.01776647557360508,0.01112661838671503,0.0,0.0030454166069256512,0.020172887843032446,0.008548966131139531,0.007954838559152596,0.021393773227456628,0.014400328936401873,0.007337516963138442,0.03214054292957275,0.0
LFQ intensity D6_10,0.0,0.0067378947314291025,0.0,0.0,0.002644001585373077,0.0,0.010690430251996678,0.0,0.011740660967992419,0.008798626293941899,0.0,0.0,0.00016554479143016695,0.0014977119808989607,0.005773339911411533,0.0,0.0,0.0,0.0,0.0,0.0,0.01453921334442061,1.8251245509765152e-19,0.0,0.015325250038338048,0.0,0.0,0.0,0.0,0.023221891222714227,0.006252269442212523,0.030581290449880547,0.01695220819161568,0.0,0.0,0.018156880996844326,0.0037519795922077875,0.012506667860765415,0.0,0.0,0.0,0.001341852274622172,0.001231463892530036,0.006251696198150911,0.021816018982939573,0.0,0.0,0.0006742480964303306,0.0,0.0,0.016248203127361766,0.0,0.0,0.0,0.005258087146886997,0.035582211025694144,0.0,0.0,0.028743345768164452,0.0,0.0,0.00448079404013217,0.0,0.015008835274233138,0.03233447261192596,0.0,0.033027625254986634,0.0,0.0,0.0,0.0,0.03438561527461994,0.0,0.02464574474914967,0.0257625328061668,0.0,0.0,0.006218059252272053,0.0,0.0,0.0,0.0,0.0,0.0,0.014854275513247205,0.0,0.0,0.0,0.01162824979474308,0.0007793399556970611,0.002602135963069617,0.0016282555728887012,0.0,0.0,0.0,0.0,0.0,0.007110556006791475,0.0007793399556970611,0.0070420485397811525,0.0,0.0,0.027266559405331837,0.02280340780688661,0.009989934493004761,0.004957856818450602,0.0,0.014023507283188085,0.0,0.015174893944921754,0.020328603938605663,0.0,0.0,0.0,0.0,0.0007998720343442487,0.0,0.021458381272807366,0.0,0.0,0.020153465688325118,0.0,0.025331974897592723,0.016924299906762023,0.0,0.006887327169838711,0.0,0.0,0.008425762329602137,0.0,0.01294507613602347,0.012877893380093274,0.0,0.010241190611380447,0.029746874563629882,0.0030599376824970155,0.0,0.010613673103303856,0.0033565446542693075,0.0,0.0,0.0,0.011953030457635832,0.0,0.0,0.015291397003073868,0.0,0.0,0.0,0.021450577213496837,0.0007023362361725746,0.0,0.0,0.024079698117867726,0.012950389578401675,0.009057799746784827,0.022065662759339216,0.013344468412954169,0.007623259151232556,0.03534347547052664,0.0
LFQ intensity D6_11,0.0013502388513275787,0.007404283817516081,0.010161365383123261,0.00014482175060461793,0.0038665800306052337,0.004895715398743866,0.009820772355960043,0.0,0.0069181845369557515,0.009991900728703155,0.0,0.0,0.00011123752762231087,0.0017122203957714965,0.003995152908717995,0.0,0.0,5.895992598259333e-19,0.0,0.0,0.0032627365826450126,0.019419313080937174,0.0,0.0,0.009359774863998426,0.0,0.0,0.0,0.0,0.01919346472712586,0.0072977206726822065,0.010522019351374897,0.018271770698597582,5.895992598259333e-19,0.0,0.006243702557324876,0.004395549048559784,0.01119176350958863,0.0,0.0,0.0,0.0,0.0002565985493822708,0.007139058621682847,0.020660155584922575,0.0,0.0,0.0,0.0,0.0,0.016227212051851674,0.0,0.0,0.0003112682290331302,0.006177628067978172,0.046761442153314584,0.0,0.0,0.027845555328966622,0.0,0.0,0.0025590090566852824,0.0,0.019517657481315277,0.03999640466898496,0.0,0.03236138918771048,0.0,0.0,0.0,0.0,0.03253698766015258,0.0,0.027237388231094485,0.03080468159146875,0.0,0.0,0.006639857958362835,0.0,0.0,0.0,0.0,0.0,0.0,0.014607850577942064,0.0,0.0,0.0,0.01063424869851028,0.001183505644150199,0.0022994441643510075,0.002401210115856591,0.0,5.895992598259333e-19,0.0,0.0,0.0,0.005321757578933064,0.001183505644150199,0.008121196150825828,0.0,5.895992598259333e-19,0.01995913303915141,0.022099651813771916,0.009980893143198012,0.0033348564643001966,0.0,0.01638145823907577,0.0,0.013604570190121255,0.019231189543346364,0.0,0.0024438289711470524,0.0,0.0,0.0009787408236422825,0.0,0.020032568416715527,0.0,0.0,0.013841995886280906,0.0,0.024440281193567292,0.01602588923095962,0.0,0.0065473186168391335,0.0,0.0,0.011294394067518667,0.0,0.006525538863704277,0.007301924877618814,0.0,0.012450170591386929,0.024081642838534312,0.004258740075409531,0.0,0.016928181244208834,0.006725540313744149,0.0,0.0,0.0,0.023926769863049358,0.0,0.0,0.01574751523757951,0.0,0.00729419713691325,0.0,0.02009172605973715,0.0,0.0,0.0,0.01977152763817495,0.012416583941318686,0.00877825903470286,0.02207061515998601,0.01418673684439653,0.008898576459793974,0.03456205868139599,0.0014716237225980392
LFQ intensity D6_12,0.0028697799008226554,0.007955412068471748,0.02559274891409777,0.0,0.003415724796778265,0.005011116841373461,0.010430915869866615,0.0,0.009970138757989628,0.009230397186198945,0.0,0.0,0.00012352006495282189,0.0,0.0,0.0,0.0,0.0,0.0,0.0,0.0033396455689505052,0.022106043359066022,0.0,0.0,0.012504576217435887,0.0,0.0,0.0,0.0,0.024330942218085697,0.009157314118174876,0.022145270601052577,0.015081374759921554,0.0,0.0,0.009766166081849768,0.00668208214999347,0.01209599463179647,0.0,0.0,0.0,0.0,0.0,0.006985993099884965,0.020287133504119405,0.0,0.0,0.006190937758609642,0.0,0.0026283138679325095,0.01831763544173975,0.0010693695867378178,0.0,0.0,0.007804517695122748,0.0254162602268113,0.0,0.0,0.027073617585696663,0.0,0.0,0.004735376764837288,0.0,0.0069222415651071,0.039479288051192635,0.0,0.02855635492122292,0.0,0.0,0.0,0.0,0.037803539582203345,0.0,0.024503075102223066,0.01661535162260118,0.0,0.0,0.005823865057200941,0.0,0.0,0.0,0.0,0.0,0.0,0.007902259092854186,0.0,0.0,0.0,0.016154945352897507,0.0011761602250958188,0.007725195239039685,0.00173037529466659,0.0,0.0,0.0,0.0,0.0,0.009329431476509572,0.0011761602250958184,0.0075946092665876075,0.0,0.0,0.020443244716727375,0.02169462901770034,0.009971539261749731,0.0036410611261809456,0.0,0.012127655674571412,0.0,0.014545192837946742,0.025936220454283534,0.0,0.0,0.0,0.0,0.0,0.0,0.02055286678444388,0.0,0.0,0.014184842449113893,0.0,0.023440969017037683,0.0189928595430713,0.0,0.004542857199753431,0.0,0.0,0.0,0.0,0.018968947547374635,0.025617452795173426,0.00022124956690908383,0.00779664149237766,0.03076737686794448,0.0023306453951445474,0.0,0.011568697070945782,0.0019428765815414915,0.020170703397294855,0.0,0.0,0.0,0.0,0.0,0.008444772083278828,0.0,0.003749774373514598,0.0,0.015073985228555143,0.013615585845438097,0.0,0.0,0.016758661291037428,0.011305575374910996,0.00861737889736693,0.019654120360069194,0.0,0.009762496243680781,0.03779660031754764,0.0009513494744454655
LFQ intensity D6_2,0.001053424933605162,0.00796341372619949,0.01571696130598992,6.399052218617615e-20,0.0037846112234285476,0.005272732852600723,0.008240615146597453,0.0,0.0054965961316528755,0.009416274858024832,0.0,0.0,0.0005447456743641705,0.0019082048795729706,0.0063090911593247055,0.0,0.0,6.399052218617615e-20,0.0,0.0,0.00351399886788938,0.021715113421234236,0.0,0.0,0.007551505147747952,0.0,0.0,0.0,0.000383397990023439,0.023646264760486934,0.01017220247824891,0.02251716628563573,0.01705219938723155,6.399052218617615e-20,0.0,0.00847431766902523,0.007332490908040699,0.010602247296592829,0.0,0.0,0.0,0.0,0.0002619933106614861,0.0076660423916596575,0.025000139966236012,0.0,0.0,0.0,0.0,0.0,0.015203737318161227,0.0,0.0,0.0,0.0034087193109869126,0.042292108473535865,0.0,0.0,0.029036594219574437,0.0,0.0,0.0012047857388491898,0.0,0.012788506545540522,0.030340115004421374,0.0,0.03207251442668821,0.0,0.0,0.0,0.0,0.03744642363777156,0.0,0.031163155181096632,0.034304478380277524,0.0,0.0,0.0015341593019491272,0.0,0.0,0.0,0.0,0.0,0.0,0.014839399936944922,0.0,0.0,0.0,0.010889013483742781,0.001640268472091945,0.004454322637654873,0.0022884574919977076,0.0,6.399052218617615e-20,0.0,0.0,0.0,0.004868880645110261,0.0016402684720919442,0.008129640707713576,0.0,6.399052218617615e-20,0.02026804604665696,0.022564277768112175,0.010285600821730507,0.0025127865390587338,0.0,0.014582698771937578,0.0,0.015911127426182278,0.019584396015660248,0.0,0.0005813170789824426,0.0,0.0,0.0010638896055969052,0.0,0.020751252068989277,0.0,0.0,0.019687315720518652,0.0,0.025608277762274215,0.016087529790608672,0.0,0.009048765523307984,0.0,0.0,0.009506085402822368,0.0,0.012488591156105202,0.015004211870086031,0.0,0.014846705570756331,0.01584656829605941,0.0052911548041398365,0.0,0.010360680958402696,0.006295360517085869,0.0,0.0,0.0,0.0,0.0,0.0,0.014841892044802903,0.0,0.0,0.0,0.02033868005685963,0.0,0.0,0.0,0.027820113160555833,0.0067607630181843945,0.008962814294478632,0.021529539943508574,0.011095715601060891,0.012225524041888116,0.036594267446198835,0.0005127497191122322
LFQ intensity D6_3,0.00012272620714374294,0.007315492149996856,0.01504104790071627,2.3044242530055922e-20,0.0012289023790991946,2.3044242530055922e-20,0.011795988203010345,0.0,0.005380356044318552,0.010358943269242282,8.526369736120691e-19,0.0,9.534476258882785e-05,0.00243767194064228,0.0035450294105949846,0.0,0.0,2.3044242530055922e-20,0.0,0.0,0.0,0.01854038415579143,0.0,0.0,0.008480674277415761,0.0,0.0,0.0,0.0,0.02049094154274769,0.008008852076220596,0.021548807692334547,0.018080879552651023,2.3044242530055922e-20,0.0,0.014386783551200568,0.005388703627022812,0.01311204367372495,0.0,0.0,0.0,0.0,0.006828605687309232,0.007183558927905907,0.020552349411165693,0.0,0.0007164374315504563,0.007176902634866743,0.0,0.003322776499473153,0.015686500361481195,0.0,0.0,0.0,0.0029733905016462074,0.03342795600971073,0.0,0.0,0.027536963037713122,0.0,0.0,0.0,0.0,0.012025787591896913,0.039044416343508984,0.0,0.030894390890089857,0.0,0.0,0.0,0.0,0.03336800826718409,0.0,0.029618662490792293,0.028634684592643282,0.0,0.0,0.0066937930239879696,0.0,0.0,0.0,0.0,0.0,0.0,0.01451062103049396,0.0005546070299406297,0.0,0.0,0.010477086260694188,0.001143051612879113,0.004679461655118053,0.0,0.0006548007693731276,2.3044242530055922e-20,0.0,0.0,0.0,0.003666506431020214,0.001143051612879113,0.007097552862895309,0.0,2.3044242530055922e-20,0.02462129444805673,0.021593893129067915,0.009810932337425205,0.00017556166295838765,0.0,0.01797591424744443,0.0,0.011543042197415311,0.01967302972784304,0.0,0.0,0.0,0.0,0.001601743914223313,0.0,0.019372441996225082,0.0,0.0,0.018502742937811328,0.0,0.022300018198744057,0.01238221259515476,0.0,0.007477550482753687,0.0,0.0,0.006428168029361944,0.0,0.011992005020185858,0.013588741146307452,0.0,0.013582459076864353,0.019149181473207513,0.00889107546092358,0.0,0.008689261443055386,0.005540378430599208,0.0,0.0,0.0,0.011663901590818615,0.0,0.0,0.016853827435141317,0.0,0.0099274088178055,0.0,0.020146807697382998,0.002335371968565137,0.0,0.0017007698667413772,0.018772148562682053,0.01110142103008216,0.00857736533824128,0.019972493594610893,0.015498026706524753,0.009994010775802002,0.037539927788371265,0.006053375486919875
LFQ intensity D6_4,0.001223115623968194,0.008454534257890924,0.016730884206211043,3.0742727408017354e-19,0.005303418362178074,0.00631083392779694,0.009504017457770674,0.0,0.005488386242436722,0.011456804375229031,0.0,0.0,0.0017427863499891953,0.004657629082840429,0.006092177825682772,0.0,0.0,3.0742727408017354e-19,0.0,0.0,0.004205838584592452,0.02034689511977363,7.094475555696312e-20,0.0,0.013076457076088089,0.0018627791095978121,0.0,0.0,0.0,0.020611095836568862,0.004830426754956803,0.029245156764224713,0.01745324141207727,3.0742727408017354e-19,0.0,0.012558258206786202,0.007356089847438651,0.009733090104904056,0.0,0.0,0.0,0.0,0.0,0.012187980543460085,0.019559555727416116,0.0,0.0,0.0,0.0,0.0,0.016734077261070932,0.0,0.0,0.0,0.007066175440219931,0.0393308177721583,0.0,0.000828660221592675,0.027880836520019558,0.0,0.0,0.004621057072234359,0.0,0.007404345832178455,0.03187241266753644,0.0,0.032855167920817725,0.0,0.0,0.0,0.0,0.02850400987179332,0.0,0.030340537698928804,0.03375048280761378,0.0,0.0,0.0079640591736434,0.0,0.0,0.0,0.0,0.0,0.0,0.00906488279781607,0.0,0.0,0.0,0.012095500271799113,0.0004803373119637431,0.007306728604907457,0.004034617558869711,0.0,3.0742727408017354e-19,0.0,0.0,0.0,0.0033434717798896327,0.00048033731196374315,0.009561211283947203,0.0,3.0742727408017354e-19,0.015010782428776414,0.02215988755205414,0.009904907174855484,0.0026984878535910705,0.0,0.017030351840312572,0.0,0.011550053757867473,0.019283606880504015,0.0,0.0,0.0,0.0,0.0014861206794012003,0.0,0.021935573384617962,0.0,0.0,0.01982571415865059,0.0,0.02459324569001054,0.015183709653009051,0.0,0.005868947285935089,0.0,0.0,0.010461793205948092,0.0,0.01409383788227608,0.014480496940308982,0.0,0.006859020647068168,0.02043310156733775,0.0035451665286282364,0.0,0.014525710151299697,0.00798031393558174,0.0,0.0,0.0,0.0,0.0,0.0,0.017152699777708242,0.0,0.0,0.0,0.02119678880193386,0.0017542491417932228,0.0,0.0,0.022868341977098864,0.011280036415938083,0.008802185425862492,0.01915109718196763,0.00876940369263883,0.006167766192379031,0.03843542221380224,0.0
LFQ intensity D6_5,0.0009487989896267147,0.008451152948700354,0.015431928326403825,0.0012637405572436245,3.9011125908402004e-19,0.0010901293932422081,0.008998997121820168,0.0,0.008065292996946838,0.012196918866841237,0.0,0.0,0.0,0.002754616156025957,0.0020513871299566153,0.0,0.0,6.265423251955473e-19,0.0,0.0,0.0007265138516958228,0.018851692354670564,0.0,0.0,0.006845945777774288,0.0,0.0,0.0,0.0,0.02093595367708856,0.0085000159540423,0.015953066514404902,0.018456310231355293,6.265423251955473e-19,0.0,0.012753246029077743,0.0037916153648440863,0.011098604632768388,0.0,0.0,0.0,0.0,0.003924133620302211,0.006234575232160977,0.02295506394508632,0.0,0.006101104682525225,0.0,0.0,0.0,0.019561396838333467,0.0,0.0,0.0,0.0054558874303346225,0.04028592159450113,0.0,0.0,0.026393969224752414,0.0,0.0,0.002757548107845755,0.001297626434377537,0.027884319170353816,0.033238449363224246,0.0,0.031219540037244805,0.0,0.0,0.0,0.0,0.03670708655261008,0.0,0.023162388681983614,0.018612863770916397,0.0,0.0,0.007258020639257512,0.0,0.0,0.0,0.0,0.0,0.0,0.014784209806008912,0.0,0.0,0.0,0.009465176145163259,0.0009112504143763887,0.005499297492750683,0.0,0.0008778686809405811,0.0,0.0,0.0,0.0,0.005418565034642348,0.000911250414376388,0.004288166968914841,0.0,6.265423251955473e-19,0.010618651449729398,0.022155066140034766,0.010793650048853468,0.004071509914968713,0.0,0.020637017102836355,0.0004024095111518883,0.01069059629962565,0.01975062537180801,0.0,0.0025803365332627073,0.0,0.0,0.0013579225861895122,0.0,0.023836269132930667,0.0,0.0,0.019026142158134102,0.001196035991302113,0.024741054517175332,0.013189721968274165,0.0,0.0069346008571889994,0.0,0.0,0.0,0.0,0.011026579875617745,0.003994036070946824,0.0,0.010905386796549975,0.021570282656473063,0.009969731343363446,0.0,0.01613097830888331,0.008510600046625186,0.0,0.0,0.002128303282898931,0.011782955929374204,0.0,0.0,0.018112801957215808,0.0,0.0,0.0,0.021654666734474512,0.0,0.0,0.0,0.023811651286004223,0.011507887349004707,0.008800270300503241,0.022078591621107705,0.015560965555423335,0.010611105536434313,0.0395418275184081,0.0059481610897125555
LFQ intensity D6_6,0.0009094307619205895,0.007374948677087716,0.016048052923919642,0.0,0.004600310083169827,0.0,0.008935213813507788,0.0008102249407314082,0.00673468396613474,0.010221880729286025,0.0,0.0,0.0,0.0022947741790682063,0.003750940992312795,0.0,0.0,0.0,0.0,0.0,0.0,0.017259273992497614,0.0,0.0,0.014294014232470464,0.0,0.0,0.0,0.0,0.01853341429642566,0.009623307211216422,0.02965227160408714,0.017749481846676355,0.0,0.0,0.013024178176237852,0.011767836186909748,0.010836163058046636,0.0,0.0,0.0,0.0,0.0038531304461016276,0.008800685123658013,0.02299255028927163,0.0,0.0,0.0,0.0,0.0,0.024526012418613807,0.0,0.0,0.0,0.010195544326648737,0.028933219940535777,0.0,0.0,0.025449588219174358,0.0,0.0,0.0,2.6460518854104935e-05,0.019076468794487208,0.028921284578368997,0.0,0.029348880887887525,0.0,0.0,0.0,0.0,0.03598404014139873,0.0,0.018170688556481945,0.020311333203896612,0.0,0.0,0.006002235238219656,0.0,0.0,0.0,0.0,0.0,0.0,0.013941494973887315,0.0003613825695708803,0.0,0.0,0.010120536636876143,0.0,0.0067399048315140795,0.0033648533895584715,0.0006843552513080636,0.0,0.0,0.0,0.0,0.006826587246686522,0.0,0.008646472614144862,0.0,0.0,0.013853105459789305,0.021045042394591734,0.010032764659177695,0.003047532464930636,0.0,0.017289103095035386,0.0,0.010733352901251485,0.01932575299447483,0.0,0.002241278327048251,0.0,0.0,0.0006899794133334982,0.0,0.02058438111703073,0.0,0.0,0.018495289997385044,0.0,0.02418821380007073,0.014593462468999762,0.0,0.006734178621584004,0.0,0.0,0.0,0.0,0.013093769036121654,0.02531607719485852,0.0,0.01434954070107921,0.026282855681580397,0.00803903124489893,0.0,0.010409899638319802,0.0015279771490030844,0.0,0.0,0.0,0.0,0.0,0.0,0.014353194713994447,0.0,0.005783928880653503,0.0,0.022120467491626574,0.01728777209589809,0.0,0.0,0.023756449731453664,0.006855555348316676,0.008359354938836867,0.016248419015600143,0.01394414579428242,0.011615267148901697,0.037684278402414534,0.002420466208604943
LFQ intensity D6_7,0.00020144957046560385,0.006942235954784129,0.015124399770305571,5.033461982268229e-19,0.003337465726629113,5.033461982268229e-19,0.009034914368181384,0.0,0.004519016527963083,0.010269260446479741,0.0,0.0,0.0,0.0001142275260646112,0.004445901511200218,0.0,0.0,0.0,0.0,0.0,3.317509033767696e-19,0.018644116243386515,5.719843161668441e-20,0.0,0.011739573238240599,0.0,0.0,0.0,0.0,0.020007739071394307,0.011357968869146744,0.03517801503102709,0.017698421094843327,5.033461982268229e-19,0.0,0.015519148815877633,0.008598167171180789,0.010987839387642272,0.0,0.0,0.0,0.0,0.0009604866849607475,0.010575454439722905,0.022078137759132605,0.0,0.006707556060358802,0.007527091641920994,0.0,0.0028450836558662363,0.018935579029970215,0.0,0.0,0.0,0.008625877907829805,0.0411773239693808,0.0,5.033461982268229e-19,0.027382251099497126,0.0,0.0,0.0,0.006053330196511336,0.014325625943091017,0.03510987644191246,0.0,0.030126477197683913,0.0,0.0,0.0,0.0,0.027585892323019476,0.0,0.018783793915245345,0.02472937193346994,0.0,0.0,0.005429739613106059,0.0,0.0,0.0,0.0,0.0,0.0,0.013090502158109618,0.0,0.0,0.0,0.007836428326898808,0.0006813734437341415,0.005150122991473053,0.0020790590298118807,0.0,5.033461982268229e-19,0.0,0.0,0.0,0.006868239751887963,0.0006813734437341415,0.007467411933152545,0.0,5.033461982268229e-19,0.02456853375359609,0.021439399761047126,0.010063427573603206,4.461477666101384e-19,0.0,0.01332650372699595,0.0,0.013937216828753018,0.019112628696318922,0.0,0.0006943297023585818,0.0,0.0,0.00047543641243370837,0.0,0.019128147497034124,0.0,0.007264042997289546,0.017046750617959155,0.0,0.023283557731094754,0.014644463579769467,0.0,0.007267951371219754,0.0,0.0,0.010836870576939014,0.0,0.012109955604294367,0.009707135709556235,0.0,0.008020087648477711,0.02277912344156826,0.004488411977288698,0.0,0.010880785638153664,0.004909470551129649,0.0,0.0,0.0,0.0,0.0,0.0,0.020303192707288913,0.0,0.005971764934978666,0.0,0.018252774390323835,0.0,0.0,0.00453080000926469,0.020223324580117802,0.006229511540124241,0.008515998633686008,0.016699737417291336,0.01695761493154934,0.01294168368003852,0.032475180448316904,0.004380864113844062
LFQ intensity D6_8,0.0011228569239880978,0.007424220698803322,0.015398055466083058,0.0,0.0,0.013690562208861425,0.012101207595479535,0.0,0.00873419569934624,0.01213325578361905,0.0,0.0,0.0005131841302502453,0.001817041445914071,0.00664326963221711,0.0,0.0,0.0,0.0,0.0,0.009124038984637558,0.018094341750117125,0.0,0.0,0.009795731876221415,0.0,0.0,0.0,0.00035508229912377073,0.01796156676696567,0.0036389841877969317,0.01683369650787334,0.017356914142373524,0.0,0.0,0.01449946224977713,0.00396349860909125,0.011620372188980403,0.0,0.0,0.0,0.0,0.0,0.008017506811475754,0.02086822367426629,0.0,0.010948523366571563,0.005446456602051614,0.0,0.0,0.02420325155538131,0.0,0.0,0.0,0.0,0.031410546691869004,0.0,0.0,0.028380085493807466,0.0,0.0,0.01114635949035866,0.0,0.0,0.04105245065733555,0.0,0.04029714070858161,0.0,0.0,0.0,0.0,0.03591599108637987,0.0,0.026958139677687735,0.02724840826975822,0.0,0.0,0.0021728015410340975,0.0,0.0,0.0,0.0,0.0,0.0,0.014910706731190283,0.0,0.0,0.0,0.010172792235616766,0.001586444337583402,0.002471486372478753,0.0,0.0,0.0,0.0,0.0,0.0,0.004372243271191549,0.0015864443375834022,0.004278754504205449,0.0,0.0,0.017845937766067136,0.022106436089085482,0.009396840065506437,0.00207771449899365,0.0,0.01021563698257153,0.0015090982267814547,0.0128444895575444,0.019237093241991448,0.0,0.0,0.0,0.0,0.001602030176750301,0.0,0.021173126629688028,0.0,0.0,0.019893359740851112,0.0,0.025429236593328568,0.017197043827005726,0.0,0.008129112132950525,0.0,0.0,0.008887443280395127,0.0,0.011855634816720877,0.017244715976175946,0.0,0.0055717285784468015,0.026028599217625934,0.002835813628577824,0.0,0.012613606852444548,0.0052529284088933675,0.0,0.0,0.003072731436450095,0.0,0.0,0.0,0.012068281123142628,0.0,0.008938672974540752,0.0,0.01676234800291056,0.006769900023280831,0.0,0.0029419033176726578,0.018214778096634358,0.013612323159543891,0.008780953833995036,0.023554352245724674,0.005810760367468408,0.0051686357734818675,0.03909043679282938,0.0
LFQ intensity D6_9,0.0,0.008132880634847867,0.016152835800704753,0.0,0.005472459298641851,0.006785318676108551,0.01200116237487914,0.0,0.006173541504207453,0.010866742952871229,0.0,0.0,0.00019367692574811274,0.0015450887126840082,0.006569788036149365,0.0,0.0,0.0,0.0,0.0,0.004522057690511193,0.021719391789973376,3.712140286334883e-20,0.0,0.015112480771920348,0.0028743478556790556,0.0,0.0,2.7355034947315117e-05,0.02131266776395222,0.0055404751511107485,0.024222941474821576,0.008795010246433694,0.0,0.0,0.015723145459958274,0.0010192114483522565,0.0,0.0,0.0,0.0,0.0,0.0,0.005980744941842933,0.02351420310424385,0.0,0.0,0.0010396239473673059,0.0,0.0,0.020276910055080036,0.0,0.0,0.0,0.0046328444369740035,0.040172072392122074,0.0,0.0,0.030381028597842755,0.0,0.0,0.00981416495543549,0.0,0.001466637782307987,0.0409670095818703,0.0,0.03175786272337527,0.0,0.0,0.0,0.0,0.03708108174333764,0.0,0.029073359419252858,0.029793864307430657,0.0,0.0,0.006434011329936745,0.0,0.0,0.0,0.0,0.0,0.0,0.01572489866570248,0.0,0.0,0.0,0.011067082189079109,0.0013189776031031935,0.00250571901903554,0.004111019288440825,0.0,0.0,0.0,0.0,0.0,0.004203042894436198,0.001318977603103193,0.009928644231978765,0.0,0.0,0.01573697113463581,0.023190047150583863,0.012525329180991055,0.001256010167339033,0.0,0.01153905153626151,0.0,0.014233237523383341,0.019634298077121536,0.0,0.0,0.0,0.0,0.0013318376956956467,0.0,0.02388790772475031,0.0,0.0,0.015326192228821669,0.000511264802537326,0.026545324945528373,0.013700766683283589,0.0,0.004831527326606414,0.0,0.0,0.01784517259100316,0.0,0.022265553903614118,0.019737617640609634,0.0,0.0052576816995194885,0.01828775637342061,0.0019306277973992958,0.0,0.00991581870061879,0.008170209034496367,0.0,0.0,0.0,0.0,0.0,0.0,0.013719969722581948,0.0,0.0,0.0,0.019826167260797358,0.009137240031909303,0.0,0.001355184493182434,0.02103200889546984,0.010313419242924095,0.009211377746138965,0.02395149696981473,0.002868676466216321,0.0069036467936114685,0.036694248041331055,0.0
LFQ intensity D7_1,0.008972896379901412,0.009414665739949478,0.0,0.00031809496609538505,0.003069165363522622,0.002074394384039533,0.007780552955621112,0.0028416764686038797,0.01253714154276705,0.010241773319304618,0.0,0.0,0.0009247208506855458,0.005500425031388346,0.0008636378959768148,0.0,0.0,0.0,0.0,0.0,0.0013824746523001977,0.007216860650574788,2.0009841980069256e-19,0.0,0.010123388438852103,0.0,0.0,0.0,0.000767518549107413,0.020824078214549194,0.005437358927774948,0.022044365761336573,0.015612047591500451,0.0,0.0,0.012662661084180668,0.006521348907972229,0.010155901419559478,0.0,0.0,0.0,0.0019284626817341298,0.0,0.005788860808246425,0.017253601616789814,0.0,0.010949374596477596,0.007823694351251177,0.0,0.0,0.02032943701546175,0.0,0.0,0.0,0.0013766625421661337,0.03279344084779289,0.0,0.0,0.020216465423446992,0.0,0.0,0.0,0.0,0.008583732619372344,0.0412425181281288,0.0,0.04134972471686613,0.0,0.0,0.0,0.0,0.029264191241300905,0.0,0.016450773617398513,0.01842327109495267,0.0,0.0,0.0006521439910707603,0.0,0.0,0.0,0.0,0.0,0.0,0.011444290242878167,0.0,0.0,0.0,0.010015762838235541,0.0019963769525016715,0.003401345997626462,0.002756646141787621,0.0,0.0,0.0,0.0,0.0,0.006609869094644902,0.0019963769525016715,0.010606327062373968,0.0,0.0,0.019331571011954186,0.02205937703291395,0.011340218885739245,0.005872350162774314,0.0,0.022517571081847054,0.0,0.005022883107557246,0.022172505701204052,0.0008362666101928269,0.003169098791656116,9.416396225914945e-20,0.0,0.0004131915801900064,0.0,0.020896396130041614,0.0,0.0,0.01897673991365778,0.001169759668764101,0.029801433106305637,0.014206711527161662,0.0,0.005606594192639699,0.0,0.0,0.0006549262382870872,0.0,0.012467524021328603,0.01252806520016439,0.0,0.02015273633320785,0.031104232128300144,0.007320013361742658,0.0,0.011552353629158456,0.0,0.0,0.0,0.0,0.014913552243835596,0.0,0.0,0.013041039548063096,0.0,0.011766847112449018,0.0,0.016602350524741117,0.0038584168326403784,0.0,0.0,0.021795218083692235,0.014982021500815523,0.007748520696761439,0.017316005081005274,0.016540758169504993,0.006697157002743857,0.05502509411638776,0.0
LFQ intensity D7_2,0.003969767742859407,0.010760344959677511,0.013305249438873616,3.672252671772828e-19,0.0037370154326677174,0.004920097742935012,0.009496314919749942,0.0011814076079739988,0.011667583755545757,0.010764939402455249,0.0,0.0,0.0008834424471717649,0.002580917993482648,0.003613772457220815,0.0,0.0,3.672252671772828e-19,0.0,0.0,0.003278986131461411,0.01851551995104346,0.0,0.000662234646315824,0.009766110248870844,0.00034354096629167757,0.0,0.0,0.0007198516356086888,0.018089049455636195,0.003340693065694094,0.018243314228664705,0.018384994279589777,3.672252671772828e-19,0.0,0.013116243794156672,0.005507855713652116,0.010264221362135105,0.0,0.0,0.0,0.0,0.0002663658671089941,0.005443400336401223,0.01450347427010338,0.0,0.0,0.0,0.0,0.0,0.009942591899050114,0.0,0.0,0.0,0.0009248778600190558,0.04047041936723116,0.0,0.0,0.023600246053555162,0.0,0.0,0.004780910768172381,0.0,0.008618463525282834,0.041387661875078,0.0,0.042323217130010075,0.0,0.0,0.0,0.0,0.02910782496123425,0.0,0.02242840470143335,0.027285578162437023,0.0,0.0,0.0008994778919208177,0.0,0.0,0.0,0.0,0.0,0.0,0.014921962895418014,0.0,0.0,0.0,0.010058793384104278,0.001997792707789948,0.0012085761667044418,0.002714986153018281,0.0005265239959676466,3.672252671772828e-19,0.0,0.0,0.0,0.0021786381312791417,0.0019977927077899473,0.00815521543979516,0.0,3.672252671772828e-19,0.020681848867491706,0.022940865925988593,0.011458460837804042,0.005964396571260511,0.0,0.018073936920341205,0.0,0.012340003389518642,0.015438879307390138,0.0004278271247485417,0.001600568541432577,0.0,0.00011989055826671978,0.0013472968064023698,0.0,0.022772509830386777,0.0,0.0,0.020225565424282815,0.0012329595554680286,0.02815505075025149,0.011787181653289285,0.0,0.005931148684967779,0.0,0.0,0.0094568979974378,0.0,0.011705710378314237,0.008161298164197875,0.0,0.013861493940830262,0.033813257971930466,0.003497041244868866,0.0,0.010743664018856984,0.0028033413924205574,0.0,0.0,0.0,0.014031762927434063,0.0,0.0,0.013472841522344268,0.0,0.005416569099066515,0.0,0.01510476743053917,0.0,0.0,0.0042004254387708415,0.03362420613541553,0.012384294871664888,0.009112399836689789,0.021297106327015564,0.017579345827213915,0.005049314510807464,0.041329204584250996,0.0
LFQ intensity D7_3,0.004056513647122648,0.008928392164941784,0.01638501930352671,0.0,0.003831063908385214,0.005565244984098944,0.008346815596448608,0.0015730286910550302,0.0033305768061582548,0.010632204122644711,0.0,0.0,0.000207068423332494,0.002849124896827602,0.002883959827881374,0.0,0.0,0.0,0.0,0.0,0.0037089428044898617,0.014893906480284515,5.02066559700454e-20,0.0,0.006058975199850915,0.0,0.0,0.0,3.8370266890742315e-05,0.01905043908777623,0.0037601116864480286,0.0034418924027305,0.01928079897097483,0.0,0.0,0.015459855953690416,0.008868845630316662,0.010867761332676222,0.0,0.0,0.0,0.0,0.0002731294789755045,0.009638415739383245,0.01955833063004158,0.0,0.0,0.0,0.0,0.0,0.013428932452199373,0.0,0.0,0.0,0.0038480115522048714,0.04087735346410062,0.0,0.0,0.02262090195387773,0.0,0.0,0.0,0.0,0.004970866924028266,0.04307627271695858,0.0,0.04221194624472124,0.0,0.0,0.0,0.0,0.030807669915305716,0.0,0.01749364779727293,0.02819374755719656,0.0,0.0,0.0019022203421809405,0.0,0.0,0.0,0.0,0.0,0.0,0.014204192831735029,0.0011531345745189319,0.0,0.0,0.012046423553232955,0.0013485618528575607,0.0,0.0019385596594411845,0.0007495755987476033,0.0,0.0,0.0,0.0,0.002385462978428399,0.0013485618528575605,0.0083614566491795,0.0,0.0,0.021153617515926374,0.023523384679947842,0.011490836238846298,0.00433229214566581,5.02066559700454e-20,0.018382446417059547,0.0,0.010478238947760128,0.02279870443490165,0.0,0.0012230397641185009,0.0,0.0,6.709779200291728e-05,0.0,0.0228358164528981,0.0,0.0,0.02043003511752069,0.0,0.027193155147042257,0.015733625982490233,0.0,0.009094733535762671,0.0,0.0,0.0058657219368039104,0.0,0.016770695076880688,0.006726923671336353,0.0,0.022985288743121588,0.030108662139116855,0.0029850060111030817,0.0,0.0129450046814438,0.004161332338869594,0.0,0.0,0.0,0.016157126742364757,0.0,0.0,0.017195169352677453,0.0,0.0091094863880472,0.0,0.021382577604800286,0.0,0.0,0.0036557331113245993,0.022539593858990393,0.01184050113530582,0.006045425217121639,0.02213250273596931,0.0167948856338697,0.004969600370187277,0.040435450570724556,0.0
LFQ intensity D7_4,0.00465532681160366,0.007785942357576348,0.016245941537703475,7.467074489659474e-20,0.006622602763019299,7.467074489659474e-20,0.008160637125223344,0.0,0.005398077091000343,0.01031737749095894,0.0,0.0,0.0006373916807508611,0.0014964038251933831,0.00654398788624256,0.0,0.0,7.467074489659474e-20,0.0,0.0,0.0,0.02019768299529914,0.0,0.0,0.008855424167411476,0.00834251468758412,0.0,0.0,0.0004707149613453686,0.01793989631416169,0.0025114868978467573,0.0034126772582922893,0.01601778951165245,0.014600267832432184,0.0,0.01705663275108562,0.007752092032634206,0.009996052955086331,0.0,0.0,0.0,0.0,0.00027081112725358493,0.0017736963864112588,0.021066702131674917,0.0,0.009495095122431923,0.00819269235633585,0.0,0.0015267938744331984,0.0170761381618308,0.0,0.0,0.0,0.006057864896995531,0.03923798013702757,0.0,0.0,0.025615723104395367,0.0,0.0,0.004962232337339888,0.0,0.0040923302004281445,0.034800144135144616,0.0,0.03297732630954018,0.0,0.0,0.0,0.0,0.03327693226573333,0.0,0.02775460761751951,0.02713376460936113,0.0,0.0,0.005185917645547736,0.0,0.0,0.0,0.0,0.0,0.0,0.014917038540123117,0.0,0.0,0.0,0.010930953525299823,0.0017699086742025026,0.0,0.0057944171170022565,0.0,7.467074489659474e-20,0.0,0.0,0.0,0.0048127103506132975,0.0017699086742025015,0.011097870023567038,0.0,7.467074489659474e-20,0.009058689200250304,0.02332371571860686,0.010031444312835203,0.0036078539507294295,0.0,0.012553830028096269,0.0,0.015190318898549455,0.01849307859820612,0.0,0.002393300915072423,0.0,0.0,0.00036839909697791257,0.0,0.0,0.0,0.0,0.020466083694157054,0.0,0.02538722897908964,0.01649552825797434,0.0,0.007300367452647108,0.0,0.0,0.01346759895000832,0.0,0.013703324612548312,0.010761131211507255,0.0,0.018623504594585047,0.029029586153785147,0.005533030756183141,0.0,0.015313059475452633,0.0034250250442023275,0.0,0.0,0.0,0.0,0.0,0.0,0.015214812264195176,0.0,0.008436010968574308,0.0,0.013992579212229144,0.0,0.0,0.01198891216548887,0.022530661703592983,0.013354974631140255,0.00926447257879927,0.0226233722940211,0.014647646822076513,0.004161524981452179,0.042652452218446955,0.0
LFQ intensity D7_5,0.00636329508201823,0.008038276214848985,0.015704233244258493,0.0,0.003158874359743928,0.0,0.007750759797398169,0.0004601994396543967,0.006813897794201963,0.011070873853721491,0.0,0.0,0.0006039065533117651,0.006667009916904196,0.005080662425376628,0.0,0.0,0.0,0.0,0.0,0.0,0.0181369573940343,1.443618138914482e-19,0.0,0.00521749394082143,0.0030391249521839673,0.0,0.0,0.0004427708511183963,0.020078686402474698,0.004738402933520651,0.008661125477647634,0.018248124731273664,0.0,0.0,0.013084075368461904,0.0019686349947031757,0.010227143865137867,0.0,0.0,0.0,0.0,0.0,0.012739516569114201,0.018520077503579323,0.0,0.01293226812852041,0.0,0.0,0.0,0.012575104685090653,0.0,0.0,0.0,0.0,0.04116536884944172,0.0,0.0,0.02298523861423588,0.0,0.0,0.005308819252990575,0.0,0.0,0.042050436404141696,0.0,0.035325658508008624,0.0,0.0,0.0,0.0,0.024936167718741405,0.0,0.0225129945111511,0.027459885690337967,0.0,0.0,9.624120926096545e-20,0.0,0.0,0.0,0.0,0.0,0.0,0.010173588583534402,0.0,0.0,0.0,0.010546791140369896,0.0016986404725695171,0.004165281039673495,0.0018355666503723069,0.0,0.0,0.0,0.0,0.0,0.0036110160329305575,0.0016986404725695162,0.007504060879586859,0.0,0.0,0.019856596228288705,0.02254600454628727,0.010697997655114998,0.0038723477726117094,0.0,0.01937016647406627,0.0,0.007695822673576589,0.01961960715619058,0.0002661788832853132,0.0010327734282045773,0.0,3.388776927006098e-05,0.0015580613219630115,0.0,0.022135255217069418,0.0,0.0,0.01781804063950171,0.0,0.02896408004449346,0.016870878060886343,0.0,0.0051846172277865595,0.0,0.0,0.02143779050423528,0.0,0.015690325721799844,0.00945199318776701,0.0,0.011060717895231342,0.028162675328381747,0.002501912285732449,0.0,0.015483373423415155,0.006519131187685504,0.0,0.0,0.0,0.015367111216551713,0.0,0.0,0.018398854711173283,0.0,0.00841294863395923,0.0,0.017301068816453182,0.0,0.0,0.0,0.02269285981328804,0.015600389166457378,0.008955555941454377,0.023409756275706524,0.02119644768374908,0.006138053563496363,0.03939706824508998,0.0
LFQ intensity D8_1,0.008905322584853066,0.007785577706212321,0.01564820125970562,0.0,0.0026717508213104056,0.006076297687460534,0.009614298518294524,0.0009918041248927181,0.0014936909050367825,0.011118019487005686,0.0,0.0,0.0008972680937142612,0.004040407373476304,0.004534581688090066,0.0,0.0,0.0,0.0,0.0,0.004049532527361687,0.019389842586549726,0.0,0.0,0.01010832991317215,0.0017617802673099384,0.0,0.0,0.0007371105037910261,0.01667676739389489,0.002052478607261219,0.01786533681461972,0.015427332409388105,0.0,0.0,0.011398071446149186,0.0051958686758453755,0.010957127180188476,0.0,0.0,0.0,0.0,0.0,0.010774460343630622,0.01731614317915595,0.0,0.0024963685310453194,0.0,0.0,0.0,0.021466459017122682,0.0,0.0,0.0,0.0,0.0350503043684489,0.0,0.00235947613384123,0.02103485379203739,0.0,0.0,0.002834666633686085,0.0,0.0,0.04250599781101442,0.0,0.04233776598183798,0.0,0.0,0.0,0.0,0.02859213475131992,0.0,0.021878798847124046,0.025778620888138978,0.0,0.0,4.172134445953909e-05,0.0,0.0,0.0,0.0,0.0,0.0,0.008669429105178383,0.0,0.0,0.0,0.011949864268029024,0.0019885834810721213,0.0024032799341244366,0.0013532354722244724,0.0,0.0,0.0,0.0,0.0,0.00249357724924536,0.001988583481072121,0.0070042429784596075,0.0,0.0,0.020304590776464314,0.022465561435259945,0.011068090582726562,0.0,0.0,0.018577092811434263,0.0,0.011575876095705696,0.016540417159394204,0.0005107712220169998,0.0,0.0,8.727214097424014e-05,0.0015933406598110144,0.0,0.020138833688028653,0.0,0.0,0.01757080478280323,0.0,0.023791388139493032,0.017575107305981535,0.0,0.008459535061289792,0.0,0.0,0.015499591551936009,0.0,0.02290194374724358,0.018573377209023217,0.0,0.011911656033513329,0.032032016661185575,0.00349163198414249,0.0,0.012436627828609662,0.0031195984986175642,0.0,0.0,0.0,0.0,0.0,0.0,0.012326202546410522,0.0,0.013908319427142261,0.0,0.015844010516924,0.00657055700306022,0.0,0.009565421694910453,0.02282844490149956,0.01545967934871243,0.008375205325413193,0.01978039002302406,0.017564328669550662,0.003618718331600635,0.04221823066824463,0.0
LFQ intensity D8_2,0.0,0.01017860020970949,0.02607987284766432,0.0,0.00476736237298399,0.0,0.0080351010771356,0.0,0.003390491342628245,0.011441845027780803,0.0,0.0,0.00012197123547502709,0.005683370889311314,0.009511917734084111,0.0,0.0,0.0,0.0,0.0,4.3354594358788204e-19,0.02200102593052724,0.0,0.0,0.005028680622676504,0.0017119275895411247,0.0,0.0,0.0,0.018410526133117975,0.006808038280213555,0.0,0.020627841629141105,0.0,0.0,0.010929069410604949,0.0012604117384603791,0.010811510255476237,0.0,0.0,0.0,0.0,0.0,0.005685335572368005,0.013299379956587807,0.0,0.005512929077567975,0.0,0.0,0.0,0.01373020704596263,0.0,0.0,0.0,0.0017596455578026311,0.03142340899815062,0.0,0.0,0.02288806833214672,0.0,0.0,0.0,0.006955642741818884,0.00040313755022581036,0.031921266426858115,0.010578892451081697,0.04608662724167459,0.0,0.0,0.0,0.0,0.03413201813626331,0.0,0.023069967036414545,0.03133406333595932,0.0,0.0,0.0018796753801001078,0.0,0.0,0.0,0.0,0.0,0.0,0.008914342793080128,0.002719749867131492,0.0,0.0,0.008934591141161912,0.0013086555160650058,0.0007799331753461826,0.004199064995728761,0.0,0.0,0.0,0.0,0.0,0.0,0.0013086555160650055,0.008382090602924719,0.0,0.0,0.023942633938071455,0.024457829549288376,0.013314667962279973,0.003504095629222787,0.0,0.013169255288312922,0.0,0.012236045071759835,0.024259038175431017,0.0,0.003272778844849136,0.0,0.0,0.0007238007086950015,0.0,0.02417979914167233,0.0,0.0,0.020097379958167665,0.0012999945293304053,0.03305537432539811,0.01932554898532725,0.0,0.0057444647180147496,0.0,0.0,0.010830236219719592,0.0,0.016862213319817153,0.010625155398190334,0.0,0.024382558461530895,0.03545239754926276,0.0030954080931360132,0.0,0.010106952851631419,0.0,0.0,0.0,0.0,0.016574016480404626,0.0,0.0,0.015803405993704493,0.0,0.006948735568439359,0.0,0.0070720327858488615,0.0,0.0,0.004096425230293881,0.030690344400885368,0.011642830547590202,0.009642588942250738,0.009838358334073491,0.01340886600711965,0.008596695650881635,0.0377411585643808,0.0
LFQ intensity D8_3,0.011163399054596167,0.010563316948697048,0.0,0.0,0.005522422691068164,0.004129610819580724,0.009045165577414896,0.0014556608471889936,0.009369563524179282,0.010217031317546933,0.0,0.0,6.861544228278295e-06,0.007430453333302748,0.0055682834476053255,0.0,0.0,0.0,0.0,0.0,0.0027521682115324306,0.01299359124470993,0.0,0.0,0.011432311584573942,0.0021557816769762566,0.0,0.0,0.0,0.016257401649831967,0.001900077937366838,0.019067665686128856,0.018608754969444637,0.0,0.0,0.008848517305300039,0.011598354090787497,0.011116036866380748,0.0,0.0,0.0,0.0,0.0,0.00327550133273445,0.01752222094729058,0.0,0.008982206255852438,0.0021372994734677317,0.0,0.0,0.017880009928796316,0.0,0.0,0.0,0.0028612445878563255,0.03369617819535864,0.0,0.0,0.020699597686022697,0.0,0.0,0.0,0.0,0.0,0.04538039313912854,0.0,0.04072458573827001,0.0,0.0,0.0,0.0,0.029901085779817104,0.0,0.023642684967957645,0.02824099528181514,0.0,0.0,0.0,0.0,0.0,0.0,0.0,0.0,0.0,0.010977289100529126,0.000792893011366452,0.0,0.0,0.0118386190964736,0.0010772210674494663,0.004828855521620625,0.004227051949379246,0.0,0.0,0.0,0.0,0.0,0.006325833821963952,0.0010772210674494659,0.009760335921867268,0.0,0.0,0.015096566630099758,0.022063857448090207,0.011564458793155182,0.00032689391810919514,0.0,0.019244440907432204,0.0,0.006865187096273552,0.019256672801569886,0.0,0.0,0.0,0.0,0.0011395696532030487,0.0,0.02126984103610461,0.0,0.0,0.020844786138245083,3.413864723845095e-05,0.024812699230764235,0.015344638315370364,0.0,0.0071849507851090046,0.0,0.0,0.010400787310515925,0.0,0.03478374193349386,0.0072027678263761295,0.0,0.017346617838542844,0.031766203057545,0.004835750925371075,0.0,0.01113436976409939,0.0007113407751727504,0.0,0.0,0.0,0.0,0.0,0.0,0.011924687323923946,0.0,0.005494647740096916,0.0,0.01758750413436786,0.0,0.0,0.00960861764760404,0.02445384225712856,0.016102345679684313,0.008764041063461287,0.020726028389071158,0.01677979391871808,0.003503819013916582,0.044772637799237056,0.0
LFQ intensity D8_4,0.007413521175108035,0.00675334679374111,0.0,4.9903118346389424e-05,0.005391485708842635,0.0,0.0,0.0020785224713984725,0.006310515590742653,0.01048505806679665,0.0,0.0,0.0007050336951847569,0.006622380822251957,0.0018479336966974393,0.0,0.0,0.0,0.0,0.0,0.0,0.012582375456610333,1.7287474387230034e-19,0.0,0.014284975244053293,0.0004438082772612037,0.0,0.0,0.0008281098776870097,0.01875599587926522,0.0026469660330571986,0.018403310427164844,0.016378293253906925,0.0,0.0,0.010235350612211808,0.005956913903235786,0.0,0.0,0.0,0.0,0.0,0.0,0.0052599615045843,0.015518827656232819,0.0,0.004049030361839318,0.005511708891610875,0.0,0.0,0.014784738657943575,0.0,0.0,0.0,0.002472622768887807,0.04115798518955236,0.0,0.0,0.020948383315920582,0.0,0.0,0.0,0.0,0.012931404708457973,0.042190302103526686,0.0,0.04241075397187603,0.0,0.0,0.0,0.0,0.022766372314726425,0.0,0.026348225629447233,0.033878678836744724,0.0,0.0,0.0,0.0,0.0,0.0,0.0,0.0,0.0,0.010491479048518685,0.0,0.0,0.0,0.010219918997544045,0.002117287677761347,0.0,0.0045699259850975555,0.0,0.0,0.0,0.0,0.0,0.004209067414998049,0.0021172876777613464,0.009838860666354523,0.0,0.0,0.015484965340296033,0.023142060253535306,0.01057612937508965,0.0010060574237672562,0.0,0.0238943308234395,0.0,0.0055200239976108635,0.01883060705691757,0.0009186390335519268,0.0,0.0,0.0,0.00047754055360689225,0.0,0.022281448181741683,0.0,0.0,0.01781578290497113,0.0,0.02952549565898884,0.01591198405940726,0.0,0.00646791852070563,0.0,0.0,0.018725567742408532,0.0,0.020965778542386803,0.013073264550967531,0.0,0.0194613226824744,0.03199897299778357,0.004438730338825689,0.0,0.010368499333724905,0.0029630751624590388,0.0,0.0,0.0,0.013827202167925092,0.0,0.0,0.016522195565017,0.0,0.013196524744302638,0.0,0.016250690933717865,0.000756572029439794,0.0,0.012260686837083534,0.02397992118107354,0.014381003269234749,0.009192316748431236,0.01649823046548079,0.01804351598345691,0.004307423089420996,0.044968898967805954,0.0
LFQ intensity D8_5,0.008102499968504945,0.011655569975099882,0.0,0.003580101778613237,0.004372600874694534,0.00711129799255503,0.0,0.003568067659820318,0.004039884965969035,0.01026729812867975,0.0,0.0,0.003250727598185892,0.0075065986687665965,0.0,0.0,0.0,0.0,0.0,0.0,0.004739305744029266,0.011900505784866332,0.0,0.0023683967384427415,0.006010733850456673,0.0,0.0,0.0,0.0030960611992632016,0.01781723420065489,0.0034286259712087504,0.005515717464516911,0.018679833753972738,0.0,0.0009928415360407519,0.004738660139290152,0.005959469208095582,0.0,0.0,0.0,0.0,0.0,0.0,0.0071298989849282075,0.01725483278383813,0.0,0.0075821964105309905,0.000404480787961702,0.0,0.0,0.015287110825271358,0.0,0.0,0.0012763961580605234,0.006509300647336462,0.04070413593223162,0.0,0.0,0.02159745697612259,0.0,0.0,0.0,0.0,0.009636288563458491,0.03924581531235298,0.0,0.04190105551522121,0.0,0.0,0.0,0.0,0.03201157237002357,0.0,0.02053028448752842,0.01710315204278055,0.0,0.0,0.005142761337622182,0.0,0.0,0.0022754671635256537,0.0,0.0,0.0,0.01334276846587692,0.0,0.0,0.0,0.018597057076885786,0.004330525945656559,0.0,0.0030724566408207015,0.0,0.0,0.0,0.0,0.0,0.0031953392160316407,0.004330525945656557,0.008633613588715196,0.0,0.0,0.01864252536656788,0.022148133487620326,0.011595168588304148,0.006512644097228822,0.0,0.01963585517407437,0.0,0.009037992675108826,0.018783523894032983,0.002954177875271685,0.0,0.0,0.0,0.0,0.0,0.022091346895500952,0.0,0.0,0.020744243848444695,0.0014880588136153483,0.02841275487413768,0.01328615967107289,0.0,0.004940010122528727,0.0,0.0,0.006017267405567787,0.0,0.006263774706843782,0.006046601278064808,0.0,0.020767725081903735,0.03254202737998768,0.005994971222360933,0.0,0.012264878554454128,0.0033856412994954965,0.01054723114856664,0.0,0.0,0.02481975179038949,0.0,0.0,0.011998184736239838,0.0,0.013068152137379723,0.0,0.014066795313226412,0.0,0.0,0.013790010217247566,0.024481384635942065,0.012428471951475777,0.0072643349535182694,0.016719113595880738,0.01631726582930415,0.004842317125957429,0.046304977872518915,0.0
LFQ intensity D8_6,0.007608616959104172,0.008773936195007461,0.01685156041012418,2.437470390336383e-20,0.007078698292166241,0.0049724062617856534,0.0064692852330594875,0.0009167567519927294,0.0056197458336661845,0.00979164592137251,0.0,0.0,0.0,0.005773113560212045,0.0044920310165683435,0.0,0.0,2.437470390336383e-20,0.0,0.0,0.0033138470055395384,0.01884415577496795,0.0,0.0,0.012840009311196708,0.00816971863348587,0.0,0.0,0.0,0.020574782828408834,0.005498402427410844,0.01816359421389108,0.01698808156314829,0.015032640782726907,0.0,0.0027548890101199326,0.008472551637567584,0.009311895629368143,0.0,0.0,0.0,0.0,0.0,0.004494295391050355,0.01577451914646422,0.0,0.006411873503559293,0.0,0.0,0.0,0.023492424804636983,0.0,0.0,0.0029512010513860275,0.007757909750611725,0.03491772247337078,0.0,0.0,0.021009864513202497,0.0,0.0,0.007834814594515644,0.0,0.0,0.04025822439296042,0.0,0.04251817169450242,0.0,0.0,0.0,0.0,0.031230036207368767,0.0,0.025602317852641884,0.03033726824422897,0.0,0.0,0.0034855309666881043,0.0,0.0,0.0,0.0,0.0,0.0,0.011568493416096962,0.00019668293782051856,0.0,0.0,0.008824266048017556,0.0008522313799745465,0.0012951049508805963,0.005303803898404903,0.0,2.437470390336383e-20,0.0,0.0,0.0,0.004723099154880222,0.000852231379974546,0.011457768468992545,0.0,2.437470390336383e-20,0.009383930228922348,0.0228406184518939,0.010745476506379727,0.0011789388640177677,0.0,0.01881048847856936,0.0,0.007882826932799318,0.014310812168914394,0.0,0.0026350060377335924,0.0,0.0,7.659840472269778e-05,0.0,0.0,0.0,0.0,0.015079887064754235,0.0,0.025294560938041496,0.015795601353488536,0.0,0.004734888948399283,0.0,0.0,0.0147045847633484,0.0,0.019817776082191492,0.020602602244552463,0.0,0.012026477809514354,0.03212427430628988,0.005436005493220966,0.0,0.011074822787130132,0.003937884451612858,0.0,0.0,0.0,0.0,0.0,0.0,0.01232427315139859,0.0,0.00849200757103012,0.0,0.016425952528493205,0.008534693163043786,0.0,0.0034862643459213976,0.015331664182912746,0.010112839433141686,0.007858116157569978,0.017657450110107307,0.01682348854780558,0.006724289845823559,0.046272677171133786,0.0
LFQ intensity D8_7,0.010686414037045526,0.00554996938461844,0.0,0.0026044468765007802,0.004873705523434874,0.007332987809170322,0.0,0.0024447678629840666,0.002932047243521341,0.010164193723773215,0.0,0.0,0.0,0.007176767097775101,0.0022297574583605463,0.0,0.0,5.147801526681456e-20,0.0,0.0,0.004887050336138549,0.013516796301387142,1.8017305343385094e-19,0.0,0.005688009880014546,0.008626995064381597,0.0,0.0,0.0,0.019024383937424928,0.0020674550203586307,0.00845144411470661,0.017069741013014915,5.147801526681456e-20,0.0,0.005724205353718863,0.006725910181683506,0.0,0.0,0.0,0.0,0.0,0.0,0.008734596632766998,0.018681824139926053,0.0,0.006770759624685276,0.005627352197765054,0.0,0.0,0.00905335046217207,0.0,0.0,0.0008614252847646087,0.005583718258441955,0.047311870498111495,0.0,0.0,0.020821378662811217,0.0,0.0,0.005555469139405585,0.0,0.0,0.04732852632982515,0.0,0.037127016817061056,0.0,0.0,0.0,0.0,0.03425637104033792,0.0,0.022778054554416755,0.026133196608844552,0.0,0.0,0.0012211239577266527,0.0,0.0,0.0,0.0,0.0,0.0,0.008458521559709851,0.0024939396574843956,0.0,0.0,0.012838173935410275,0.0011206555604339444,0.000609411225116534,0.003972054778287118,0.0,5.147801526681456e-20,0.0,0.0,0.0,5.147801526681456e-20,0.0011206555604339435,0.009513236989266557,0.0,5.147801526681456e-20,0.016031633571877042,0.024119056174623205,0.011419886924469986,0.007663113715088393,1.8017305343385094e-19,0.02396160888236723,0.0,0.004884290134035613,0.016864637957506572,0.0,0.0,0.0,0.0,0.0,0.0,0.028476239220925313,0.0,0.0,0.018711926819915792,0.0,0.030641841974668654,0.013918625976074453,0.0,0.007120678819407577,0.0,0.0,0.00899258978449499,0.0,0.009939018322932305,0.005136289174313029,0.0,0.011031602198089888,0.03521536410424213,0.006080741082334547,0.0,0.011855628532885463,0.0035975617250855662,0.0,0.0,0.0,0.03119891433030575,0.0,0.0,0.01391092284429787,0.0,0.009771676432962678,0.0,0.01823133054445245,0.0,0.0,0.009726072223345091,0.018854014260285552,0.009780894050043034,0.009580391788863015,0.022259259029088627,0.018467211259655628,0.003795881618101144,0.05301136482804287,0.0
LFQ intensity D9_1,0.00531339766386738,0.005322549691278034,0.02109874181986773,0.0,0.002307845536200991,0.0,0.0,0.0,0.007053344528516231,0.02033635716406041,0.0,0.0,0.0,0.005626206716833702,0.0038554442689983587,0.0,0.0,0.0,0.0,0.0,0.0,0.014994455299961488,0.0,0.0,0.009194940001236869,0.0,0.0,0.0,0.0,0.022504373432232844,0.004831800755594368,0.01143797024806449,0.016828411656977592,0.0,0.0,0.012917720666420872,0.0017338483187024668,0.0,0.0,0.0,0.0,0.0,0.0002760865627439592,0.008259133461900449,0.024765441184850516,0.0,0.003912310339517748,0.0,0.0,0.005727727746387332,0.015511764268629777,0.0,0.0,0.0,0.004208261950853216,0.04451668898491447,0.0,0.0,0.02304395130455071,0.0,0.0,0.0,0.0,0.0,0.04739604819998332,0.0,0.042526572552974644,0.0,0.0,0.0,0.0,0.03175883788451369,0.0,0.03125987977146371,0.03153055275510017,0.0,0.0,0.0,0.0,0.0,0.0,0.0,0.0,0.0,0.012785085758658896,0.0,0.0,0.0,0.0048508500296888775,0.0008315603714471969,0.00046099009312551223,0.001012670256216002,0.0,0.0,0.0,0.0,0.0,0.0078817788752271,0.0008315603714471966,0.006896524105677649,0.0,0.0,0.024279579321319546,0.02377806469206869,0.008725567871681073,0.0029865830829818806,0.0,0.023170465539552057,0.0,0.01074490556002335,0.019256421141531647,0.0,0.0,0.0,0.0,0.003060105656077458,0.0,0.021149933034614963,0.0,0.0,0.014725381529325319,0.0,0.029890270123794804,0.017975286273796784,0.0,0.00520016268372738,0.0,0.0,0.018612853214980515,0.0,0.005272642470017926,0.0012824461648147047,0.0,0.02877903205900956,0.032320651279863784,0.002691739140884072,0.0,0.012828853337180725,0.0,0.0,0.0,0.0,0.013971470332198617,0.0,0.0,0.015570715585737853,0.0,0.0,0.0,0.017025753961661397,0.0,0.0,0.008346019097808776,0.026025437473158212,0.008279407223938362,0.006278343879599396,0.017969903581937938,0.01531037210336558,0.00616668314610342,0.04272326483855817,0.0
LFQ intensity D9_10,0.009701317392099416,0.00697133915259443,0.01477020219161367,1.4231539184461618e-19,0.002549888581251456,0.0047302103063335986,0.007969381213495531,0.0017570474033122793,0.004624164058936948,0.012075424648875465,0.0,0.0,0.0004012307803674226,0.002856181574757517,0.001155578554144438,0.0,0.0,1.4231539184461618e-19,0.0,0.0,0.003152436151423136,0.01800806263458561,0.0,0.0,0.007426620921000687,0.0007165391135180153,0.0,0.0,0.00024211444020696987,0.0201975951494312,0.0037415046657499067,0.00623476182135287,0.015730254739893337,1.4231539184461618e-19,0.0,0.01389707846513379,0.006881629133680996,0.010331346071592704,0.0,0.0,0.0,0.0,0.0,0.01012502606816098,0.02194079583371747,0.0,0.0013910654719086187,0.0,0.0,0.011077069960797159,0.016226028411586317,0.0,0.0,0.0,0.0021858654143569194,0.04541548336987368,0.0,0.0,0.0243577139827626,0.0,0.0,0.007166329616163392,0.0,0.004577746505936113,0.03526152965409751,0.0,0.039021378146264815,0.0,0.0,0.0,0.0,0.028605757820223503,0.0,0.021111022520447147,0.029607369776134405,0.0,0.0,0.005898341125808386,0.0,0.0,0.0,0.0,0.0,0.0,0.01533421666826171,0.0,0.0,0.0,0.010823094854243756,0.0014801259625820279,0.00235858345378066,0.0008556380116984728,0.0008780706134947251,0.0,0.0,0.0,0.0,0.009028323842835018,0.001480125962582027,0.00683680990886018,0.0,1.4231539184461618e-19,0.02646917327911808,0.022226400355069568,0.00940441556395868,0.0014890390977236611,0.0,0.020892873347524946,0.0,0.009742720585677444,0.017879760526415715,0.00019110796076949796,0.0,5.929807993525675e-19,0.0,0.000946454472597965,0.0,0.020094779195221204,0.0,0.0,0.013295435910301882,0.0,0.027823220229466268,0.01592308473351828,0.0,0.0038170602339887916,0.0,0.0,0.012795366885128898,0.0,0.011549042331306204,0.0027325380086587006,0.0,0.01332974954215369,0.028807282628216163,0.002212916943860272,0.0,0.016474517013546512,0.003974027768150668,0.0,0.0,0.0,0.015091946501531069,0.0,0.0,0.01533816948082105,0.0,0.009275491781911132,0.0,0.015456600040117686,0.0,0.0,0.011392843139414957,0.019775339553583383,0.011131058515515765,0.008828605145906662,0.021513409812318002,0.016946803943813024,0.0051898262055944736,0.038823517145170704,0.0
LFQ intensity D9_11,0.007754246691211441,0.0034045675436191,0.018328762302974075,9.40492927067355e-20,0.004897810590032426,0.0034185589865389685,0.008786175435366585,0.00417984563910181,9.40492927067355e-20,0.010352963798191457,0.0,0.0,0.000690126419676877,0.011244048557262786,0.012783233832568656,0.0,0.0,9.40492927067355e-20,0.0,0.007259410256499668,0.0022782895975065024,0.015793450767762472,0.0,0.0,0.007402045853981231,0.007749310838925946,0.0,0.0,0.0005327970210914859,0.021326682258097585,0.005351177705246063,0.010429822958752276,0.015593035790524458,0.012820730418841915,0.0,0.010693483524535866,0.0029654632404039144,0.011236657319827007,0.0,0.007259410256499668,0.0,0.0,0.0027813305942600147,0.005654714279212812,0.019593258389756583,0.0,0.0032739292157468796,0.001278241489067335,0.0,0.006023066838919182,0.025230066294038414,0.0,0.0,0.0,0.0038064326202825747,0.0147442203853459,0.0,0.0,0.023701890128429437,0.0,0.0,0.0,0.0,0.0,0.039710280275774196,0.0,0.03827880233823592,0.0,0.0,0.0,0.0,0.02740845473922959,0.0,0.02870830177360054,0.047573575750633534,0.0,0.0,0.007357898967788313,0.0,0.0,0.0,0.0,0.0,0.0,0.015960471548145876,0.0015002777543740673,0.0,0.0,0.005101451363999554,0.001760092410606979,0.002286776922672452,0.0032179864520584913,0.004464246383479179,0.0,0.0,0.0,0.0,0.008769884671176745,0.001760092410606979,0.009133344423505278,0.0,9.40492927067355e-20,0.013770952205375145,0.022032513901518395,0.00596468807645989,3.526848476502581e-19,0.0,0.01841237209468072,0.0,0.010644949226056619,0.013060579899997,0.00032468440202697285,0.0,9.40492927067355e-20,0.0,0.0006164390834106339,0.0,0.0,0.0,0.0,0.013438340717095442,0.0,0.026949530512679995,0.01522198665750157,0.0,0.0040619112783520095,0.0,0.0,0.04298217805147116,0.0,0.017577097041845652,0.0,0.0,0.017230875802914478,0.032263739318731124,0.0020839970015385486,0.0,0.015714093867708816,0.0016964239061642416,0.0,0.0,0.0,0.0,0.0,0.0,0.005326719987702779,0.0,0.010291585269933968,0.0,0.013854810916649987,0.0,0.0,0.006494197549363462,0.021403946321854734,0.006188983883273307,0.009765006930505573,0.019612433744581756,0.01630957892417017,0.006929550760831212,0.036164636639617685,0.0
LFQ intensity D9_12,0.005640091113603373,0.0035678651405873976,0.011127520310019772,2.395868747175721e-20,0.002670964788212817,2.395868747175721e-20,0.010081582614687518,0.0044790807176777955,2.395868747175721e-20,0.010350962641118778,0.0,0.0,0.0001591771990109318,0.002648221592712663,0.0,0.0,0.0,2.395868747175721e-20,0.0,0.008375557096866668,1.0062648738138028e-18,0.016111465409853348,0.0,0.0,0.0069152429593550705,0.01728810420825051,0.0,0.0,0.0,0.025793065260058087,0.00938882132769977,0.004252709549869133,0.01588905819445232,2.395868747175721e-20,0.0,0.006689506836782201,0.007310581826624707,0.011976826378635409,0.0,0.008375557096866668,0.0,0.0,0.0002606755498714129,0.004178016811439895,0.020325596118395267,0.0,0.0021758355574171204,0.0,0.0,0.007231278448594255,0.019427720770722332,0.0,0.0,0.0,0.0021341874888270948,0.042190262355321896,0.0,0.0,0.023188696917005865,0.0,0.0,0.0,0.0,0.0,0.0426234070428422,0.0,0.03707191666392783,0.0,0.0,0.0,0.0,0.02792878424843173,0.0,0.033294383099781596,0.04486249506908943,0.0,0.0,0.005264938714365451,0.0,0.0,0.0,0.0,0.0,0.0,0.016579640654713287,0.0,0.0,0.0,0.0028680695931749003,0.0012485583485710506,0.003317921187517233,0.0012446010868301925,0.0012287236547663448,0.0,0.0,0.0,0.0,0.006301454113452978,0.0012485583485710497,0.007000601589361869,0.0,2.395868747175721e-20,0.02323580933658356,0.022450785097539408,0.0055993503492049405,0.0012248108136804722,0.0,0.022219628897723113,0.0,0.008848982821715052,0.01728322790752354,2.34736045604793e-05,0.0,0.0,0.0,0.0005349978336954449,0.0,0.018543465841595455,0.0,0.0,0.013834411212348937,0.0,0.02798740129502456,0.015555664540571675,0.0,0.004439550371815061,0.0,0.0,0.03465395228332681,0.0,0.01563244468692599,0.0020536540584123863,0.0,0.020250453620658068,0.032201481191011475,0.0019348838589548234,0.0,0.015942322326888688,0.0021058890545917405,0.0,0.0,0.0,0.0,0.0,0.0,0.010711105948386476,0.0,0.006333898817757855,0.0,0.013736776749297564,0.0,0.0,0.0009120335227062068,0.022807209661752353,0.006679219650538693,0.008917733581478125,0.017970902595181172,0.015404822686520055,0.010361765235309617,0.03731960485078314,0.0
LFQ intensity D9_2,0.0,0.005837355732914044,0.014089254873280601,0.0,0.0024703655445597775,0.0,0.008281113111158015,0.003710128109060646,0.0073403958222850165,0.012019032083039081,1.1773112446587993e-19,0.0,0.0,0.006069155500040513,0.005974149186061654,0.0,0.0,0.0,0.0,0.006805481395794434,4.447620257599908e-19,0.018665697616454372,2.8124657511293537e-19,0.0,0.004223733155927036,0.0,0.0,0.0,0.0,0.01951228659323986,0.004236982050682408,0.009417855633118064,0.017350576581197704,0.0,0.0,0.011263349215275694,0.0029491881187803577,0.01100931497671099,0.0,0.006805481395794434,0.0,0.0,0.0002846531893544798,0.004832252677440208,0.012508969005654373,0.0,0.006882153823623492,0.0028550498833592097,0.0,0.003115161795505803,0.012952353838467717,0.0,0.0,0.0,0.001167356738378816,0.020741781795528207,0.0,0.0,0.025345570226092712,0.0,0.0,0.0,0.0,0.0,0.03832858533023243,0.0018943151220457966,0.045031284586790295,0.0,0.0,0.0,0.0,0.030736220172383137,0.0,0.020102769327294292,0.02884490795526738,0.0,0.0,0.0011616736014714393,0.0,0.0,0.0,0.0,0.0,0.0,0.013373942387507982,0.004100342147321531,0.0,0.0,0.012067704744896664,0.0007562387068236134,0.003445498703578588,0.0005660546547324184,0.0,0.0,0.0,0.0,0.0,0.009179159533442869,0.000756238706823614,0.007200888504502759,0.0,0.0,0.028885749005965532,0.0245158688057972,0.009249152371117616,0.0032387455539786953,2.8124657511293537e-19,0.019811060589967934,0.0,0.010630135750414948,0.018914465532488777,0.0,0.003372982062306843,0.0,0.0,0.0005336669151093956,0.0,0.022026619916795883,0.0,0.0,0.013501182952013226,0.0,0.03072671762022429,0.017998248846231496,0.0,0.011731793367235453,0.0,0.0,0.015421201728973863,0.0,0.016024483112828475,0.0,0.0,0.030393407579696337,0.019866064096747932,0.0009726881614860753,0.0,0.012176086758300302,0.007943083012847888,0.0,0.0,0.0,0.01729414881939779,0.0,0.0,0.015181407379407097,0.0,0.0,0.0,0.015822218562848666,0.0,0.0,0.011001538751629096,0.03405306592579238,0.012976551165744012,0.009738010745670133,0.015089346424758092,0.015208342369263151,0.0060391872886515945,0.043400754972415155,0.0
LFQ intensity D9_3,0.009371392276259034,0.001270601090119528,0.01672950325007739,0.0010405623876894173,0.0038780613559913015,3.8446662710626427e-19,0.0,0.00414944707114258,0.0012617378804050839,0.008210108141395785,0.0,0.0,0.0008413060035719303,0.0023224394646907173,0.0018475926318497404,0.0,0.0,3.8446662710626427e-19,0.0,0.006710255331820695,2.3067997626375857e-19,0.013173383185271566,0.0,0.0,0.007745108958124602,0.005617351580680265,0.0,0.0,0.0006699204646206289,0.024878086333305037,0.006110030007313326,0.01976157636633802,0.016998183836565543,0.0,0.0,0.012109754786396665,1.5252452861125111e-05,0.0,0.0,0.006710255331820695,0.0,0.0,0.00027887184150155006,0.010208158361600885,0.022734740274131297,0.0,0.007019526055918017,0.0,0.0,0.0037222602760325282,0.02279704774292735,0.0,0.0,0.0,0.0008962924091492027,0.040529866028696654,0.0,0.0,0.025976697432039363,0.0,0.0,0.0,0.0,0.0,0.043718711757142245,0.0,0.04261765553068088,0.0,0.0,0.0,0.0,0.030688246583162642,0.0,0.030467005668192347,0.03613298988078226,0.0,0.0,0.0016696364254124103,0.0,0.0,0.0,0.0,0.0,0.0,0.018826424823271865,0.0,0.0,0.0,0.004569455993429256,0.0020078374997254877,0.005547158611956274,0.0025695894433951823,0.002116048411004367,0.0,0.0,0.0,0.0,0.0138710474888914,0.0020078374997254877,0.008503900581073736,0.0,3.8446662710626427e-19,0.013748797716398323,0.024017947929503146,0.005373990306451012,0.0005636078469428205,0.0,0.02270317396918278,0.0,0.013455541983348134,0.016638451673635573,0.000621898712160675,0.0,5.895154948962718e-19,0.0,0.0011425515694206097,0.0,0.0,0.0,0.0,0.007200184027743001,0.0,0.02861870883366193,0.015725386003470634,0.0,0.004124732411868437,0.0,0.0,0.017397982246627013,0.0,0.013702996870573891,0.0006554705629950087,0.0,0.02993798973626709,0.03206611702229043,0.0056241296013573305,0.0,0.014206909540168433,0.0,0.0,0.0,0.0,0.016888300289046285,0.0,0.0,0.01497288917126952,0.0,0.0,0.0,0.02026892424901496,0.0,0.0,0.006198686056884409,0.018951036835835204,0.011409583634738825,0.004322435468118891,0.01755036277683089,0.011477584734387194,0.006961738557575197,0.05257297285407893,0.0
LFQ intensity D9_4,0.005117000114661209,0.0033131201295364472,0.013779691311847229,0.0,0.0038726798594093032,0.0,0.011053554824839742,0.003956246102614144,0.0,0.015563897921915908,0.0,0.0,0.0,0.00307726330800928,0.002179903410310318,0.0,0.0,0.0,0.0,0.005871352073785067,0.0,0.016526335050081654,1.7874828615953414e-19,0.0,0.0027211703645572786,0.0,0.0,0.0,0.0,0.022030675949365964,0.007498652972716894,0.01763720051247309,0.016934757407459623,0.013043748595273416,0.0,0.0059571617802609235,0.0,0.012999047334116139,0.0,0.005871352073785067,0.0,0.0,0.0002778312688583357,0.01005684054538961,0.016698485123177287,0.0,0.0,0.0,0.0,0.005604498608238976,0.019529136097432957,0.0,0.0,0.0,0.0021447197136751426,0.019580748337801206,0.0,0.0,0.024370583119497524,0.0,0.0,0.0,0.0,0.008903803995840794,0.03744177394644955,0.0,0.044535490969211826,0.0,0.0,0.0,0.0,0.032492892163180666,0.0,0.02450863772857624,0.026446246727580884,0.0,0.0,0.0,0.0,0.0,0.0,0.0,0.0,0.0,0.01611735031610407,0.0006370677787004325,0.0,0.0,0.007213197735879646,0.000926265258994191,0.007610493783803411,0.002013789529599937,0.001029080833588096,0.0,0.0,0.0,0.0,0.009743201129476539,0.0009262652589941906,0.008481204735511299,0.0,0.0,0.021842503657157033,0.023928328197991414,0.00786688889033169,0.0030254457147639927,0.0,0.021689361652979643,0.0,0.010904669917581957,0.014953396302408484,0.0,0.0,1.6598055143385313e-19,0.0,0.0017799698844469163,0.0,0.0,0.0,0.0,0.00591103410362473,0.0,0.031050264323208898,0.01803221854613064,0.0,0.008015713555342386,0.0,0.0,0.009551942630140134,0.0,0.015017525570947701,0.0,0.0,0.03181084583656561,0.029146223904465664,0.0022420418282013206,0.0,0.017915466374208246,0.005965305959977252,0.0,0.0,0.0,0.017863111843269313,0.0,0.0,0.01379661585193134,0.0,0.008596506111843897,0.0,0.020735413867939458,0.0,0.0,0.0,0.02773085105167913,0.012440361443999709,0.008876901004805761,0.016283217302954095,0.01807674418625478,0.008931566316525957,0.04972514836574137,0.0
LFQ intensity D9_5,0.006056790850345336,0.0045128230781131175,0.01616709580699617,0.0,0.004726623314251867,0.0,0.00980180424540456,0.004133946905990826,0.004927699213402455,0.01931085448654879,2.4095521187190444e-19,0.0,0.00019708285680683973,0.0026014665256575654,0.0033872353043146435,0.0,0.0,0.0,0.0,0.006325977513135386,0.0,0.01737159508560407,0.0,0.0,0.0069548053283677285,0.0002316865066476309,0.0,0.0,3.515503238569112e-05,0.02173408153708451,0.004520594861088695,0.013974094579323047,0.015979804353650085,0.0,0.0,0.011658260512622096,0.0010237837175889617,0.011789327085268636,0.0,0.006325977513135386,0.0,0.0,0.0002621643294238706,0.009042660355319487,0.022727185280238368,0.0,0.008064958852997016,0.008578700272708009,0.0,0.004482107860956653,0.020521764198651628,0.0,0.0,0.0,0.0016345054208419716,0.02135960906640049,0.0,0.0,0.026782028399580764,0.0,0.0,0.0,0.0,0.0,0.0400994816300735,0.0,0.03384834914257142,0.0,0.0,0.0,0.0,0.029126884583641197,0.0,0.025941071905397486,0.034734028930529064,0.0,0.0,0.002984632664419066,0.0,0.0,0.0,0.0,0.0,0.0,0.01583250421198086,0.0,0.0,0.0,0.0018858184195442904,0.0012927467417031965,0.0009393879653889933,0.002972396359536112,0.0005815965260617886,0.0,0.0,0.0,0.0,0.008304136055990312,0.0012927467417031956,0.00906894273946839,0.0,0.0,0.014578332639216412,0.02257900682683536,0.007569210009676531,0.0017347317177976442,0.0,0.018768941334728173,0.0,0.012587724779584947,0.017603880466980668,0.0,0.0,0.0,0.0,0.0006074262889933941,0.0,0.02106936073199861,0.0,0.0,0.012805301497297052,0.0,0.02741931381915323,0.01547681876057126,0.0,0.004891698035266883,0.0,0.0,0.029696312059053435,0.0,0.012785922139795772,0.0,0.0,0.026464307225381727,0.028541423891860127,0.002376188605339781,0.0,0.01570868258055731,0.003155423403627322,0.0,0.0,0.0,0.015596784163589781,0.0,0.0,0.01565268880946759,0.0,0.00955097629069595,0.0,0.015502300175914967,0.0,0.0,0.00651264927098037,0.025298823865514256,0.006854213769718281,0.007597389381519088,0.01842813562884999,0.012155760574627065,0.005977281042049431,0.038344015344496336,0.0
LFQ intensity D9_6,0.01054709634041903,0.00529771024966283,0.010683142578934011,0.0,0.0034337594223629625,0.01240933498258705,0.0,0.0044468688482383,0.0020681727140924055,0.009731235359387832,0.0,0.0,0.0024156008348295874,0.0029136429850365143,0.004882079742353917,0.0,0.0,0.0,0.0,0.004690616183344577,0.008270168487402614,0.013807527046873283,0.0,0.0,0.007064647516237948,0.0,0.0,0.0,0.0022572965743976833,0.025030531142534007,0.008116230821094242,0.018509290985884316,0.015921013841713575,0.0,0.0,0.013886584072986994,0.005530881990380249,0.0,0.0,0.004690616183344577,0.0,0.0,0.00019450210834550386,0.009662520484574562,0.02301623676111816,0.0,0.011645197244315864,0.0,0.0,0.0,0.01608397079016416,0.0,0.0,0.0,0.0011583424520241058,0.03784776221286344,0.0,0.0,0.023661006822941758,0.0,0.0,0.0,0.0,0.0005888576907459722,0.0417470255177299,0.0,0.042914846931527244,0.0,0.0,0.0,0.0,0.029792729202869222,0.0,0.021740145885595353,0.014607303409836745,0.0,0.0,0.0,0.0,0.0,0.0014242942485254506,0.0,0.0,0.0,0.015244145143409818,0.004102596642246547,0.0,0.0,0.004834285513371617,0.003510894166561635,0.009382004679298112,0.0017188358467958077,0.0010798964372723179,0.0,0.0,0.0,0.0,0.0083878911650921,0.003510894166561634,0.007767632639332478,0.0,0.0,0.021617820979168707,0.022495937513783048,0.008122089933488926,0.005045562453463336,0.0,0.02037930299216209,0.0,0.014973473872175938,0.015129089765799101,0.0021460666998827675,0.0,9.602749016309061e-20,0.0,0.0,0.0,0.03735634578859877,0.0,0.0,0.01671421257187893,0.00040688436624241605,0.026394428664185024,0.011322081823541668,0.0,0.004091586235976958,0.0,0.0,0.0,0.0,0.004848503817677243,0.0005276161451007309,0.0,0.03433349599803102,0.030050922835251598,0.00217166192961008,0.0,0.015055182696272876,0.0013738078765950775,0.0,0.0,0.0,0.014781760874985395,0.0,0.0,0.010841412198129792,0.0,0.0,0.0,0.02398699406910387,0.0,0.0,0.0,0.02592735626451362,0.011669032428605994,0.0,0.017849985768734488,0.012609431290159413,0.008372737627081121,0.04663807908949492,0.0005392683630869838
LFQ intensity D9_7,0.009706120378978325,0.005999582406873437,0.01116561231296146,0.0,0.0025322943270880537,0.0,0.009170514481487362,0.0042022154258366,0.0,0.018601473403177603,0.0,0.0,0.0030487908507896835,0.008349508233785557,0.0,0.0,0.0,0.0,0.0,0.006300935511171014,9.284150461833435e-20,0.014374843232204393,4.874178992462553e-19,0.0,0.0028466561565980582,0.005265209768440781,0.0,0.0,0.002896712022720837,0.02076244364980406,0.005642091485544526,0.008122424009540729,0.015392788852479597,0.0,0.0,0.009267857770563853,0.00531014824921546,0.011150512667931746,0.0,0.006300935511171014,0.0,0.0,0.0,0.014654404835060324,0.018118562605368437,0.0,0.006213791053159365,0.0026302185449549637,0.0,0.0002997507242474609,0.018207357147616676,0.0,0.0,0.0,0.0036107516781174833,0.04726385878181715,0.0,0.0,0.020867213914968305,0.0,0.0,0.004147816916446664,0.0,0.007688679209064256,0.03190718773257984,0.0,0.03988678863859252,0.0,0.0,0.0,0.0,0.02828215778940839,0.0,0.020429534378941516,0.02570787833984283,0.0,0.0,0.0,0.0,0.0,0.002090962201129609,0.0,0.0,0.0,0.016108560517836358,0.0,0.0,0.0,0.011516616455288153,0.004108921289652135,0.0,0.0008428095139224233,0.0,0.0,0.0,0.0,0.0,0.009047441022465382,0.004108921289652134,0.0067270279775410065,0.0,0.0,0.02031457339979,0.021749570701394983,0.007196306693240322,0.0019794864188480586,0.0,0.024755292593616612,0.0,0.007309082835705867,0.017835948189255626,0.003130524014683571,0.0,0.0,0.0,0.0,0.0,0.019478967523624532,0.0,0.0,0.011363562704315055,0.0,0.026961746073364466,0.015879246394605907,0.0,0.007134855956415426,0.0,0.0,0.015389926688007018,0.0,0.011583412257098276,0.0016348362605803253,0.0,0.027147376522025927,0.030177151909467893,0.003674634724462385,0.0,0.013354178876101085,0.0,0.013313125569088579,0.0,0.0,0.0,0.0,0.0,0.015394105509862196,0.0,0.014091850677347525,0.0,0.01710981868176484,0.0,0.0,0.007168240338009374,0.018401415971900464,0.01007938286471438,0.007759846726210614,0.016922699563249967,0.009471747727998976,0.006656735828697743,0.04470346653851436,0.0
LFQ intensity D9_8,0.010920208752254239,0.006176227712832473,0.02976930411331423,0.000998497271292297,0.00276147986910071,0.0,0.0,0.003022322321531619,0.005453048588838198,0.010381289852835308,0.0,0.0,0.0006201875575717712,0.0019846628546365632,0.003956568430563878,0.0,0.0,0.0,0.0,0.0,0.0,0.016895490160702107,9.852852989100818e-20,0.0,0.007913759032660629,0.0,0.0,0.0,0.000455224847917927,0.021142042279713034,0.0038774921243871214,0.0170132709053663,0.01633567726839715,0.0,0.0029977345270374013,0.007919635403024148,0.0060837220059767475,0.0,0.0,0.0,0.0,0.0,0.0,0.006472621676200167,0.02310867296348504,0.0,0.01135265438867863,0.005950932649397491,0.0,0.004276388640650818,0.01640274891665585,0.0,0.0,0.0,0.0,0.042310096374645424,0.0,0.0,0.025918307861389597,0.0,0.0,0.0,0.0,0.0,0.04082171719474667,0.0,0.042776033665161244,0.0,0.0,0.0,0.0,0.02638999483256665,0.0,0.016858019619722824,0.011346661190756778,0.0,0.0,0.005518521568551757,0.0,0.0,0.0,0.0,0.0,0.0,0.016192563789601273,0.0,0.0,0.0,0.009098382262920767,0.0017409426956829482,0.003938155923085033,0.0019424473709817721,0.0,0.0,0.0,0.0,0.0,0.012038545202543634,0.0017409426956829471,0.007212725536011361,0.0,0.0,0.02745983012592769,0.02308184508403368,0.007466977346681107,0.0047662332591347865,0.0,0.017716929245739473,0.0,0.013926076170097217,0.017152117152310697,0.00013052451456278287,0.0,1.4779279483651228e-19,0.0015628132120723268,0.008251537156058366,0.0,0.0196345312576384,0.0,0.0,0.010650664288045635,0.0,0.028604494873614404,0.015921818286452637,0.0,0.0064478462172498675,0.0,0.0,0.0,0.0,0.01385656581191931,0.0,0.0,0.023760951707591307,0.030426877857872233,0.0027665185905873676,0.0,0.013193557797893796,0.0,0.0,0.0,0.0,0.02608125451460898,0.0,0.0,0.015267109883946904,0.0,0.0,0.0,0.020158705039051508,0.0,0.0,0.009181507412197712,0.029202961283365476,0.013593184847065192,0.007834597878163698,0.018271691528108824,0.01367713787318082,0.005464045353374925,0.04440317153238049,0.0
LFQ intensity D9_9,0.008982012549369782,0.006436773520882446,0.014299842469846186,0.0,0.0034312043363195154,0.004991071830582077,0.0,0.0033052625040802296,0.0,0.011045725676462581,0.0,0.0,0.00018557050804925333,0.0039135108374750895,0.0,0.0,0.0,0.0,0.0,0.005834130532993557,0.0033262866245099554,0.013877056307585086,0.0,0.0,0.0076800896616706004,0.0,0.0,0.0,7.615854553240355e-05,0.0204927987359058,0.002444577173470272,0.013523153812042145,0.016724596146781585,0.0,0.0,0.012345742900666779,0.0054866799271970565,0.0,0.0,0.005834130532993557,0.0,0.0,0.00027438336769776395,0.0047361167794473516,0.022758823566187865,0.0,0.004387142864702526,0.0,0.0,0.005218587215986967,0.01638879721580114,0.0,0.0,0.0,0.0017347481325238182,0.05176421022804687,0.0,0.0,0.02441765145323352,0.0,0.0,0.0,0.0,0.0,0.043545709652901964,0.0,0.043627234015232975,0.0,0.0,0.0,0.0,0.027650793166379514,0.0,0.023687615183645084,0.018868827196383338,0.0,0.0,0.0,0.0,0.0,0.0,0.0,0.0,0.0,0.016664600711855153,0.0,0.0,0.0,0.00931471643680775,0.001392375694643523,0.004456725183134352,0.0020577790867004047,0.0020087655531845676,0.0,0.0,0.0,0.0,0.008226141244306812,0.0013923756946435226,0.007984859585238376,0.0,0.0,0.021507719425006316,0.023631376343352346,0.008835507569123574,0.006898216645767968,0.0,0.02624679599635885,0.0,0.007341335753347784,0.01672122631899485,0.00029719641757086634,0.0,0.0,0.0,0.0023013703471835138,0.0,0.017397446743141542,0.0,0.0,0.017660458865543776,0.0,0.028923651148965557,0.016436788555034224,0.0,0.0050450320433864295,0.0,0.0,0.01003330146294632,0.0,0.011108674857833368,0.0025164025614712662,0.0,0.035033732406381364,0.03343816932727611,0.0018666294991822403,0.0,0.0149998702995967,0.0020411365509989195,0.0,0.0,0.0,0.015248493442654009,0.0,0.0,0.015570233338791425,0.0,0.009750494383884856,0.0,0.018299671710686576,0.0,0.0,0.008361482381505239,0.02549037935108539,0.01274437579467157,0.0072585932226757145,0.014136330272467903,0.009740384764599324,0.0038960240091855365,0.0424261438262274,0.0
