,ADF,ADL,AFD,AIB,AIZ,ASE,ASH,AVA,AVB,AVE,AVJ,AVM,AWB,AWC,Amphid sheath,Amphid socket,Anal muscle,Apoptotic germ cells,Arcade cells,BAG,Body wall muscle anterior,Body wall muscle middle,Body wall muscle posterior,CAN,Cephalic and inner labial socket,Cephalic sheath,Coelomocytes,DB_VB,DVB,Distal tip,Embryonic cells,Excretory cells,Excretory duct,Excretory gland,GLR,Glia_1,Glia_2,Glia_3,Glia_4,HSN,Hypodermis head,Hypodermis tail,I1,I2,I4,IL1,Intestinal-rectal valve,Intestine anterior,Intestine middle,Intestine posterior,M2,M3,M4,M5,Marginal cells,Mature sperm,Meiotic germ cells,Mitotic germ cells,NSM,OLL,OLQ,Oocytes,PDA,PDB,PHC,PLM_ALM,PLN,PVD_FLP,PVM,PVN,PVP,PVR,PVT,Phasmid sheath,Phasmid socket,RIA,RIC,RIF,RIH,RIM,RIV,RMD,RMD_LR,RME,RMF,Rectal gland,SAA,SAB,SIA,SIB,Seam cells (bus+),Seam cells (grd+),Seminal vesicle (male),Spermatheca bag distal,Spermatheca bag proximal,Spermatheca neck distal,Spermatheca neck proximal,Spermatheca-Uterine junction,Spermatids,Spermatocytes,Syncitial pachytene spermatocytes,URX_AQR_PQR,Unassigned sex-specific muscle,Unassigned sheath cells,Unassigned uterine cells,Uterine muscle,Uterine seam cells,Uterine toroid,Uterine-vulval cells,VC,VD_DD,Vulval cells,cat-4(+)ptps-1(+) intestine anterior,e1_e3 (pharyngeal epithelium),e2 (pharyngeal epithelium),g1A (pharyngeal gland),g1P (pharyngeal gland),g2 (pharyngeal gland),hmc,hyp4_to_hyp6,hyp7 (hypodermis),pm1_pm2 (pharyngeal muscle),pm3_pm4_pm5 (pharyngeal muscle),pm6_pm7 (pharyngeal muscle),sh2 (gonadal sheath distal),sh3_sh4 (gonadal sheath proximal),sh5 (gonadal sheath proximal),vm1 (vulval muscle),vm2 (vulval muscle)
LFQ intensity D1_1,0.0,0.0004607673526254475,0.020927650671728148,0.006378556298880895,0.007829011710128944,0.0,0.014084709123289286,0.0,0.011015714710034877,0.0,0.015612083460891088,0.0,0.007829011710128944,0.020767375446895383,0.0,0.0,0.0321381338795811,0.018175910670011338,0.0,0.0,0.00436354823592945,0.0,0.008038706833073101,0.01274559861337211,0.004609879874598263,0.028235231826478968,0.0,0.0,0.0,0.023929407972195886,0.0,0.0,0.0,0.0028213965650476834,0.0030710002989879624,0.020211619014507638,0.0,0.0,0.0018250942441720296,0.009274914470785045,0.027168121093549345,0.0,0.0,0.017024024976309452,0.0,0.0,0.035483528947347805,0.015022307501493706,0.01996008167585257,0.058845882614842186,0.0,0.0,0.0,0.0,0.0018703082035490808,0.0,0.02749425233637535,0.044022755130447705,0.0,0.0,0.0,0.0,0.0,0.0,0.0,0.0,0.0,0.0,0.0,0.0,0.01755981938443223,0.0,0.006758020733984954,0.0,0.0,0.0,0.0,0.0063785562988808945,0.00035415365917989297,0.006282233814588979,0.0,0.0,0.0028526785021625056,0.0,0.002852678502162507,0.01718332106734168,0.0,0.0,0.0022035173972868617,0.0,0.035822598150841274,0.015780631199464535,0.0229110836983634,0.010229516857169985,0.020337037626616476,0.006366243481020465,0.0,0.01533927621152724,0.0,0.0,0.027693509663134407,0.0,0.010905935848356748,0.02303920335327525,0.01157231669535144,0.018382718031114974,0.019290798349581875,0.0024411372526464007,0.006850640284945243,0.015577026813839875,0.0,0.0,0.0,0.0,0.0,0.006985540135837694,0.002769526761748796,0.0,0.0,0.014854611846460135,0.0,0.0,0.05467682550244793,0.004657799576124522,0.016498094073706088,0.0,0.0023331790882386784,0.03475467610450933,0.016268508570545924
LFQ intensity D1_10,0.0,0.0013315015420628559,0.0,0.009191758200579056,0.007508047688261211,0.0,0.010521363393487757,0.0,0.011983266684342101,0.007068086711313831,0.01652671545833586,0.0,0.007508047688261211,0.023575345849319203,0.0,0.0,0.029345319388970677,0.017968461292704217,0.0,0.0,0.0027670167371980337,0.0,0.021500179273280774,0.009186356686226391,0.005231263156652717,0.021679689931935902,0.0,0.0,0.0,0.015659253777775627,0.0,0.001318212044560932,0.00013128681228271314,0.008309198499758001,0.0,0.01909902071467156,0.0,0.0,0.0017265180981139402,0.010654741095179018,0.027800897978982324,0.0,0.0,0.01999462285963295,0.0,0.0,0.03564964696971304,0.012620769489578118,0.018882006977576977,0.052869368793576024,0.0,0.0,0.0,0.0,0.0,0.0,0.031166470482250484,0.035785770213680665,4.9885995725611423e-20,0.001523013682810103,0.001523013682810103,0.0,0.0,0.0,0.0,0.0,0.0,0.0,0.0,0.0,0.019603836255768177,0.0,0.009550663537222446,0.0,0.0,0.0,0.0,0.009191758200579055,0.0016363700288630333,0.001727348511206222,0.0,4.9885995725611423e-20,0.004052796487493717,0.0,0.004052796487493716,0.015289820577106055,0.0,0.0,0.0029821666815897097,0.0,0.04002214503012664,0.03076799158019156,0.023897436795399976,0.007429595242564012,0.023772721091307552,0.01166667086321103,0.004457915443968779,0.0025862129583306844,0.0,0.0,0.02671758986121001,0.0,0.01132996245796269,0.026906110357417475,0.02114906214429695,0.01991500198628565,0.014932758507769865,0.005896500468243788,0.0,0.0,0.0,0.0,0.0,0.0,0.0,0.007901027621263204,0.006671748578411436,0.0,0.0,0.0034562996080843757,0.0,0.0,0.04526648973107632,0.014265296983353631,0.01979713207273264,0.0,0.001377255254768853,0.0439363390592768,0.020186947679539595
LFQ intensity D1_11,0.0,0.005814914777395567,0.0,0.007141950511607407,0.007607988320469723,0.0,0.009838869349584264,0.0,0.011562955550636106,0.00319390904215196,0.018036167608674304,0.0,0.007607988320469723,0.02376097484715939,0.0,0.00014000711404337413,0.03423577874104157,0.013202412431035503,0.0,0.0,0.005459427915670314,0.0,0.010091916241742318,0.015678098159935,0.012645566776898192,0.02027338366735248,0.0,0.0,0.0,0.014943454202071228,0.0,0.0,0.00012277057117639968,0.0,0.0,0.017665429664376196,0.0,0.0,0.0016145232667802271,0.007874343768609661,0.024487122983673573,0.0,0.0,0.019293082237236494,0.0,0.0,0.02734936506302108,0.013972997523661027,0.013054882923578533,0.057334633020096094,0.0,0.0,0.0,0.0,0.0,0.0,0.025816504665303934,0.042615380261321674,0.0,0.0014977806505155847,0.0014977806505155847,0.0,0.0,0.0,0.0,0.0,0.0,0.0,0.0,0.0,0.01833218533165863,0.0,0.007477603868461831,0.0,0.0,0.0,0.0,0.0071419505116074025,0.003858368372379495,0.007034100022604326,0.0001227791349177692,0.0019497904039959863,3.7320014599781363e-19,0.0,0.0,0.016103568210183345,0.0,0.0,0.0031418696544428465,0.0,0.04593430575814936,0.02465085030771305,0.0177380496176167,0.008200724004408227,0.021023867587572753,0.009407631548122604,0.0020886840008764013,0.02311999861499829,0.0,0.0,0.02948303751925161,0.0,0.013814177381345834,0.019340419953707236,0.0189119629874506,0.022073757957021916,0.01901879815600129,0.0063153337365920055,0.00016700683849507202,0.0174005285790625,0.0,0.0,0.0,0.0,0.0,0.006129382897815737,0.004103544108166818,0.0,0.0,0.0047246120928693125,0.0,0.0,0.04483943636502618,0.021807180041850123,0.023226526018861438,0.0,0.0,0.03704881452416059,0.018836793064808337
LFQ intensity D1_2,0.0,0.004781049531838976,0.022599062253258567,0.009183842991196154,0.008211496999191494,0.0,0.010376434138150366,0.0,0.010624591326070921,0.0007215640200020488,0.014005019450251314,0.0,0.008211496999191494,0.022571887481889215,0.0,0.0,0.03345469778946271,0.022039229689816527,0.0,0.0,0.0066025280454380265,0.0,0.004874611200222148,0.012661240496096175,0.004571500525017849,0.018579849902356328,0.0,0.0,0.0,0.01979069995561129,0.0,0.0,0.00012947836795584213,0.006554253066640073,0.011783818696523264,0.018115699151118513,0.0,0.0,0.0017027357257228225,0.010575403079856008,0.02486547452557965,0.0,0.0,0.018600928895377077,0.0,0.0,0.02855700963050193,0.013354668097923034,0.01862191186364626,0.053886910307791185,0.0,0.0,0.0,0.0,0.0005977655213127936,0.0,0.03133726406884954,0.03222857743098436,0.0,0.0011743345802181463,0.0011743345802181463,0.0,0.0,0.0,0.0,0.0,0.0,0.0,0.0,0.0,0.01933379811678867,0.0,0.009537802100702639,0.0,0.0,0.0,0.0,0.009183842991196149,0.001804542015070906,0.0018204612809853908,1.0569461745832698e-19,0.0,0.003432467551953816,0.0,0.003432467551953816,0.016983416385058486,0.0,0.0,0.0017603989911309618,0.0,0.03282038452468662,0.027519757409713463,0.023014515328665167,0.00741352933443367,0.02327891425334314,0.01129889349791439,0.0,0.025407109019748114,0.0,0.0,0.02949814118982139,0.0,0.013284008066205182,0.019132253714440495,0.0184107778037603,0.01844444975701991,0.016603168560261353,0.004483943445281011,0.001233036836570325,0.008785480552491124,0.0,0.0035131648164683396,0.0,0.0,0.0,0.007074783362809636,0.0035294672236422155,0.0,0.0030993025550760697,0.0034561328363909467,0.0,0.0011605011096618796,0.04259747952195941,0.010994553649951022,0.013412033785996529,0.005706652840457916,0.0006341017818356653,0.02997334526207204,0.019809550589201613
LFQ intensity D1_3,0.0,0.0,0.01692339412348159,0.006522758403036886,0.0052204523449270205,0.0,0.010411103713316964,0.0,0.0,0.0023084516773060272,0.014757759410805376,0.0,0.0052204523449270205,0.022726513029910137,0.0,0.0,0.032821374478477515,0.02227520352179466,0.0,0.0,0.006707766434277108,0.0,0.00910184975448299,0.011862157592666771,0.004331476092361375,0.02047239635226327,0.0,0.0,0.0,0.028887914882236805,0.0,0.0,0.00012991097900030404,0.0,0.011462467705994114,0.01909638590522995,0.0,0.0,0.001708424878995117,0.0,0.02156423088498397,0.0,0.0,0.017986448526855534,0.0,0.0,0.023662319941554336,0.016395609034916454,0.018684131096622352,0.05947892743147297,0.0,0.0,0.0,0.0,0.00030114432281965625,0.0,0.024873593291109827,0.045312691796766565,0.0,0.0016795667068430584,0.0016795667068430584,0.0,0.0,0.0,0.0,0.0,0.0,0.0,0.0,0.0,0.019398395892685633,0.0,0.006877954405204569,0.0,0.0,0.0,0.0,0.0065227584030368825,0.0022431958895104717,0.006424258324903733,0.00026431593093621065,7.404481566470173e-20,0.0035972168651395384,0.0,0.0035972168651395393,0.017040161103244744,0.0,0.0,0.0,0.0,0.033043101939554766,0.029127131051571286,0.022850866047958964,0.006230583807122701,0.022866029658736034,0.010725844489924686,0.0,0.02301642481412828,0.0,0.0,0.02594409586518281,0.0,0.012771847268959073,0.02232631839850506,0.019717996888934258,0.022263794858726527,0.016478098514391644,0.00753504895357636,0.003739680713418985,0.013459811875622583,0.0,0.0,0.0,0.0,0.0,0.007690172343199882,0.004544845172435573,0.0,0.0026368553053611942,0.0048375909074301485,0.0,0.0005344977966285867,0.04232802710721543,0.010482373379028636,0.02587101501192545,0.0,7.677594026085089e-05,0.04058286820528143,0.017786386638838764
LFQ intensity D1_4,0.0,0.004060179571668012,0.012120278662742566,0.00859988974538481,0.00794564178415444,0.0,0.010176394717097,0.0,0.0,0.003448961757846377,0.015485475335458031,0.0,0.00794564178415444,0.02358901201097674,0.0,0.0,0.03286914972770315,0.021495288088781962,0.0,0.0,0.000896873399544804,0.0,0.028595466828770805,0.010927810382704042,0.004873974419006126,0.025834444082457803,0.0,0.0,0.0,0.011301697700971258,0.0,0.0,0.0001269822524868868,0.0,0.0,0.021156787242857928,0.0,0.0,0.0016699099722659394,0.0,0.026261636082354826,0.0,0.0,0.01899583759624344,0.0,0.0,0.023599384323895325,0.020719948263734154,0.0,0.05500089116991776,0.0,0.0,0.0,0.0,0.003777832569138211,0.0,0.029670087236557015,0.0348800301620931,0.0,0.0032788356250054713,0.0032788356250054713,0.0,0.0,0.0,0.0,0.0,0.0,0.0,0.0,0.0,0.01896107645436073,0.0,0.008947033345886935,0.0,0.0,0.0,0.0,0.008599889745384805,0.00443697972391734,0.001384605763369501,0.0027341062217323677,0.0,0.00340136547458813,0.0,0.0034013654745881287,0.016656005953310588,0.0,0.0,0.0,0.0,0.03306300343405334,0.03231166660840447,0.022938867365220484,0.005395965698013698,0.021478134221845004,0.010568154382455293,0.0,0.026301106701873904,0.0,0.0,0.034305520693450366,0.0,0.012508873642386687,0.023011177747882416,0.01583093108066487,0.021998824871347505,0.015403819771417908,0.005315121550015554,0.0025147305644686773,0.017569525295818268,0.0,0.0,0.0,0.0,0.0,0.007910958590539634,0.005110855360923834,0.0,0.0,0.0001523054480457982,0.0,0.0,0.051088900272194114,0.014416698169325058,0.023192459460190933,0.0,0.0011391953272307125,0.03635388780084676,0.01901370966326819
LFQ intensity D1_5,0.0,0.007299113864056508,0.0,0.007931725454545213,0.009336199984721849,0.0,0.008259135676172143,0.0,0.00989769341854379,0.004686127440828882,0.016954982904677143,0.0,0.009336199984721849,0.020616676800125897,0.0,0.0,0.03165642139071889,0.019256615994048064,0.0,0.0,0.005454127913309315,0.0,0.027953578468517027,0.01316344877897621,0.00633671226764477,0.01788068066131344,0.0,0.0,0.0,0.026368128339647266,0.0,0.0,0.0,0.0,0.0,0.01828479507993267,0.0,0.0,0.0025071502242961195,0.00995763597146107,0.015557912549942102,0.0,0.0,0.019834488046666942,0.0,0.0,0.03273157431787538,0.0031827297422363926,0.018213531771340944,0.052230533742796514,0.0,0.0,0.0,0.0,0.004896102075877611,0.0,0.03035348645321342,0.03015067125183658,0.002549103483341031,0.004437842654401389,0.004437842654401389,0.0,0.0,0.0,0.0,0.0,0.0,0.0,0.0,0.0,0.015388760691420198,0.0,0.00821344711611247,0.0,0.0,0.0,4.7317486009494594e-20,0.007931725454545208,0.005214560618372021,0.002061442302306815,0.00611771451516605,0.002444615732711228,0.005418954609383632,0.0,0.00541895460938363,0.017340665699204935,0.0,0.0,0.0028266306415065806,0.0,0.03891911391229773,0.028576218636916322,0.020860534913100134,0.010330325452547043,0.017960793486027304,0.0076496955497482545,0.003249160026242867,0.01904544347937688,0.0,0.0,0.03357504965622925,0.0,0.008832476808404927,0.019309564455357878,0.018571182543210135,0.017771653235999905,0.013012050518100437,0.005820065737498743,0.001129372145905053,0.014258874894804586,0.0,0.0,0.0,0.0,0.0,0.010230270451931318,0.004796678091024796,0.0,0.0,0.009095212627894825,0.0,0.0,0.037029333405926505,0.020531854589878246,0.020154473708048175,0.0,0.0002440712792369543,0.03376829031911446,0.015187798722876596
LFQ intensity D1_6,0.0,0.01803310913116895,0.0,0.007989970904251412,0.012695684828456556,0.016479653890975828,0.00540592175052494,0.0,0.0,0.0,0.021501669631421045,0.0,0.012695684828456556,0.021501669631421038,0.0,0.011546562506034166,0.03239646294734259,0.023941061635387305,0.0,0.0,0.0,0.00216810306144411,0.0,0.02226439106724609,0.009423782890296814,0.027315376605276578,0.0,0.0,0.0,0.017141986983312832,0.0,0.0,6.74557286478116e-05,0.0,0.0,0.015329662906817794,0.0,0.0,0.00556047618952678,0.0,0.0,0.0,0.0,0.021501669631421038,0.0,0.0,0.030037800171924825,0.01695256438460656,0.0,0.04235671581681577,0.0,0.0,0.0,0.0,0.0,0.0,0.02737617318036889,0.022360795161024145,0.0,0.010365115517420266,0.010365115517420266,0.0,0.0,0.0,0.0,0.0,0.0,0.0,0.0,0.0,0.01569442021662726,0.0,0.008174312161845804,0.0,0.0,0.0,0.011311628203903233,0.007989970904251405,0.018810520549300103,0.004105387081207874,0.01889923256868233,0.0,0.009815023183783286,0.0,0.009815023183783283,0.019882919138952876,0.0,0.0,0.0,0.0,0.03548866727150702,0.020346586440177554,0.025171797759587375,0.008433397852748062,0.019441492195098914,0.014574235603082165,0.008714528009311481,0.023822023617068373,0.0,0.0,0.015418677441324816,0.0,0.007998689640293948,0.023520972186438737,0.01732872372054351,0.021434519216159284,0.011124352113969345,0.003144154431304715,0.0044305467765212775,0.0,0.0,0.0,0.0,0.0,0.0,0.020023958055130988,0.010090680109758825,0.0,0.0008099678375214148,0.0,0.0,0.0023949603267876757,0.02743790349590506,0.016599057147374564,0.016319393930568755,0.0,0.0023949602637347057,0.040777246496758575,0.013485434369974446
LFQ intensity D1_7,0.0,0.0,0.012166714915619567,0.009231443887309882,0.007165983907810089,0.0,0.011051178816012525,0.0,0.011392498261882562,0.0007958638313238261,0.012910652756496046,0.0,0.007165983907810089,0.01980274263435649,0.0,0.0,0.03829579630323255,0.0036367620608574,0.0,0.0,0.004360698601821663,0.0,0.00966143186765208,0.012633177624512375,0.00709572453269656,0.0185916746208781,0.0,0.0,0.0,0.027506889410290825,0.0,0.0,0.0007576367996253287,0.005103095785247116,0.01255008086756511,0.022412322706665877,0.0,0.0,0.001813458913808518,0.008974923568517383,0.02268307282706098,0.0,0.0,0.016739514256012854,0.0,0.0,0.02864542559656992,0.01634526479079196,0.01983283227756925,0.0603524738742532,0.0,0.0,0.0,0.0,0.005690634253300768,0.0,0.027397172337793582,0.034161422704875696,2.2924152447762754e-19,0.0027494202135904563,0.0027494202135904563,0.0,0.0,0.0,0.0,0.0,0.0,0.0,0.0,0.0,0.017504489936754304,0.0,0.009608430846010365,0.0,0.0,0.0,2.6199031368871716e-20,0.009231443887309879,2.6199031368871716e-20,0.0013975455882432313,3.6678643916420403e-19,2.2924152447762754e-19,0.002838802181303622,0.0,0.002838802181303622,0.018775547377852878,0.0,0.0,0.0019510635300994158,0.0,0.037211229000743085,0.03500361255416855,0.02006854280539135,0.006613109786198196,0.02493976960886063,0.012216746538508136,0.0,0.023003597440700855,0.0,0.0,0.017439210302618392,0.0,0.010813766827298909,0.026821124667576128,0.02065574441878234,0.021140722722908,0.013430952196179818,0.006495649293052629,0.0,0.016665772614750617,0.0,0.0,0.0,0.0,0.0,0.006473248720718631,0.002935033462755015,0.0,0.004712828223630141,0.0032159537459951083,0.0,0.0,0.043342797860026455,0.003991270493594233,0.023819742478674213,0.0,0.0,0.03645493000888308,0.015965128771706978
LFQ intensity D1_8,0.0,0.0038015777509796465,0.015514010229250329,0.007637615157792681,0.01085820992825417,0.0,0.026300310106411894,0.0,0.011860335432801258,0.00591350358645457,0.016626482715051363,0.0,0.01085820992825417,0.023738790091137312,0.0,0.0,0.030682638938292314,0.013699129059577712,0.0,0.0,0.009608912513657678,0.0,0.009520238950800022,0.011279132364524406,0.005842433593109121,0.0086078682075085,0.0006290304695310229,0.0,0.0,0.02011862792375426,0.0,0.0,0.010821693644191985,0.005591642412512787,0.0,0.017451004024758496,0.0,0.0,0.007240948130557275,0.009477688024710641,0.022947778799064584,0.0,0.0,0.022223587075431293,0.0007954127488436507,0.0,0.03159047130516643,0.004825188220798755,0.014449164897416709,0.06256200015449127,0.0,0.0,0.0,0.0,0.0018312260479361677,0.0,0.03418847335973274,0.022194325037218438,2.4525348852166513e-19,0.0027966833931717507,0.0027966833931717507,0.0,0.0,0.0,0.0,0.0,0.0,0.0,0.0,0.0,0.020290091480539344,0.0,0.008009122202953694,0.0,0.0,0.0,1.1617270508920982e-19,0.007637615157792674,1.1617270508920982e-19,0.007522279644301447,1.8071309680543749e-19,2.4525348852166513e-19,0.004119749092241712,0.0,0.004119749092241713,0.008509196040321769,0.0,0.0,0.0025500125669189397,0.0,0.037459016156899824,0.024202890578175203,0.022930074671422485,0.007433311251274618,0.01695856014936639,0.009706299630729675,0.007085145526486838,0.024627776973534805,0.0,0.0,0.01816364885363936,0.0,0.009974581163308906,0.025971383503399344,0.01746093187222247,0.017490495281263136,0.02084875353963382,0.0038474380946775374,0.0,0.0,0.0,0.0,0.0,0.0,0.0,0.011336470014111828,0.0,0.0,0.0,0.0047750860174277645,0.0,0.0,0.04792395949306676,0.017361796680056628,0.01678992848070488,0.0,0.0026152187736961526,0.03746502218358733,0.017933368217685777
LFQ intensity D1_9,0.0,0.0007184406920213809,0.02335506464107484,0.007599431914366749,0.00767823815665655,0.0,0.022117500733435023,0.0,0.011160266548047798,0.00466616264186972,0.018015375325764908,0.0,0.00767823815665655,0.022496908886325388,0.0,0.005115508018990689,0.030027799870167,0.011788002486792676,0.0,0.0,0.011444930139004985,7.462754119010032e-05,0.00921534581309286,0.012400863313829377,0.004792433452674989,0.02171999862468956,0.0,0.0,0.0,0.014226836167738979,0.0,0.0,0.00013153091170456396,0.0,0.011970620583075001,0.020047851231931382,0.0,0.0,0.0017297281849633838,0.01111006503282714,0.02434193145715807,0.0,0.0,0.020785370977973585,0.0,0.0,0.027891634436789704,0.017490453356776427,0.0,0.055380099154752435,0.0,0.0,0.0,0.0,0.0017725795939456661,0.0,0.028085261168854334,0.034754439703297835,0.0,0.0018016870184878037,0.0018016870184878037,0.0,0.0,0.0,0.0,0.0,0.0,0.0,0.0,0.0,0.018517987271799836,0.0,0.007959036994153538,0.0,0.0,0.0,3.3735654860308584e-19,0.007599431914366747,0.0010868349866273333,0.00014544754301388485,0.0012131820506365123,0.0,0.0022291280144075905,0.0,0.0022291280144075914,0.016941448010936305,0.0,0.0,0.0021515803015163797,0.0,0.03130560113028374,0.028405735193686037,0.02351923475033628,0.002415526732564739,0.014141120270210557,0.011057680402374915,0.007804743404182242,0.023603098005651947,0.0,0.0,0.029201648807105414,0.0,0.012545955563805875,0.023510468127612285,0.01600234447936203,0.022219830350250595,0.019551525794046686,0.0036752067758490476,0.0,0.009432153135444182,0.0,0.0,0.0,0.0,0.0,0.0,0.01104954567404186,0.0,0.0030444894083461235,0.005246679026062658,0.0,0.0,0.04221606950422025,0.010314517880098153,0.026478924418918318,0.0,0.004761445089942615,0.04037478314144466,0.012661554876877973
LFQ intensity D10_1,0.021080480736124802,0.0,0.005285729875076004,0.008011019860519913,0.0,0.004951986425388299,0.01691861718680651,0.0,0.006689470089100694,4.3316628690426375e-19,0.003986810510373934,0.0,0.0,0.014698478393068565,0.0,0.0,0.04538708442130436,0.0,0.0,0.0,0.006823860533365914,0.0,0.0,0.009038336615475212,0.0,0.0027157798336876426,0.0012400318988377,0.0,0.0,0.015276480487709127,0.0,0.00105463025746362,0.013820665620020425,0.0,0.0063006188570449454,0.023034007900651857,0.0,0.0,0.0,0.0038167974073619135,0.058370898838567,0.0,0.0,0.008893719317293517,0.0,0.0,0.0,0.0,0.01646193336626335,0.032247220673878245,0.0,0.0,0.0,0.0,0.020642062408240038,0.0,0.012143356043725514,0.031205223365932087,0.0,0.0,0.0,0.0,0.0,0.0,0.0,0.0,0.0,0.0,0.0,0.0,0.00937060756264898,0.0,0.008010858405698654,4.3316628690426375e-19,0.0,0.0,0.01917691212916857,0.00801101986051991,0.0,0.007890045568137712,3.2487471517819783e-19,0.0,0.023718837591366292,0.0,0.02371883759136629,0.02368357192051458,0.0,4.64106735968854e-19,0.0066170629576214664,0.0005216469050592598,0.0,0.0,0.0,0.0,0.05187403177098278,0.025999963769866838,0.0,0.005382689624316267,0.0,0.0,0.024440291455599228,0.0,0.0088850893467508,0.05011653185014812,0.03083798232435655,0.020668577716613207,0.0005133520194456101,0.024933186269697188,0.007360716887914892,0.0,0.0,0.018753148507377998,0.0,0.0,0.009525137880257157,0.0,0.0,0.0,0.02244632501224705,0.0,0.0,0.0,0.02680579342424413,0.01114263169645498,0.035002052919715185,0.023454017885951275,0.0,0.06327840913286649,0.017765369089811408
LFQ intensity D10_10,0.0199633109567123,0.0,0.0,0.006974600233237062,0.0,0.00842862768597592,0.016756524070650897,0.0,0.010560478906415866,1.449695114275444e-19,0.004797980930187167,0.0,0.0,0.01578845101169127,0.0,0.004892875846772507,0.03912880487097892,0.012404855483542537,0.0,0.0,0.007314799747010261,0.0,0.0,0.013500877595023065,1.0147865799928109e-19,0.014585451488240475,0.004403622232274595,0.0,0.0,0.02743554362481602,0.0,0.010401188342949135,0.008664290346267036,0.0,0.012843733975013514,0.0243564641390261,0.0,0.0,0.0019466023133719516,0.0077502960994773685,0.052446678085897785,0.0,0.0,0.005698449164816548,0.0,0.0,0.0,0.012253717493849552,0.0,0.0298752974760632,0.0,0.0,0.0,0.0,0.0256769806242542,0.0,0.015840345480821052,0.017037527253355358,0.0,0.0,0.0,0.0,0.0,0.0,0.0,0.0,0.0,0.0,0.0,0.0,0.010941851439775564,0.0,0.006557050440788436,0.0,0.0,0.0,0.01403819245883313,0.006974600233237059,1.8846036485580775e-19,0.006869276898311535,0.0,1.449695114275444e-19,0.023339076417222337,0.0,0.023339076417222333,0.020593585710770895,0.0,0.0,0.002774274688357247,0.0,0.0061983573825364156,0.0,0.0,0.0,0.044900646945558995,0.020064535075375076,0.0,0.006170483898494052,0.0,0.0,0.02883483502052758,0.0,0.008475565168356897,0.03939665809390166,0.03371222330462498,0.0202694344218053,0.0,0.026579346435183903,0.008424709645385976,0.0,0.0,0.0,0.0,0.0,0.0,0.0,0.0026383103296286643,0.0,0.02030864602977067,0.0,0.0,0.0,0.02843499559526999,0.017442769630746285,0.03273735740624164,0.027884536315794125,0.0,0.06289609819361044,0.01747513092397719
LFQ intensity D10_2,0.0,0.0,0.027010984577375604,0.007438943904264148,4.556872565922812e-19,0.0006255595978367761,0.019810287301457466,7.856676837797951e-20,0.008015710124828112,0.0,0.009334777887270851,0.0,4.556872565922812e-19,0.020371736326593323,0.0,0.0,0.043566483877074416,0.007357399613036484,0.0,0.0,0.007788109782196723,0.0,0.0,0.015113189315135861,0.003795034543474558,0.0,0.0,0.0,0.0,0.0,0.0,0.005466149443006922,0.0,0.0,0.004777667120690113,0.029671865395281154,0.0,0.0,0.0,0.005037734143451222,0.016605759638376547,0.0,0.0,0.011758514967130594,0.0,0.0,0.0024629924387587097,0.0,0.00953492534496345,0.02948207863732555,0.0,0.0,0.0,0.0,0.005888767888033687,0.0,0.015259697459554543,0.05421428356342129,0.0,4.556872565922812e-19,4.556872565922812e-19,0.0,0.0,0.0,0.0,0.0,0.0,0.0,0.0,0.0,0.008759004741046347,0.0,0.006986361000161787,0.0,0.0,0.0,0.013365774953230207,0.007438943904264145,7.856676837797951e-20,0.007326608522432899,2.0427359778274672e-19,3.14267073511918e-20,0.023980557922976573,0.0,0.023980557922976573,0.021255793896478588,0.0,0.0,0.010279750258180724,0.0,0.0,0.0,0.0,0.004166977684089535,0.052367503228451,0.02438112944918029,0.0,0.00697682098734458,0.0,0.0,0.047315229620398,0.0,0.00219121915504103,0.04949643044829942,0.038718735941683284,0.0169489911598832,0.0,0.029144152657973373,0.0076021661200863745,0.0,0.0,0.019810919931875854,0.0,0.0,0.019555504364305414,0.0,0.013202705719061044,0.0,0.017989606985203792,0.0,0.0,0.0,0.03131283704687298,0.0027211051536669686,0.028696048784919097,0.02378564734739473,0.0,0.06450475031279948,0.015349511889184693
LFQ intensity D10_3,0.018273115387127805,0.0,0.0,0.007368639087640892,2.239354817016396e-19,0.0086488742567873,0.013912653579519381,2.239354817016396e-19,0.003949896722012759,0.0,0.005855164095726378,0.0,2.239354817016396e-19,0.0167908073527875,0.0,0.0,0.0444769371254109,0.006295593090744798,0.0,0.0,0.004351273199595656,0.0,0.0,0.01449461488236231,0.0,0.0,0.007497557735280422,0.0,0.0,0.01718792465073875,0.0,0.0122956804267787,0.0,0.0,0.013294814213204182,0.031829123097569405,0.0,0.0,0.0,0.0,0.030618204386176923,0.0,0.0,0.006285376964846034,0.0,0.0,0.0,0.0,0.023469879102307297,0.027331612883565812,0.0,0.0,0.0,0.0,0.0,0.0,0.020077315405905308,0.029551907720167293,0.0,0.0,0.0,0.0,0.0,0.0,0.0,0.0,0.0,0.0,0.0,0.0,6.419483808780335e-19,0.0,0.006938640490674001,0.0,0.0,0.0,0.022461042850220124,0.007368639087640886,2.239354817016396e-19,0.007257365377805232,2.687225780419675e-19,0.0,0.0263361924789752,0.0,0.026336192478975194,0.015681876423990982,0.0,0.0,0.006415183087121435,0.002598775109959686,0.0,0.0,0.0,0.0033209985995523287,0.046594727863412976,0.020240556251216704,0.0,0.01101695292276344,0.0,0.0,0.045907024570546386,0.0,0.007995000806630903,0.04773254885723503,0.028013007381064842,0.02107204587647099,0.01576439016625099,0.02135739008168602,0.005145290012299905,0.012535300694394529,0.0,0.0,0.0,0.0,0.008689779858574146,0.0,0.013846790814286252,0.0,0.02307791441950624,0.0,0.0,0.0,0.032949227867293256,0.0,0.027263704660598326,0.03548545077313271,0.0,0.07082112178506365,0.015919902986401835
LFQ intensity D10_4,0.00754663193572484,0.0,0.013469876340792471,0.007674145173925744,1.2188540455010203e-19,0.0,0.02353652851388206,0.0,0.006172029821548413,3.068149838674982e-19,0.01067707741604693,0.0,1.2188540455010203e-19,0.026314830245747937,0.0,0.0,0.04495242986783313,0.0008827950724700684,0.0,0.0,0.009291754388762842,0.0,0.0,0.018375670769776302,0.011342227862972402,0.0,0.0,0.0,0.0,0.0,0.0,0.0,0.0,0.0,0.0,0.01259297708362999,0.0,0.0,0.0,0.002803955233575271,0.052129636395485686,0.0,0.0,0.014093416892583411,0.0,0.0,0.0040893077030229414,0.0,0.025453247267212088,0.033325192271604596,0.0,0.0,0.0,0.0,0.014301222792312735,0.0,0.03227073683917252,0.030828457337984217,0.0,1.2188540455010203e-19,1.2188540455010203e-19,0.0,0.0,0.0,0.0,0.0,0.0,0.0,0.0,0.0,0.006900195872888454,0.0,0.007189930654969012,3.068149838674982e-19,0.0,0.0,0.0,0.007674145173925737,0.0,0.007558258021201382,0.0,0.0,0.014769297627580526,0.0,0.014769297627580521,0.020570105100832098,0.0,2.0174135925534128e-19,0.006105223487290231,0.0,0.0,0.0,0.0,0.004110427607285892,0.05706577285609354,0.026298869170952054,0.0,0.016330435898923086,0.0,0.0,0.05514254372144965,0.0,0.004607483598470398,0.04681675086756261,0.036501218991410685,0.015361666645821666,0.0,0.022489334206539285,0.0022907930672124064,0.0,0.0,0.02119578246241675,0.0,0.0,0.013680700811191082,0.0,0.01993367146436404,0.0,0.009596337895149621,0.0,0.0,0.0,0.03225556946006561,0.014254570655732404,0.02461957205166819,0.021835061341784236,0.0,0.051445317790131485,0.01650751864344079
LFQ intensity D10_5,0.020929520491337315,0.0,0.00756194988767544,0.007953177951666337,0.0005016386327442743,0.009730437074856685,0.016924215271391665,1.8516659304068067e-19,0.0035928984981830653,5.2904740868765904e-20,0.00685984961716249,0.0,0.0005016386327442743,0.018068822710786806,0.0,0.0,0.0373014586549451,0.0,0.0,0.0,0.007155440962831955,0.0,0.0,0.014773915676123435,0.0,0.00562288092078005,0.011968876875397449,0.0,0.0,0.02254302381101746,0.0,0.0,0.002404047487512575,0.0,0.014017300058811374,0.02571602549306244,0.0,0.0,0.0,0.0,0.05040744512113685,0.0,0.0,0.006543979542384105,0.0,0.0,0.009670818907466407,0.0,0.008025701657847864,0.03310908760702648,0.0,0.0,0.0,0.0,0.016661635917697183,0.0,0.021555281285587733,0.044085209343986825,0.0,0.0,0.0,0.0,0.0,0.0,0.0,0.0,0.0,0.0,0.0,0.0,0.009303044815376388,0.0,0.0075721974696874765,0.0,0.0,0.0,0.011851516284156642,0.007953177951666331,1.8516659304068067e-19,0.007833077129093896,0.0,5.2904740868765904e-20,0.022464013773242593,0.0,0.02246401377324259,0.021562033280138164,0.0,0.0,0.005799449354785443,0.002026202097983366,0.0,0.0,0.0,0.0016824608582374078,0.04039882137972581,0.016066723674765207,0.0,0.016424227587332443,0.0,0.0,0.040126549277813874,0.0,0.007054393766320557,0.04455608375665436,0.02536598298591976,0.019045793848596948,0.005165085475834952,0.02051173625081897,0.0058564114480686175,0.005887374048069302,0.0,0.0,0.0,0.0,0.017497940763588623,0.0,0.010734369632690081,0.0,0.02127386464442418,0.0,0.0,0.0,0.018100542480163406,0.008470690738188225,0.024293612419301856,0.026937310502694656,0.0,0.06463462861612626,0.016900391823127973
LFQ intensity D10_6,0.00540106154173149,0.0,0.025909947392744468,0.007414444710604791,0.0022273725928607198,0.0,0.022705159769794495,0.0,0.002686836277695856,0.0,0.0092264262756964,0.0,0.0022273725928607198,0.02249086457012575,0.0,0.0,0.04698270859695335,0.0,0.0,0.0,0.012056570758983547,0.0,0.0,0.01389052174944525,0.014735858740406008,0.015635833807060847,0.0,0.0,0.0,0.0032280722087203763,0.0,0.0,0.0,0.0,0.0,0.025001138970569884,0.0,0.0,0.0018425685002227104,0.0,0.023168644193013885,0.0,0.0,0.011857093923140806,0.0,0.0,0.015640172381889993,0.0,0.024791577090112468,0.03505302032990753,0.0,0.0,0.0,0.0,0.02581959929522548,0.0,0.017892154061084752,0.05064910032316838,0.0,0.0,0.0,0.0,0.0,0.0,0.0,0.0,0.0,0.0,0.0,0.0,0.010786839096029127,0.0,0.00741429527921324,0.0,0.0,0.0,0.0,0.007414444710604786,0.0,0.01692080553152582,0.0,0.0,0.016958385019184816,0.0,0.016958385019184813,0.022040913223414015,0.0,4.9124247367501837e-20,0.002657753838424731,0.004957264395399819,0.0,0.0,0.0,0.0,0.047206873357518,0.025481655495005487,0.0,0.011832579926919615,0.0,0.0,0.03670597939277742,0.0,0.005266285265580641,0.03968530207694895,0.033065083658950396,0.012483270933922099,0.0,0.02062432679601178,0.0010003995791275392,0.004274083511183711,0.0,0.025553800094801096,0.0,0.0,0.018355055459193647,0.0,0.01089612028273199,0.0,0.0018958536487126078,0.0,0.0,0.0,0.03440556307212531,0.019273073917064135,0.030460207648487263,0.019780220388560203,0.001803221550124939,0.03980963913861745,0.015498198038634559
LFQ intensity D10_7,0.02146596161347423,0.0,0.005788353735241495,0.006951755451048387,1.5576890996123592e-20,0.004715839005723131,0.011559126111820367,0.0,0.0049889510984295225,0.0,0.008279345809857086,0.0,1.5576890996123592e-20,0.016081722390104098,0.0,0.0,0.047691169879657075,0.0,0.0,0.0,0.005703420159399896,0.0,0.0,0.011676826394132703,0.0,0.0011324759236903523,0.011003010695595257,0.0,0.0,0.010042048999703073,0.0,0.0,0.0,0.0,0.0033597318953179,0.03269831544960027,0.0,0.0,0.0,0.00012268521083112508,0.055628716260803374,0.0,0.0,0.0074836890475315394,0.0,0.0,0.002389857404837022,0.0,0.024601913248913306,0.026499028663688817,0.0,0.0,0.0,0.0,0.004566437041835322,0.0,0.015528404459879006,0.046912264926601915,0.0,0.0,0.0,0.0,0.0,0.0,0.0,0.0,0.0,0.0,0.0,0.0,0.0,0.0,0.006503111521704535,0.0,0.0,0.0,0.023288655372818632,0.006951755451048381,0.0,0.006846777094840678,6.230756398449437e-20,0.0,0.025642428060782874,0.0,0.02564242806078287,0.010423556772728132,0.0,1.5576890996123593e-19,0.0049349504626069645,0.004266906936410369,0.0,0.0,0.0,0.0019417885185448029,0.055996457109579456,0.02706289502680198,0.0,0.012347417944412034,0.0,0.0,0.02557130443487429,0.0,0.007185765817561809,0.0440856877348922,0.02648336907622709,0.022275315012465543,0.017561249882842307,0.019899439469058228,0.003722656428024826,0.0,0.0,0.0,0.0,0.002055015475146685,0.013964347058147671,0.0,0.007100084039051768,0.0,0.022678897462208865,0.0,0.0,0.0,0.029886275656231795,0.0075272452475578485,0.032103039935549874,0.027468347078887956,0.0,0.07519274167758322,0.0165190393029102
LFQ intensity D10_8,0.01188383462893008,0.0,0.015416642357374156,0.0,0.0,0.01026001769830065,0.010236503786310056,0.0,0.0,2.801050397753614e-20,0.00553564906248857,0.0,0.0,0.015553088713172293,0.0,0.0,0.03961261042134035,0.016799643170237587,0.0,0.0,0.00423403718739624,0.0,0.0,0.014277935603400366,0.0,0.0,0.010422459904288252,0.0,0.0,0.023871833864116777,0.0,0.0071652455537077634,0.0,0.0,0.011238977426029372,0.0210469614282408,0.0,0.0,0.0,0.0,0.046931920987524196,0.0,0.0,0.002471325761986746,0.0,0.0,0.00749888270374205,0.0,0.028786655543480585,0.03557672186688358,0.0,0.0,0.0,0.0,0.008015062590015012,0.0,0.022868777194126368,0.041607519144379976,0.0,0.0,0.0,0.0,0.0,0.0,0.0,0.0,0.0,0.0,0.0,0.0,4.201575596630421e-20,0.0,0.0,0.0,0.0,0.0,0.018244141881996558,0.0,1.8206827585398488e-19,0.0,4.761785676181143e-19,2.801050397753614e-20,0.02451764336914287,0.0,0.024517643369142868,0.010220581221774251,0.0,0.0,0.005040079894454084,0.0023986877771655954,0.0,0.0,0.0,0.009606573209637615,0.04551792144836678,0.017155808048670906,0.0,0.01545866924482768,0.0,0.0,0.036932519276186966,0.0,0.005863192450038772,0.04192225325917856,0.029202002388388985,0.019648488140701643,0.007341160730880857,0.021153692338918423,0.006231627622357318,0.0,0.0,0.01765739710970434,0.0,0.0009867291510796256,0.013133641721235071,0.0,0.013054372166014155,0.0,0.025133038248560023,0.0,0.0,0.0,0.02541476685428988,0.00903894689247683,0.03148907741051538,0.03149807341524175,0.0,0.06619216238489066,0.014116802376689717
LFQ intensity D10_9,0.021483946210835353,0.0,0.00511581645366155,0.007798101189169351,1.9787695680292285e-19,0.008554417136448162,0.0173097423636411,0.0,0.011128402554821537,3.3486869612802327e-19,0.004669739789395861,0.0,1.9787695680292285e-19,0.014649633233015305,0.0,0.0,0.0451677756305146,0.0,0.0,0.0,0.007202195794613224,0.0,0.0,0.012329408725177272,0.0,0.0011550858865510614,0.002793240542357387,0.0,0.0,0.015757782163836963,0.0,0.0,4.566391310836681e-19,0.0,0.012447135414697956,0.030751764850729512,0.0,0.0,0.0,0.008148885837008006,0.05450581387687693,0.0,0.0,0.007815400878058012,0.0,0.0,0.0,0.0,0.023212072517093448,0.03136804363436553,0.0,0.0,0.0,0.0,0.007286904653872881,0.0,0.019077607438806942,0.024365587998053113,0.0,0.0,0.0,0.0,0.0,0.0,0.0,0.0,0.0,0.0,0.0,0.0,0.0035268929445985394,0.0,0.007797944025530319,0.0,0.0,0.0,0.019181129632430776,0.007798101189169349,0.0,0.007680342178492861,5.175243485614905e-19,3.3486869612802327e-19,0.0248374644407491,0.0,0.024837464440749097,0.019984938432488938,0.0,0.0,0.0029527178530784374,0.0,0.0,0.0,0.0,0.0,0.04871388171070529,0.0265489414230051,0.0,0.006466744278143451,0.0,0.0,0.037889777399159184,0.0,0.008221386198374899,0.046944130122279736,0.02948638163631707,0.022066441460817102,0.0030286568742890654,0.023532670968786584,0.006677605171072485,0.0,0.0,0.0,0.0,0.0,0.010796489893803555,0.0,0.010739452131059417,0.0,0.02538926715099123,0.0,0.0,0.0,0.027464322583412488,0.0060150511641137985,0.032485387393040535,0.02623902231379428,0.0,0.07103034165567407,0.017572548560272194
LFQ intensity D2_1,0.0,0.0,0.02005529045016707,0.009303923033117651,0.005138454054183088,0.0,0.019016507967316167,0.0,0.014342209351959572,0.0,0.008598442954036958,0.0,0.005138454054183088,0.021103871246848826,0.0,0.0,0.03988314372449439,0.01917113015720561,0.0,0.0,0.005576333096187433,0.0,0.0075967418997697,0.010226268130985303,0.0,0.014725119650425665,0.0,0.0,0.0,0.014958164294022058,0.0,0.0,0.0,0.0014308740997249227,0.009783254532724928,0.02820155193490095,0.0,0.0,0.002006591010416364,0.011666060550554637,0.032622078120270195,0.0,0.0,0.017245304078606513,0.0,0.0,0.025441584205076487,0.001594650378643135,0.015592249721316877,0.06214281069158068,0.0,0.0,0.0,0.0,0.0,0.0,0.018359514043796942,0.042236647171954106,0.0,1.3045144387746167e-19,1.3045144387746167e-19,0.007947241095234536,0.0,0.0,0.0,0.0,0.0,0.0,0.0,0.0,0.014680365804443924,0.0,0.009303735521008516,0.0,0.0,0.0,0.006032417994503583,0.009303923033117643,0.0,0.0006494719951083357,9.566439217680522e-19,0.0,0.007027688082131626,0.0,0.007027688082131625,0.019653120980335198,0.0,0.0,0.003876473404668548,0.0,0.024756958020298044,0.028196800277686063,0.01420299045425162,0.011093863684886386,0.03428359212507361,0.012831666072077459,0.0038882295460562315,0.005503008977391369,0.0,0.0,0.010672709264682822,0.0,0.012232596158703379,0.033817967537080704,0.02397023973392388,0.015403067972037957,0.011848546414457395,0.014242475240052075,0.0,0.0,0.0,0.006670015035870522,0.0,0.0,0.0,0.004610658851843955,2.8989209750547037e-19,0.0,0.008618010763032147,0.0,0.0,0.0,0.05274278618367504,0.004731223887161801,0.02077244817234636,0.016847630862266615,0.0017852144495338314,0.0380163557122191,0.019601594006238864
LFQ intensity D2_2,0.0,0.0,0.0,0.008221427777143743,0.005939613323903438,0.0,0.011010334330223793,0.0,0.012367314403572057,0.0,0.010057046834973833,0.0,0.005939613323903438,0.019099473761759973,0.0,0.0,0.03482587909804547,0.02153407052238366,0.0,0.0,0.008264241407708551,0.0,0.00962572380218803,0.010281121143884103,0.0,0.01971787682252762,0.0,0.0,0.0,0.02443883280082475,0.0,0.0,0.0,0.0,0.012503696530819064,0.021715011957841878,0.0,0.0,0.001806756479790693,0.008239882011490365,0.03512163876120739,0.0,0.0,0.013340041569583594,0.0,0.0,0.024505073794704135,0.021965970137381528,0.019759531333878276,0.05452774650493838,0.0,0.0,0.0,0.0,0.00220184779241249,0.0,0.02228717230031004,0.03194473181223511,0.0,0.0012076850307029391,0.0012076850307029391,0.005525619864543133,0.0,0.0,0.0,0.0,0.0,0.0,0.0,0.0,0.018837426531870063,0.0,0.008597041083260332,0.0,0.0,0.0,0.00495208178220374,0.008221427777143738,1.0440880535978161e-19,0.0004312201004497033,4.1763522143912643e-19,0.0,0.008117029933072202,0.0,0.0081170299330722,0.017086368710638882,0.0,0.0,0.0029497674294295066,0.0,0.02350415758674907,0.03433763639148626,0.021048872532579782,0.0071071600315776905,0.025543210119522014,0.013037529329960766,0.002841910375171769,0.00522302077430114,0.0,0.0,0.0064062313990800555,0.0,0.010685285315153463,0.026928743922324503,0.02864690043015981,0.015070968815467425,0.00326708384034775,0.016147834650372613,0.004618387040771505,0.017364837587516883,0.0,0.013908729277983659,0.0,0.0,0.0,0.00453422452336476,0.0006491062143878791,0.0,0.008030554117348302,0.0,0.0,0.0,0.03900560334877913,0.01251577731234204,0.02420546344138852,0.017689770918470713,0.0,0.04152002986295271,0.019668917293715
LFQ intensity D2_3,0.0,0.0,0.0,0.008974140969300961,0.005285055797719859,0.0,0.02226314913629791,0.0,0.007162626956409015,1.6058146230404412e-19,0.009622743279631273,0.0,0.005285055797719859,0.022021497204881845,0.0,0.0,0.03713556648651151,0.017665033117279703,0.0,0.0,0.0020835789103774596,0.0,0.0,0.009170107176320493,0.0,0.010501186281246017,0.0,0.0,0.0,0.024257339484476007,0.0,0.006612445809591333,0.0001408693828862249,0.0021573320813335246,0.012820514299255702,0.024359287285712107,0.0,0.0,0.0049302044602335905,0.004695803208678886,0.03522599289579132,0.0,0.0,0.013791837253145195,0.0,0.0,0.028017220433195482,0.017159464325558937,0.0,0.058744157151232025,0.0,0.0,0.0,0.0,0.0,0.0,0.02599578060735459,0.030503287924278543,1.6058146230404412e-19,0.0034141400880322295,0.0034141400880322295,0.0,0.0,0.0,0.0,0.0,0.0,0.0,0.0,0.0,0.019572849982459103,0.0,0.009359260566632412,0.0,0.0,0.0,0.0,0.008974140969300957,0.0,0.000978324602732933,3.3454471313342525e-19,0.0,0.008324052172984207,0.0,0.008324052172984207,0.019273917406529457,0.0,0.0,0.0073994849505735925,0.0,0.023265628186383298,0.030850287194378514,0.020843917876836107,0.005279919058658224,0.025664528554486612,0.013248827022243954,0.002181846477953043,0.013144090552987793,0.0,0.0,0.02551730660714636,0.0,0.013124201319845926,0.026551294698096924,0.02770941146904663,0.01769272156752136,0.0,0.016416702779472103,0.005259831652538528,0.01704385539880309,0.0,0.0036606804538800893,0.0,0.0,0.0,0.004844841195208929,0.0,0.0,0.00879220071857382,0.0034091485621837512,0.0,0.0021639285707183795,0.04964263214449092,0.0,0.029986700298750796,0.01910732423218803,0.0,0.038167928807593114,0.020814603883332883
LFQ intensity D2_4,0.0,0.0,0.0,0.008365945097455377,0.005987058614260012,0.0,0.01111532141914638,0.0,0.01379473281762679,0.0,0.011560889450993091,0.0,0.005987058614260012,0.01846917839518167,0.0,0.0,0.036684816282877696,0.01569072938107619,0.0,0.0,0.006475356089263565,0.0,0.0,0.009028776609811832,0.0,0.013851488735746252,0.0,0.0,0.0,0.019810496714237506,0.0,0.0,0.0,0.0,0.0,0.02280173985977069,0.0,0.0,0.002446931749660933,0.00962711138208321,0.03388554676092916,0.0014201741734781307,0.0,0.013426037967979391,0.0,0.0,0.02447854757745811,0.022559027274266293,0.01994794483804629,0.06227523379103387,0.0,0.0,0.0,0.0,0.0,0.0,0.024025648608859678,0.03433704995404665,0.0,0.0025409030969098206,0.0025409030969098206,0.0,0.0,0.0,0.0,0.0,0.0,0.0,0.0,0.0,0.020710523235615147,0.0,0.008745138664933547,0.0,0.0,0.0,0.007710490577038012,0.008365945097455372,1.317554712413849e-19,0.0005004567502410609,6.587773562069245e-19,2.1080875398621583e-19,0.010874554362991683,0.0,0.010874554362991683,0.016429999701697864,0.0,0.0,0.004273212493268891,0.0,0.027683092473458584,0.02647336692568276,0.0184240473334032,0.0,0.03462076446979826,0.021669246176592476,0.0,0.0,0.0,0.0,0.0056356212464238435,0.0,0.011245827795165444,0.026898915597448465,0.02299946978785689,0.0191988749203322,0.019049843049612332,0.00994485974238293,0.0009349353141475852,0.018047303535099403,0.0,0.010750813928829997,0.0,0.0,0.0,0.0,0.013284758120738328,0.0,0.0,0.009535117250569703,0.0,0.0,0.043191566204960286,0.01088272330574121,0.0226279924307486,0.01900103953797162,0.0,0.046966602569861675,0.01931369468357261
LFQ intensity D2_5,0.0,0.0003633674337664278,0.011105829889392899,0.008587368215904556,0.005332518353133809,0.0,0.017855344093191974,0.0,0.014432317152921339,8.182756395580921e-20,0.009426212298667884,0.0,0.005332518353133809,0.020929301823547946,0.0,0.0,0.038891546916276595,0.017651210793567396,0.0,0.0,0.005043181322277502,0.0,0.02961768410025247,0.009345630817973847,0.004205545720574462,0.013854817939968301,0.0,0.0,0.0,0.014856163808847033,0.0,0.0,0.0055864604239399505,0.002418136947404799,0.0034523940353453192,0.03162857519424483,0.0,0.0,0.0018879950580565964,0.00942251789836425,0.026997754838349767,0.0023637326413993285,0.0,0.01774474987761774,0.0,0.0,0.02658722414416693,0.01484061695357201,0.01891720746945962,0.05354417723289968,0.0,0.0,0.0,0.0,0.0,0.0,0.026152966572584455,0.02678189043987521,0.0,0.0005528046071845513,0.0005528046071845513,0.004158576888544761,0.0,0.0,0.0,0.0,0.0,0.0,0.0,0.0,0.014389808985206778,0.0,0.008979870586475702,0.0,0.0,0.0,0.008029200879991002,0.008587368215904551,8.182756395580921e-20,0.0004469397177345644,1.2546893139890748e-18,8.182756395580921e-20,0.0067872262458775765,0.0,0.006787226245877576,0.011765920807840655,0.0,0.0,0.004574989148536827,0.0,0.027363374597895167,0.02250025400558127,0.012131278194150052,0.00847410435474018,0.028339159093287776,0.012873945194587452,0.0029464619775087264,0.007487341042092732,0.0,0.0,0.02399749366849908,0.0,0.008153499835449158,0.03149411624175889,0.025422325750987972,0.012181685532564084,0.0,0.018134977035017225,0.003929584137080808,0.012661755652294472,0.0,0.013509958515177696,0.0,0.0,0.0,0.004160647256380056,0.0,0.0,0.0019860689571120304,0.000480168185362787,0.0,0.0,0.051927681979894946,0.004142132558681163,0.02451770220838207,0.01816538559071674,0.00263946310899717,0.033749500853885776,0.015860238774876717
LFQ intensity D2_6,0.0,0.0,0.009564332700970386,0.008978624995649463,0.00629026852557651,0.0,0.024392352569058962,0.0,0.01154646133199205,0.0012657672647571803,0.008291620899982977,0.0,0.00629026852557651,0.022925075527112503,0.0,0.00106896258590579,0.0384376352602644,0.01155095182062754,0.0,0.0,0.006866338056090685,0.0,0.010107454971214208,0.010421442480700344,0.0,0.007236060944468468,0.0,0.0,0.0,0.013005022874313312,0.0,0.0,0.0,0.003104219551469007,0.007217726819808567,0.02593295817188529,0.0,0.0,0.006109670355143068,0.00901751504842282,0.03448920332716576,0.0,0.0,0.01647909189858158,0.0,0.0,0.02180879307139466,0.017871431284840283,0.0,0.053077409189615024,0.0,0.0,0.0,0.0,0.0,0.0,0.026962485385526275,0.02863678653248998,1.0963407224840363e-19,0.0016081548058138717,0.0016081548058138717,0.0,0.0,0.0,0.0,0.0,0.0,0.0,0.0,0.0,0.021541600695236206,0.0,0.009373029362769536,0.0,0.0,0.0,0.004612278135813226,0.00897862499564946,0.0,0.000793325706888859,0.0,1.0963407224840363e-19,0.004910601213788765,0.0,0.004910601213788766,0.015959087779655923,0.0,0.0,0.0016731860124431354,0.0,0.028351634259105363,0.028762411494898516,0.016117325146628902,0.00255868742837538,0.026961738424415613,0.013040571880494957,0.0,0.025573778706685212,0.0,0.0,0.011635826271751432,0.0,0.01169394181082947,0.03720509065924219,0.025620872162217558,0.019966832155914983,0.0,0.017563625715382124,0.0037022382728138462,0.018468343205605902,0.0,0.010359426801872136,0.0,0.0,0.0,0.0,0.014732900430017331,0.0,0.006997525205039019,0.0,0.0,0.0,0.044304274566335775,0.00982158454064287,0.03744775906314507,0.0,0.0,0.04409881663912458,0.020100218461196504
LFQ intensity D2_7,0.0,0.0,0.01928111458661772,0.009011094981680115,0.003913149499700243,0.0,0.02270208705633484,0.0,0.012044294683786807,0.0,0.0059923186936778295,0.0,0.003913149499700243,0.020775425391347687,9.44842041237177e-20,0.0,0.036054362275472554,0.01579080665440487,0.0,0.0,0.004801161482105549,0.0,0.009955141229220433,0.009249567335949999,0.0,0.01377672459329512,0.0,0.0,0.0,0.014423589042393442,0.0,0.0,0.0,0.008772008931144255,0.006316088639063689,0.02458093461884181,0.0,0.0,0.0019544965379435925,0.0077760852800862704,0.03405932270181558,0.0,0.0,0.014870631363490348,0.0,0.0,0.024368336326845395,0.0145330930515174,0.020435754141132814,0.055394664823637085,0.0,0.0,0.0,0.0,0.0003782718803055802,0.0,0.023725417744728226,0.02607781166695657,0.0,0.0007261897498475774,0.0007261897498475774,0.0,0.0,0.0,0.0,0.0,0.0,0.0,0.0,0.0,0.02042824185526834,0.0,0.009399552512368637,0.0,0.0,0.0,0.0056506594911386,0.009011094981680113,9.44842041237177e-20,0.0009466100787110683,2.1596389513992618e-19,0.0,0.007444273662142034,0.0,0.0074442736621420326,0.017592820027643685,0.0,0.0,0.0023125322069882524,0.0,0.02127133287389793,0.03727465671967041,0.015850216703876593,0.005730041250593215,0.031851583857016204,0.01207316350271917,0.0,0.016321631786533994,0.0,0.0,0.016843352219336603,0.0,0.011608945861984606,0.025354497881143457,0.02670789104746683,0.017939658755302103,0.0,0.01953071954683432,0.004871639546842204,0.0,0.0,0.0028449657131614896,0.0,0.0,0.0,0.0,0.012259903637242045,0.0,0.005967382918904176,0.0,0.0,0.0,0.050619343405599676,0.006788072334509772,0.029068461523578035,0.018707400304084344,0.002372652627031327,0.04230389888880418,0.019229244402893413
LFQ intensity D2_8,0.0,0.0,0.016004226532290722,0.0073248873688720635,0.005209974016942272,0.0,0.012017207193637977,0.0,0.01310562163608707,4.843163149432398e-19,0.007856921330098868,0.0,0.005209974016942272,0.020980682997964406,0.0,0.0,0.0384046101948326,0.01670024118394602,0.0,0.0,0.004327018798423896,0.0,0.010505976825980255,0.009761362279482638,0.00178872350907497,0.014471136284155781,0.0,0.0,0.0,0.022861907186209184,0.0,0.0,0.0,0.0,0.01249666839836941,0.029418752687024492,0.0,0.0,0.001971980715107984,0.010476260858907986,0.034271688066792635,0.0,0.0,0.01436585914983362,0.0,0.0,0.02804390071123928,0.00774717373167745,0.02156650061357131,0.059193917462422654,0.0,0.0,0.0,0.0,0.0,0.0,0.021701289932959337,0.02634678438207371,4.843163149432398e-19,0.0017833908399763048,0.0017833908399763048,0.0034835723755725504,0.0,0.0,0.0,0.0,0.0,0.0,0.0,0.0,0.01857970060502372,0.0,0.007734882975577386,0.0,0.0,0.0,0.005476149922824874,0.007324887368872059,0.0,0.007214274353094181,0.0,4.843163149432398e-19,0.008234655130721628,0.0,0.008234655130721627,0.018566261920177643,0.0,0.0,0.002831109145155225,0.0,0.020749170682541618,0.023509328280793048,0.014681513215867257,0.0030888697303231905,0.029026550454405095,0.01738326598075503,0.0,0.01615789543127315,0.0,0.0,0.006961109681134931,0.0,0.012951008070508698,0.02664422930675319,0.025726885051849713,0.02039269798723779,0.0,0.020086378246932293,0.004716862662628585,0.0,0.0,0.010767883529619438,0.0,0.0,0.0,0.005157218905261697,0.0,0.0,0.0058955684181327276,0.0008668987706075261,0.0,0.0,0.05347450262559768,0.006286844935870665,0.028960579043892314,0.018758217232879442,0.0017757533665316491,0.041808092061522265,0.018794497654466617
LFQ intensity D2_9,0.0,0.0,0.011726250068719898,0.008905546618869702,0.00599181866145265,0.0,0.02356049412579559,0.0,0.014507322299738168,0.00036060227963951897,0.008069453174790799,0.0,0.00599181866145265,0.021629149551838305,0.0,0.0,0.04021655866110523,0.0163716213460659,0.0,0.0,0.008354803464898147,0.0,0.0,0.010262334968986939,2.8261963826117176e-19,0.010994546940767824,0.0,0.0,0.0,0.017133852629295197,0.0,0.00014694964375792436,0.0001487561022130714,0.0005396568680824177,0.013538284164024236,0.02716663068170655,0.0,0.0,0.005079930279566292,0.009346603853126603,0.038172084508445836,0.0017753400287829693,0.0,0.01772425152451282,0.0,0.0,0.024725189455232253,0.013891214118517866,0.00981333922506953,0.05303360383426656,0.0,0.0,0.0,0.0,0.0,0.0,0.023468247102937063,0.026853105309215655,2.331612015654667e-19,0.0005487876934624832,0.0005487876934624832,0.0034557872370781424,0.0,0.0,0.0,0.0,0.0,0.0,0.0,0.0,0.016649262667459194,0.0,0.009312239046944238,0.0,0.0,0.0,0.01154690735445266,0.008905546618869695,0.0,0.00047069911298765486,0.0,2.331612015654667e-19,0.00927759709563498,0.0,0.009277597095634978,0.018418176534499228,0.0,0.0,0.004298456286404315,0.0,0.02094033617148404,0.03670756527558155,0.013222976492788963,0.005706923165049935,0.03205032920134805,0.014013663024615078,0.0019163680767977783,0.002644930902827973,0.0,0.0,0.025856502580625943,0.0,0.012268437896329762,0.029495880151964787,0.020923565036438403,0.016452094616876432,0.01074795244241859,0.014720403417850322,0.0,0.005598561310110785,0.0,0.0056912154031753745,0.0,0.0,0.0,0.004494992268042829,7.065490956529294e-20,0.0,0.007431631679898363,0.019476482144859877,0.0,0.0,0.034506886400906864,0.005961733510003248,0.024002671411802883,0.02040595449693108,0.0,0.03413608767266481,0.01841665065884221
LFQ intensity D3_1,0.0,0.0,0.011505936711543591,0.007640502667476786,0.004863547250314559,0.0,0.01972137319495791,0.0,0.014206647788569341,0.0,0.006474264735334576,0.0,0.004863547250314559,0.023149137608755685,0.0,0.0,0.03978983485622948,0.017028915787853944,0.0,0.0,0.005482261023476204,0.0,0.0,0.009741406511685981,0.0,0.011446144083338387,0.0,0.0,0.0,0.010732596179968438,0.0,0.0,0.0001496455709142098,0.0,0.0036568221044226985,0.020009367940136972,0.0,0.0,0.005625669637774247,0.011581945252337265,0.05263141817587081,0.0,0.0,0.015762757951589483,0.0,0.0,0.02155422708783353,0.009626921766996022,0.02152241085784783,0.06320841384214258,0.0,0.0,0.0,0.0,0.0020167022480817223,0.0,0.017387500988990105,0.033127524505954575,0.0,0.0005492055751219336,0.0005492055751219336,0.0034764506891276224,0.0,0.0,0.0,0.0,0.0,0.0,0.0,0.0,0.02032013632453861,0.0,0.007640348680092659,0.0,0.0,0.0,0.00869834227852201,0.007640502667476778,7.107738185183819e-20,0.007525123549744534,1.9901666918514694e-19,0.0,0.01126045299562787,0.0,0.01126045299562787,0.0206346554713769,0.0,0.0,0.003940932568242308,0.0,0.004962078954176336,0.027383051551587535,0.010946537542443258,0.007080529226121206,0.030248683185632806,0.01213403342816561,0.001612934630974954,0.005980337229114911,0.0,0.0,0.010035832573669462,0.0,0.014805407252141614,0.027099137309414878,0.025699348810792992,0.02359618630942352,0.0035942059346415556,0.016864850835680793,0.0035119031242493745,0.0,0.0,0.0005977847788196428,0.0,0.0,0.0,0.0,0.008513019381028145,0.0,0.010750914982685536,0.0,0.0,0.0,0.03828556534860522,0.009308683569462484,0.035091403651102006,0.026869336666270876,0.0,0.048932690338055584,0.02809229043440714
LFQ intensity D3_10,0.0,0.0,0.017882560029883438,0.008618780555039826,0.0036920242753801904,0.0,0.01798498132494873,0.0,0.007169974446722416,2.9344360790969576e-19,0.009983230525328794,0.0,0.0036920242753801904,0.022093422495783208,0.0,0.0,0.03889152485365576,0.01785861888495062,0.0,0.0,0.007492393053013331,0.0,0.003108700895367956,0.010054371019401197,0.0,0.010994048723231434,0.0,0.0,0.0,0.020592170701436638,0.0,0.0,0.014436605350249328,0.0,0.010218655004730544,0.02629406379220973,0.0,0.0,0.004711413378043879,0.007165415397271539,0.04075371428584453,0.0036770771912826884,0.0,0.013425667485932291,0.0,0.0,0.019480292782860054,0.01153312431954129,0.022213866522991326,0.053130359509023985,0.0,0.0,0.0,0.0,0.002081493325789219,0.0,0.01896314929149891,0.025824545461235946,2.9344360790969576e-19,0.0003893688012160884,0.0003893688012160884,0.01459892430244029,0.0,0.0,0.0,0.0,0.0,0.0,0.0,0.0,0.01530361526545159,0.0,0.008690076452533321,0.0,0.0,0.0,0.009842677536965746,0.008618780555039817,2.347548863277566e-19,0.0,0.0,2.9344360790969576e-19,0.013325887709241297,0.0,0.013325887709241296,0.015989877123417713,0.0,0.0,0.007276292688161303,0.0,0.00620243078737904,0.0,0.011371119233370443,0.0097016443225831,0.0312482697026383,0.009096406451482042,7.535507683953684e-06,0.00617246896026027,0.0,0.0,0.01763911395686564,0.0,0.010642688249322563,0.031823809262810726,0.03164957287258948,0.019107174718432884,0.0,0.01678873608747538,0.002837747882548487,0.013767674474838355,0.0,0.01473492957262821,0.0,0.0,0.0,0.004667144706489744,5.281984942374524e-19,0.0,0.009873773830611263,0.0,0.0,0.0,0.04419950804777962,0.0046225825070102386,0.03157426750219535,0.021307457198264615,0.001131952961912926,0.046186825556701006,0.0218761395431728
LFQ intensity D3_11,0.0,0.0,0.017408753923862624,0.005108302461773167,0.0038713971953724473,0.0,0.017952144026375308,0.0,0.008781991838033788,0.0,0.005139685744085237,0.0,0.0038713971953724473,0.0207088959998948,0.0,0.0,0.04047269753664617,0.016804910603046345,0.0,0.0,0.005696474476771319,0.0,0.0029694887116230276,0.00960412154449086,0.0,0.01064701060167722,0.004035837644294799,0.0,0.0,0.015303080232328072,0.0,0.0,0.0037990139998239575,0.006411219317996762,0.009708802715917321,0.01988130108429064,0.0,0.0,0.0046944861482584805,0.008776407782558513,0.05199353487581983,0.001952772284604108,0.0,0.011973118646090861,0.0,0.0,0.017422598685763062,0.013784035171412115,0.02023890518591779,0.0492650598647404,0.0,0.0,0.0,0.0,0.001988281002993738,0.0,0.01544238624240323,0.03311520757636832,0.0,0.0013942792152110669,0.0013942792152110669,0.0,0.0,0.0,0.0,0.0,0.0,0.0,0.0,0.0,0.0167783294104002,0.0,0.005108199508581779,0.0,0.0,0.0,0.005936050244477057,0.005108302461773164,0.0,0.013263482130062386,4.765147139832743e-19,0.0,0.011337701728363752,0.0,0.01133770172836375,0.018492423779629903,0.0,0.0,0.008764894725695657,0.0,0.008384478895537272,0.005479122531704914,0.011392115153300039,0.0,0.03184374381927996,0.01434324897760303,0.0,0.009946592245390911,0.0,0.0,0.017932652359949425,0.0,0.008210495985745482,0.03195907033729261,0.027021789126894187,0.022240644324789286,0.0,0.020115266582095573,0.005619574717321686,0.0,0.0,0.030630361416823057,0.0,0.0,0.0,0.0034001596454406114,0.0,0.0,0.011000356468274807,0.0,0.0,0.0,0.0475307507851621,0.004860793912381721,0.031476286617793926,0.023989530012462273,0.00047106943629225066,0.04671987060775388,0.027693061572334466
LFQ intensity D3_2,0.0,0.0,0.01870744382355507,0.009110612893312222,0.006212852878825547,0.0,0.014955647544817626,0.0,0.009083075656575026,0.0,0.005771333362035828,0.0,0.006212852878825547,0.019595146934439717,0.0,0.001002964310742295,0.044007831601652975,0.01549125448816035,0.0,0.0,0.0,0.0,0.0,0.01051994020038042,2.552628576551116e-19,0.015684697762458,0.0,0.0,0.0,0.02838582445008766,0.0,0.0,0.010659254564892622,0.002235445267412153,0.013586462885900263,0.02250075859083561,0.0,0.0,0.004538662133547759,0.0046499183733089864,0.054218120566972984,0.0,0.0,0.01367310351840939,0.0,0.0,0.015695384426563253,0.025690723218632326,0.021470621783631426,0.05694838541714074,0.0,0.0,0.0,0.0,0.009662491424875694,0.0,0.017825830963104024,0.0251284761561844,0.0,0.003939038325249743,0.003939038325249743,0.0,0.0,0.0,0.0,0.0,0.0,0.0,0.0,0.0,0.020222393698489268,0.0,0.009518749124435337,0.0,0.0,0.0,0.007453879747285956,0.009110612893312218,0.0,0.0006431301573999393,1.8435650830646946e-19,0.0,0.015752575926202078,0.0,0.01575257592620207,0.019228272505724012,0.0,0.0,0.008984760028499645,0.0,0.011257875050045829,0.0,0.013199614820964049,0.009503115106518042,0.03258988984164302,0.009080831724486087,0.0,0.005398767962262683,0.0,0.0,0.010410557876254141,0.0,0.006073810226924366,0.03181023442801324,0.022261406770240497,0.01396860953092671,0.0,0.0173627396367508,0.007241671056112896,0.0,0.0,0.0,0.0,0.0,0.0,0.0,0.0014047389092833318,0.0,0.008845418465695361,0.010907439067879094,0.0,0.0,0.03932228646703535,0.00964639801934138,0.030152766600360523,0.02779078713143113,0.0,0.04874845959621578,0.01525243697628571
LFQ intensity D3_3,0.0,0.0,0.00885916014570837,0.009308575467591286,0.0039227260313740245,0.0,0.019829596104101937,0.0,0.012343612174405518,0.0,0.006626607809735439,0.0,0.0039227260313740245,0.022476389560370073,0.0,0.0009500525021225888,0.041072983202042196,0.01588324196993552,0.0,0.0,0.0034701522587104287,0.0,0.0,0.009907789773557907,0.0,0.011265853023598275,0.0,0.0,0.0,0.017243803326382128,0.0,0.0,0.0001522015178591957,0.0007163296365692812,0.008290162123985407,0.022327477739958277,0.0,0.0,0.005219835230718594,0.012335763452108982,0.05486374524704958,0.0,0.0,0.01288411550251931,0.0,0.0,0.014320333684622178,0.014172820107194936,0.021890013720697325,0.050822748760565487,0.0,0.0,0.0,0.0,0.002051147530480895,0.0,0.015491245041428117,0.03567095529000835,0.0,0.0006138591182246896,0.0006138591182246896,0.0,0.0,0.0,0.0,0.0,0.0,0.0,0.0,0.0,0.015701621933891734,0.0,0.00930838786171656,0.0,0.0,0.0,0.010832798967604407,0.00930857546759128,0.0,0.0006753928594815157,0.0,0.0,0.013392770557272398,0.0,0.013392770557272397,0.018888251142143788,0.0,0.0,0.004558574016589729,0.0,0.0022241248062487475,0.020218432649642463,0.011227732033865888,0.01212948116291696,0.03026439530550276,0.008134899425727482,0.0009557960799210843,0.006082481412717209,0.0,0.0,0.01767783348790991,0.0,0.011378775764993087,0.027700284962014154,0.028446025744512955,0.023783142839311912,0.0,0.020208296705576983,0.004181005251052392,0.0,0.0,0.021514046741574703,0.0,0.0,0.0,0.0,0.00650400464099909,0.0,0.009314258052103869,0.001056913428602964,0.0,0.0,0.04366527983616576,0.0046639430529193,0.03410928649597009,0.026959182342521818,0.0,0.04584842879770549,0.02617292341273409
LFQ intensity D3_4,0.0,0.0,0.017753374088013196,0.00870475546674554,0.004064174644675045,0.0,0.018119020606015734,0.0,0.01398860809099127,0.0,0.006857230852340637,0.0,0.004064174644675045,0.023954363108044597,0.0,0.0,0.039405184871397575,0.017073098347469583,0.0,0.0,0.0039046549250727042,0.0,0.02163546291906398,0.009552204122921267,0.0,0.009054629726236526,0.0,0.0,0.0,0.00708698488813364,0.0,0.0,0.00014673908102991518,0.002806363759487725,0.008526172715861547,0.025977955005884994,0.0,0.0,0.0026191380359924,0.012144627716060655,0.04165297876445048,0.0,0.0,0.013255795945669913,0.0,0.0,0.02415405974481408,0.0072052056290556835,0.021104392007962516,0.05472770329626805,0.0,0.0,0.0,0.0,0.0,0.0,0.01383340881130985,0.03822241291392898,0.0,0.0006141594375697622,0.0006141594375697622,0.008692891733287229,0.0,0.0,0.0,0.0,0.0,0.0,0.0,0.0,0.014969655870199309,0.0,0.008704580030313913,0.0,0.0,0.0,0.012839586078736392,0.008704755466745534,0.0,0.00038548682914705466,3.6242378629994864e-19,0.0,0.011075579725554341,0.0,0.01107557972555434,0.017089410441053964,0.0,0.0,0.006460370453575963,0.0,0.0,0.002486066306670749,0.01027002057048585,0.00724857063165891,0.031408752478300606,0.013092519121877396,0.002354262198718499,0.007754643598253442,0.0,0.0,0.01675812606659557,0.0,0.010913258655293556,0.028280183755339694,0.027411869064484087,0.020942302525455002,0.0,0.022116705013327975,0.00667373694100113,0.011804658995313277,0.0,0.014934485867091942,0.0,0.0,0.0,0.0022649700034694086,0.0,0.0,0.013945325501872746,0.0,0.0,0.0,0.04755714492523718,0.0031081469973748142,0.03202561665558151,0.024651510957431972,0.0,0.04064085271325891,0.028535180497025116
LFQ intensity D3_5,0.0,0.0,0.008547637149747777,0.007352970162937646,0.004883619296367335,0.0,0.017679826239356673,0.0,0.013890890388311244,0.0,0.010413197452951167,0.0,0.004883619296367335,0.022311363148604366,0.0,0.0,0.03903680234209045,0.021515694174995454,0.0,0.0,0.00462457981512588,0.0,0.004882875529704382,0.010479676253896236,4.434918211607269e-19,0.01040293040487603,0.004192399510522109,0.0,0.0,0.013930063380310725,0.0,0.0,0.012820981090650446,0.0,0.004113840099844941,0.022852063384758956,0.0,0.0,0.0035000452157689698,0.01388205782458767,0.0575149634412613,0.0,0.0,0.011819212657343734,0.0,0.0,0.01580418909327443,0.011948149056714007,0.023153524875798456,0.058409811091125176,0.0,0.0,0.0,0.0,0.002169541599054275,0.0,0.013450076792018142,0.038690855103345426,0.0,0.0012967087292160432,0.0012967087292160432,0.0,0.0,0.0,0.0,0.0,0.0,0.0,0.0,0.0,0.018265748589380883,0.0,0.007352821970509708,0.0,0.0,0.0,0.01355907778494775,0.007352970162937642,0.0,0.007241933069302091,4.587846425800624e-19,0.0,0.013903545863904772,0.0,0.01390354586390477,0.017658734901168337,0.0,0.0,0.005647457023143594,0.0,0.002775861559944861,0.010005958844861848,0.011166369095851737,0.0,0.03140269942826634,0.01979111430393951,0.0,0.0,0.0,0.0,0.01768106028390915,0.0,0.011745217897961525,0.031370258665235705,0.029068273051554468,0.019006582640261234,0.00026869735695433207,0.02207524032345588,0.005071397090986693,0.0,0.0,0.004316755479004185,0.0,0.0,0.0,0.0054701856842331595,0.0,0.0,0.011259551205703964,0.0003176623480365392,0.0,0.0,0.04489942821701238,0.003663219706535774,0.02821127880837229,0.021199313793000465,0.0010784594689588118,0.04417469098589355,0.027344015200723108
LFQ intensity D3_6,0.0,0.0,0.0,0.00720980366389199,0.005010538043364013,0.0,0.02014421551309606,0.0,0.012351708249228745,0.0,0.006040317095232466,0.0,0.005010538043364013,0.02276854759902395,0.0,0.0,0.0373508628453355,0.018037888969802924,0.0,0.0,0.002052955282758585,0.0,0.0176896024756419,0.010258418884985838,9.631289774046294e-20,0.010783342865979498,0.0,0.0,0.0,0.019944523394994605,0.0,0.001697637078748838,0.0038241444465881838,0.0,0.0087019070314813,0.025783912882844956,0.0,0.0,0.005050683453501028,0.012343854379019092,0.05527071814487331,0.0,0.0,0.011876340648594469,0.0,0.0,0.019832388916104303,0.008317704240837179,0.020831277747410233,0.05426004754561726,0.0,0.0,0.0,0.0,0.009252968010527307,0.0,0.014006175946222499,0.04611397860487393,0.0,0.00014075006280932068,0.00014075006280932068,0.0,0.0,0.0,0.0,0.0,0.0,0.0,0.0,0.0,0.017249179728813967,0.0,0.0072096583568546655,0.0,0.0,0.0,0.004986978814449772,0.007209803663891987,0.0,0.007100928525440225,0.0,0.0,0.01593080256672816,0.0,0.015930802566728155,0.02041306756718124,0.0,0.0,0.0049366527863418915,0.0,0.010922642314529177,0.005866031906064956,0.012428726235595343,0.01013979850409358,0.025300896111151428,0.006608569637683321,0.0,0.008010702715821364,0.0,0.0,0.01579359134028133,0.0,0.012120376088328414,0.029736185556160696,0.019680050080394647,0.016757440493872268,0.003193258957287817,0.01428966103601459,0.0049137763399624565,0.0,0.0,0.0,0.0,0.0,0.0,0.004981404324450166,2.476617370469047e-19,0.0,0.007291670885570956,0.021095229049228163,0.0,0.0,0.040649923341682305,0.012882891354443904,0.028619189379632932,0.024207815170188038,0.0013024471989171833,0.04830995795217057,0.02183138732048166
LFQ intensity D3_7,0.0,0.0,0.017720082344937712,0.008270289912172619,0.0036987797392087503,0.0,0.018186779736232516,0.0,0.014184357841371273,0.0,0.0084803838938825,0.0,0.0036987797392087503,0.021982454026602313,0.0,0.0,0.04120001855962677,0.020260013982363174,0.0,0.0,0.0019931917086445953,0.0,0.023562386359502016,0.009295428413094478,0.0,0.010503104850030595,0.0,0.0,0.0,0.01578533496280685,0.0,0.0,0.007710261265522784,0.0,0.009207865786006915,0.02330463275669386,0.0,0.0,0.004808464335826461,0.011679419246818026,0.042692597794993944,0.018760174745905394,0.0,0.013586887194334717,0.0,0.0,0.01953866804536397,0.00825826697365807,0.020537078415353658,0.053256551227043675,0.0,0.0,0.0,0.0,0.0019243742015161757,0.0,0.014849820880119132,0.032812164855095895,0.0,0.0004577777948001792,0.0004577777948001792,0.00910756834772736,0.0,0.0,0.0,0.0,0.0,0.0,0.0,0.0,0.01627984218533281,0.0,0.008270123231999207,0.0,0.0,0.0,0.010369464509420391,0.008270289912172615,0.0,0.00017768137000921062,0.0,0.0,0.011068209898555177,0.0,0.011068209898555175,0.01656708627593703,0.0,0.0,0.004381825721040222,0.0,0.00597898855661253,0.0,0.010625554902981765,0.0060068074154284645,0.027788060116167006,0.008711954378095878,0.0,0.009309834370551821,0.0,0.0,0.010369506607827235,0.0,0.01150508874856887,0.027600128578147896,0.024959054719223054,0.022328536678851877,0.0,0.02084791351447169,0.00510125922403723,0.014416049298656025,0.0,0.0027575650508161013,0.0,0.0,0.0,0.004030025381975116,0.0,0.0,0.010542857710933988,0.0,0.0,0.0,0.04744554492824066,0.008327081942061883,0.03055289374546339,0.023382444527992496,0.0,0.04165578415200266,0.02753259471660522
LFQ intensity D3_8,0.0,0.0,0.006971278435308197,0.007224534304611264,0.004078725605754585,0.0,0.015613329613529205,0.0,0.01237368150400753,0.0,0.0033077010804717587,0.0,0.004078725605754585,0.020315862121539647,0.0,0.0013560613338253651,0.0358747956610632,0.015229211384784235,0.0,0.0,0.004458558801158375,0.0,0.020581964152505336,0.009663682199214851,0.0,0.010337936824749904,0.0,0.0,0.0,0.025281194830482363,0.0,0.0,0.017152961376857123,0.0028079506370108005,0.013463999705894535,0.023656285494327366,0.0,0.0,0.00422259908182669,0.012365813662038863,0.054779658619306934,0.002691059021159817,0.0,0.013126009139059822,0.0,0.0,0.020244390853728103,0.008960714523568768,0.02135068877801874,0.0543755625636262,0.0,0.0,0.0,0.0,0.006294644455004987,0.0,0.016438085159836135,0.032713788473720584,0.0,0.0008389918244130761,0.0008389918244130761,0.0,0.0,0.0,0.0,0.0,0.0,0.0,0.0,0.0,0.01828584930940026,0.0,0.007630427709165702,0.0,0.0,0.0,0.0107373815779915,0.007224534304611258,4.23061636291078e-20,0.007115436718971951,1.1281643634428746e-19,0.0,0.011302451602761613,0.0,0.011302451602761611,0.021834380513617708,0.0,0.0,0.004776833390103849,0.0,0.001832350200827927,0.020650955780688266,0.010671098842933126,0.008959986313739841,0.03050489951097627,0.009305341620092843,0.0004411981595244234,0.00798326689204335,0.0,0.0,0.00029015644735963514,0.0,0.011927215995142596,0.028302148373594304,0.02199685676567177,0.01977454112031033,0.0007346558148059856,0.017067818629341258,0.005395530833697452,0.0,0.0,0.005522533584855828,0.0,0.0,0.0,0.0050170636778020345,0.0,0.0,0.00994867058003348,0.0007656586163836207,0.0,0.0,0.04320701830700346,0.007786946856394705,0.03195832814215981,0.024471477416470655,0.0,0.04694671006375945,0.025258386072430226
LFQ intensity D3_9,0.0,0.0,0.0,0.008934910546690452,0.004799649213799986,0.0,0.018597548326068938,0.0,0.012348940646711956,0.0,0.0043907322712577355,0.0,0.004799649213799986,0.022050950719950575,0.0,0.0,0.04370681904318789,0.01831356289963903,0.0,0.0,0.004310791153111411,0.0,0.009954711060623796,0.010148503167137168,0.0,0.011496251811754602,0.0,0.0,0.0,0.012821116775945095,0.0,0.0,0.014633930918107057,0.0,0.011493507292589522,0.02202263201069991,0.0,0.0,0.005288807587525059,0.012341088536290545,0.052605758041091966,0.0,0.0,0.014434155258902855,0.0,0.0,0.02191998732518365,0.011048334647604555,0.02242183964844037,0.06349137155617761,0.0,0.0,0.0,0.0,0.0021009809135136546,0.0,0.01483639626296524,0.039239461234267164,0.0,0.003163210566877996,0.003163210566877996,0.0,0.0,0.0,0.0,0.0,0.0,0.0,0.0,0.0,0.01637354330516136,0.0,0.008934730471692454,0.0,0.0,0.0,0.007622464904948691,0.008934910546690445,0.0,0.00010103947019770203,8.885727546261955e-20,0.0,0.0119964676822196,0.0,0.011996467682219599,0.015415571380212103,0.0,0.0,0.004377950501496463,0.0,0.0,0.02025218958717365,0.008301630357535186,0.010527372845881683,0.02296674561640159,0.00429655915237469,0.0,0.006230257533900707,0.0,0.0,0.010871779201575513,0.0,0.011724921362463404,0.03442094837703677,0.011513454961549338,0.021822411170871532,0.0,0.019219863932054774,0.009840076553188372,0.015890420434048362,0.0,0.006426133807039996,0.0,0.0,0.0,0.0037346591838830815,0.0,0.0,0.012193398800023987,0.0013243628125729906,0.0,0.0,0.05216928603839761,0.005297967745316768,0.030657024025814772,0.022943889061887726,0.0,0.03992304364038864,0.030819648636986698
LFQ intensity D4_1,0.0,0.0,0.01627431007094317,0.00777514893564645,0.004589174370271381,0.0,0.016818337373173498,0.0,0.011634741583296321,0.0,0.004841072750399984,0.0,0.004589174370271381,0.021226502695137997,0.0,0.01022611265931287,0.0351746264736568,0.014617403153223043,0.0,0.0,0.005177484281485378,0.0,0.019187731536525168,0.008857710878288893,0.003030403405703411,0.010865708998266022,0.0,0.0,0.0,0.01734775109735299,0.0,0.007640695479968276,0.010836646183107812,0.0,0.00733324562877788,0.021612790735761955,0.0,0.0,0.005726931825743902,0.009925677872350106,0.05016334881636905,0.0,0.0,0.010714097313592054,0.0,0.0,0.009937248630476871,0.0027533153837899556,0.022097243704527845,0.04937817198727572,0.0,0.0,0.0,0.0,0.01489170866330255,0.0,0.01937908968824844,0.02390249993760196,0.0,0.0011566256048603316,0.0011566256048603316,0.0,0.0,0.0,0.0,0.0,0.0,0.0,0.0,0.0,0.017589492196786963,0.0,0.00814716673994141,0.0,0.0,0.0,0.004670923537168166,0.007775148935646445,0.0,6.521380772481604e-05,5.1703654717545004e-20,0.0,0.014987059479606846,0.0,0.014987059479606846,0.02199374920443967,0.0,0.0,0.004668314504207049,0.0,0.0,0.008111034393654354,0.002855277133799098,0.010269477269096699,0.025211067546958527,0.007859411998248807,0.001235752611085651,0.006169917965466015,0.0,0.0,0.019282493642250695,0.0,0.00803006218638604,0.030622492671662838,0.020214311094356962,0.01920225048854855,0.0,0.0179128201364309,0.007663049008754085,0.01338164200836725,0.0,0.026584051726274604,0.0,0.0,0.0,0.004111666294932958,3.6192558302281504e-19,0.0,0.012692798415639016,0.00015527718682362032,0.0,0.0,0.04259321463804425,0.01312145360078947,0.030851571439663425,0.025320041816900406,0.0006301307616880812,0.047434263473389825,0.02276098491208974
LFQ intensity D4_10,0.0,0.0015361340751207605,0.0,0.008930144168518932,0.0037756796272927235,0.0,0.017909442883860087,0.0,0.012719271082218084,0.0,0.005040318980374148,0.0,0.0037756796272927235,0.019259940524302816,0.0,0.0,0.04169488923127792,0.0169042215157157,0.0,0.0,0.006137230801846332,0.0,0.01542391623012729,0.00950279826672541,9.707095462617951e-20,0.010970873704916218,0.0,0.0,0.0,0.012380388704020267,0.0,0.00719817880487464,0.023715871559423857,0.0024859657834812796,0.010107775648168732,0.022288963967371737,0.0,0.0,0.005227549573077821,0.01271118349609433,0.05546115745913343,0.0,0.0,0.015427026942959682,0.0,0.0,0.014627146004059163,0.018867120057856627,0.022214769870601246,0.0479596139527189,0.0,0.0,0.0,0.0,0.008973530765583108,0.0,0.015615193171868668,0.03463043990776768,0.0,0.002991821388604939,0.002991821388604939,0.0,0.0,0.0,0.0,0.0,0.0,0.0,0.0,0.0,0.018763550207466645,0.0,0.009329243336642161,0.0,0.0,0.0,0.0042523097509419554,0.008930144168518927,0.0,0.0006498209267835319,2.2187646771698176e-19,0.0,0.015053792637466715,0.0,0.01505379263746671,0.02076810080721164,0.0,0.0,0.005242927175855368,0.0,0.0,0.0,0.003870954331979812,0.007689817173497868,0.025823636856791853,0.00939863735292211,0.0017164844425275137,0.003085090100445191,0.0,0.0,0.018418952994208135,0.0,0.012107958039821376,0.03800396910229557,0.019948987310801202,0.022850298100266817,0.0,0.018721923625460348,0.008602117897937828,0.0,0.0,0.0,0.008601899249546206,0.0,0.0,0.0,0.0,0.0,0.009027107516654542,0.0,0.0,0.0,0.03396249570328675,0.01660053983628558,0.029819416188795706,0.026343124860051775,0.0,0.04913294213459606,0.028773906367613854
LFQ intensity D4_11,0.0,0.0,0.001446976323151842,0.009508063941526144,0.005546511587715424,0.0,0.0197766911470538,0.0,0.006897298984027528,2.7307048772466143e-19,0.005799055426541389,0.0,0.005546511587715424,0.02198963096533402,0.0,0.0014054645808562862,0.04379003346698168,0.016972832629033412,0.0,0.0,0.00769960812721817,0.0,0.014963247358356163,0.010395909976972855,0.002519252655559472,0.013447197315077746,0.0038615194369838587,0.0,0.0,0.00808817139502631,0.0,0.005613874698034805,0.023226685955310303,0.0,0.0014974173588033935,0.019057807833761813,0.0,0.0,0.003119759140224144,0.0041015031155730184,0.0546186028649517,0.0011355643130944375,0.0,0.011151980161936897,0.0,0.0011655406519242104,0.013904383131743869,0.0171641303486609,0.01997512093398871,0.05574482057747005,0.0,0.0,0.0,0.0,0.017242538696929564,0.0,0.015768038781760054,0.03524539786261769,2.7307048772466143e-19,0.0004152037881223358,0.0004152037881223358,0.0,0.0,0.001916677564933433,0.0,0.0,0.0,0.0,0.0,0.0,0.01978268702798375,0.0,0.009507872315142617,0.0,0.0,0.0,0.002518044026453798,0.009508063941526139,0.0,0.00045346914288096023,0.0,2.7307048772466143e-19,0.015616007616146463,0.0,0.015616007616146461,0.02379793722979549,0.0,0.0,0.006299720768009194,0.0,0.0,0.0,0.0023736656605333898,0.010476368849745395,0.029186979508070244,0.003878984929777731,0.0,0.010459626070214719,0.0,0.0,0.009442418210629086,0.0,0.012679603892720713,0.03830367294329828,0.02319245944122307,0.02131844266208101,0.0,0.018721979039122965,0.00846414280623624,0.0,0.0,0.0,0.0,0.0,0.0,0.0,0.0035260759095299037,0.0,0.012516035978021246,0.0,0.0,0.0,0.040411001551123864,0.007753258313199751,0.036628686112399104,0.02975654404180743,0.0,0.053161426288918616,0.02251458963416713
LFQ intensity D4_12,0.0,0.0,0.015866488864555963,0.006657381874607767,0.002362920841176464,0.0,0.016222876307813668,0.0,0.008703593012402932,3.8424556869678494e-19,0.0054068699666009875,0.0,0.002362920841176464,0.022204044634382008,0.0,0.0015102345328212334,0.03961573130484497,0.014786001156743193,0.0,0.0,0.005777377903296272,0.0,0.031330085591581784,0.009403966763977725,0.00047499713447002274,0.014648825124505598,0.005630851454128397,0.0,0.0,0.014290245245682029,0.0,0.0,0.016090836424136973,0.0,0.00696075064658598,0.01625935010943114,0.0,0.0,0.0028447764467331538,0.008698058807052727,0.06036170567934966,0.0018535456906462568,0.0,0.01101999920247381,0.0,2.7446112049770356e-20,0.013767548370347969,0.012693335290172612,0.020776880232343874,0.04654393713571671,0.0,0.0,0.0,0.0,0.0033487288907897606,0.0,0.016211358156569888,0.030368359998592293,3.8424556869678494e-19,0.0009040067574996874,0.0009040067574996874,0.0,0.0,0.0,0.0,0.0,0.0,0.0,0.0,0.0,0.018306439071074748,0.0,0.006657247701129315,0.0,0.0,0.0,0.006109761832217632,0.0066573818746077625,2.7446112049770356e-20,0.006556848849422318,1.3723056024885178e-19,3.8424556869678494e-19,0.014471420210967237,0.0,0.014471420210967235,0.022235933768162162,0.0,0.0,0.008609384921896994,0.0,0.0,0.0043377522554349296,0.00044754716620229733,0.004684286775614749,0.026590073460765765,0.014318969251356605,0.000989398115119786,0.012436658565805808,0.0,0.0,0.021256018654298162,0.0,0.011210341699183538,0.03198795866322718,0.02599844627810905,0.0251964297585556,0.0,0.0215434131392286,0.0071539341241785934,0.0,0.0,0.0,0.0,0.0,0.0,0.0,0.0,0.0,0.013227927326589521,0.010744743917270897,0.0,0.0,0.03334764153359977,0.007937344313813923,0.03520526933742233,0.026603005144622122,0.0,0.04681819747220623,0.027026207456239414
LFQ intensity D4_2,0.0,0.0,0.015644664165819843,0.009024975487915232,0.003872679299164288,0.0,0.019599676756853535,0.0,0.015651398698919954,0.0,0.004901192475800061,0.0,0.003872679299164288,0.021376504189619193,0.0,0.001483033145539257,0.04348023173943707,0.015671903431019225,0.0,0.0,0.0023143984497852135,0.0,0.020124310566673152,0.009752686215498076,0.0024480456705915556,0.012022369738528505,0.0,0.0,0.0,0.01502878304990739,0.0,0.0,0.018923985799266244,0.0,0.007308108060291953,0.021484721236769557,0.0,0.0,0.006384110186974856,0.013022748795491635,0.06199647536314959,0.0,0.0,0.012574093580458488,0.0,0.0,0.018800253168464197,0.0109020899117146,0.007205970876396109,0.04664418625831239,0.0,0.0,0.0,0.0,0.008439447407028306,0.0,0.016177571597821513,0.03335976148974012,0.0,0.002167548523621167,0.002167548523621167,0.0,2.1347904988521255e-19,0.0,0.0,0.0,0.0,0.0,0.0,0.0,0.018699000870759784,0.0,0.009024793597740239,0.0,0.0,0.0,0.0031645366016534197,0.009024975487915228,0.0,0.0005290249123213864,3.9849422645239673e-19,0.0,0.012823505205687608,0.0,0.012823505205687607,0.02057651390429542,0.0,0.0,0.005358336676833186,0.0,0.0,0.007266124469833372,0.0023065737098171848,0.005443690583441514,0.025331416508888295,0.009392456666148782,7.466561650726493e-05,0.005351864841278641,0.0,0.0,0.018290523762914828,0.0,0.012049650746143609,0.03456398224252021,0.01929005704569206,0.02653529993379006,0.0,0.017512250931393664,0.0061924201654979085,0.0,0.0,0.004004493481302446,0.0,0.0,0.0,0.00029948122746841356,0.0,0.0,0.013265065963014315,0.0,0.0,0.0,0.04543930199718788,0.006112567051929692,0.03656100846583312,0.027495275077768607,0.0,0.05165456405469678,0.02971491983467969
LFQ intensity D4_3,0.0,0.0,0.0,0.006259207007832452,0.0032027818559720177,0.0,0.01626995842703895,0.0,0.01142289155422732,0.0,0.008610265106443781,0.0,0.0032027818559720177,0.020710876684272267,0.0,0.001191059202951125,0.038859163659280785,0.013927706054724962,0.0,0.0,0.005920025144112008,0.0,0.01841222511160986,0.00950898091950983,0.001504843963088612,0.01438198686846746,0.0,0.0,0.0,0.01453243744376082,0.0,0.006573633120162881,0.015458795435031657,0.0,0.0120400946625247,0.021579821315042363,0.0,0.0,0.0023016566317331905,0.011415628274859351,0.0487556016148139,0.0031609585428549825,0.0,0.010629894629602624,0.0,0.0,0.011346150467355109,0.01874509335612218,0.02100889578354181,0.04664056282750141,0.0,0.0,0.0,0.0,0.008366608495767446,0.0,0.01528332382378129,0.030925724627951373,0.0,0.0011065493323469625,0.0011065493323469625,0.0012460101144653808,0.0,0.0,0.0,0.0,0.0,0.0,0.0,0.0,0.016086667569950964,0.0,0.0062590808592064,0.0,0.0,0.0,0.006972913887883169,0.006259207007832449,3.05278632497169e-19,0.006164686815418762,5.272994561314737e-19,0.0,0.013978167703480602,0.0,0.013978167703480598,0.023270857886417407,0.0,0.0,0.003955805078640007,0.0,0.0,0.0004921116618369489,0.0027082371937489163,0.009736112029966052,0.029487628973755585,0.007712746037153006,0.0,0.010624521296706617,0.0,0.0,0.018356190034943338,0.0,0.01104851570666227,0.0321458359208946,0.02719312451195256,0.02232596443663856,0.0,0.021686418537757456,0.00647726459637125,0.0,0.0,0.02538055235830522,0.0,0.0,0.0,0.003244670162051626,0.0,0.0,0.011942066455442752,0.0,0.0,0.0,0.0451422205518894,0.011353415659148935,0.03251872733019708,0.026821510316511435,0.0,0.04945091758535133,0.021616950883334866
LFQ intensity D4_4,0.0,0.0,0.010430148264880836,0.00924035440033417,0.0035999980534239455,0.0,0.017423962102554185,0.0,0.012696597195575048,0.0,0.0038289415887795063,0.0,0.0035999980534239455,0.021217704298212143,0.0,0.0,0.04110845804133707,0.013812356374459833,0.0,0.0,0.00236782513888445,0.0,0.017153574418890413,0.009347571171060408,0.0006328089484812725,0.010820025672731349,0.0,0.0,0.0,0.02000160553004611,0.0,0.007873495611499125,0.02009159744402548,0.0,0.009907439611276487,0.022961976898982193,0.0,0.0,0.003972568709274857,0.012688524026709154,0.05304139629104272,0.0077850263193345315,0.0,0.012052420049812988,0.0,0.0,0.017131565870330243,0.012856748253654933,0.02065228127223659,0.04531558680874155,0.0,0.0,0.0,0.0,0.008349989043219283,0.0,0.015504882543549134,0.03466242203652201,0.0,0.0020996674678231742,0.0020996674678231742,0.0,0.0,0.0,0.0,0.0,0.0,0.0,0.0,0.0,0.01832657518190841,0.0,0.009240168169393033,0.0,0.0,0.0,0.0039388221185999404,0.009240354400334168,9.548531196207994e-20,0.001088401964049833,2.7281517703451414e-20,0.0,0.013935407312639548,0.0,0.013935407312639547,0.017896570719763662,0.0,0.0,0.00534037502542273,0.0,0.0,0.0,0.005188611248145952,0.007272119466531098,0.028474387169655356,0.009760111553590427,0.0019097840943714493,0.0029388000148459588,0.0,0.0,0.006252114260553035,0.0,0.011156760600626887,0.030765845545328747,0.02477169515336351,0.022643320699373744,0.0,0.021586382220452355,0.005415895089330382,0.013400051219642342,0.0,0.0,0.006364887710115757,0.0,0.0,0.002703522857656998,0.0,0.0,0.016859505244346536,0.0,0.0,0.0,0.04191820521301958,0.012711972426657113,0.0317805232074285,0.0238790389982007,0.0,0.046091106684306216,0.026884092138774098
LFQ intensity D4_5,0.0,0.0,0.015499388827217868,0.009319569725633586,0.0044245817936896335,0.0,0.019136127130677957,0.0,0.009440395704040977,0.0,0.004579602836136726,0.0,0.0044245817936896335,0.02030107613142467,0.0,0.0,0.040871829621230336,0.014040157277240868,0.0,0.0,0.002832478851838486,0.0,0.018672458820317497,0.009544917947479872,0.0027753067153343564,0.010414647749383598,0.0035873991178047167,0.0,0.0,0.016743757233654875,0.0,0.0,0.017216773906872658,0.001778318710730994,0.012782261917229651,0.019949497987782987,0.0,0.0,0.00444285601294885,0.009434393000520848,0.053142814214872366,0.006425483496741094,0.0,0.012845864990776267,0.0,0.0,0.015392823511029913,0.014177302249092937,0.021088294120943426,0.047525682590950344,0.0,0.0,0.0,0.0,0.006103098452312719,0.0,0.01415429656493021,0.03222474097578601,0.0,0.002173015518007003,0.002173015518007003,0.0,0.0,0.0,0.0,0.0,0.0,0.0,0.0,0.0,0.019967526301131962,0.0,0.00931938189817959,0.0,0.0,0.0,0.007447895606428766,0.00931956972563358,0.0,0.000997262244026958,0.0,0.0,0.015447587027822429,0.0,0.015447587027822424,0.019648782248341073,0.0,8.357246279172959e-20,0.009338212427360791,0.0,0.0,0.002979846407530958,0.002614922418797212,0.006268784623289811,0.028230356942788904,0.008927303090180149,0.0,0.005859711129156203,0.0,0.0,0.017494423881982458,0.0,0.011638444492370847,0.03395223138508883,0.02421139135944272,0.02175423553075872,0.0,0.01869551911243788,0.0035002004618088648,0.0,0.0,5.199589383633286e-05,0.002874587713549722,0.0,0.0,0.0,0.0027677379930634988,0.0,0.013048568074536837,0.0,0.0,0.0,0.04626549846884092,0.009761950268436103,0.029449341622699354,0.027132546039149767,0.0,0.04915223984470214,0.02679554772247316
LFQ intensity D4_6,0.0,0.0,0.008290995037917206,0.006742297915688807,0.004546273456312371,0.0,0.01816114198983721,0.0,0.015493412545332196,0.0,0.004099912083016007,0.0,0.004546273456312371,0.020571327931242195,0.0,0.0,0.04247491814304216,0.00858982081190486,0.0,0.0,0.004431135218166745,0.0,0.014740806667253416,0.009748918851403028,0.0,0.010652420429994145,0.0,0.0,0.0,0.003561816015408283,0.0,0.0,0.017584743276433362,0.0,0.007633115936689097,0.0229492854290713,0.0,0.0,0.004558091310529781,0.008424391121364502,0.05464506733602738,0.0054679028913597605,0.0,0.011785463782227121,0.0,0.0,0.015385334675485756,0.010815888945897554,0.021539008426350908,0.04487107472045411,0.0,0.0,0.0,0.0,0.00957154519262557,0.0,0.01511389893659972,0.030898605469438182,0.0,0.0017953696662976956,0.0017953696662976956,0.0034791316447529605,0.0,0.0,0.0,0.0,0.0,0.0,0.0,0.0,0.016302699444724227,0.0,0.0067421620308047575,0.0,0.0,0.0,0.004436863215429348,0.006742297915688804,0.0,0.00664048257462342,7.397748282991862e-19,0.0,0.015247256823763154,0.0,0.015247256823763152,0.024449212725206674,0.0,0.0,0.00520597123650056,0.0,0.0,0.000825611108433594,0.00981955342598052,0.005723037063793844,0.028814919257958222,0.008727648867467266,0.0,0.003087135069213184,0.0,0.0,0.0176721080034245,0.0,0.00797981096963041,0.03252656423114442,0.02899410439108106,0.02211555723731486,0.0,0.020711471658756937,0.005973387063367353,0.0,0.0,0.025980381569220865,0.0,0.0,0.0,0.0,0.007379269991063606,0.0,0.014379895058461325,0.0,0.0,0.0,0.04377519130557648,0.012479926765482059,0.035972568571923304,0.02698590394627132,0.00030096906386088083,0.05223725907452568,0.02155876453481077
LFQ intensity D4_7,0.0,0.0,5.193964684444863e-19,0.009770591201465145,0.004840443487162046,0.0,0.01878881981342992,0.0,0.014915911313742916,5.193964684444863e-19,0.005220914440438548,0.0,0.004840443487162046,0.02167968515830963,0.0,0.002806522718956536,0.037476383034908245,0.01242111687636329,0.0,0.0,0.007684541601766361,0.0,0.010641007468139873,0.009886822580679152,0.001956010438433161,0.012306098391732887,0.0,0.0,0.0,0.019858490764246627,0.0,0.0,0.017464419421471238,0.0,0.008037505418794976,0.022822752342887515,0.0,0.0,0.0066300226891274835,0.012251712059793541,0.055113665500315684,0.0003242299626499125,0.0,0.013283606286422708,0.0,0.0,0.012804439922940307,0.01965688555221211,0.0,0.05839800065357208,0.0,0.0,0.0,0.0,0.010602360197881161,0.0,0.024194280430760374,0.011706009527095674,5.193964684444863e-19,0.0013726928266978918,0.0013726928266978918,0.0,0.0,5.193964684444863e-19,0.0,0.0,0.0,0.0,0.0,0.0,0.019378398885136292,0.0,0.0101858089836632,0.0,0.0,0.0,0.003954433408179613,0.009770591201465137,1.0099375775309456e-19,0.0011484040515176285,2.019875155061891e-19,5.193964684444863e-19,0.016475622483520105,0.0,0.016475622483520105,0.017838592909302783,0.0,0.0,0.004491571711222524,0.0,0.0,0.0,0.002157410728260815,0.009634303554465666,0.0327543489934184,0.009890343617990618,0.0,0.011773070185973313,0.0,0.0,0.00767721207589965,0.0,0.013055443893719482,0.034951589921108105,0.02685909961503316,0.02087885754714542,0.009020090304758997,0.015371168761834352,0.0016808608652350275,0.0,0.0,0.0068764049708459575,0.0,0.0,0.0,0.0,0.007493803019306088,0.0,0.01658877585158813,0.0,0.0,0.0,0.04889612771131039,0.013174920431719424,0.03216652847108901,0.03045443006233989,0.002587207552694951,0.05420875108051486,0.02100112626996404
LFQ intensity D4_8,0.0,0.0,0.0,0.009438103548983922,0.004642011260539532,0.0,0.016695756443749345,0.0,0.011486125188225253,0.0,0.002781238063775808,0.0,0.004642011260539532,0.018655376395132393,0.0,0.0013098446080640695,0.04308090092656216,0.007012758181460111,0.0,0.0,0.0062672452657776346,0.0,0.0,0.010638171424975902,0.0,0.012692347258104995,0.004231726830020562,0.0,0.0,0.015442228289647312,0.0,0.0,0.013383306108128693,0.0009789403653419852,0.006512739528779536,0.02876697627034425,0.0,0.0,0.006400669198549115,0.00862236177682922,0.061129502482355415,0.0,0.0,0.014034948754985604,0.0,0.0,0.018914230331668624,0.002310583493823235,0.024085345873228334,0.05369823917828735,0.0,0.0,0.0,0.0,0.0,0.0,0.010140296909515983,0.024808423057416745,0.0,0.00048652944815216217,0.00048652944815216217,0.0,0.0,0.0,0.0,0.0,0.0,0.0,0.0,0.0,0.018787742991293845,0.0,0.009437913332588485,0.0,0.0,0.0,0.015805975201489648,0.009438103548983912,2.0181344104111231e-19,0.0001769071057767207,1.5524110849316332e-20,0.0,0.016776275837532266,0.0,0.01677627583753226,0.021778723958488375,0.0,6.209644339726533e-20,0.008534459598316725,0.0,0.0,0.00019148050496169095,0.010428679292457613,0.005370623146711574,0.035790568832030786,0.01878960498372315,0.0039691520828930744,0.0,0.0,0.0,0.007851899778986772,0.0,0.009240313329919227,0.03686218254851721,0.026246885393736357,0.026048865553464015,0.004241687324236537,0.020515638383739265,0.0012537743636913347,0.0,0.0,0.0,0.010759401786464907,0.0,0.0,0.0,0.0,0.0,0.012358534008020785,0.010752934367540733,0.0,0.0,0.049204583567320645,0.010955893365636819,0.032088038225169924,0.025013035317570893,0.0,0.05304726674121741,0.027731112518870095
LFQ intensity D4_9,0.0,0.0,1.6936005097430064e-19,0.007004336533325376,0.0032269732796134988,0.0,0.01769981905797376,0.0,0.0072269667872817776,1.6936005097430064e-19,0.007364714491013938,0.0,0.0032269732796134988,0.02189693410570482,0.0,0.0017047733250140226,0.04156876286491229,0.013993425333603543,0.0,0.0,0.0075102681719144615,0.0,0.004793823417359321,0.009671414100594636,0.003128345340789389,0.01088939649596582,0.0,0.0,0.0,0.02253544664082964,0.0,0.0,0.021173631894512553,0.0,0.012085938593521948,0.0250917705773021,0.0,0.0,0.004951480221213302,0.007222371499082648,0.055779195593706574,0.0,0.0,0.01236945009067333,0.0,0.0,0.018829006884857474,0.0,0.021367771440364117,0.05247921813526923,0.0,0.0,0.0,0.0,0.009720742693686567,0.0,0.015337936859294413,0.029710261209631765,1.6936005097430064e-19,0.001852311051263257,0.001852311051263257,0.0,0.0,0.0,0.0,0.0,0.0,0.0,0.0,0.0,0.01843824162555523,0.0,0.0070041953672912455,0.0,0.0,0.0,0.01191819244318748,0.007004336533325372,0.0,0.006898564150972192,2.5404007646145096e-19,1.6936005097430064e-19,0.015500501049587974,0.0,0.015500501049587972,0.01945896518627913,0.0,0.0,0.009205304253460797,0.0,0.0,0.0,0.00294755902840254,0.006351863089119947,0.02889606232359191,0.009640049908958625,0.0002830839558170713,0.005996026544993312,0.0,0.0,0.008799723282740325,0.0,0.01218822893537293,0.03520203171234405,0.027659855715469313,0.02486712098230785,0.0029880285754201683,0.015846894170579204,0.003279299613403051,0.0,0.0,0.017965699440996016,0.0,0.0,0.0,0.0,0.00402963291741943,0.0,0.011028355380639874,0.009511113762124216,0.0,0.0,0.03591623324301876,0.019270869459758963,0.032301205604926,0.026913116988656314,0.0,0.047445844805224104,0.026477527878316275
LFQ intensity D5_1,0.0,0.0,0.016965985296391175,0.007234319223171302,0.0016014491612982538,0.00019971419408355948,0.017902071195919456,1.6693428602484398e-19,0.005405894567112,4.173357150621099e-19,0.00572531152530992,0.0,0.0016014491612982538,0.021811006225657542,0.0,0.0007820648588678916,0.04378301190734701,0.005772880172802779,0.0,0.0,0.00588495469868139,0.0,0.0034248469820094534,0.00953288924067674,0.000567031741062956,0.014132426953720962,0.0023746434365261217,0.0,0.0,0.01359020905147183,0.0,0.0,0.011662668744040726,0.0,0.008230905600377413,0.022460340880388827,0.0,0.0,0.0019258248186718567,0.00531265094548576,0.05545087720850274,0.005034199541132112,0.0,0.011687328164188554,0.0,1.6693428602484398e-19,0.006747217510814135,0.013471470148457548,0.021061718208153512,0.0388513842365945,0.0,0.0,0.0,0.0,0.014492660119652655,0.0,0.012597232709847134,0.030888354041670958,0.0,0.0006020906954619764,0.0006020906954619764,0.0,0.0,0.0,0.0,0.0,0.0,0.0,0.0,0.0,0.011204688295533276,0.0,0.007234173422045174,0.0,0.0,0.0,0.009624785488224008,0.007234319223171297,1.6693428602484398e-19,0.007125073875621595,0.0,4.173357150621099e-19,0.019551185805896234,0.0,0.019551185805896234,0.025036331159971094,0.0,0.0,0.0053473809160349915,0.0,0.0,0.0,0.0005342631153820076,0.0006974451367067134,0.03137060810265083,0.018124464937760053,0.0,0.00966317800829058,0.0,0.0,0.016319620429095842,0.0,0.011388296166774444,0.03348175294037967,0.030731657098035044,0.028374975396180082,0.0,0.024869680241115986,0.009366484969860095,0.0,0.0,0.03450261104934321,0.0,0.0,0.0,0.0,0.003352180406967364,0.0,0.01641542087209842,0.0,0.0,0.0,0.023451009903570737,0.009365736211337029,0.03720720495673705,0.02884446153409701,0.0,0.0536688606026775,0.026989790066235402
LFQ intensity D5_10,0.0,0.0,0.01101583688449608,0.007455805626157842,0.0016637265033447282,6.610679534810604e-05,0.01637776308576217,0.0,0.005669481592416306,2.488062812735993e-19,0.010963765876598497,0.0,0.0016637265033447282,0.02023631475259676,4.1467713545599886e-20,0.001914673811564469,0.040343837842562416,0.01943308489627841,0.0,0.0,0.008741944212849722,0.0,0.009614707234508038,0.009472161284722126,0.00033900689043356107,0.014042398277219058,0.005259558492719539,0.0,0.0,0.009304534774605954,0.0,0.0,0.011588373321538687,0.0,0.008928109352077941,0.02107110120830117,0.0,0.0,0.0019135566173100302,0.005665876635783233,0.05857055269550473,0.0006701087811129589,0.0,0.01574834360704005,0.0,4.1467713545599886e-20,0.01019746008454534,0.0,0.020927547437531776,0.04231211896371367,0.0,0.0,0.0,0.0,0.019719024065660454,0.0,0.008608190813051792,0.03761173791284653,2.488062812735993e-19,0.00010765855337137756,0.00010765855337137756,0.01271316789158554,0.0,0.0,0.0,0.0,0.0,0.0,0.0,0.0,0.00709137855488201,0.0,0.007455655361174647,2.488062812735993e-19,0.0,0.0,0.014689334747968266,0.007455805626157837,4.1467713545599886e-20,0.007343215615713761,1.1058056945493301e-19,0.0,0.018635991128352652,0.0,0.018635991128352656,0.01813375132071774,0.0,0.0,0.005608114863271347,0.00017373532583637706,0.0,0.0,0.0003194157651200906,0.0,0.029500531360997072,0.018195855742267873,0.0011979641020704573,0.006786070721116959,0.0,0.0,0.01658019316259089,0.0,0.013453024407943007,0.03693442044649306,0.029257529876906788,0.021614115941651954,0.0,0.023559367343541374,0.006384669623043258,0.0,0.0,0.030548690572527917,0.0,0.0,0.0033701588660747317,0.0,0.002056184054697047,0.0,0.01783829308667496,0.005674297771309847,0.0,0.0,0.02431109684242505,0.006654159470003763,0.0327496763766024,0.027381380966515934,0.0,0.04974865559862459,0.020622252396498578
LFQ intensity D5_11,0.0,0.0,0.015712521243383137,0.007992253179026104,0.00275291706876717,0.00030941897280283964,0.018694024822791103,0.0,0.005977589152002647,2.9549785662550816e-20,0.0008986533851444865,0.0,0.00275291706876717,0.022225380146592498,0.0,0.005400588684779824,0.044035856685516114,0.0,0.0,0.0,0.006487938366056823,0.0,0.0,0.010124756531977303,0.0007895556300148693,0.015009865162581144,0.004150198913331293,0.0,0.0,0.020008128169742498,0.0,0.0,0.012386767386603083,0.0,0.00837923602611983,0.02256385188561753,0.0012078178685584137,0.0,0.0020453932611628313,0.00597378828426685,0.053472126223388455,0.0,0.0,0.014104503221143235,0.0,0.0,0.010983963100826586,0.0,0.025606136825344013,0.04700868873311086,0.0,0.0,0.0,0.0,0.021722470022736133,0.0,0.016144043294681415,0.03598486198911856,2.9549785662550816e-20,0.003987050699315871,0.003987050699315871,0.0,0.0,0.0,0.0,0.0,0.0,0.0,0.0,0.0,0.015977367444846666,0.0,0.007992092102430244,2.9549785662550816e-20,0.0,0.0,0.008818302689942494,0.007992253179026099,0.0,0.007871562282023467,0.0,0.0,0.019963312424983958,0.0,0.019963312424983958,0.01906633666544907,0.0,0.0,0.0056788927168277045,0.005307330141557518,0.0,0.0,0.0007439274031968394,0.0,0.030761093516073208,0.01722312321997573,0.0,0.010922772368588178,0.0,0.0,0.007861970059495139,0.0,0.007716518630150944,0.03668030129277768,0.021100936468967203,0.023742736818281283,0.0,0.024721397875433843,0.011604905996969308,0.0,0.0,0.01753868325383884,0.0,0.0,0.0,0.0,0.0,0.0,0.01929110282935986,0.0,0.0,0.0,0.0352258300504365,0.004917518604475961,0.03490042492396933,0.031969156423565036,0.0,0.05070378139256932,0.024862744095218027
LFQ intensity D5_12,0.0,0.0,1.235597632163454e-19,0.007829081277734976,0.003434880763507947,0.00043683513332353434,0.01754865726118095,0.0,0.007115649622679234,1.235597632163454e-19,0.0018317024207567425,0.0,0.003434880763507947,0.021345792894257615,0.0,0.004382809149272565,0.04832016788880695,0.0,0.0,0.0,0.009539129608614678,0.0,0.012716912603850947,0.01058393903428293,0.0,0.01569059930397565,0.0031718999770964356,0.0,0.0,0.015883737213161955,0.0,0.0,0.013802206964898225,0.0,0.006014338000667392,0.024843733084681012,0.00047380703070636234,0.0,0.002138156854331069,0.0043225105170541294,0.05337179318162737,0.0,0.0,0.015151021683065823,0.0,0.0,0.004603074977410562,0.006188402378470981,0.020764351067991148,0.046429405614916264,0.0,0.0,0.0,0.0,0.015329326392961487,0.0,0.014888075581778935,0.031137378441378573,1.235597632163454e-19,8.998906558503615e-05,8.998906558503615e-05,0.0,0.0,0.0,0.0,0.0,0.0,0.0,0.0,0.0,0.012924689542215796,0.0,0.007828923489720424,1.235597632163454e-19,0.0,0.0,0.009899176770618202,0.007829081277734969,0.0,0.007710854437199436,0.0,0.0,0.020830900799403414,0.0,0.02083090079940341,0.024577181693707154,0.0,1.235597632163454e-19,0.007038629504354925,0.0009363275832403457,0.0,0.0,0.0,0.002917420987630669,0.034824685675436264,0.018471297222991484,0.0014738481613863752,0.008336320362354701,0.0,0.0,0.0049330834067816895,0.0,0.012629575169255197,0.042027179020836324,0.03257960542574635,0.023438454576565106,0.0,0.02698882593203768,0.007898507654965083,0.0,0.0,0.0,0.0,0.0,0.0010965646471958765,0.0,6.17798816081727e-19,0.0,0.017349438899965174,0.021967613749267086,0.0,0.0,0.02261485004439012,0.009746737789018398,0.04480203139864449,0.021577997554536682,0.0,0.059748186370085755,0.021266875234190952
LFQ intensity D5_2,0.0,0.0,0.0,0.009141354798093661,0.001662563920106711,0.0,0.01987865676651434,0.0,0.005369164807503257,0.0,0.0038097637003342857,0.0,0.001662563920106711,0.021760821222409066,0.0,0.0,0.046914698338897255,0.009739292074262555,0.0,0.0,0.007458094338752062,0.0,0.0,0.010121311352484176,0.0,0.002317104207426376,0.0,0.0,0.0,0.024528824444096483,0.0,0.0,0.018008483091094284,0.0,0.006371086343019122,0.02026018968272575,0.0,0.0,0.00821207481362078,0.005356779934165687,0.05880180442585989,0.0,7.384932668386856e-19,0.012993255486445537,0.0,0.0019789260238100913,0.005677736157871031,0.0110836591615399,0.02936107039873711,0.042379024292453354,0.0,0.0,0.0,0.0,0.005617099562749177,0.0,0.013967865200769694,0.031800982022189866,0.0,0.0008680375587527638,0.0008680375587527638,0.0,0.0,0.004120346356134643,0.0,0.0,0.0,0.0,0.0,0.0,0.013239197241231645,0.0,0.009141170562399494,0.0,0.0,0.0,0.00726665111281508,0.009141354798093655,0.0,0.0011669612105797153,2.363178453883794e-19,0.0,0.020846364554194443,0.0,0.02084636455419444,0.023819790836235363,0.0,0.0,0.005311048721031182,0.0,0.0,0.0,3.2493703740902167e-19,0.0,0.030772403700332997,0.020008027284212054,0.0,0.007531390677118162,0.0,0.0,0.016660131299016893,0.0,0.009374261749498167,0.039276975417734616,0.02786857502930116,0.027598686783097553,7.73813984708181e-07,0.02280240710195243,0.006853658956626484,0.0,0.0,0.027343387616865604,0.005816861283800076,0.0,0.00563287261913939,0.0,0.0,0.0,0.019701063577692433,0.0,0.0,0.0,0.029088299213666825,0.0,0.033735710064522945,0.030942963704570958,0.0,0.05952826327427052,0.026593711280142613
LFQ intensity D5_3,0.0,0.0,0.015816572490192707,0.0033291125951108716,0.0027968237489610936,0.000407056788603324,0.017152649612829522,0.0,0.007427459009996708,0.0,0.001631898121774491,0.0,0.0027968237489610936,0.02042483665388086,0.0,0.0012022011826046534,0.04891781395372384,0.010581392265172471,0.0,0.0,0.008022546292673806,0.0,0.021433465788802408,0.010065570595110797,0.0,0.0026629487863864057,0.004079100744302118,0.0,0.0006405975026425057,0.009630347077913054,0.0,0.0028771540228462486,0.012314358491613041,0.0,0.007497799151373678,0.021855188459674626,0.0,0.0,0.008645815656119618,0.00720681678123656,0.06123915584366511,0.0,0.0,0.01274383927318296,0.0,0.0,0.0019405430054005837,0.013469469594032883,0.026367583627925094,0.04060483946934229,0.0,0.0,0.0,0.0,0.02077101911355428,0.0,0.009668304075684702,0.026202179736271675,0.0,0.0008713516061815643,0.0008713516061815643,0.0,0.0,0.0033045060068750106,0.0,0.0,0.0,0.0,0.0,0.0,0.014012425988852164,0.0,0.0033290454998735146,0.0,0.0,0.0,0.011746143803389666,0.003329112595110869,0.0,0.003278839715069842,0.0,0.0,0.019465837194879883,0.0,0.019465837194879876,0.0188843183353004,0.0,0.0,0.006768854607202951,0.0005907903602466041,0.0,0.0,2.937704750898447e-19,0.0,0.031097855644136113,0.016865432815488173,0.0,0.010923900337621084,0.0,0.0,0.0,0.0,0.01009534517800098,0.035937871129900746,0.029585354484746758,0.027709011414544585,0.0,0.02319246864427068,0.007785125348386835,0.0,0.0,0.031079299594733455,0.0,0.0,0.0027920506314861172,0.0,0.0003895223670717883,0.0,0.018996795027302487,0.0,0.0,0.0,0.026776784960043404,0.0044313705183290485,0.03746252246199024,0.03123196382577208,0.0,0.05727324122249256,0.028032386618072846
LFQ intensity D5_4,0.0,0.0,0.017547596275970575,0.006803028991566583,0.0028840496233702817,0.0003010905969386944,0.01815374725492039,0.0,0.006095536431706378,0.0,0.005622724693515449,0.0,0.0028840496233702817,0.022611110292252247,0.0,0.002313871881233801,0.03900865779506443,0.014372961767057397,0.0,0.0,0.007935115798755488,0.0,0.008680756415922081,0.009238537791260505,0.0019027819920928411,0.0010089021341889962,0.009090527008034725,0.0,0.0,0.01749948929153205,0.0,0.0,0.014126503822266252,0.0029294647848022337,0.007817565030830082,0.016217033670683653,0.0,0.0,0.0051926785788107095,0.0036575269921336325,0.05250150657344285,0.00788700495111412,0.0,0.013731110820075743,0.0,0.0,0.008163101728921696,0.01132608732486091,0.020411385751198816,0.03777835884720126,0.0,0.0,0.0,0.0,0.024515344244809754,0.0,0.012298333036935739,0.033059707566745915,0.0,0.0012087544537439001,0.0012087544537439001,0.0013517286404680202,0.0,0.006699048184339317,0.0,0.0,0.0,0.0,0.0,0.0,0.013141434397279954,0.0,0.006414716170051507,0.0,0.0,0.0,0.011679350880662614,0.006803028991566579,0.0,0.006700296551422945,2.696329642149024e-19,0.0,0.018662792750727263,0.0,0.01866279275072726,0.017627671611187733,0.0,0.0,0.006029558065413045,0.0007074163508031845,0.0,0.0,0.0017928206859859626,0.0007426724523182188,0.027666762370825913,0.016429903695129134,0.0013419135899909863,0.0035351621470551915,0.0,0.0,0.020874632234894754,0.0,0.014117181251567126,0.034562675840122105,0.027763246373255047,0.022370120407296863,0.0,0.02407547329115439,0.007862720724037734,0.0,0.0,0.03343725790040664,0.0,0.0,0.0,0.0,0.0,0.0,0.015845914841777616,0.0,0.0,0.0,0.024381722468079237,0.005107069184903042,0.03481649679958134,0.029103120317757712,0.0,0.05151879856750414,0.020189741220632863
LFQ intensity D5_5,0.0,0.0,0.015919683919028767,0.0070339135760284135,0.0026840840062366993,0.0003078903140415774,0.01957060509724767,0.0,0.005021438184819248,1.9933709540517613e-19,0.0036813095876474006,0.0,0.0026840840062366993,0.022520490395356012,0.0,0.004868381397048521,0.04248324465211535,0.01065206059868463,0.0,0.0,0.006311635017477092,0.0,0.012157631158721831,0.010118464362666514,4.134399015811061e-19,0.015067611438212005,0.0,0.0,0.0,0.013297447690398399,0.0,0.0,0.012379069459510814,0.0,0.005490428897613666,0.023709645382464888,0.0,0.0,0.0021337091553602335,0.005018245288502919,0.05921128644901003,0.012694576000058017,0.0,0.014416584623597302,0.0,0.0,0.006681008935671708,0.012166876453579684,0.022355472693040203,0.04106860950488836,0.0,0.0,0.0,0.0,0.019958549459537376,0.0,0.013152044128956512,0.033513124049474555,1.9933709540517613e-19,5.229397165253657e-05,5.229397165253657e-05,0.0,0.0,0.009064274636173765,0.0,0.0,0.0,0.0,0.0,0.0,0.011429549529024962,0.0,0.0070337718138958815,0.0,0.0,0.0,0.011387454928758482,0.00703391357602841,1.8457138463442235e-19,0.006927694551190998,4.4297132312261363e-20,1.9933709540517613e-19,0.01809377633109431,0.0,0.018093776331094307,0.019072263994557775,0.0,2.362513723320606e-19,0.004967085907281535,0.0,0.0,0.0,4.429713231226137e-19,0.0,0.03227944935041276,0.018903765189103673,0.0,0.002825104377255352,0.0,0.0,0.011513645367616829,0.0,0.010868962099238336,0.045879558812915354,0.028363921238816793,0.02077775541089787,0.0,0.023425274404597882,0.0076672874122829205,0.0,0.0,0.005193436419414579,0.0,0.0,0.0,0.0,0.0,0.0,0.016672834575058443,0.000534604062229371,0.0,0.0,0.03961307609511262,0.014139315642881421,0.047538394686928345,0.008751523514852757,0.0007028358847627791,0.05319726253440723,0.019614637495575987
LFQ intensity D5_6,0.0,0.0,0.01976190295308498,0.009051113153039992,0.00465625251658846,0.0003007865251748391,0.01792136388900979,0.0,0.004526657879870593,1.9046969295996316e-19,0.006933645633448041,0.0,0.00465625251658846,0.023895270206960573,1.831439355384261e-19,0.0018744631955267274,0.04166014656774059,0.01560320852588006,0.0,0.0,0.008226174563595734,0.0,0.012063605751471692,0.010040209584245861,0.0007139488210897977,0.0033232533999714405,0.0006863140581056221,0.0,0.0,0.007240750097032192,0.0,0.0,0.012283331479627017,0.0,0.0022750514334520977,0.014527792918132748,0.0,0.0,0.009514920887218925,0.004523779591074044,0.06363459318907623,0.0,0.0,0.014126515635194679,0.0,1.831439355384261e-19,0.009288133466342484,0.009697897638739376,0.02218257861550237,0.039627260850573914,0.0,0.0,0.0,0.0,0.022877844239093358,0.0,0.010608895614222574,0.03920665871416548,1.9046969295996316e-19,2.637272671753336e-19,2.637272671753336e-19,0.0,0.0,0.0046350770195288495,0.0,0.0,0.0,0.0,0.0,0.0,0.007052159310987205,0.0,0.009050930736084125,1.9046969295996316e-19,0.0,0.0,0.01255491370656343,0.009051113153039986,1.831439355384261e-19,0.0003083128080457338,0.0,0.0,0.018960093855755367,0.0,0.018960093855755367,0.02025393274166696,0.0,2.637272671753336e-19,0.004477661127077976,0.0,0.0,0.0,0.0006726898932742408,0.0,0.0324956870270623,0.018707470481061937,0.0,0.009209068871494305,0.0,0.0,0.023313125393648486,0.0,0.011960577132476622,0.03992281529161261,0.030222785413778964,0.025629160737282004,0.0,0.024803139235815643,0.007404571235773187,0.0,0.0,0.0,0.0,0.0,0.0,0.0,0.0,0.0,0.01360924746923357,0.010567229606367162,0.0,0.0,0.0315000165281124,0.012004203133965113,0.03946761928741651,0.01565035335043546,0.0,0.055407651390914005,0.02463772609492974
LFQ intensity D5_7,0.0,0.0,0.011864618537237614,0.0072621410490842945,0.003021603763671594,9.815476424385358e-05,0.018773285618530554,0.0,0.006761325957602269,2.1673184885819619e-19,0.003870022254158118,0.0,0.003021603763671594,0.021347905184203153,0.0,0.0015142038789491008,0.04613359060061427,0.007986517487411396,0.0,0.0,0.007275246838079718,0.0,0.0035572005542677115,0.009901288749201789,1.1559031939103796e-19,0.01103311526429315,0.0,0.0,0.0,0.0202917582715209,0.0,0.0,0.009956391509998691,0.0,0.0068293900450403545,0.02721943718835594,0.0,0.0,0.005383011834392099,0.006757026748501417,0.05863811931610913,0.012373007844545413,0.0,0.013522361445648758,0.0,0.0,0.0034395693562970955,0.01721188942080119,0.023852593728667545,0.04399765871733634,0.0,0.0,0.0,0.0,0.011243317081937884,0.0,0.01206161808270309,0.032955046946201945,2.1673184885819619e-19,0.0016326998406386564,0.0016326998406386564,0.0,0.0,2.1673184885819619e-19,0.0,0.0,0.0,0.0,0.0,0.0,0.014484371944215382,0.0,0.0072619946872345565,2.1673184885819619e-19,0.0,0.0,0.012313091178665709,0.007262141049084291,0.0,0.007152475564553127,2.0228305893431644e-19,2.1673184885819619e-19,0.020776032929536604,0.0,0.0207760329295366,0.024576688581649558,0.0,0.0,0.0064780428240299006,0.0006384159743450699,0.0,0.003897040817086264,0.0,0.0,0.03043798276479557,0.018893725546527223,0.0016210384980528795,0.0073649273283947336,0.0,0.0,0.0,0.0,0.01043849492989822,0.03655029821029335,0.029633845604182817,0.026017123813298182,0.0,0.02379024035230576,0.005929136062283184,0.0,0.0,0.0,0.0,0.0,0.0,0.0,0.0,0.0,0.01988517022157549,0.011926485356088002,0.0,0.0,0.02794891807062567,0.004145008358672239,0.03516448723389695,0.03242958562634949,0.0,0.05223796411324521,0.027549817945022714
LFQ intensity D5_8,0.0,0.0,0.01571068432398415,0.007280281520539663,0.002265769508184411,0.00022458994917024514,0.018419916231735417,0.0,0.006682937993301358,2.1601276244437655e-19,0.003958098677355527,0.0,0.002265769508184411,0.020441999616388734,0.0,0.0026869579197240042,0.04731188661043597,0.007975144224913026,0.0,0.0,0.0017318472600060524,0.0,0.003545398252929517,0.009868437637303072,0.0,0.014629874588434394,0.0014176250770682453,0.0,0.0,0.016908588461500163,0.0,0.0,0.01207318330039877,0.0,0.007099120816839398,0.01654608872185233,0.0,0.0,0.001993611972573861,0.00667868862741937,0.060695854703432243,0.0,0.0,0.013777966939147143,0.0,0.0,0.00543150455880404,0.006600224865150621,0.03234701490092416,0.040630326519209586,0.0,0.0,0.0,0.0,0.016738065527342676,0.0,0.015488714696375859,0.028987791761198672,2.1601276244437655e-19,0.0020487622817045295,0.0020487622817045295,0.0,0.0,0.0,0.0,0.0,0.0,0.0,0.0,0.0,0.01844264063206837,0.0,0.007280134793085219,2.1601276244437655e-19,0.0,0.0,0.01424676364681005,0.007280281520539657,0.0,0.007170342097017455,1.0800638122218828e-19,0.0,0.020767837594451093,0.0,0.02076783759445109,0.027972986022209913,0.0,0.0,0.006610601565527068,0.0009189695223457278,0.0,0.0,0.0,0.0,0.030875913105060476,0.018545162673491856,0.0,0.0036855630636742297,0.0,0.0,0.012393751240203739,0.0,0.010454208830767978,0.03513622619790583,0.029381759746323694,0.025696508317457886,0.0,0.024475839202338163,0.005987953151920048,0.0,0.0,0.019889696466683565,0.0,0.0,0.0,0.0,0.0,0.0,0.018366337070968432,0.0,0.0,0.0,0.033268745775437474,0.006610332281875553,0.034860654708641504,0.030948691075116285,0.0,0.04988433145488152,0.025568440813509927
LFQ intensity D5_9,0.0,0.0007232868982312591,0.018498675506188555,0.008652129685729235,0.0031406584665686407,0.00035683681035001026,0.015990591425554975,0.0,0.005851978988152034,0.0,0.004597971790315003,0.0,0.0031406584665686407,0.022015406277236388,0.0,0.0017297740866939952,0.04140930895637125,0.0062034420444626315,0.0,0.0,0.010021252234091888,0.0,0.012164985707099316,0.010124585352412738,0.00041525217521275366,0.004316503448719932,0.005165628504131595,0.0,0.0,0.010913652814981686,0.0,0.0,0.003925052796851597,0.0,0.005005947583002169,0.014971604267036942,0.0,0.0,0.010884202656290604,0.005848257990010306,0.06400741459814038,0.0,0.0,0.01690201532135733,0.0,0.0,0.021747798197782178,0.0,0.022368996249008944,0.04887283796750596,0.0,0.0,0.0,0.0,0.019407571857023444,0.0,0.015616111861813201,0.03158881981368291,0.0,0.001444981354620322,0.001444981354620322,0.0,0.0,0.0,0.0,0.0,0.0,0.0,0.0,0.0,0.013304041656576428,0.0,0.008651955309922379,0.0,0.0,0.0,0.012193409613989063,0.008652129685729232,0.0,0.008521474003362443,5.909857212686378e-20,0.0,0.02051813037233744,0.0,0.020518130372337438,0.024601201419173106,0.0,0.0,0.005788636898813869,0.0,0.0,0.0,0.00039125485353330437,0.0,0.031170114715633142,0.020340175663190425,0.0013802215830534404,0.01098399452268661,0.0,0.0,0.013480633659072747,0.0,0.015235749050401976,0.03953806811703264,0.02988820776180082,0.023703563874719436,0.0,0.023277852424168573,0.00699430645947307,0.0,0.0,0.0,0.005818742898026175,0.0,0.0001573165366802674,0.0,0.0,0.0,0.01830455111251035,0.0,0.0,0.0,0.02661429097345312,0.00355643491657136,0.03851637763977776,0.02266410114048593,0.0,0.05220154442382256,0.023564214833845777
LFQ intensity D6_1,0.0032281892488805588,0.0,0.013244346232331288,0.0070795868485142065,0.004081888907334368,0.0009021282888311381,0.016066381435833863,0.0,0.005677760438539811,0.0,0.0029008234289441583,0.0,0.004081888907334368,0.021903193062017177,0.0,0.0036876709993962087,0.043898220435350105,0.007432321921114677,0.0,0.0,0.009934300530891881,0.0,0.006108948176019893,0.009861142982333738,8.058515280512132e-19,0.01461906032468875,0.00796202808638522,0.0,0.0,0.01568307242410435,0.0,0.0,0.013521739962555165,0.0,0.006818430388836177,0.02552287931803569,0.0,0.0,0.001992138313620223,0.005674150217777951,0.050147024892156944,0.0,0.0,0.015730991264187873,0.0,0.0,0.0038697719375446796,0.008092370128850746,0.02178695351016998,0.040894560631094715,0.0,0.0,0.0,0.0,0.020047675510541697,0.0,0.012769838614987478,0.031050686168768923,0.0,0.000671382523630872,0.000671382523630872,0.0,0.0,0.0,0.0,0.0,0.0,0.0,0.0,0.0,0.014399569983753389,0.0,0.0070794441658783985,0.0,0.0,0.0,0.014933511449040723,0.007079586848514203,0.0,0.006972678112264767,2.1585308787086068e-19,0.0,0.020565167443157766,0.0,0.020565167443157763,0.023212065994659737,0.0,2.1585308787086068e-19,0.005616304098784179,0.0,0.0,0.0,0.0,0.0,0.03265387851120539,0.023265817457754263,0.0023671148900710824,0.008371044201404228,0.0,0.0,0.017305154490454718,0.0,0.012632393662302144,0.03716509734629514,0.03143681614836454,0.02100002061510963,0.0,0.025323638969263308,0.00927725268819451,0.0,0.0,0.0,0.0,0.0,0.004096683622917045,0.0,0.0,0.0,0.018070128619891365,0.010415531180772718,0.0,0.0,0.023635873436846987,0.006230801459955086,0.03666923485929812,0.03083519205943931,0.0,0.050243534679853354,0.020966366976160417
LFQ intensity D6_10,0.0008907298548822754,0.0007203342247408557,0.0,0.006577937200315074,0.003346112180955633,0.0007744087261685177,0.015510804105699577,0.0,0.005054744221928462,0.0,0.003233963120017023,0.0,0.003346112180955633,0.02236520347079301,0.0,0.0012884349012750817,0.048161704349884475,0.0,0.0,0.0,0.010184913379354022,0.0,0.012439796724194173,0.009867772475138096,0.0,0.015451177015095362,0.0,0.0,0.0,0.012098640963209067,0.0,0.0,0.0010214075640923353,0.0,0.009697414818736405,0.022189556459064383,0.0003783794838879655,0.0,0.0022284582689265564,0.005051530147869962,0.05193380669804638,0.0,0.0,0.015800790377663892,0.0,0.0,0.009690111063467842,0.00976382304374791,0.022874319211040387,0.03875424114953609,0.0,0.0,0.0,0.0,0.02332996154169807,0.0,0.016508463413954948,0.029457390825870972,0.0,0.00022649159537637951,0.00022649159537637951,0.0,0.0,0.0,0.0,0.0,0.0,0.0,0.0,0.0,0.014040516500585616,0.0,0.0065778046279718,0.0,0.0,0.0,0.015356405097653769,0.006577937200315072,0.0,0.015353096358235896,0.0,0.0,0.021813596140417283,0.0,0.021813596140417276,0.01990564264960198,0.0,0.0,0.005000031438315397,0.0,0.0,0.0,0.0,0.0,0.0332411292220391,0.023377062124649246,0.0023176363498400277,0.005681458153538455,0.0,0.0,0.021357414511876952,0.0,0.013354882215282313,0.037727437936245604,0.03378913876636554,0.021782829638180488,0.0,0.02008975582149383,0.005455163775828547,0.0,0.0,0.014703007971377066,0.0,0.0,0.0,0.0,0.0,0.0,0.020885064824254205,0.0,0.0,0.0,0.03194063962344944,0.013111108349531355,0.041031846637023556,0.031033143881321557,0.0,0.050247409789025387,0.021989817902200004
LFQ intensity D6_11,0.004033417490773159,0.0,0.0,0.009576050085191959,0.0011673200987812869,0.0009709485820834586,0.01680664134007538,1.4668905280764848e-19,0.0060377011353301155,0.0,0.0033019978502415266,0.0,0.0011673200987812869,0.020810482666771973,1.4668905280764848e-19,0.005199484004245819,0.04309930987756821,0.0014216735568301489,0.0,0.0,0.0076447799747509,0.0,0.0,0.010052126689135497,0.0,0.0020163404697950684,0.004150408010796591,0.0,0.0,0.011618140292608065,0.0,0.0,0.014799621054353422,0.0,0.007111891213940775,0.0188414289336594,0.0,0.0,0.007775384220161918,0.006033862045211992,0.05803178579792369,0.0,0.0,0.014980865923089583,0.0,0.0,0.010752864311557761,0.0,0.024546492504855875,0.045031526550164125,0.0,0.0,0.0,0.0,0.018878484210206485,0.0,0.013365467819858368,0.03339820603196263,0.0,0.0008878191342518749,0.0008878191342518749,0.0,0.0,0.0,0.0,0.0,0.0,0.0,0.0,0.0,0.012236047040548086,0.0,0.009575857088609521,0.0,0.0,0.0,0.012740004138711073,0.009576050085191953,1.4668905280764848e-19,0.0008151077461384856,5.280805901075345e-19,0.0,0.022334142688587594,0.0,0.022334142688587588,0.0216964973655061,0.0,1.7602686336917817e-19,0.005972348780941025,0.00020441860895805428,0.0,0.0,0.0,0.0,0.03234897887435411,0.020983219463431468,0.0028114613460127505,0.006546665121762222,0.0,0.0,0.01830480326581824,0.0,0.011422576128912017,0.03802652195199943,0.03192490424674126,0.022043764134974175,0.0,0.02670117360981719,0.00838633397754718,0.0,0.0,0.03265465052368739,0.0,0.0,0.0,0.0,0.007267653890920351,0.0,0.020371223454979596,0.0,0.0,0.0,0.027588025108017465,0.009590626414369977,0.03656094158539217,0.030683229750126693,0.0,0.04998474129801758,0.023916228512129087
LFQ intensity D6_12,0.006474458249901152,0.0,0.01752704653301508,0.007636838243867525,0.0024365333016908987,0.0011444051052833955,0.016414866138335805,0.0,0.006345652178073491,0.0,0.013231257992159434,0.0,0.0024365333016908987,0.023967088629698423,8.860990798508164e-20,0.0,0.0389454890171915,0.018979760877493035,0.0,0.0,0.007944114978655643,0.0,0.012159777868879262,0.004535843857786298,0.00028610182342095065,0.015003185766029303,0.005705976729631286,0.0,0.0,0.005638835774370967,0.0,0.0,0.012381255269707,0.0,0.007365781146140018,0.021621325253155528,0.0024639552713825803,0.0,0.0020444830602684354,0.006341617276374347,0.05064696586140385,0.0,0.0,0.015015743165540702,0.0,0.0,0.00792575309242754,0.0,0.02235942006730065,0.04713598242173919,0.0,0.0,0.0,0.0,0.02808208351491726,0.0,0.007793569955121073,0.026459200704285004,0.0,0.000573982987659394,0.000573982987659394,0.002769381358112647,0.0,0.0,0.0,0.0,0.0,0.0,0.0,0.0,0.014958133821006336,0.0,0.007211461666628505,0.0,0.0,0.0,0.018489023341759992,0.007636838243867519,8.860990798508164e-20,0.0075215144625419795,2.5106140595773134e-19,0.0,0.020520025080667692,0.0,0.02052002508066769,0.022736235128252496,0.0,3.1013467794778576e-19,0.006276966547454133,0.000459660911761821,0.0,0.0,0.0002695680689952405,0.0,0.03430885180810534,0.02486924830981802,0.003571430111535643,0.008561759526848864,0.0,0.0,0.0012738112539958462,0.0,0.014569954449318518,0.04387642533647596,0.03259434187451351,0.022340840617685858,0.0,0.020661177493472935,0.005396805935927828,0.0,0.0,0.0,0.0,0.0,0.0,0.0,0.002715056903622041,0.0,0.020720342096186808,0.010912320153165024,0.0,0.0,0.02162408138234156,0.012368624239390204,0.045886234729417434,0.004177605692235475,0.0,0.05119275725513401,0.023410628716836756
LFQ intensity D6_2,0.0037773318042072144,0.0,0.011329041351489677,0.009834904812573325,0.00229352373840261,0.0009847156309303893,0.01663484930924535,1.0735170180314708e-19,0.006766471606585979,2.3003936100674376e-19,0.004731016700253704,0.0,0.00229352373840261,0.024800828213204396,1.0735170180314708e-19,0.0,0.04519561474657717,0.0,0.0,0.0,0.008246306552392745,0.0,0.0,0.007663785027856448,0.0,0.0038392947631243173,0.00901562669340047,0.0,0.0,0.008226924803662765,0.0,0.0,0.012857144829376381,0.0,0.010075506365831153,0.018128653255684874,0.0020970454148749136,0.0,0.007836680885534224,0.006733842887788491,0.05331836954998595,0.0,0.0,0.016558991443990208,0.0,0.0,0.004494478300633983,0.011220039888152582,0.023218833296290847,0.03987464445384118,0.0,0.0,0.0,0.0,0.024384927089937725,0.0,0.01315342775165948,0.039137471675581716,0.0,0.000403497926813495,0.000403497926813495,0.0,0.0,0.0,0.0,0.0,0.0,0.0,0.0,0.0,0.013436205857588642,0.0,0.009834706599009228,2.3003936100674376e-19,0.0,0.0,0.012578032792741256,0.009834904812573318,1.0735170180314708e-19,0.0006782353011124855,0.0,0.0,0.023267452745097682,0.0,0.023267452745097682,0.020752092068174573,0.0,0.0,0.0066932310071449565,0.0006455152388811766,0.0,0.0,5.367585090157354e-19,0.0014053987626691693,0.035135871949995894,0.021601804281903603,0.003793186488319044,0.011401295565997132,0.0,0.0,0.019193623928127228,0.0,0.01062537298961457,0.03869983257395831,0.024192660243741827,0.023580810753572174,0.0,0.019789324358289923,0.006945040453051467,0.0,0.0,0.0,0.0,0.0,0.0,0.0,0.0,0.0,0.021437711966955153,0.0,0.0,0.0,0.03763222745434058,0.005226641969256196,0.04198353721390136,0.030869526861171233,0.0012173647898418962,0.05089175207050464,0.023858373722267727
LFQ intensity D6_3,0.0024056800070010025,0.0,0.015826909808166076,0.006472161583796535,0.0012804446873575877,0.0014703500509566081,0.01733869066655651,1.141471422505462e-19,0.006282976063219406,1.4268392781318275e-20,0.003996387817555122,0.0,0.0012804446873575877,0.019929839187751982,1.141471422505462e-19,0.0037928607541813067,0.04379198511791079,0.0014479548081365798,0.0,0.0,0.0078764061364947,0.0,0.0,0.008575450912327328,0.0,0.014495309995141677,0.005588931850924814,0.0,0.0,0.012618863543607212,0.0,0.0,0.016748786593191886,0.0,0.011952091478876478,0.020901657961848796,0.0,0.0,0.0019752748649895665,0.0037027994241066488,0.05690449055735629,0.0,0.0,0.015043023011256531,0.0,0.0,0.003786693679788239,0.00212596790630831,0.015771343996485214,0.04726960908702177,0.0,0.0,0.0,0.0,0.022139057679447453,0.0,0.01021476594705576,0.03563272471958209,1.4268392781318275e-20,0.0012059829870688203,0.0012059829870688203,0.0,0.0,0.0,0.0,0.0,0.0,0.0,0.0,0.0,0.014169376942515424,0.0,0.006472031143264635,1.4268392781318275e-20,0.0,0.0,0.010655744522592828,0.006472161583796531,1.141471422505462e-19,0.0063744255674821,0.0,0.0,0.022031639983055334,0.0,0.02203163998305533,0.02547565121396604,0.0,0.0,0.00732169480012296,0.00236384142400754,0.0,0.0,5.70735711252731e-20,0.0,0.03088182233540131,0.017049066885749548,0.0,0.006061901472915191,0.0,0.0,0.01395951668552432,0.0,0.010939236463589725,0.03989902018195081,0.030726730106382803,0.02734970285502099,0.0,0.018802479047514996,0.006334496554120664,0.0,0.0,0.017979286716673596,0.0,0.0,0.0012974770360277494,0.0,0.011785746323532078,0.0,0.022590640737871488,0.0,0.0,0.0,0.027570912055291486,0.011622387871048306,0.03306613993734664,0.02745001310962386,0.0,0.05277726483658599,0.02743605106407427
LFQ intensity D6_4,0.003979895070013082,0.0,0.019912717727771482,0.010024790871125297,0.0037966150124954063,0.0009700190627604478,0.019559172080418467,0.0,0.005673293056098172,0.0,0.004506321703567433,0.0,0.0037966150124954063,0.02085032973054214,0.0,0.0014730074585999622,0.044913818650789875,0.0,0.0,0.0,0.009218660456592247,0.0,0.005832473699466689,0.010092371465761724,0.0011547634399733608,0.014518118788400744,0.004040956648225779,0.0,0.0,0.014661088885234676,0.0,0.0,0.012480963259235806,0.0,0.005773696740045969,0.021145737009509263,0.0,0.0,0.0018504458400263166,0.0056696856759346475,0.05787182846345819,0.0,0.0,0.015416822254059525,0.0,0.0,0.0070267103844596016,0.009206447902942347,0.022297823723460446,0.040745098323022894,0.0,0.0,0.0,0.0,0.02098167720235864,0.0,0.014055623854109212,0.03375457540479741,0.0,0.0003938791740125948,0.0003938791740125948,0.0,0.0,0.0,0.0,0.0,0.0,0.0,0.0,0.0,0.014983670957830379,0.0,0.010024588830580342,0.0,0.0,0.0,0.009446092782066963,0.01002479087112529,0.0,0.0012225756766343985,4.565566487275166e-19,0.0,0.02174155891165001,0.0,0.021741558911650007,0.024339271978089955,0.0,2.0618687361887848e-19,0.0056118850714952685,0.0,0.0,0.008044173489857623,0.0010880299431084467,0.0,0.03335856838713451,0.02151449565792565,0.0,0.006743644774759021,0.0,0.0,0.018169581200131436,0.0,0.012454015040882803,0.041347011713595665,0.02731715889919735,0.022957001827320456,0.0,0.02479741212788942,0.009084699099338811,0.0,0.0,0.0,0.0,0.0,0.0,0.0,0.0,0.0,0.016583352532877557,0.0,0.0,0.0,0.026794277759390105,0.005330695788594572,0.036897279585192025,0.022239812358861417,0.0,0.05782486899268357,0.02027800362435921
LFQ intensity D6_5,0.0025527263445557433,0.0,0.015611077412300675,0.003005245527988867,0.002144743994688303,0.000867061530005413,0.01881174372166057,0.0,0.005408128722635764,0.0,0.003246246082846289,0.0,0.002144743994688303,0.023210070015949217,0.0,0.003091917200164088,0.046256323686622546,0.007209789739265438,0.0,0.0,0.008367555431347186,0.0,0.0,0.007636587735499311,2.9273523473156067e-20,0.0141947927139058,0.004187602855525177,0.0,0.0015853649847200144,0.010350027174456421,0.0,0.0036158250682313104,0.012270962977162545,0.0,0.00965529697863312,0.025797276496988163,0.0,0.0,0.0017397821397811275,0.005404689947997663,0.05897637561980662,0.0,0.0,0.012317359032047913,0.0,0.0,0.00903023500471503,0.012481885550517704,0.028538873994307268,0.03843463510222756,0.0,0.0,0.0,0.0,0.018347577688691972,0.0,0.008172406236559725,0.025180688955985277,0.0,0.0012529432239089915,0.0012529432239089915,0.0,0.0,0.0,0.0,0.0,0.0,0.0,0.0,0.0,0.01627499743674669,0.0,0.0030051849599977733,0.0,0.0,0.0,0.011695673282781021,0.0030052455279888637,0.0,0.0029598633597364915,2.3418818778524853e-19,0.0,0.0228391109039916,0.0,0.022839110903991596,0.02192442770956727,0.0,2.9273523473156065e-19,0.005349590888956756,0.0,0.0,0.0,0.0,0.0,0.030162279599697955,0.018543430207056722,0.0010085673692240217,0.007900095094220991,0.0,0.0,0.0009086265295836604,0.0,0.00902623366246279,0.03561387916199136,0.03238811406136916,0.026569763029082427,0.0,0.025045716019004828,0.008150638732446359,0.0,0.0,0.018781307465316133,0.00905506855387241,0.0,0.005111057933119987,0.0,0.0,0.0,0.02117077371611735,0.0,0.0,0.0,0.027374820832048376,0.008091616739386473,0.0379518644838443,0.032157162195288844,0.0,0.05595771703919588,0.026786556491615838
LFQ intensity D6_6,0.00248264234093749,0.0,0.01720190387499968,0.009129961137509772,0.00224383239464021,0.0023061043209559144,0.016868710395141706,0.0,0.005924997189581072,0.0,0.0033818922079804255,0.0,0.00224383239464021,0.020279623470018195,1.343292217847618e-19,0.0,0.046746370220574866,0.008445705909112925,0.0,0.0,0.002019015658611024,0.0,0.0036745559447805927,0.008119020075112794,0.0,0.015162836106185318,0.011258585889482328,0.0,0.0,0.014208120744302053,0.0,0.0,0.012513005395726392,5.1954900086139225e-06,0.008714329284445398,0.027610390397017102,0.0,0.0,0.00206623860079864,0.005921229762600078,0.0493390129988408,0.0,0.0,0.012822111326629144,0.0,0.0,0.0016647373857690264,0.008821983156115196,0.028429862243454,0.03628392257428315,0.0,0.0,0.0,0.0,0.02508133273264559,0.0,0.008352162017078979,0.021810434803043854,0.0,7.462734543597879e-20,7.462734543597879e-20,0.0,0.0,0.0,0.0,0.0,0.0,0.0,0.0,0.0,0.011913373833000568,0.0,0.009129777131444467,0.0,0.0,0.0,0.014399444564614927,0.009129961137509765,1.343292217847618e-19,0.00022505275664699446,2.388075053951321e-19,0.0,0.02187512167654124,0.0,0.021875121676541237,0.022467062671446204,0.0,8.955281452317454e-20,0.00586086474787705,4.6034542971652307e-07,0.0,0.0,0.0,0.0,0.03642656653279468,0.021560148840172634,0.0,0.006370609695920856,0.0,0.0,0.0,0.0,0.010497677376177496,0.03926265025999624,0.032900513581963206,0.027616927093697684,0.00040991033792285353,0.020321646524414084,0.004348219628678691,0.0,0.0,0.0,0.0,0.0,0.0,0.0,0.004765914457256952,0.0,0.024854272577827134,0.014530082138573389,0.0,0.0,0.03539728329214381,0.0071271610762917844,0.039239626329583464,0.03299574611885916,0.0,0.05691725478191155,0.026447890371739714
LFQ intensity D6_7,0.002239828621280499,0.0,0.01818134411988615,0.008927151249425523,0.002901964929900067,0.0008603776408320252,0.017927161741703387,0.0,0.006057024710336539,0.0,0.0010158810581788285,0.0,0.002901964929900067,0.02212392840713667,0.0,0.0014301422118453643,0.044880216933196826,0.0,0.0,0.0,0.00643810734455537,0.0,0.0036814828251292117,0.010247222196426176,0.001628399529743082,0.004620396558260869,0.008205624859395251,0.0,0.0,0.012096665237459836,0.0,0.003191398055403923,0.012536593576851014,0.0008708858306011748,0.009249911932311625,0.02367309267770438,0.0,0.0,0.011352098001617794,0.006053173333266117,0.055817260763798504,0.0,0.0,0.01562921322966985,0.0,0.0,0.005552727684643687,0.011953292462022789,0.02263994691101044,0.03367002767621935,0.0,0.0,0.0,0.0,0.017893868407341564,0.0,0.015385925738246056,0.026323478044241212,0.0,0.0,0.0,0.0,0.0,0.0,0.0,0.0,0.0,0.0,0.0,0.0,0.010657423419698152,0.0,0.008926971330809108,0.0,0.0,0.0,0.015084175163799615,0.00892715124942552,0.0,0.008792342470494591,0.0,0.0,0.021242927627468704,0.0,0.0212429276274687,0.023669360347442964,0.0,1.046752349101938e-19,0.005991463196684084,0.00011535615506970164,0.0,0.0009456821294816082,0.0015342947190509074,0.0,0.032511297802067185,0.021056215372364108,0.0021432827621726295,0.005623245430235806,0.0,0.0,0.017352338236236133,0.0,0.00988555637105438,0.036201186669478067,0.03295542557401554,0.02581710526960901,0.0,0.020897012698582816,0.005185481486639993,0.0,0.0,0.0,0.0,0.0,0.004256912006208394,0.0,0.005721544204868751,0.0,0.02281878861506516,0.0,0.0,0.0,0.02583163641110396,0.004304440361487918,0.03956117414170696,0.03057439288454841,0.0,0.05435855507384605,0.027656553762273817
LFQ intensity D6_8,0.0038128804715701304,0.0,0.012699268912593112,0.0023020063381852104,0.004184106029317086,0.0010117972834550945,0.021530812458961626,0.0,0.004999935785077793,0.0,0.0056024711920768565,0.0,0.004184106029317086,0.024010499980448526,0.0,0.001468989281738594,0.04883280030901674,0.0,0.0,0.0,0.008902312446195238,0.0,0.0,0.010502040336584606,0.0,0.01611005864510572,0.004572902181885458,0.0,0.0017724354976247911,0.018789105722523704,0.0,0.005068374959340433,0.01350391187900277,0.0,0.007246898072108736,0.022061904183367405,0.0,0.0,0.0021953165489976265,0.0049967565611259155,0.05991246425856706,0.0,0.0,0.016837341946694867,0.0,0.0,0.012636698764631226,0.0,0.0,0.04739325262433939,0.0,0.0,0.0,0.0,0.020148029482393283,0.0,0.021416413438343992,0.017174511052224714,0.0,0.0013274242558110243,0.0013274242558110243,0.0,0.0,0.0,0.0,0.0,0.0,0.0,0.0,0.0,0.01285755980564621,0.0,0.0023019599433405664,0.0,0.0,0.0,0.011637773750066232,0.0023020063381852095,0.0,0.002267243774532895,0.0,0.0,0.01874834027117399,1.90294359669838e-19,0.018748340271173995,0.02337972824763284,0.0,0.0,0.006218079950433154,0.0008098276667658483,0.0,0.0,0.0,0.0,0.034948201219182844,0.02531627061940988,0.0029370160448515493,0.010675295604790616,0.0,0.0,0.01823981092185153,0.0,0.013510849983609985,0.04782138604640113,0.036788579384596266,0.022117013305751464,0.0,0.024204250293516975,0.005870432496619337,0.0,9.5147179834919e-20,0.0,0.0,0.0,0.0040686858801618035,0.0,0.008813413963215623,0.0,0.019639189701765078,0.0010060363755132237,0.0,0.0,0.02393365724567764,0.013235925570772994,0.04232451354802605,0.017798045445455414,0.0,0.05651960939768417,0.022425705747758668
LFQ intensity D6_9,0.002280523637151755,0.0,0.016320406342191285,0.010181080871520138,0.004451574120636277,0.0008651605519463818,0.018611876712646566,0.0,0.006358669497181398,0.0,0.00255485255422319,0.0,0.004451574120636277,0.02253792913877706,0.0,0.00222122641796898,0.04175858465697111,0.0,0.0,0.0,0.009468240356927084,0.0,0.012346705864799943,0.010275826076503375,0.0005513898676481748,0.0061822447613427535,0.004280957539919677,0.0,0.0,0.01401512357770673,0.0,0.0,0.01100514830265687,0.0,0.007948859135515431,0.02619444871405396,0.0,0.0,0.007804100017019388,0.0063546263183814075,0.056449054553909965,0.0,0.0,0.017325394708736976,0.0,0.0,0.015475771022067677,0.0,0.022703143581677198,0.04960952269424156,0.0,0.0,0.0,0.0,0.015073133118452427,0.0,0.017421121471242182,0.02928043159262219,0.0,0.0006308874474115925,0.0006308874474115925,0.0,0.0,0.0,0.0,0.0,0.0,0.0,0.0,0.0,0.014243173520311158,0.0,0.010180875681092333,0.0,0.0,0.0,0.011026666635927418,0.010181080871520134,0.0,0.0012192546110361285,1.611999712735568e-19,0.0,0.019097890901734006,0.0,0.019097890901734006,0.018937261882238807,0.0,0.0,0.006289842966502156,0.00038636594983262835,0.0,0.0,0.0005195251820075432,0.0035113367640325715,0.032792284274687396,0.017948088680806357,0.003833158985825581,0.002584507627988079,0.0,0.0,0.016704242600696504,0.0,0.014807154274078282,0.045352721944015774,0.030969928364935877,0.024445648608684166,0.0,0.018638073566301927,0.006604011593079265,0.0,0.0,0.0,0.0,0.0,0.0,0.001332498407552271,0.0,0.0,0.02083428375350886,0.0,0.0,0.0,0.023720661028496594,0.011985387171775316,0.04725362493190467,0.013353646091630925,0.0,0.05434029865753155,0.02418813677643303
LFQ intensity D7_1,0.014641233472863585,0.0,0.0,0.01003741741846474,0.0010024080375215416,0.005811442920151384,0.01643500284573828,0.0,0.007606728419710329,0.0,0.003451829141125349,0.0,0.0010024080375215416,0.0132977127959869,1.7304286682431458e-19,0.0068429744551418235,0.040938882163201705,0.001972322006320158,0.0,0.0,0.005228985058870334,0.0,0.0007750062016182071,0.011195707716754667,1.5862262792228835e-19,0.014649570998812884,0.010050104513853289,0.0,0.0,0.015547642354287043,0.0,0.00867704478673726,0.012089437600558497,0.0,0.0068452650662977526,0.02032602347792891,0.0,0.0,0.0019962960010192154,0.004998294003973954,0.054502200866687105,0.0,0.0,0.006032460195755368,0.0,0.0,0.006886037590783362,0.0,0.02231319339789601,0.045145677413157115,0.0,0.0,0.0,0.0,0.031087337173878456,0.0,0.014856542420216645,0.005339963601580005,0.0,1.4420238902026214e-19,1.4420238902026214e-19,0.0,0.0,0.0,0.0,0.0,0.0,0.0,0.0,0.0,0.010232016698282035,0.0,0.010037215123443197,0.0,0.0,0.0,0.014887056142649156,0.010037417418464731,1.7304286682431458e-19,0.0014155715506501832,5.768095560810486e-20,0.0,0.02050281189283044,0.0,0.02050281189283044,0.02874902637890167,0.0,0.0,0.007524392841932629,0.0017898620049957954,0.0,0.0,0.0,0.00681422038504205,0.04561313493790173,0.01913032145780696,0.0,0.01037272709603944,0.0,0.0,0.005721656693379948,0.0,0.011471987791248778,0.045151647014180306,0.027031213508808813,0.023924765956453067,0.0048565540912078,0.019655340931885,0.00612935498388513,0.0,0.0,0.01905662598775411,0.0,0.0,0.0,0.0,0.013284440733627171,0.0,0.015844329496947203,0.0,0.0,0.0,0.02111441666022639,0.010153919062061138,0.03378431836422455,0.028372641292321907,0.0,0.06542115364713642,0.019833895808468307
LFQ intensity D7_2,0.008248941122939791,0.0,0.00422824375088691,0.007720638933638035,0.0006825016662182167,0.004274708382384982,0.01818800622409805,0.0,0.007529005572551727,2.9574164721260624e-20,0.006374689934755923,0.0,0.0006825016662182167,0.017377003247526304,5.914832944252125e-20,0.00839256262607316,0.04544716653839989,0.009564093386576128,0.0,0.0,0.006130153497128758,0.0,0.0,0.013358755625034862,0.0,0.0020438671837154213,0.004401953928841638,0.0,0.0,0.009796361014981193,0.0,0.0,0.00208593020767292,0.0,0.007342251291299763,0.015641203831870086,0.0,0.0,0.007853094330392517,0.004854386392298818,0.05493338965536894,0.0,0.0,0.009804057026990097,0.0,0.0,0.007598404392173888,0.0004804366476718193,0.019098240244229715,0.04464021994787562,0.0,0.0,0.0,0.0,0.018741818253713873,0.0,0.016804378748108497,0.024917657849810707,2.9574164721260624e-20,0.00011899441640354936,0.00011899441640354936,0.0,0.0,0.0,0.0,0.0,0.0,0.0,0.0,0.0,0.012584207480700346,0.0,0.007720483331180327,2.9574164721260624e-20,0.0,0.0,0.009035818032752043,0.00772063893363803,5.914832944252125e-20,0.0076040496793361835,1.7744498832756377e-19,0.0,0.02274821979399424,0.0,0.022748219793994235,0.02464127943244552,0.0,8.872249416378188e-20,0.007447511270441335,0.0015775443346152745,0.0,0.0,0.0,0.004300623165691165,0.03922536564065239,0.016577787764692018,0.0,0.009294278532016394,0.0,0.0,0.02349872425228147,0.0,0.010670253589087832,0.04452420191421724,0.033128140659442716,0.021334478380422177,0.0,0.020775359879838338,0.005989775997909294,0.0,0.0,0.021218142458224867,0.0062155955283004745,0.0,0.0,0.0,0.007816395157639834,0.0,0.015016625438623782,0.0,0.0,0.0,0.030617142003721783,0.014872168443595974,0.03595757141789499,0.029730613302318975,0.0,0.056670599894840794,0.019263572541236583
LFQ intensity D7_3,0.008378253671958777,0.0,0.013286042830398333,0.007630751685074861,0.002601980697310149,0.004862875129073006,0.017940098245037412,0.0,0.0060970236747866285,4.5663225134775337e-20,0.003090656444398835,0.0,0.002601980697310149,0.017170755392122667,0.0,0.005143610322466884,0.04520434102808978,0.00497882572538274,0.0,0.0,0.007973765064389082,0.0,0.0,0.009523027739284946,0.0,0.015463143229725402,0.0046002986411095015,0.0,0.0,0.013981195840417215,0.0,0.0,0.013110756166070006,0.0,0.007357526584942011,0.021624052842222737,0.0,0.0,0.0021071614312248173,0.003344956937411285,0.05392465720929049,0.0,0.0,0.008250709223491722,0.0,0.0,0.00020401065775278233,0.005232423938086133,0.009236208719011301,0.04156988146866196,0.0,0.0,0.0,0.0,0.02523265224533671,0.0,0.01681786959057787,0.0178306609536259,4.5663225134775337e-20,0.0008539375904878466,0.0008539375904878466,0.0,0.0,0.0,0.0,0.0,0.0,0.0,0.0,0.0,0.013892842713678704,0.0,0.00763059789421292,4.5663225134775337e-20,0.0,0.0,0.010894918037552602,0.007630751685074857,0.0,0.007515519816783584,4.5663225134775337e-20,4.5663225134775337e-20,0.02147557069240152,0.0,0.021475570692401517,0.025895266223882583,0.0,0.0,0.006031029210505889,0.004161677234199412,0.0,0.0,2.435372007188018e-19,0.0,0.03558627014894918,0.020153993542872117,0.0020841143631276675,0.009597196240437166,0.0,0.0,0.0046299649170212925,0.0,0.010799553008930318,0.05043961710525642,0.0355727025856485,0.021588602809779856,0.0,0.022823086937000515,0.006582105223356046,0.0,0.0,0.02783471419489717,0.0,0.0,0.004539020951516397,0.0,0.01212007595262479,0.0,0.021115393067651762,0.0,0.0,0.0,0.02228701776015408,0.013761591493861738,0.031139073806580004,0.02300458966123414,0.0,0.05921701477196867,0.020440528049420845
LFQ intensity D7_4,0.008990061670014045,0.0,0.015590843441070533,0.009458631147204537,0.0026766942395939084,0.0022264005254757292,0.016958391408310146,4.1022601893745836e-19,0.007054193843386325,1.465092924776637e-19,0.006350953644548529,0.0,0.0026766942395939084,0.021234425273810736,4.1022601893745836e-19,0.002689232454221054,0.04283113950605559,0.011411526385955386,0.0,0.0,0.006963359623776204,0.0,0.0,0.010177541587741607,0.0,0.014883930125705457,0.004029408906828384,0.0,0.0,0.006567630131642434,0.0,0.0,0.012282840536447792,0.0,0.005043025203125036,0.019071846960426585,0.0,0.0,0.002028232102619453,0.004404459240185652,0.05659509159469474,0.0,0.0,0.011345427789834025,0.0,0.0,0.010201304107987764,0.0,0.022181692016806642,0.03615960564309006,0.0,0.0,0.0,0.0,0.020984965698588445,0.0,0.014803720003666001,0.0314891489949526,1.465092924776637e-19,1.1720743398213095e-19,1.1720743398213095e-19,0.0,0.0,0.0,0.0,0.0,0.0,0.0,0.0,0.0,0.012938770211271208,0.0,0.009458440517094036,1.465092924776637e-19,0.0,0.0,0.012717587157431931,0.009458631147204535,4.1022601893745836e-19,0.0007100208504915525,0.0,0.0,0.019772590589401628,0.0,0.019772590589401628,0.023290880806139006,0.0,1.7581115097319645e-19,0.0069778389252396315,0.001177538739460611,0.0,0.0,1.7581115097319645e-19,0.004981898600978012,0.034638870539246,0.019799562612054778,0.002928774529021667,0.010134096984917773,0.0,0.0,0.02354084458774131,0.0,0.009835349089706508,0.03870983149518781,0.030814724050066612,0.021346610892368494,0.0,0.024312621349824964,0.005844795436873752,0.0,0.0,0.0,0.0,0.0,0.008122926596099806,0.0,0.008545692379107506,0.0,0.01823233624858571,0.0,0.0,0.0,0.022321547328810126,0.014047822666887897,0.038230908894914345,0.02934526715988641,0.0,0.06001960667336061,0.018608604303864795
LFQ intensity D7_5,0.011648335218882732,0.0,0.016376833847701833,0.008848412628182355,0.001159655965967451,0.003019478553631219,0.018495904855380926,0.0,0.006259168807728506,1.5088254743464112e-20,0.005847691588299936,0.0,0.001159655965967451,0.018031179479749436,1.3579429269117703e-19,0.002833482687208426,0.045820531105211296,0.0,0.0,0.0,0.0076974002620252115,0.0,0.0,0.009833649526798077,0.0,0.015328210622189798,0.004427841601843813,0.0,0.0,0.02018131947641703,0.0,0.003353415124821348,0.013090027055026791,0.0,0.004941665652854774,0.02401349346744044,0.0,0.0,0.0020887741743657435,0.0035309798919663446,0.05618351580756402,0.0,0.0,0.00936750534864408,0.0,0.0,0.009522478433882195,0.0,0.0,0.040217543429221424,0.0,0.0,0.0,0.0,0.016363455112076413,0.0,0.016775913693844555,0.023405950625002083,1.5088254743464112e-20,7.544127371732056e-20,7.544127371732056e-20,0.0,0.0,0.0,0.0,0.0,0.0,0.0,0.0,0.0,0.014449433218482645,0.0,0.008848234296471266,1.5088254743464112e-20,0.0,0.0,0.011275988774268029,0.008848412628182352,1.3579429269117703e-19,0.0,9.052952846078468e-20,1.5088254743464112e-20,0.020670494905435183,0.0,0.020670494905435183,0.022012996145184146,0.0,3.0176509486928225e-20,0.006191419277081782,0.00025671541493361283,0.0,0.0,2.7158858538235405e-19,0.0,0.03926258942737897,0.022369550436007597,0.0002583548477679742,0.004753396130765216,0.0,0.0,0.028718810432075685,0.0,0.008755085721597805,0.04116049039065748,0.031231103219508276,0.019732061329371546,0.0,0.027010189737211636,0.010461300039261805,0.0,0.0,0.01873052980050997,0.0,0.0,0.007202769561904132,0.0,0.008983783377680427,0.0,0.018518098659921798,0.0,0.0,0.0,0.029570107932709422,0.008355826337922744,0.03833989229893015,0.029201615063215457,0.0,0.056697558128929924,0.017639227551302133
LFQ intensity D8_1,0.015608686292485692,0.0,0.004582252108456313,0.006442027903360443,0.0030327948882307204,0.004212048326833382,0.018894948924316386,0.0,0.0065778477837787706,2.0504756603715305e-19,0.00615843891278969,0.0,0.0030327948882307204,0.018951741335794196,0.0,0.0008356014144712352,0.042792781716879606,0.01624840576663262,0.0,0.0,0.006511278688453318,0.0,0.0,0.007778202437773167,0.000638027547175603,0.014879181253533533,0.010436899479537803,0.0,0.0,0.015116034615880888,0.0,0.003193079772826951,0.010563545820896872,0.0,0.003990660859789453,0.025119516970052685,0.0,0.0,0.0020275849741453887,0.00392926006079401,0.05437281589641969,0.0,0.001988993229768162,0.007568847970323814,0.0,0.0,0.008338270788738807,0.0,0.0,0.03718068711736371,0.0,0.0,0.0,0.0,0.016296266875048773,0.0,0.015502080142259357,0.02244666024016399,2.0504756603715305e-19,0.0,0.0,0.0,0.0,0.0,0.0,0.0,0.0,0.0,0.0,0.0,0.014909353372516402,0.0,0.0064418980701454725,2.0504756603715305e-19,0.0,0.0,0.009446750482233266,0.00644202790336044,0.0,0.006344746935308412,1.7575505660327404e-19,2.0504756603715305e-19,0.022646815297468096,0.0,0.022646815297468093,0.02241666111755777,0.0,0.0,0.008426738416240599,0.003806157309058089,0.0,0.0,0.0006011560912173561,0.002566451704328485,0.04017350309870211,0.02241911143164348,0.0,0.00920576266975578,0.0,0.0,0.02756751712828423,0.0,0.010901701189822421,0.04348613280411445,0.03389382359150426,0.022602319455793107,0.0,0.02356326624483957,0.006929353853965087,0.0,0.0,0.0,0.0,0.0,0.012640967436643056,0.0,0.015600770991433041,0.0,0.017148337683172574,0.0017846702076900296,0.0,0.0,0.020019408912526463,0.006912897104205544,0.0326280884772617,0.026943253974019196,0.0,0.0637683809893244,0.019866895755191207
LFQ intensity D8_2,0.0016976236493076607,0.0,0.01714770479968521,0.009562861819012865,0.0014767968913161353,0.0,0.017254018531938697,0.0,0.00643401409646975,0.0,0.007531020162351449,0.0,0.0014767968913161353,0.022135143453318667,0.0,0.008867717184946425,0.04433436779137954,0.0062025004765831025,0.0,0.0,0.010996244044675297,0.0,0.0,0.01159361738915584,0.0,0.015987416736583344,0.0,0.0,0.0,0.003377716296488325,0.0,0.006755440754931618,0.0012238202653166777,0.0,0.0,0.01830825768485748,0.0,0.0,0.002178604144821392,0.0064299230095835385,0.04675184925769671,0.0022802686778288688,0.0,0.008690997572126527,0.0,0.0,0.0030234586984842536,0.018821771342894814,0.020721109255510673,0.03193502530556441,0.0,0.0,0.0,0.0,0.018121062641545452,0.0,0.019298379786761535,0.025042417571046582,0.0,0.0,0.0,0.0,0.0,0.0,0.0,0.0,0.0,0.0,0.0,0.0,0.024563955447346367,0.0,0.009562669088227942,0.0,0.0,0.0,0.0,0.00956286181901286,0.0,0.009418453184176603,3.1474282596598353e-19,0.0,0.0191912837501324,0.0,0.0191912837501324,0.03178019589908131,0.0,0.0,0.006364372032387375,0.00017807355289837511,0.0,0.0,0.0,0.0007466993753942973,0.050670115286414595,0.027364179352403938,0.0,0.011888850516620683,0.0,0.0,0.022613798277157593,0.0,0.010165342466051006,0.048295514849295326,0.03181213645767964,0.018007710096274217,0.0,0.02161236328371903,0.00336213259266501,0.0,0.0,0.024558773987430945,0.0,0.0,0.008611471958136269,0.0,0.007577340584890863,0.0,0.009669368528938458,0.0,0.0,0.0,0.031077201224638258,0.009742959396676921,0.024003668264074903,0.024915642013880905,0.00028156270868001356,0.04731066829828158,0.020241405773800958
LFQ intensity D8_3,0.01877743620973961,0.0,0.0,0.010108508724897158,1.5808914981049875e-19,0.00470120157593331,0.017453530313265134,0.0,0.005443252419351016,4.3115222675590564e-19,0.005314686453972413,0.0,1.5808914981049875e-19,0.017682095471206166,0.0,0.005992113150308472,0.056627056379355035,0.0025356879637663645,0.0,0.0,0.0,0.0,0.0,0.012099280572949997,0.00142404644443215,0.014600301701126034,0.0087795762530756,0.0,0.0,0.01937822426587645,0.0,0.013442257199900694,0.013574908506903398,0.0,0.011760843230088842,0.034381561381793185,0.0,0.0,0.0019895820773177452,0.0028449500510672756,0.04649205479117417,0.0,0.0,0.0074331638253437365,0.0,0.0,0.0006281052939016123,0.0051788931288498895,0.0013540856649261357,0.04497292596468584,0.0,0.0,0.0,0.0,0.021190036104519912,0.0,0.015843308302800445,0.02224689910431426,4.3115222675590564e-19,1.5808914981049875e-19,1.5808914981049875e-19,0.0,0.0,0.0,0.0,0.0,0.0,0.0,0.0,0.0,0.01930584904882532,0.0,0.010108304997094981,0.0,0.0,0.0,0.015689508738713217,0.010108508724897151,1.8683263159422577e-19,0.0015140764430064291,2.874348178372704e-20,4.3115222675590564e-19,0.01991754345355467,0.0,0.019917543453554665,0.026017669992743613,0.0,0.0,0.007268910503252922,0.00277417292078757,0.0,0.0,0.0013417511485772715,0.008569265685198084,0.03935505718027205,0.01922066424738445,0.0,0.010337841639041367,0.0,0.0,0.02131246493257455,0.0,0.006189955927578763,0.046934530291377154,0.030695882258982825,0.016442676841698322,0.002614341000498922,0.019657987384422853,0.004765485456006909,0.0,0.0,0.0,0.0,0.0,0.01056981782086168,0.0,0.005177576636125754,0.0,0.014197270886277029,0.0,0.0,0.0,0.024287796676066876,0.012587024184231747,0.03345939864001784,0.02559329044011376,0.0,0.058005620315737326,0.01181163960368186
LFQ intensity D8_4,0.01267695333375328,0.0,0.0,0.009816502572813673,0.000628615917193668,0.005212587962666506,0.01700172147373074,0.0,0.007131233628197777,0.0,0.005410575030369707,0.0,0.000628615917193668,0.016853662395036852,0.0,0.007782305446837624,0.04187195151190045,0.0,0.0,0.0,0.005335758451828043,0.0,0.0,0.009130819889336405,0.0,0.01486590613517709,0.007806472120869399,0.0,0.0,0.010784845821516079,0.0,0.002511924041767524,0.00669697829494273,0.0,0.005082459977542386,0.02214530330713016,0.0,0.0,0.0020257759747084633,0.004353720563683978,0.05340624869714018,0.0,0.0,0.006393298744711615,0.0,0.0,0.004634526998593713,0.0,0.01665286832924523,0.04740208490083392,0.0,0.0,0.0,0.0,0.013644098527588912,0.0,0.015514419321315726,0.03070901479501282,0.0,0.0,0.0,0.0,0.0,0.0,0.0,0.0,0.0,0.0,0.0,0.0,0.011934709900020329,0.0,0.009816304730129977,0.0,0.0,0.0,0.011685246357443568,0.009816502572813671,0.0,0.0010729093997831239,5.853274965709838e-20,0.0,0.02145744335976071,0.0,0.021457443359760707,0.024331307940871665,0.0,2.0486462379984435e-19,0.007054044827881992,0.0012574721691849045,0.0,0.0,0.0,0.0034210509525385174,0.04533492175940297,0.020131792912411118,0.0,0.009197549342226536,0.0,0.0,0.02785264051494289,0.0,0.010744108323755285,0.04601292441795207,0.032674783486520295,0.023516515119811853,0.0,0.021529549798027205,0.004918975035419713,0.0,0.0,0.014240539739991103,0.0,0.0,0.005814523136086408,0.0,0.014944725560751758,0.0,0.018256987861418956,0.0,0.0,0.0,0.021694863157956306,0.007928237372965804,0.03378740586755859,0.02879306861039408,0.0,0.06411760767225057,0.02109259465732893
LFQ intensity D8_5,0.013766169148492553,0.0,0.0,0.0077910197741560645,0.002458971631567455,0.0070261519086902684,0.016831074729127805,0.0,0.008740333813678143,1.7247160652651262e-19,0.0032661529194435435,0.0,0.002458971631567455,0.013353249106917351,0.0,0.011667822534450862,0.03810988673186606,0.0026555863078267764,0.0,0.0,0.0075969277803018325,0.0,0.0,0.009955072066032035,0.0005272184686697519,0.005671225104735638,0.007643876835456792,0.0,0.0,0.014118159406683171,0.0,0.010101512511641014,0.006311641178401547,0.0,0.004572587364950844,0.016176907942247798,0.0,0.0,0.0045563856417558364,0.008734776246580818,0.0534521145871577,0.0,0.0,0.007650404175181462,0.0,0.0,0.000919486910943532,0.005240805360918117,0.0208485655834043,0.03577679581967255,0.0,0.0,0.0,0.0,0.01980029342875623,0.0,0.011548805422378475,0.020746008100342106,1.7247160652651262e-19,1.6528528958790793e-19,1.6528528958790793e-19,0.0,0.0,0.0,0.0,0.0,0.0,0.0,0.0,0.0,0.017144590219963306,0.0,0.00779086275323651,1.7247160652651262e-19,0.0,0.0,0.010784498546480718,0.007791019774156059,0.0,0.007673367699822905,3.5931584693023466e-20,1.7247160652651262e-19,0.021612087927892865,0.0,0.021612087927892862,0.02464491254368508,0.0,0.0,0.010540722998557676,0.0,0.0,0.0,0.0004967506422663555,0.002032286073531138,0.036549675322514526,0.01918303595016739,0.0,0.0045279472955893855,0.0,0.0,0.014780518443658294,0.0,0.011248413781923962,0.04912173771667524,0.03078269437652109,0.023007565132143852,0.0,0.02311235363385757,0.007727123445088065,0.0,0.0,0.0389151963921183,0.0,0.0,0.009947575610367828,0.0,0.014163968954168132,0.0,0.014375993291261706,0.0,0.0,0.0,0.021560604760166933,0.010788122307123447,0.027034458700262835,0.02231446033431903,0.0,0.06754642254382681,0.021113984726764238
LFQ intensity D8_6,0.014319208570581485,0.0,0.019819663120718145,0.010575482675664332,0.001172748750041674,0.004508048043675316,0.017720229204476193,0.0,0.006687792154827305,9.136821398667047e-20,0.005260354125646376,0.0,0.001172748750041674,0.018026433730348006,2.284205349666762e-19,0.0045467712551659194,0.05561341783157072,0.019744606596064924,0.0,0.0,0.0,0.0,0.0006799688627532065,0.011563516826158943,0.00010076564455629933,0.015470214547374595,0.010546226621728976,0.0,0.0,0.018685400881576036,0.0,0.0005016569468891892,0.002964604283753043,0.0,0.01020188122284061,0.028296346122979703,0.0,0.0,0.0021081250391793544,0.006683539702412359,0.05059460206874771,0.0,0.0,0.007733153306291824,0.0,0.0,0.014636345996686171,0.0,0.0,0.037136178054450214,0.0,0.0,0.0,0.0,0.006875195650183929,0.0,0.016375826162202883,0.02342851072629341,9.136821398667047e-20,4.5684106993335237e-20,4.5684106993335237e-20,0.0,0.0,0.0,0.0,0.0,0.0,0.0,0.0,0.0,0.013007389246625912,0.0,0.010136810269138081,9.136821398667047e-20,0.0,0.0,0.013000618715437694,0.010575482675664327,2.284205349666762e-19,0.0014710216092454027,1.2182428531556063e-19,0.0,0.02086837615771951,0.0,0.02086837615771951,0.019935440564738796,0.0,7.61401783222254e-20,0.006615403185385717,0.0006114426929243718,0.0,0.0,9.494242259384799e-05,0.0033531434450460723,0.041901644673432804,0.020476855919603715,0.0,0.00680538915136922,0.0,0.0,0.027627509871282714,0.0,0.007551843982430434,0.04427098905019772,0.03296337585112055,0.018506269509055373,0.0016838000252456255,0.021624625236961903,0.006434215106847378,0.0,0.0,0.0,0.0,0.0,0.008806869215970913,0.0,0.009615733693924683,0.0,0.010941009114903807,0.004223834737070339,0.0,0.0,0.026443627171186652,0.00881695873716338,0.03377823675870341,0.0281353040292057,0.0,0.061425225802991916,0.013678671743212025
LFQ intensity D8_7,0.017377775428949218,0.0,0.0,0.009267894528132491,0.0024787080356822935,0.006077008440937433,0.01677397185040348,0.0,0.005925219496807515,0.0,0.0033433417279713977,0.0,0.0024787080356822935,0.015736284542536658,2.9071703729601124e-19,0.007575003855226089,0.04407325974304449,0.0051750758119792324,0.0,0.0,0.0076560744953806026,0.0,0.0,0.010009735632529061,2.9817132030360127e-19,0.0026140734239402555,0.0043384921940992785,0.0,0.0,0.017797722928464682,0.0,0.011188171804984007,0.004346436266787435,0.0,0.006931255166041153,0.011612322682785118,0.0,0.0,0.007743582029708849,0.0059214519284718145,0.05869491462339067,0.0015468201232114924,0.0,0.005873024764559223,0.0,0.0,0.007220094347004311,0.0,0.0,0.052300629910637525,0.0,0.0,0.0,0.0,0.018364904024050204,0.0,0.015954190008461617,0.016826520304658574,7.454283007590032e-20,0.0005777279787967677,0.0005777279787967677,0.0,0.0,0.0,0.0,0.0,0.0,0.0,0.0,0.0,0.01447454867086802,0.0,0.009267707742145118,7.454283007590032e-20,0.0,0.0,0.004816462416686403,0.009267894528132484,2.9071703729601124e-19,0.00037083187378917975,2.3108277323529097e-19,7.454283007590032e-20,0.02092653621658094,0.0,0.020926536216580936,0.02167729460838089,0.0,1.3417709413662058e-19,0.005861084648839864,7.050124774227391e-06,0.0,0.0,0.0,0.0005661136512938688,0.04540475933830713,0.01876527722810116,0.0,0.010723989229264565,0.0,0.0,0.017922638582662086,0.0,0.00892141399548001,0.05167085469048563,0.03489159555750254,0.02181755961200839,0.0,0.021435389281308892,0.008047329237684982,0.0,0.0,0.03964231360115253,0.0,0.0,0.00725269203529987,0.0,0.0092463380422403,0.0,0.016471054091047974,0.0,0.0,0.0,0.021829435475356228,0.01278274444623127,0.0279159745601759,0.026327337951383936,0.0,0.06845995591895296,0.01793116231316981
LFQ intensity D9_1,0.010240027743537609,0.0,0.020599386646943486,0.007692706172072497,4.02437012144203e-19,0.001785665151861132,0.02146923371810648,0.0,0.006431438441083329,3.863395316584349e-19,0.00419134689766572,0.0,4.02437012144203e-19,0.019805118222962863,0.0,0.0,0.045136863754078306,0.0017954191748159403,0.0,0.0,0.005445652097400646,0.0,0.0,0.008264903153890116,1.4487732437191308e-19,0.00024281871628449868,0.011005530274230041,0.0,0.0,0.007633286961029984,0.0,0.0,0.0025275565504653654,0.0,0.007290286287013281,0.017364849359729012,0.0,0.0,0.005901555582477598,0.003324371889747884,0.055363033350557075,0.0,0.0,0.008564336550436426,0.0,0.0,0.0,0.0,0.019728274395674966,0.04134507153805144,0.0,0.0,0.0,0.0,0.01299427696067246,0.0,0.013728413566169308,0.034624640116680316,0.0,4.02437012144203e-19,4.02437012144203e-19,0.0,0.0,0.0,0.0,0.0,0.0,0.0,0.0,0.0,0.0020333395627429966,0.0,0.007229058029818788,0.0,0.0,0.0,0.019010919395886287,0.007692706172072492,0.0,0.007576538729989758,0.0,0.0,0.025767623099636712,0.0,0.025767623099636705,0.0261025997610429,0.0,0.0,0.007039944703769909,0.0011273099456741457,0.0,0.0,9.658488291460872e-20,0.0,0.03788735691616843,0.025880702587456336,0.0024964496544292404,0.004311757344034333,0.0,0.0,0.03173117190365861,0.0,0.010568249227609374,0.04983741593596511,0.02979793039917973,0.02136953882771234,0.0,0.02357519048100827,0.0043091028129748155,0.0,0.0,0.019513513945065078,0.0,0.0,0.01804425489875472,0.0,0.0,0.0,0.02606919303917473,0.0,0.0,0.0,0.027698988878197484,0.0004332894904465219,0.029397549044626017,0.02868528980052461,0.0,0.06490541512723386,0.01964391391187187
LFQ intensity D9_10,0.016003098467603612,0.0,0.007158120068291946,0.008065717041658914,4.8017970638912815e-19,0.0039039895176836005,0.019387216829934713,0.0,0.007637392851444368,5.487768073018607e-19,0.006269109713676147,0.0,4.8017970638912815e-19,0.017116104552396778,0.0,0.00018954534873561558,0.0413192989938799,0.0016249417301278132,0.0,0.0,0.007083486817123926,0.0,0.0,0.009444712355497022,0.0,0.0,0.008793126736800841,0.0,0.0,0.013801969973016625,0.0,0.005139056448285412,0.007708536822744186,0.0,0.01360009126601123,0.02377763914593517,0.0,0.0,0.0037789376100123306,0.0046853088049473935,0.05737483403128034,0.0,0.0,0.010318133382023116,0.0,0.0,0.008502655248672325,0.0013801951357932996,0.024071648373966806,0.03023847401743929,0.0,0.0,0.0,0.0,0.023187301145868935,0.0,0.01665640307921668,0.012595001054235035,0.0,4.8017970638912815e-19,4.8017970638912815e-19,0.0,9.908470131839152e-20,0.0,0.0,0.0,0.0,0.0,0.0,0.0,0.011682792845945433,0.0,0.007626641310442002,0.0,0.0,0.0,0.018720306912229888,0.00806571704165891,0.0,0.007943916767953635,3.8871690517215136e-19,0.0,0.023405371197055436,0.0,0.023405371197055436,0.02286519136477353,0.0,0.0,0.007554725360449218,0.001508239267265449,0.0,0.0,0.0,0.0,0.03912871329382396,0.023114763726597015,0.000258672702426293,0.006785943632141764,0.0,0.0,0.01751070306330368,0.0,0.0094963321521373,0.042051191973762364,0.032892498817435896,0.019344304259274202,0.0,0.026520496321372957,0.007803873165397332,0.0,0.0,0.01847867485204811,0.0,0.0,0.013075124683666724,0.0,0.010446356494140172,0.0,0.02498759525905792,0.0,0.0,0.0,0.023266483816663904,0.006816031888793331,0.031825053783462086,0.025378231257824294,0.0,0.0587228023447702,0.018505832682768283
LFQ intensity D9_11,0.01574628088752293,0.0,0.02258416140357691,0.010149649918434504,0.0,0.0027116580096825916,0.019478297307875845,0.0,0.007261269201464267,2.8498831243757753e-19,0.008615518151393664,0.0,0.0,0.02071204271608911,0.0,0.0,0.04287404738097159,0.006488516078788608,0.0,0.0,0.006853917827877552,0.0,0.0,0.010193830896721597,0.0,0.0021267747121952855,0.008714335966582075,0.0,0.0,0.004990484331985728,0.0,0.0,0.002385562179341039,0.0,0.008865627813587558,0.033825510574659386,0.0,0.0,0.0,0.005713162227602802,0.025314266310962275,0.0,0.0,0.011981834123487436,0.0,0.0,0.004700921908739923,0.0,0.0,0.03823915100017267,0.0,0.0,0.0,0.0,0.011756805435357497,0.0,0.019423348412240866,0.048603624149729796,0.0,0.0,0.0,0.0,0.0,0.0,0.0,0.0,0.0,0.0,0.0,0.0,0.0036466551026099487,0.0,0.00970589729564554,0.0,0.0,0.0,0.021041118078847027,0.010149649918434497,0.0,0.0009478056299509482,0.0,0.0,0.023780315235556244,0.0,0.02378031523555624,0.019002257149767506,0.0,0.0,0.007182672890131158,0.0010899303888443554,0.0,0.0,0.0,0.00019928629614898111,0.03869826839751544,0.02376426307512892,0.0022486538596085083,0.008930737240258798,0.0,0.0,0.04921208453312261,0.0,0.009067982349526773,0.046653336606072335,0.03280587849669433,0.019470039278771487,0.0,0.027425901437713323,0.008178000083685693,0.0,0.0,0.0,0.0,0.0,0.013626410326778669,0.0,0.013504382876131283,0.0,0.022826579528034685,0.0,0.0,0.0,0.024770467670138054,0.0,0.032529895095807115,0.027676112174274,0.0,0.059745953702536554,0.0180285511196655
LFQ intensity D9_12,0.011656693850923511,0.0,0.0031353508180826974,0.005852075296716878,0.0003419407500955377,0.008054934157161334,0.018822593218366407,0.0,0.007211635842904321,0.0,0.005879804403415027,0.0,0.0003419407500955377,0.0191100529854932,0.0,0.0,0.03779172627246,0.0031693724057404215,0.0,0.0,0.007383875941594586,0.0,0.0,0.010454253707780694,0.0,0.003174786668379246,0.011183209917053983,0.0,0.0,0.0035545688885272727,0.0,0.0,0.004402009903356435,0.0,0.010379397525170243,0.023699290286618498,0.0,0.0,0.0022769668503567464,0.004469069760907219,0.05458536559884281,0.0,0.0,0.010638617220491841,0.0,0.0,0.004902632025705949,0.0004234742582083555,0.012194035227824666,0.03711185649423062,0.0,0.0,0.0,0.0,0.0105498398121411,0.0,0.023094934788341154,0.046946877902496305,0.0,1.0615170671510716e-19,1.0615170671510716e-19,0.0,0.0,0.0,0.0,0.0,0.0,0.0,0.0,0.0,0.007799178862872056,0.0,0.0054153266117589255,0.0,0.0,0.0,0.01659810484642843,0.005852075296716873,0.0,0.014671161331378245,3.032905906145919e-19,0.0,0.024342367143256927,0.0,0.024342367143256927,0.02349370322149896,0.0,0.0,0.007133576765323831,0.0011334031143390893,0.0,0.0,0.0,0.0,0.03903787201282809,0.023212498722363847,0.0012280436469848945,0.007099443143901122,0.0,0.0,0.04293968459577619,0.0,0.010458920273895328,0.046107836513755496,0.03224289376595902,0.02102663167677186,0.0,0.0267892520045441,0.0080523190118566,0.0,0.0,0.0,0.0,0.0,0.016521414757883875,0.0,0.007075143372211085,0.0,0.021625466125267993,0.0,0.0,0.0,0.02419656914764125,0.0,0.03171691598485795,0.02666582982232684,0.0,0.06094747835754868,0.019481339197312784
LFQ intensity D9_2,0.0,0.0,0.005067686884177837,0.009158502812257264,0.0006524353102654272,0.00040013402542869405,0.02258272702865479,0.0,0.0066384195510982135,0.0,0.008074076127008493,0.0,0.0006524353102654272,0.020806319904296593,0.0,0.0,0.060085015265398486,0.0,0.0,0.0,0.0,0.0,0.0,0.012527634411353347,0.0,0.0060083297977962975,0.0,0.0,0.0,0.007667580438537007,0.0,0.0118258851587853,0.0,0.0,0.00900197239677569,0.024981978231671753,0.0,0.0,0.0026164212837122788,0.0030962746305222477,0.02618234043027611,0.0,0.0,0.010755524057659354,0.0,0.0,0.00954202189515135,0.0,0.011078307554476939,0.033035933971584434,0.0,0.0,0.0,0.0,0.0078116131384366825,0.0,0.01587263708104083,0.030275224084557087,0.0,0.0,0.0,0.0,0.0,0.0,0.0,0.0,0.0,0.0,0.0,0.0,0.013492617432179634,0.0,0.00863265164131441,0.0,0.0,0.0,0.022487553523078088,0.009158502812257259,0.0,0.009020200396799101,2.3733859045809463e-19,0.0,0.02516533350472841,0.0,0.025165333504728406,0.02691735702072026,0.0,1.460545172049813e-19,0.006566564992986982,0.0,0.0,0.0,0.0,0.0,0.05027898196670654,0.027759082351568445,0.0,0.01629959172923747,0.0,0.0,0.02816058434772882,0.0,0.0,0.05362896079368408,0.033760352533976815,0.013076798046733645,0.0,0.02858664959985988,0.009806524802147056,0.0,0.0,0.022131078686031664,0.0,0.0,0.020464731576249257,0.0,0.0,0.0,0.022450094142006487,0.0,0.0,0.0,0.026222095654503213,0.0,0.035432670420104555,0.02811588496328881,0.0,0.07160079035479804,0.00922158242139485
LFQ intensity D9_3,0.015590184942358663,0.0,0.006001565392879321,0.0061022757482434254,0.0004993094224665617,0.007877809124491446,0.01317075004626541,0.0,0.007932040678896907,1.206781286673108e-19,0.00841357401490755,0.0,0.0004993094224665617,0.014393677367116157,0.0,0.0,0.04701938235410759,0.012537432738414659,0.0,0.0,0.006803175670360035,0.0,0.0,0.012428179810169299,1.0559336258389696e-19,0.0,0.00991839780872859,0.0,0.0,0.021563930344714072,0.0,0.00876646933917474,0.0,0.0,0.010738011467309476,0.028155398674418273,0.0,0.0,0.0,0.0032175444465399766,0.0492944984670979,0.0,0.0,0.0112513272173179,0.0,0.0,0.0,0.0,0.015925737612078807,0.03184963662062937,0.0,0.0,0.0,0.0,0.014017462405787755,0.0,0.016575243451128634,0.035335086505515194,0.0,0.0,0.0,0.0,0.0,0.0,0.0,0.0,0.0,0.0,0.0,0.0,4.5254298250241555e-20,0.0,0.005667818641471409,0.0,0.0,0.0,0.02607645626099798,0.006102275748243419,1.6593242691755236e-19,0.0060101253724588214,3.01695321668277e-20,1.206781286673108e-19,0.025814987982126017,0.0,0.025814987982126014,0.01987860718863998,0.0,0.0,0.007846183906284792,0.0018483607017132154,0.0,0.0,0.0,0.0,0.039942770065324026,0.021737797701491732,0.0,0.008562107402968522,0.0,0.0,0.02951841235995607,0.0,0.006679823364674911,0.04805902940825219,0.027762744999419272,0.019779375486622217,0.004854966970713359,0.021735248399233152,0.005519079956398998,0.0,0.0,0.01901841575256563,0.0,0.0,0.01527326107367314,0.0,0.0,0.0,0.022795691407557904,0.0,0.0,0.0,0.02056722944061456,0.0034526666360717453,0.027548109230878172,0.02788125272194749,0.0,0.07229171267270519,0.01608309007128591
LFQ intensity D9_4,0.00983766271186374,0.0,0.006921300006797226,0.006008612819017682,0.0,0.0025236036465940835,0.021443076247086534,0.0,0.006661024666563317,0.0,0.003599936867729709,0.0,0.0,0.01328183095841401,0.0,0.0012359410061830638,0.05090785250362094,0.0,0.0,0.0,0.007367982139070021,0.0,0.0,0.011845584505206789,0.012900723142881624,0.006217941046025339,0.0,0.0,0.0,0.015822797167344575,0.0,0.0,0.005957454835637532,0.0,0.01326405773611923,0.02866534058371176,0.0,0.0,0.0,0.003607250772935257,0.028415224353286184,0.0,0.0,0.009322408551193748,0.0,0.0,0.0,0.002377706992293751,0.016400033786457678,0.03223112023430086,0.0,0.0,0.0,0.0,0.012260719908462047,0.0,0.01386026350951009,0.02836533211108391,0.0,0.0,0.0,0.0,0.0,0.0,0.0,0.0,0.0,0.0,0.0,0.0,0.009235490787113209,0.0,0.005545563324241708,0.0,0.0,0.0,0.02204146198387475,0.00600861281901768,0.0,0.01536181864782938,7.717376543000505e-19,0.0,0.02455301635274219,0.0,0.02455301635274219,0.019238681658534044,0.0,0.0,0.007472881607437899,0.0016831157327551827,0.0,0.0,0.0,0.0,0.04265083540062546,0.0278822994320647,0.0,0.004054693876905473,0.0,0.0,0.01776017952865992,0.0,0.006886519094741644,0.05661707324046246,0.03340260895484647,0.021381565804616684,0.0,0.029257464472371954,0.009007453167775303,0.0,0.0,0.020270488286311276,0.0,0.0,0.018022270319296155,0.0,0.009095826646577763,0.0,0.025175039611588745,0.0,0.0,0.0,0.024445390953051465,0.0,0.03399320342099567,0.02594168979151352,0.0,0.06903018011274141,0.01812877580917501
LFQ intensity D9_5,0.01229016965641337,0.0,0.007229203940338313,0.00771707507373245,1.6088504229421612e-19,0.005403574063889448,0.021457262071637503,6.435401691768645e-20,0.006366375030978317,3.0568158035901066e-19,0.0020337504240713913,0.0,1.6088504229421612e-19,0.018989011507119565,6.435401691768645e-20,0.0006407995926915129,0.04440964095711102,0.0,0.0,0.0,0.00754507691342565,0.0,0.0,0.007665913932257937,0.0,0.007712740075868536,0.009067743139954188,0.0,0.0,0.008501148171856496,0.0,0.0036527107923040735,0.015946297228156905,0.0,0.010360196649877343,0.030223207973819315,0.0,0.0,0.001171245393773654,0.0034575212716000496,0.024195287167277202,0.0,0.0,0.014627650405344616,0.0,0.0,0.0,0.0031950810259743956,0.015571269566385732,0.035479642910611946,0.0,0.0,0.0,0.0,0.012313702337783249,0.0,0.013909504057357093,0.034294278411038444,3.0568158035901066e-19,1.6088504229421612e-19,1.6088504229421612e-19,0.0,0.0,0.0,0.0,0.0,0.0,0.0,0.0,0.0,0.006968703958964648,0.0,0.007253684892772997,3.0568158035901066e-19,0.0,0.0,0.020635118717982424,0.007717075073732447,6.435401691768645e-20,0.0076005396372263,0.0,0.0,0.02530338887605055,0.0,0.025303388876050544,0.024769974463769037,0.0,0.0,0.006297465095247358,0.0,0.0,0.0,0.0,6.803488824387666e-05,0.038221006776133624,0.02338657000436692,0.0030522207413695144,0.011960765614088974,0.0,0.0,0.03433811892660016,0.0,0.010224364571624012,0.049809625660245584,0.03421176608962101,0.017775262493983493,0.0,0.027180004584197726,0.0063906247838439525,0.0,0.0,0.019502632844538386,0.0,0.0,0.017168155643312654,0.0,0.01175618588403811,0.0,0.022274480109505564,0.0,0.0,0.0,0.027826208884603475,0.00025493570763788966,0.029381156421170635,0.02489143571063961,0.0,0.053552401499550185,0.01949762282623858
LFQ intensity D9_6,0.018205395661605533,0.0,0.0027530874587675127,0.00790772343264283,3.129249750695905e-20,0.008488502057153688,0.016812028660363024,2.503399800556724e-19,0.012768091123201491,1.251699900278362e-19,0.0032727114867750996,0.0,3.129249750695905e-20,0.014383023533292991,0.0,0.006684866360410829,0.04575444753044126,0.009497923691459107,0.0,0.0,0.008105157546917034,0.0,0.0,0.013140418996004023,9.387749252087716e-20,0.009780459282761443,0.01258330611647704,0.0,0.0,0.01846214453038951,0.0,0.010456690887893924,0.0,0.0,0.00910025565629616,0.01970188323663768,0.0,0.0,0.0,0.007875225406759468,0.0498596715288759,0.0,0.0,0.00994294954422946,0.0,0.0,0.0,0.0,0.012581393184445058,0.0401822981676382,0.0,0.0,0.0,0.0,0.011071998746289603,0.0,0.014017755594865263,0.0025803008744973554,0.0,3.129249750695905e-20,3.129249750695905e-20,0.0,0.0,0.0,0.0,0.0,0.0,0.0,0.0,0.0,0.007190337663900916,0.0,0.0074570632258475515,0.0,0.0,0.0,0.020638426746767573,0.007907723432642825,2.503399800556724e-19,0.007788309018089618,1.8775498504175432e-19,1.251699900278362e-19,0.027797376763561695,0.0,0.02779737676356169,0.0196810094954508,0.0,0.0,0.004349774548116832,0.0,0.0,0.0,0.0,0.003911052809289309,0.035768955917772176,0.016501342489656786,0.0031558522770735293,0.0053774422645117,0.0,0.0,0.004591107060090421,0.0,0.010014163312241108,0.06045008126359531,0.030891725919318457,0.02203514389841816,0.0,0.025774674767541597,0.007351401183403358,0.0,0.0,0.019726316080493893,0.0,0.0,0.01753845273903038,0.0,0.0,0.0,0.024784372440943513,0.0,0.0,0.0,0.028219337270480857,0.004660755010420674,0.033080637515965426,0.026974375004243826,0.0,0.07255784903534403,0.020057853785135533
LFQ intensity D9_7,0.017479801421015902,0.0,0.0018716183489972424,0.006717157697800452,0.0003309103482255585,0.0019516604755695725,0.021007573858682547,0.0,0.00962719162469328,0.0,0.006621888172227538,0.0,0.0003309103482255585,0.012750848293512564,5.355452597537893e-19,0.0,0.04107112523373143,0.009896017566910551,0.0,0.0,0.007696112270027857,0.0,0.0,0.008984263370866129,0.0,0.003367666626903673,0.00876128715857781,0.0,0.0,0.020907000527762155,0.0,0.009391790086308908,0.0034645073078865664,0.0,0.006415205457909402,0.021296055478086842,0.0,0.0,0.0,0.006513933755404216,0.06161914494415849,0.0,0.0,0.007308955982192509,0.0,0.0,0.009971342952205335,0.0,0.016237639738423983,0.027276087104664882,0.0,0.0,0.0,0.0,0.01969224398933295,0.0,0.017210965605558865,0.018511736118148825,0.0,0.0,0.0,0.0,0.0,0.0,0.0,0.0,0.0,0.0,0.0,0.0,0.004125938619593408,0.0,0.006263495858568102,0.0,0.0,0.0,0.02075532951664784,0.006717157697800448,5.355452597537893e-19,0.006615721998793417,2.8352396104612376e-19,0.0,0.026064275023970285,0.0,0.026064275023970282,0.025691812417387844,0.0,0.0,0.011781996970379268,0.0,0.0,0.0,1.8901597403074917e-19,0.0,0.040719885637375386,0.0234955508444312,0.0,0.007774424562067618,0.0,0.0,0.020635475515145506,0.0,0.009404780357724844,0.050400978503933234,0.030245364315500126,0.02275328000558344,0.005427712672247783,0.023817445290240546,0.00632502811723363,0.0,0.0,0.0,0.0,0.0,0.01908097888609129,0.0,0.017139588940229798,0.0,0.0209370287568285,0.0,0.0,0.0,0.018422664726695438,0.0020069944734032123,0.030115516082843026,0.02363266293172415,0.0,0.07064801496106789,0.018653979428510898
LFQ intensity D9_8,0.017945559846703863,0.0,0.020032982506839502,0.008728168634908306,0.0018278951305676168,0.005523918944082462,0.016793775717176752,0.0,0.009103503280902581,0.0,0.004817421802454189,0.0,0.0018278951305676168,0.010824705597050913,9.569250357259291e-20,0.0027153094266640673,0.04764957010967428,0.0,0.0,0.0,0.006891805083195424,0.0,0.0,0.009817360013565321,0.0,0.006646236965395917,0.008243852626105596,0.0,0.0,0.013180268618100515,0.0,0.004372598569060811,0.010248323179046715,0.0,0.011603599411557317,0.025438859360886017,0.0,0.0,0.0,0.006218141857006449,0.05683839392799498,0.0028971211456656136,0.0,0.011278323978343129,0.0,0.0,0.0053351900372038885,0.0,0.012824639643873773,0.032622341211964556,0.0,0.0,0.0,0.0,0.0,0.0,0.015711586410338603,0.01660210499289493,0.0,0.0,0.0,0.0,0.0,0.0,0.0,0.0,0.0,0.0,0.0,0.0,0.008792941588671539,0.0,0.008727992726605568,0.0,0.0,0.0,0.023971772609288886,0.008728168634908303,9.569250357259291e-20,0.00859636468949504,2.870775107177787e-19,0.0,0.0243100791778015,0.0,0.024310079177801498,0.021988477321191163,0.0,0.0,0.010026561191181813,0.00427456317254338,0.0,0.0,0.0,0.0,0.03736723716284631,0.025493495184775745,0.0012014417047689345,0.0016352523019388923,0.0,0.0,0.004722755865293592,0.0,0.008701664543498404,0.0493769517401341,0.027699648889644577,0.020083519686167083,0.006092628391734663,0.02335080771042231,0.00581863525995333,0.0,0.0,0.029924902136082406,0.0,0.0,0.00971590755141451,0.0,0.0,0.0,0.024179547135096624,0.0,0.0,0.0,0.0336907842439467,0.0,0.029125935468239394,0.028862924189377342,0.0,0.06654119231548157,0.018126315069903164
LFQ intensity D9_9,0.015542163588461663,0.0,0.0017950379520265322,0.007681657310198423,0.0009314204095507769,0.003949008081463572,0.018299768096398453,3.5415882555256706e-19,0.006478181753331073,0.0,0.004140601540868097,0.0,0.0009314204095507769,0.015537707540754635,0.0,0.00023032759835559536,0.046730628511573766,0.0,0.0,0.0,0.007518905549770844,0.0,0.0,0.009425327683874732,0.0,0.0,0.008822545170026723,0.0,0.0,0.004330118047428845,0.0,0.009096956715803439,0.010805194849642905,0.0,0.009041044153636855,0.023614381054816138,0.0,0.0,0.0044214076764888775,0.0033644790878307896,0.06422358140904816,0.0,0.0,0.009597713579710255,0.0,0.0,0.0,0.0,0.0015167435252914474,0.03411471319193389,0.0,0.0,0.0,0.0,0.019607493907083485,0.0,0.012836228879531774,0.024684057744322155,0.0,0.0,0.0,0.0,0.0,0.0,0.0,0.0,0.0,0.0,0.0,0.0,0.010369002480336318,0.0,0.007217990734311593,0.0,0.0,0.0,0.01950804389758097,0.00768165731019842,3.5415882555256706e-19,0.007565656716815359,1.6098128434207592e-20,0.0,0.026026022070603113,0.0,0.026026022070603106,0.022174227680745496,0.0,0.0,0.007485202052698795,0.0018115040277743276,0.0,0.0,0.0,0.0,0.03926017232311043,0.0235385871114803,0.0028733030103360057,0.002774576543734697,0.0,0.0,0.022659436603011212,0.0,0.00907174650595845,0.052497282170178454,0.03362689489694089,0.018995780322469548,0.0,0.02692815612401438,0.007109823736180065,0.0,0.0,0.0202960322823031,0.0,0.0,0.018044981207869584,0.0,0.010797533037306746,0.0,0.025906924292860293,0.0,0.0,0.0,0.0287345245024984,0.009857498200068844,0.031169761741081704,0.02152133601613577,0.0,0.06067707976241006,0.01852442554960892
