,AIA,AIB,AIY,AIZ,ALA,AS,AVA,AVB,AVE,AVF,AVH,AVL,AVM,Amphid socket,Anal muscle,Apoptotic germ cells,Body wall muscle anterior,Body wall muscle middle,Body wall muscle posterior,CAN,CEP_ADE_PDE,Cephalic sheath,Coelomocytes,DA_VA,DB_VB,DVB,Differentiated germ,Distal tip,Dorsal uterine cell,Excretory cells,Excretory duct,Excretory gland,GLR,Glia_1,Glia_2,Glia_3,Glia_4,Hypodermis head,Hypodermis tail,Intestinal-rectal valve,Intestine anterior,Intestine middle,Intestine posterior,M2,Marginal cells,Meiotic germ cells,Mitotic germ cells,Oocytes,PDA,PLM_ALM,PLN,PVC,PVD_FLP,PVM,PVP,PVR,PVT,PVW,Phasmid socket,RIB,RID,RIH,RIM,RIV,RMD,RMD_LR,RME,RMG,Rectal gland,SAA,SAB,SDQ,SIA,SIB,SMB,SMD,Seam cells (grd+),Spermatheca bag distal,Spermatheca bag proximal,Spermatheca neck distal,Spermatheca neck proximal,Spermatheca-Uterine junction,Syncitial pachytene spermatocytes,URX_AQR_PQR,Unassigned hypodermis/gonadal sheath,Unassigned sex-specific muscle,Unassigned sheath cells,Unassigned uterine cells,Uterine muscle,Uterine seam cells,Uterine toroid,Uterine-vulval cells,VC,VD_DD,Vulval cells,XXX,cat-4(+)ptps-1(+) intestine anterior,e1_e3 (pharyngeal epithelium),e2 (pharyngeal epithelium),g1P (pharyngeal gland),hmc,hyp4_to_hyp6,hyp7 (hypodermis),pm1_pm2 (pharyngeal muscle),pm3_pm4_pm5 (pharyngeal muscle),pm6_pm7 (pharyngeal muscle),sh1 (gonadal sheath distal),sh2 (gonadal sheath distal),sh3_sh4 (gonadal sheath proximal),sh5 (gonadal sheath proximal),vm1 (vulval muscle),vm2 (vulval muscle)
LFQ intensity D1_1,0.0,0.0,0.021235196830863196,0.01659483433041587,0.0,0.03477118179242882,0.0,0.03779288827582068,0.036154871437548856,0.024995302082902352,0.03087472374459151,0.0001304537847117964,0.0,0.0,0.012905117716351312,0.002780902703625435,0.010327367609761565,0.017688658304375243,0.0,0.00448655806515703,0.0,0.0,0.0,0.0,0.0,0.0,0.09475727609438057,0.004458534754649296,0.0021142093876177883,0.0,0.033393160894936345,0.0,0.005862643958715826,0.0,0.020619288407771365,0.0,0.0025451175709714693,0.047070356318288424,0.0,0.006854246347131409,0.0,0.008867694253608881,0.019650412250038857,0.0,0.020993813891972666,0.02138960575881949,0.0,0.0,0.0,0.0007523186337697504,0.0,0.027980490481043875,0.0,0.0,0.0,0.0,0.031940565069658144,0.018785745686624788,0.0,0.040028068297378074,0.0,0.0,0.0,0.0,0.009984026228619042,0.0,0.0,0.010610647335146077,0.005224927017478533,0.025593681660035172,0.0,0.03663365396537952,0.0,0.0,0.0,0.03231010986941318,0.0,0.002401267427677819,0.001991360730127409,0.0037391588811114826,0.0,0.0,0.009010934019650975,0.0,0.0,0.0,0.006362838721451865,0.011639603870659817,0.0,0.0021810220682374226,0.0,0.01297218557234296,0.0,0.0,0.0,0.006244765029017656,0.0,0.0,0.0,0.0,0.0,0.020115556904115633,0.010637999999661508,0.0,0.06112986101906091,0.0,0.0,0.02858472825125366,0.0,0.022800045259372678,0.021030021434255967,0.0
LFQ intensity D1_10,0.0,0.007763389309209767,0.05040200787881114,0.013318111239980758,0.0,0.029169364127206377,0.0,0.030300875287610586,0.023582325139663407,0.0,0.019777174363846323,0.0030598992883987216,0.0,0.0,0.014225396854855002,0.0038923725644623534,0.0,0.029888091569888836,0.0071409213493847075,0.0020257193222657024,0.0,0.0,0.0,0.0,0.0,0.0,0.0970152676178035,0.0,0.0014421403396062086,0.003769254390226034,0.01695887106818826,0.0,0.0,0.0,0.005907426360869981,0.0,0.010735525529962141,0.026604990812840276,0.0,0.006913584019286406,0.0,0.005396533379918134,0.02791771290862226,0.0,0.02270483163048334,0.02608873142728895,0.0,0.0,0.0,0.0,0.0,0.06416459109318867,0.019776803853392463,0.0,0.0,0.0059234884254879,0.028236213397884125,0.01943935281671773,0.009355409656501563,0.03945154475302898,0.0,0.0,0.0,0.0,0.021643475116461464,0.0,0.0,0.013206470636676253,0.005186351100745031,0.022170105545390104,0.0,0.002356958747225992,0.0,0.0,0.0,0.028058961474345567,0.014507644311637027,0.0009455342635352678,0.0017808608309516068,0.004335410276458914,0.0,0.0,0.0027607852794572165,0.0,0.0,0.0,0.0019296128861479634,0.00724152258177602,0.0008927442528370654,0.0018888899223863849,0.0,0.008565373590272032,0.0,0.0,0.0,0.0056483664710883195,0.0,0.0,0.0,0.0,0.0,0.036567208665146574,0.0,0.0,0.05894640397497622,0.0,0.0,0.024125393503682847,0.0,0.032517422873789115,0.03237658191813243,0.0
LFQ intensity D1_11,0.0,0.0040960973874139646,0.05276662089139846,0.013770640913492248,0.0,0.01781844234614132,0.0,0.017426285578778702,0.04154688364044553,0.0043184425388447835,0.023317163036200076,0.0035667433745909093,0.0,0.0,0.007411375041623202,0.0014497084686373406,0.009808056435154311,0.021517819442557425,0.0009545772916802366,0.0062290798888891075,0.009690601791071615,0.0032202935471998136,0.0012216170428756144,0.0,0.0,0.0,0.10158652894176234,0.001542262268560992,0.008836390876346354,0.0,0.03308642596334985,0.0,0.0,0.0,0.012057861490204096,0.0,0.0,0.052447246953868265,0.0,0.008958390935315502,0.0,0.007583526271607111,0.03744682744959121,0.0,0.023947802617549634,0.01815355579957066,0.0,0.0,0.0,0.0,0.0,0.05404443479950348,0.01779643119684049,0.0,0.0,0.00196333229641597,0.024099888080051642,0.01558940069750514,0.0,0.04880404572094036,0.0,0.0,0.0,0.0,0.006710018509545263,0.0,0.0,0.008147246698134781,0.0055502664161480916,0.010817878950728096,0.0,0.0075432459666293465,0.0,0.0,0.0,0.037644790064142834,0.0,0.0,0.0025487059883603606,0.0037330715630238104,0.0,0.003986832200441799,0.012449646673368356,0.0,0.0,0.0,0.009294294793050663,0.004484434424322325,0.0042271295647121196,0.0049990347552027825,0.0,0.010103352524124757,0.0,0.0,0.0009698457299239252,0.008561783243650737,0.0,0.0,0.0,0.0,0.0,0.00834547654243179,0.013665592170655293,0.0,0.04937191541120858,0.0,0.0,0.03320183927603793,0.0,0.022071815532329547,0.023496981985849028,0.0
LFQ intensity D1_2,0.0,0.0032918800845543883,0.06371880396300157,0.007949865590820608,0.0,0.02724726249946501,0.0,0.025013882846769708,0.037995948434721455,0.0,0.02966952131213738,0.0,0.0,0.0,0.0006834602531304636,0.0069391923847757905,0.0077756617422932986,0.025481668938810008,0.004566491488487549,0.007793886291393458,0.01489996029666422,0.0,0.0,0.0,0.0,0.0,0.10764108561832898,0.00922235606627588,0.003106324297896998,0.0,0.029318849949562225,0.0,0.005550488107692803,0.0,0.0,0.0,0.004568045715961539,0.059701191172660255,0.0,0.005393281379685904,0.0,0.005714753095988283,0.030595193762699594,0.0,0.024064064338645223,0.021514203116157267,0.0,0.0,0.0,0.0,0.0,0.03169357053623101,0.024323354345742697,0.0,0.000651654384994729,0.0,0.039818993194344954,0.014615837795986157,0.0,0.0416319370406922,0.0,0.0,0.0,0.0,0.015238113528918976,0.003802270651318023,0.0,0.01103264470484241,0.007415804334510099,0.015604396647057971,0.0,0.01087226804338356,0.0,0.0,0.0,0.028022236179844548,0.0038622426601757106,0.0,0.005413270928192869,0.0005443986205478666,0.0,0.004337264340172431,0.0038374278668551636,0.0,0.0,0.0,0.0009446775747169396,0.011435949603323399,0.0,0.003861999413033839,0.0,0.007719478307297696,0.0,0.0,0.010328896051065135,0.005960564694778009,0.0,0.0,0.0,0.0,0.0,0.0,0.007004837766187898,0.0,0.06080487371323075,0.0,0.0,0.02848899184908742,0.0,0.021892303796016845,0.009422418678870783,0.0
LFQ intensity D1_3,0.0,0.00021550875221348044,0.04727528215874872,0.006179449350726828,0.0,0.02933953717417432,0.0,0.012237481496403349,0.035782894800028886,0.005470287452510411,0.02133219878178595,0.001073717875580589,0.0,0.0,0.0,0.004130562251070753,0.008249601338260623,0.025412400042672055,0.0,0.004220523074440609,0.0005553421631042388,0.0,0.002415878310843923,0.0,0.0,0.0,0.10937510647084588,0.008058489853672518,0.009446145466379618,0.0,0.03524104942589247,0.0,0.003785432565769252,0.0,0.0,0.0,0.0014368149390438436,0.06374647925820912,0.0,0.0032556941531607098,0.0,0.009093305588931065,0.027488758899431042,0.0,0.02277540165311218,0.02139447233891175,0.0,0.0,0.0,0.0,0.0,0.05364143557253488,0.020859463415381092,0.0,0.0,0.0024912558327792435,0.024244072345476417,0.029865760192136805,0.0,0.03952313181278236,0.0,0.0,0.0,0.0,0.012275054591616787,0.0031168129020537005,0.0,0.012881556823744115,0.005610638700652939,0.010186090084092981,0.0,0.010673674522623357,0.0,0.0,0.0,0.03636866449852109,0.011551101439878066,0.0,0.0012669104906417464,0.006798739422797231,0.0,0.003872289861342129,0.003123130934215923,0.0,0.0,0.0,0.005701948022787793,0.005586724786355289,0.0,0.0031557819001421933,0.0,0.012835959332295482,0.0,0.0,0.009407654970506569,0.012871092596629915,0.0,0.0,0.0,0.0,0.0,0.0,0.0,0.0,0.057031284410108546,0.0,0.006677798524682364,0.03750390355090558,0.0,0.027349062761175394,0.014541190065215827,0.0
LFQ intensity D1_4,0.0,0.006878235537210507,0.04028818110289221,0.011117914107421368,0.0,0.025401352996075346,0.0,0.024809621136175877,0.020033046721848777,0.002205941550050964,0.020086194529488056,0.005058395870747001,0.0,0.0,0.00797510891512345,0.004322370568576762,0.006602727752834858,0.027731718539063602,0.0033151037259955864,0.003092353529162119,0.003255603626694538,0.0,0.0,0.0,0.0,0.0,0.11019955885099442,0.0,0.0065912801530705065,0.0,0.03853637093032526,0.0,0.0,0.0,0.0,0.0,0.004351482820501911,0.037951651587570766,0.0,0.005757151835188211,0.0,0.0,0.024171449516400635,0.0,0.020356448625564537,0.021839816737498876,0.0,0.0,0.0,0.0,0.0,0.04385115401088231,0.01416099389069604,0.0,0.004433805181669004,0.0,0.03324094278524855,0.03141201286466122,0.01910631636192676,0.03570388772369398,0.0,0.0,0.0,0.0,0.027420891429816106,0.0,0.0,0.019028887519084856,0.005132028016982988,0.010014117072263259,0.004380154781481735,0.01154223811493497,0.0,0.0,0.0,0.022208283489154535,0.008713718669817612,0.0,0.0,0.008383815372411868,0.0,0.0044105690148239585,0.00507239423525873,0.0,0.0,0.0,0.006378387679748495,0.005666978625306169,0.0022228619944264535,0.0020542529733493194,0.0,0.012922115240210844,0.0,0.0,0.0,0.018564014527295995,0.0,0.0,0.0,0.0,0.0,0.006728369461713438,0.007564802710550007,0.0,0.056899285848619884,0.0,0.003321500462928581,0.03204182029022417,0.0,0.028103519149142255,0.027386799235199884,0.0
LFQ intensity D1_5,0.0,0.004811290013603074,0.05311208689524235,0.01276011908887375,0.0,0.026457668073806916,0.0,0.018732496667180507,0.024211956630038577,0.007085253726013606,0.02265190686919489,0.0,0.0,0.0,0.004060418321938402,0.002086755485235592,0.006702646817805385,0.026341723175103835,0.003880370384856632,0.006444387608840821,0.01218234529934499,0.0,0.0,0.0,0.0,0.0,0.10089420843052715,0.0036523442889272954,0.010619826085146515,0.0,0.026876184021284773,0.0,0.0,0.0,0.001545411051002787,0.0,0.004873234656966292,0.03774568091283559,0.0,0.013275537009350533,0.0,0.00866264189210676,0.03866330264157506,0.0,0.023491362288665454,0.019877931007686755,0.0,0.0,0.0,0.0,0.0,0.04664162539147431,0.02250047443313222,0.0,0.0,0.0,0.031940385240490594,0.016323690746559552,0.018598818911824605,0.05047448672177525,0.0,0.0,0.0,0.0,0.016529813032375714,0.003461092498254314,0.0,0.006130524329309628,0.0064859553418146,0.015165225428220382,0.0,0.004686859466817772,0.0,0.0,0.0,0.0311833284618436,0.005395778562114631,0.003475802083756735,0.0011802007944211896,0.003620337370451894,0.0,0.0034584777013621747,0.004850244030272724,0.0,0.0,0.0,0.00987678502316533,0.004653287287304006,0.003099767549975525,0.004670769858857631,0.0,0.005902421328220514,0.0,0.0,0.0,0.008537880541839314,0.0,0.0,0.0,0.0,0.0,0.020280395459134317,0.00997797741500691,0.0,0.04928035779020832,0.0,0.0,0.020210645529584004,0.0,0.02390894424426908,0.02579855808300887,0.0
LFQ intensity D1_6,0.0,0.01311061812839065,0.05203854757307452,0.01367771372273409,0.0,0.030454337710206354,0.0,0.02127768178773676,0.022290588039509975,0.011573026572531831,0.02165070473482881,0.0,0.0,0.0,0.02157057168216194,0.006227963543544525,0.0,0.020711789721690566,0.0,0.004912066050283474,0.004737594184263462,0.0007800352008818672,0.0,0.0,0.0,0.0,0.095952984241237,0.011567104379081521,0.003918754786841939,0.0,0.05850273833689093,0.0,0.0,0.0,0.02992156683888407,0.0,0.004385627863931938,0.0,0.0,0.0070548298099323,0.0,0.0,0.03255560274830503,0.0,0.021997089456162595,0.019831098423595633,0.0,0.0,0.0,0.0,0.0,0.037873067231389966,0.017117970688375752,0.0,0.0,0.0,0.027652744582893612,0.022383855917381647,0.0,0.04108748048840679,0.0,0.0,0.0,0.001393966162073298,0.02076257602885391,0.0037757559818231657,0.0,0.010919467746016225,0.005645980870036991,0.006574870152391549,0.0,0.0,0.0,0.0,0.0005048087635144893,0.02363716582278907,0.01193027947232954,0.0,0.00010934549297810357,0.004061143030566313,0.0001037395735172023,0.004520997193337725,0.0030267637541531098,0.0,0.0,0.0,0.01732221284358781,0.010283210715012045,0.009003868306604353,0.004941827996189025,0.0,0.014762546493273365,0.0,0.0,0.0,0.01221305441019959,0.0,0.0,0.0,0.0,0.0,0.0,0.017285315532443002,0.0,0.060420706160915216,0.0,0.002257014981245826,0.03032556509112994,0.0,0.018839253050209042,0.02856280992966056,0.0
LFQ intensity D1_7,0.0,0.00866762952729968,0.06663902084140737,0.000597981426835727,0.0,0.024917146472588834,0.0,0.03109258816765423,0.03947766366972818,0.00013272147879861372,0.03491454526872575,0.0013828487465779111,0.0,0.0,0.001938474532908509,0.005835062196126445,0.010271183160869722,0.022377308698852235,0.0007434184181575732,0.00870278876325888,0.015262876529703836,0.0,0.0,0.0,0.0,0.0,0.10257879960647667,0.009181308719328027,0.0034405601164770798,0.0,0.01663006054671301,0.0,0.005984349470115109,0.0,0.00881667368709686,0.0,0.0077067793133847795,0.03113395717577354,0.0,0.0023063157405147226,0.0,0.004457177220914237,0.032570997164200574,0.0,0.026371419187240116,0.023308546360303592,0.0,0.0,0.0,0.0,0.0,0.0322097980424595,0.024247345931508863,0.0,0.0,0.0,0.03203201038537039,0.01688863753662195,0.0,0.04559838995786129,0.0,0.0,0.0,0.0,0.01217413443346452,0.0008116719012102649,0.0,0.012650016478671608,0.006458930022581127,0.025040021366891072,0.0,0.010050394922822253,0.0,0.0,0.0,0.024556060779836283,0.012481092804985982,0.0,0.005387434798204442,0.0030587737046220823,0.0,0.00572624757625329,0.0,0.0,0.0,0.0,0.004302522309736919,0.005146276170880023,0.0,0.0037479151664333,0.0,0.004716017221001341,0.0,0.0,0.0,0.0009637883319307592,0.0,0.0,0.0,0.0,0.0,0.027480467127441555,0.0,0.0,0.06078825016528027,0.0,0.0,0.03475153507095981,0.0,0.02716013770270534,0.014131927882234024,0.0
LFQ intensity D1_8,0.0,0.009997354924769315,0.06255775078812394,0.0057169764321161705,0.0,0.025601529447538962,0.0,0.024838094773463375,0.0376368753338364,0.0,0.02828427316906845,0.0,0.0,0.0,0.01294220053503642,0.006061233578139014,0.012193990876447123,0.030660687736235846,0.0,0.0021528120831610263,0.01148155132848263,0.0,0.0,0.0,0.0,0.0,0.09870565800166314,0.005191769846419026,0.007583779299610304,0.004496845391793414,0.018170156102810666,0.0,0.0,0.0,0.002051554185155776,0.0,0.009856245464492205,0.02144241474846575,0.0,0.013071872948103613,0.0,0.004224729008740197,0.041266655730066146,0.0,0.020138765862191616,0.021916351160702462,0.0,0.0,0.0,0.0,0.0,0.03602720099095533,0.017198404669888638,0.0,0.0007510451488923785,0.0,0.03526948168496121,0.018938337858622836,0.00768900751345249,0.046021474687496323,0.0,0.0,0.0,0.0,0.011454604576032703,0.0,0.0,0.009253755597993601,0.004443871852651259,0.020919831102281152,0.0,0.011330612014600701,0.0,0.0,0.0,0.03048442930655472,0.007363017876997167,0.0,0.0022741887245530433,0.0,0.003442138091881906,0.00379257488895902,0.0,0.0,0.0,0.0,0.01028211500551431,0.002265858979159096,0.0011332285791539995,8.363281360532141e-05,0.0,0.010071993783091891,0.0,0.0,0.0,0.002844677408283231,0.0,0.0,0.0,0.0,0.0,0.03413894279665071,0.0,0.0,0.05630612643208394,0.0,0.0,0.02148347302514346,0.0,0.026461930226530407,0.030031915607376225,0.0
LFQ intensity D1_9,0.0,0.012135033481011769,0.024726502352368035,0.0191633909132858,0.0,0.02691241867135441,0.0,0.03361319938752618,0.029899175048066707,0.02705692373845947,0.026094818450993082,0.005092469816915704,0.0,0.0,0.0,0.0,0.011183323230376888,0.02463749936632816,0.0,0.006623625404607577,0.006769132049579527,0.0,0.0,0.0,0.0,0.0,0.10105127930046594,0.0,0.011874014860155794,0.0,0.03324854184182494,0.0,0.005047704906999303,0.0,0.022892724160615628,0.0,0.0004005012948277965,0.041421375954004275,0.0,0.007298718430258285,0.0,0.0,0.02391089409563833,0.0,0.023410870965772657,0.020086202369297545,0.0,0.0,0.0,0.002334825838709059,0.0,0.04175912568573529,0.0,0.0,0.004624992973577198,0.0,0.041046035307332876,0.02255838045771911,0.0,0.04660540419522339,0.0,0.0,0.0,0.0,0.013934911294420902,0.0,0.0,0.016086253532550134,0.004262977836375347,0.020325911600525857,0.0006413209035805226,0.0005115434775011505,0.0,0.0,0.0,0.03520247341948762,0.007049612143490613,0.0,0.0,0.0037458596964933897,0.0019310312144665625,0.00509224970591515,0.00454309351761544,0.0,0.0,0.001855292066412045,0.005938421435425176,0.009320013721091123,0.0,0.001323879411474521,0.0,0.00652414973285889,0.0,0.0,0.0,0.0063790284447958236,0.0,0.0,0.0,0.0,0.0,0.009005806753491719,0.00939272777151794,0.0,0.05629685719406751,0.0,0.01095006263036963,0.02450545377643347,0.0,0.023097066054290964,0.018604898116317832,0.0
LFQ intensity D10_1,0.0,0.018358864298497667,0.03633362179960764,0.013841940382715315,0.0,0.0,0.0,0.04450248137638788,0.003189352308275131,0.02525334304418965,0.018149040551059283,0.0,0.0,0.0,0.0,0.004617076397824914,0.028097865002164026,0.022747884551725717,0.018080191330707762,0.006964112262783694,0.0,0.0,0.005987993317934913,0.0,0.0,0.0,0.08815871644727488,0.000551871247230917,0.013104297785343019,0.00968490282789327,0.03437075344299699,0.0,0.0037130762049678145,0.0047830457194622256,0.0,0.0,0.006083839062601791,0.04278783983165328,0.0,0.0,0.0,0.0017341875778938908,0.06676965331117522,0.0,0.025311774679387,0.010105845542042151,0.0,0.0,0.0,0.0,0.0,0.01123069397993833,0.009254814413721665,0.0,0.01298804706610349,0.0024593040154798082,0.009993339692741493,0.03308744606229795,0.0,0.04343909411752093,0.0,0.0,0.01446314241971639,0.0,0.028746416299242114,0.019174546758320914,0.0,0.00029414219054408545,0.008651865698887361,0.0,0.0,0.0012735840055933896,0.001702646716542841,0.004890333630789704,0.0,0.0,0.0,0.0,0.027156766646202552,0.0,0.0,0.012481586058111173,0.01891104019063018,0.0,0.0,0.0,0.023711605736159533,0.009359733359130706,0.0,0.0,0.02812691569698608,0.0,0.0,0.0,0.015673476400029723,0.008355015654029333,0.0,0.0,0.0,0.0,0.003544883287821622,0.0016967841683010057,0.004534809533170059,0.0,0.03077995238092679,0.0,0.0,0.016000024801910446,0.0,0.011211449350368446,0.033522969364985805,0.0
LFQ intensity D10_10,0.0,0.016423993417081333,0.05373431625159966,0.015747293049273997,0.0,0.0,0.0,0.03968842524606304,0.002138680562292548,0.024540499649645393,0.003706266539352331,0.005908853061746747,0.0,0.0,0.0145538687541221,0.002085180757234042,0.024973065077615896,0.018108003731691396,0.010793625146023894,0.004194534290176309,0.0,0.0,0.0031627395978744677,0.0,0.004322700296292341,0.0,0.07849459704116611,0.0013426543140727233,0.013310013182139424,0.00588003222392836,0.019278288964849996,0.0,0.007256754261831405,0.02004951208590361,0.01330187454629289,0.0,0.007704957582241051,0.057441783223992245,0.0,0.0,0.0,0.0,0.04333757319878951,0.0,0.02699442486112904,0.01748677985317126,0.0,0.0,0.0,0.0,0.0,0.00903445564762226,0.02078203867957452,0.0,0.00773922998841935,0.015746665306831387,0.02733061237167987,0.031086773124010217,0.0,0.029093454220670997,0.0,0.0,0.0,0.0,0.026268254140486186,0.014889629941432317,0.0,0.005825258033763139,0.011049224883851736,0.02166771782785478,0.0,0.000615387380827776,0.0,0.0,0.01102994978000967,0.0,0.0,0.0,0.02348354378996937,0.0,0.0,0.007698406326997704,0.014461056121786197,0.0,0.0,0.0,0.012602118253910338,0.011913967091412217,0.0,0.0,0.014425698806806329,0.0,0.0,0.0,0.0,0.009901808734463823,0.0,0.0,0.0,0.0,0.0,0.0,0.01964910360624894,0.0,0.025283435636243346,0.0012966519546489755,0.0,0.019532374803776315,0.007696377717757826,0.011090637677578247,0.03284487738377298,0.0
LFQ intensity D10_2,0.0,0.013930773911735635,0.03789102194350396,0.016046936435991793,0.0,0.02369148498872813,0.0,0.03532049697929057,0.004432701063786568,0.04085935526618644,0.02293334866396074,0.00039879739265973285,0.0,0.0,0.0035943586333470287,0.007835076582959523,0.02650061314357308,0.021758907442703472,0.012220704597710763,0.006183495654264185,0.0,0.0,0.0025343263696352546,0.0,0.0,0.0,0.075037855726816,0.0006046241564137754,0.012936934577193351,0.0,0.031287236974880415,0.0,0.007335499607873428,0.0,0.017769436069739773,0.0,0.003163035658713874,0.017523602023370312,0.0,0.0,0.0,0.0,0.05741568789061386,0.0,0.026910911527998283,0.007720642207510446,0.0,0.0,0.0,0.0,0.0,0.017330419066487652,0.0,0.0,0.01980556171801644,0.0,0.021121746828810784,0.029252634800791547,0.0,0.029065518301550564,0.0,0.0,0.0,0.0,0.012397894314063636,0.01623578270920917,0.0,0.0048551717609902,0.011332166380443924,0.0,0.0033499041479792954,0.003461287710782377,0.014349011467069196,0.0,0.0,0.0,0.0,0.0,0.014838110076653957,0.00792445485349594,0.0,0.012785088424113304,0.021105187077171753,0.0,0.0,0.0,0.02015398649244059,0.008102115914422312,0.0,0.0,0.032302131171960874,0.04065788807466806,0.0,0.0,0.01175417850067386,0.005348157255663744,0.0,0.0,0.0017278552498995756,0.0,0.0,0.0,0.0,0.0,0.030830636903137327,0.0,0.0,0.0317197666301695,0.0012837587061609943,0.01657527449944338,0.026496445472569602,0.0
LFQ intensity D10_3,0.0,0.014256637200693367,0.03558769893188777,0.018279517916448492,0.0,0.0,0.0,0.03022440281537724,0.0,0.016544429859365342,0.015030573676857584,0.0,0.0,0.0,0.0029118446066884454,0.001977636047433751,0.029010334100720032,0.013621315211768693,0.02056217257292776,0.004900877842823171,0.0,0.0,0.007434678483770389,0.0,0.0,0.0,0.08989047199210483,0.0,0.012844079514468703,0.0037928691963108707,0.02313811667650453,0.0,0.0061401936045321695,0.0,0.007608377565038034,0.0,0.008108495395566056,0.03634381373944484,0.0,0.0,0.0,0.0015925915094388322,0.06846465879128338,0.0,0.024441399610048056,0.02269885361974441,0.0,0.0,0.0,0.0,0.0,0.00769548679876505,0.01509846769748324,0.0,0.016705474007263018,0.006579049385147657,0.020449409010418123,0.035282967208551425,0.0,0.031507194693852894,0.0,0.0,0.005991828262138634,0.0,0.03244895101411407,0.021104901795547977,0.0,0.00751597202242099,0.010911818126265373,0.0,0.0,0.003119468132884887,0.005298316506684342,0.01531415040030634,0.0,0.0,0.0,0.0,0.029140775810713657,0.0,0.0,0.007366606646340348,0.015504034961844234,0.0,0.0,0.0,0.027625781609197504,0.010738173174728607,0.0,0.0008043853387478845,0.029698896193355733,0.0,0.0,0.0,0.0131873481721077,0.010739617471456088,0.0,0.0013390656891307136,0.0,0.0,0.0031164879356275635,0.0,0.00012100234347772896,0.0,0.03622630361462493,0.0,0.0,0.019815553786903733,0.0015336198410391667,0.004478555556811103,0.03813429631080243,0.0
LFQ intensity D10_4,0.0,0.014974726720616158,0.057260559182941664,0.013974203650518636,0.0,0.0,0.0,0.028482800516374383,0.0,0.029789314013378962,0.010264207628188958,0.0013145398294870326,0.0,0.0,0.0017863419576163923,0.00710303744652146,0.0060795353012857226,0.03387508504063481,0.017763032058043374,0.005225891946849406,0.0018702903966834046,0.0,0.00039615053614284427,0.002146055086584953,0.004619851968245478,0.0,0.10214430368268787,0.0006725174959961206,0.015084480718375428,0.0,0.023543679360036946,0.0,0.008905315974138368,0.0,0.02822517186601036,0.0,0.00853152233384497,0.043663083029624225,0.0,0.0,0.0,0.0,0.042680995600471075,0.0,0.036310527631133335,0.022895503562247826,0.0,0.0,0.0,0.0,0.0,0.015389248870551629,0.011760844221522635,0.0,0.015221012246327334,0.009628177983370073,0.021784900444055177,0.03180645708774776,0.0,0.02044580750562982,0.0,0.0,0.0028305132619882195,0.0,0.023176274095905086,0.009013842266343488,0.0,0.0024634826152821173,0.011655515195600524,0.0,0.001315803126654686,0.002144276173809363,0.004988217197377295,0.0009232647787326427,0.003977931948294534,0.0,0.0,0.0,0.017828243408194708,0.006932182527420957,0.0,0.00967419614619365,0.027387952566311893,0.0,0.0,0.0,0.021206274955404926,0.01808541469724106,0.0,0.0,0.0180482947601614,0.0,0.0,0.0,0.009443611662012658,0.010668573569954277,0.0,0.0,0.0,0.0007633943947549218,0.0,0.0,0.0,0.0,0.03318576774766969,0.0,0.0,0.01635184674625144,0.0,0.026774690479895075,0.025541262784660828,0.0
LFQ intensity D10_5,0.0,0.016458413860347056,0.022469629926283877,0.018064540266523793,0.0,0.0,0.0,0.04074919084473509,0.0,0.026576132772383163,0.0,0.0,0.0,0.0,0.002984000590145683,0.002426079632847569,0.02624881146255987,0.017842265776954632,0.019186110344247748,0.004432010712929981,0.0,0.0,0.007928463657567116,0.0,0.0001558171779671661,0.0,0.09111177142240937,0.0,0.010905830080275703,0.00143067578470896,0.03079076708476938,0.0,0.007158258336825821,0.0,0.0,0.0,0.0049551128123283385,0.06222268163320998,0.0,0.0,0.0,0.0,0.0756561349661568,0.0,0.025588938859009574,0.02716646940072205,0.0,0.0,0.0,0.0,0.0,0.020541749477973496,0.0015724553611130615,0.0,0.012381065109978346,0.015717204142594355,0.018857842738300063,0.020879261685049392,0.01115216332300497,0.03174861943041,0.0,0.0,0.0,0.0,0.027581416669497465,0.018985345120494733,0.0,0.0013285774494038794,0.012356647396672533,0.0,0.0,0.003545386678063208,0.013306538649902059,0.006710232110093858,0.0,0.0,0.0,0.0,0.02198265960215265,0.0,0.0,0.007407554081717812,0.014501347914901198,0.0,0.0,0.0,0.018803315553413674,0.015830094260325896,0.0,0.0,0.020168267250818418,0.0,0.0,0.0,0.013342520695691197,0.01652474719599779,0.0,0.0,0.0,0.0,0.00037188054293943364,0.0,0.0,0.0,0.03696535051370952,0.0,0.010887785634943787,0.010257521291489987,0.004603761661159942,0.010707415195533304,0.038473165856745255,0.0
LFQ intensity D10_6,0.0,0.006915644869015274,0.05225334407875551,0.019043623091408116,0.0,0.0,0.0,0.03182654027622362,0.0,0.02631992495803863,0.020447227335899307,0.0,0.0,0.0,0.0,0.013169415039082538,0.01014124454615523,0.03431347620623471,0.017365169405743404,0.003554839846044772,0.006082535291864663,0.0,0.002040714710295024,0.006347593172499773,0.005111140041138065,0.0,0.0870349250120964,0.0,0.01989251097162973,0.0,0.034302799521096744,0.0,0.0,0.0,0.02582182451449542,0.0,0.009226651456835058,0.047295452193960204,0.0,0.0,0.0,0.0045738905722972675,0.04461872935246719,0.0,0.03243684301535319,0.007653876891387547,0.0,0.0,0.0,0.0,0.0,0.015543154104480997,0.014223914497955022,0.0,0.015139554770326004,2.1823245812785065e-05,0.018797002851671765,0.024798825601623102,0.0,0.021737114902653232,0.0,0.0,0.004746325846332252,0.0,0.029635919766367206,0.01294672085280202,0.0,0.004281058495346835,0.014204283629385509,0.0,0.003927085769843659,0.0004088573828458277,0.0043371963147239125,0.0,0.004879291746351019,0.0,0.0,0.0,0.018279228325753148,0.00647289935620868,0.0,0.024796593700132884,0.017056377228691418,0.0,0.0,0.0,0.016422924713273893,0.01994862722855764,0.0,0.0,0.006300440180907913,0.0,0.0,0.0,0.00943823501294763,0.0014873716582858604,0.0,0.0,0.0006853338083430551,0.0,0.0012853941386727023,0.0,0.0,0.0,0.031642217382902314,0.0,0.0,0.031733330027377944,0.0,0.03119478619990803,0.02583817488949835,0.0
LFQ intensity D10_7,0.0,0.01659171572774839,0.021943734091310764,0.02750089628492191,0.0,0.0,0.0,0.04774903889474328,0.0,0.02650764578079954,0.017752833890006474,0.0,0.0,0.0,0.012598385950513527,0.006436435024032395,0.02656971074073931,0.013032205765623247,0.017448177445448878,0.002862824025470703,0.0,0.0,0.006249919102510461,0.0003322272446051604,0.0,0.0,0.08799267161442405,0.0,0.010656061488456653,0.0,0.07338790729724584,0.0,0.00479553707569685,0.0,0.003004171144701174,0.0,0.004941529689103496,0.06072137575837994,0.0,0.0,0.0,0.005057767367436687,0.049782673032705435,0.0,0.01843031040525249,0.012752116551208342,0.0,0.0,0.0,0.0,0.0,0.02535563444237553,0.0,0.0,0.018452110900331567,0.0070794382894528276,0.004687072079035594,0.01450622232774719,0.0,0.03921497901207031,0.0,0.0,0.009828343484370845,0.0,0.03553162999647607,0.01830853920430511,0.0,0.0009283320745584275,0.005268943175914038,0.0,0.0,0.003754309361492897,0.0048940954688634995,0.007956065274084309,0.0,0.0,0.0021657788180459055,0.0,0.026766527596159738,0.0,0.0,0.009181945032912262,0.008221008152909886,0.0,0.0,0.0,0.015799554198501865,0.010385262969601464,0.0,0.0013728222685720445,0.030441425345910104,0.0,0.0,0.0,0.012353789784039816,0.011595426890380938,0.0,0.0,0.0,0.0,0.0018595635617562327,0.0,0.0,0.0,0.030291278177353224,0.0,0.0,0.02022513117564455,0.004833958463989375,0.006124066388736654,0.03751887469132272,0.0
LFQ intensity D10_8,0.0,0.002741888649694571,0.032637479467873834,0.016662948722978212,0.0,0.0005741929885664701,0.0,0.01476229783301938,0.0,0.01905020859817471,0.0031161446549308872,0.00301243678762585,0.0,0.0,0.0026322640332984456,0.008106147659020924,0.02842427898144236,0.014361333083353457,0.021118173644115206,0.004466417360503111,0.0,0.0,0.009352710966015582,0.0005501129158687948,0.0,0.0,0.09512212271150894,0.0040905303137383974,0.011942770687781228,0.0010273900354320661,0.015005943984811159,0.0,0.0072230307292705746,0.0,0.01749938465516905,0.0,0.004267920709192323,0.055115305614777434,0.0,0.0,0.0,0.005491773175851973,0.07158850969109903,0.0,0.026450422258998785,0.020484324442205566,0.0,0.0,0.0,0.0,0.0,0.04755348677490058,0.0,0.0,0.0,0.031060727369738386,0.0,0.025773130658242514,0.0,0.03769117073179896,0.0,0.0,0.0,0.0,0.037673536053975276,0.019733644571451613,0.0,0.004439887946076375,0.010251898379176106,0.006326608111117558,0.0,0.01083913580408242,0.012475663878707017,0.010986343063218293,0.0,0.0,0.0,0.0,0.026440190963289208,0.0,0.0,0.003611713621198113,0.011773515970275525,0.0,0.0,0.0,0.013566229132263338,0.009049287438345984,0.0,0.0,0.031347690931583065,0.0,0.0,0.0,0.014464284653302444,0.011926513126749666,0.0,0.0,0.0,0.000386944974415987,0.0044575293213655965,0.0,0.0,0.0,0.026564035260005486,0.0,0.0,0.02425529437194944,0.009926476652251864,0.006057219713142066,0.03142156996558708,0.003067805205471819
LFQ intensity D10_9,0.0,0.007960399073216216,0.02193075399617035,0.01772481721534552,0.0,0.0020063606935664955,0.0,0.02763745119793102,0.01077724807458827,0.017969621590866878,0.009685087826685302,0.0,0.0,0.0,0.004000921961267156,0.005612941464420325,0.026304204041017236,0.01679803881574721,0.016814646005277906,0.008614918528742055,0.0,0.0,0.006505518501473794,0.0,0.0,0.0,0.09111231326441654,0.0,0.01693559064724617,0.0,0.030588414732715147,0.0,0.006294781940868683,0.0,0.009927556585630855,0.0,0.0033441559927381336,0.060975792199290176,0.0,0.0,0.0,0.0024875779368990795,0.0684248899410733,0.0,0.023907835501267946,0.014321851469901253,0.0,0.0,0.0,0.0,0.0,0.032595958944214104,0.0038266197132463594,0.0,0.0,0.020439346618476024,0.014747012793101035,0.030218039393319074,0.0,0.03195779882756126,0.0,0.0,0.015834318434084272,0.0,0.036263352561721744,0.01861724934686488,0.0,0.005156920982497626,0.012027744746056175,0.0,0.0,0.0040458357554305924,0.0,0.0,0.008097166772044945,0.0,0.0,0.0,0.02695613815304512,0.0,0.0,0.013790336731815416,0.016221393899893743,0.0,0.0,0.0,0.012674645759728726,0.009014622613537152,0.0,0.0,0.02918836092448499,0.0,0.0,0.0,0.0136360709879139,0.010090169979457856,0.0,0.0,0.0,0.0,0.0034445206949783934,0.003274000434244495,0.0,0.0,0.025038507774376658,0.0,0.0,0.0214047097186933,0.007446075330902876,0.010636239191417055,0.03469315371852914,0.0
LFQ intensity D2_1,0.0,0.011396276084909167,0.01064068148452131,0.0178776443382833,0.0,0.029245353938265387,0.0,0.03678598611773825,0.038133235372156654,0.03293095638780465,0.03111321470217744,0.006544797021599461,0.0,0.0,0.012008774253571991,0.0027244584027820724,0.013661850730750562,0.017660494428490384,0.008916832560198262,0.009130323723130735,0.0,0.0,0.0,0.0,0.0,0.0,0.0874588337401639,0.0019098310747111863,0.00923096859846003,0.0,0.0,0.0,0.005849240761439977,0.013527194280588462,0.0008992784685817447,0.0,0.01026580899548701,0.034472174843388624,0.0,0.003299384907039104,0.0,0.0,0.059109597836831736,0.0,0.02637435703098741,0.02061680399028402,0.0,0.0029539431703807513,0.0,0.0,0.0,0.04149510507555346,0.0,0.0,0.004674431674395706,0.0,0.029160055178383725,0.033288346779569274,0.0,0.04020188049272939,0.0,0.0,0.0,0.003386488292854805,0.00824469215545901,0.0014396451807332775,0.0,0.011522689399988989,0.007016750485085751,0.013007883132702996,0.0,0.0,0.0,0.0,0.0018391464870743269,0.043406458437273546,0.021628094753476847,0.0,0.004111072093539708,0.008958344634476065,0.0,0.0010738518463852657,0.0,0.0,0.0,0.0,0.003431772464048354,0.011762961367710616,0.0,0.0,0.009827930364642702,0.0,0.0,0.0,0.0045247101794868355,0.004299857931390378,0.0,0.0,0.0,0.0,0.0,0.011869774360713266,0.0,0.0,0.05549093888030908,0.0,0.0,0.030016607645692063,0.0034750092240432217,0.01810112932306965,0.01800607491448814,0.0
LFQ intensity D2_2,0.0,0.010599785195210891,0.05302197239209109,0.01647534999198173,0.0,0.03138833135511231,0.0,0.02036363075885543,0.030809825834409006,0.004791128025675832,0.014662484483157106,0.0006981406426477145,0.0,0.0,0.013588262960375722,0.0033192443939044805,0.01167118255965901,0.02383063219363304,0.005005288727537094,0.010172612705549618,0.0,0.0,0.0,0.0,0.0,0.0,0.10142345301794752,0.004193426342881215,0.008609779548713692,0.0,0.0023623639462497016,0.0,0.007489121681720455,0.006860703608397939,0.0,0.0,0.009340495698972946,0.032422396188477164,0.0,0.00047307640390664696,0.0,0.007639719015965628,0.03702195222016719,0.0,0.030348756185163722,0.021197827055099018,0.0,0.0,0.0,0.0,0.0,0.05782728884223712,0.02411970487798223,0.0,0.0,0.0023428551502423785,0.03611308486129618,0.02811078614039233,0.0,0.03932390660539129,0.0,0.0,0.0,0.0,0.014214081825616507,0.0027735989533752893,0.0,0.005987909447576054,0.009282798969556354,0.0071177894014179685,0.0,0.004048972605336901,0.0,0.0,0.0,0.03771890277147465,0.014110989380068039,0.0002447862229768267,0.004864667036650297,0.00740076109267927,0.0,0.0015116803346369525,0.0028702260620815222,0.0,0.0,0.0,0.0,0.013674987926454536,0.0,0.0,0.0,0.0026289564161313364,0.0,0.0,0.01617691541808393,0.011382308838598313,0.0,0.0,0.0,0.0,0.0,0.00816558794548536,0.0,0.0,0.0526733578352727,0.0,0.004814578377399688,0.01914456165189942,0.009176115090578125,0.02018692262405695,0.022209974161588545,0.0
LFQ intensity D2_3,0.0,0.011087951470519683,0.0662302802160889,0.011002748287919632,0.0,0.033556647870761326,0.0,0.003906308791679437,0.009088256276804336,0.01748016250109629,0.02414542381797135,0.007026014177927804,0.0,0.0,0.010712120965418561,0.004455121124907668,0.0,0.02799384482704385,0.00024590063193437843,0.007161682487152446,0.009884195142083014,0.0,0.000889649365027232,0.0,0.0,0.0,0.0864294481301886,0.009718736215986897,0.011112137000492505,0.0007383303192592216,0.0016365388974429506,0.0,0.005351613384188553,0.005221648323758977,0.00388535891218159,0.0,0.008133243279036893,0.029105743558160643,0.0,0.0013681258877272907,0.0,0.0,0.040239368900153706,0.0,0.029296562739062993,0.01842992783625144,0.0,0.0,0.0,0.0,0.0,0.052860125955508146,0.018448995490085128,0.0,0.0,0.0,0.04038285196252242,0.030296956496317112,0.0,0.05124910404616386,0.0,0.0,0.0,0.0,0.03185701275584642,0.005913212966658697,0.0,0.015226310107983988,0.009269117286547203,0.0,0.008310785717864946,0.005334885014666002,0.0,0.0,0.0,0.019640597083313595,0.014165540258876943,0.0,0.006775516268219653,0.004433940587916106,0.0,0.003450054897827238,0.004559476504651206,0.0,0.0,0.0,0.0,0.00631460302737213,0.0,0.0,0.0014146865418865804,0.007992615646077063,0.0,0.0,0.00392671162690645,0.006096280324812847,0.0,0.0,0.0,0.0,0.0,0.008155236241831607,0.0,0.0,0.05848725154896578,0.0,0.0,0.03474527325636533,0.0025688569474437506,0.03160892109797837,0.020981989001163225,0.0
LFQ intensity D2_4,0.0,0.007229705327976665,0.05464739532190029,0.015578931802440608,0.0,0.029867619519966634,0.0,0.020340614472651616,0.03181712077259406,0.0053946525984562765,0.016715395957618662,0.0,0.0,0.0,0.01646558321877446,0.004033638175152972,0.017138467415784824,0.022101630618113634,0.0009091220310274473,0.003366587872816428,0.0,0.0,0.0,0.0,0.0,0.0,0.09406872660580996,0.005544261604820992,0.014487709611446471,0.0,0.0,0.0,0.0,0.0009224752335937206,0.011600781840059792,0.0,0.009239771386616075,0.029907376634833723,0.0,0.0030840443904873597,0.0,0.008879957466759484,0.0352347903495865,0.0,0.027475548805610154,0.020979718086770096,0.0,0.0,0.0,0.0,0.0,0.05522517376920615,0.02558359016064449,0.0,0.0,0.0,0.03408178844354716,0.02558099257530065,0.0,0.038318221078291616,0.0,0.0,0.0,0.0,0.014755809707164442,0.00456180514234,0.0,0.00876804857648352,0.008626528238271322,0.008840685322653622,0.0,0.0075418494948647115,0.0,0.0,0.0,0.03746480970920219,0.011657062799635697,0.0,0.009056848537070358,0.01427424416102442,0.0,0.0058801663687256525,0.0,0.0,0.0,0.0,0.0,0.017078061702845284,0.0,0.0,0.0,0.003760103834552549,0.0,0.0,0.006414549168764099,0.011783121318620225,0.0,0.0,0.0,0.0,0.0,0.010922678641607576,0.0017480814061762253,0.0,0.05365512780415268,0.0,0.0,0.017505934119935163,0.004791418971896377,0.020413043276183658,0.034678628549171295,0.0
LFQ intensity D2_5,0.0,0.006889222734686777,0.043516439440229246,0.008459545033759832,0.0,0.03165934669293503,0.0,0.02500632148543571,0.043635618225418664,0.0,0.02627058277432609,0.002408315132590197,0.0,0.0,0.011251241114989725,0.0,0.01895980237627705,0.018426862806952014,0.010810940718120053,0.010569096754131571,0.0062035922276071995,0.0,0.0,0.0,0.0,0.0,0.09362628041291506,0.0,0.01118848739058461,0.0,0.0014638826193676849,0.0,0.005420298212732688,0.009750724019936033,0.00477478386188755,0.0,0.011073801928051972,0.035123400950927204,0.0,0.00042624513096595575,0.0,0.003168024768412762,0.04351008646503468,0.0,0.027042299458707456,0.022726842405811815,0.0,0.0,0.0,0.0,0.0,0.022300157161115462,0.019955511862245322,0.0,0.0,0.0,0.041371456869870385,0.03385920178823635,0.0,0.04005810436440351,0.0,0.0,0.0,0.0,0.011401083734624248,0.0017676245024571843,0.0,0.008289511050379927,0.00947418153682447,0.010328427601399666,0.0,0.001659185945943136,0.0,0.0,0.0,0.04468492635633552,0.018389510012502667,0.0,0.008571040046030294,0.002705116557570365,0.0,0.0038241549827891146,0.0,0.0,0.0,0.0,0.0,0.009265067201520835,0.0,0.0,0.004740739992182867,0.001666936650588549,0.0,0.0,0.008165340917142126,0.004023617292970664,0.0,0.0,0.0,0.0,0.0,0.006912652574631332,0.0,0.0,0.06680382317981345,0.0,0.0,0.03850656502380176,0.0037807513090348218,0.022988173574842515,0.02114505276794894,0.0
LFQ intensity D2_6,0.0,0.010787238947642377,0.06420148960846771,0.0028147764207235907,0.0,0.03414075549285895,0.0,0.025704094137340074,0.02236397743983657,0.011821557592636,0.023933147508303044,0.002703218841435378,0.0,0.0,0.008698790676884451,0.005508258967889189,0.013275739463946945,0.020070638027293683,0.0017208464201254074,0.00902342795584405,0.008127037455918192,0.0,0.0,0.0,0.0,0.0,0.08398125576567328,0.0,0.010877351325007808,0.0,0.003232501256857171,0.0,0.004208599621978483,0.00827458507425162,0.0,0.0,0.006473496430881564,0.02828822720554205,0.0,0.0029109964513135095,0.0,0.0,0.03732381468444286,0.0,0.028709045274033954,0.016304723980296868,0.0,0.0,0.0,0.0,0.0,0.05143818013880052,0.02455897764811768,0.0,0.0,0.0,0.0345532594510552,0.03271142518333392,0.0,0.04437143981462343,0.0,0.0,0.0,0.0,0.020249730906093364,0.0,0.0,0.016139418129748,0.008133235007021067,0.019469403950736913,0.0,0.005116778814591554,0.0,0.0,0.0,0.030944350344019475,0.013330812101248108,0.0,0.005251770505862787,0.0013142849378331761,0.0011202874100043026,0.0044794586349631025,0.0,0.0,0.0,0.0,0.0,0.01114904115921791,0.0,0.0,0.0,0.009153525343022427,0.0,0.0,0.005544792341590734,0.005274295294989922,0.0,0.0,0.0,0.0,0.0,0.012968912403342595,0.0,0.0,0.05085970395528342,0.0,0.0,0.04230064687342814,0.0,0.026435848171403927,0.02765082945224339,0.0
LFQ intensity D2_7,0.0,0.006808249750320639,0.048114995278342336,0.004458031067164443,0.0,0.03986360300810515,0.0,0.0296108221727982,0.040787385961158995,0.0,0.025684370605979067,0.0030327376812284593,0.0,0.0,0.01037554341498444,0.0,0.02075781849700019,0.02246836131963943,0.0040870778293764735,0.011897325309546515,0.0,0.0,0.0,0.0,0.0,0.0,0.0896501144807936,0.0016596356804030761,0.009063816120471628,0.0,0.0,0.0,0.0048992868876516,0.009968184889916833,0.0,0.0,0.00914637629666859,0.0399022445792219,0.0,0.0028602080543797853,0.0,0.004994055517503385,0.04377051978459808,0.0,0.027593924357046933,0.02512604287104046,0.0,0.0,0.0,0.0,0.0,0.026605744584072492,0.01615403663329112,0.0,0.004222367044164094,0.0,0.04356066393488462,0.03663874112039957,0.0,0.03586579879484927,0.0,0.0,0.0,0.0,0.010598821039057557,0.003960094604485203,0.0,0.010808181062425105,0.01025435942571377,0.0,0.0,0.0,0.0,0.0,0.0,0.041048666622191234,0.021245038999230855,0.0,0.005323682114252803,0.00557879901137015,0.0,0.003534825544473668,0.0,0.0,0.0,0.0,0.0,0.012688479654333638,0.0,0.0,0.00663876462788928,0.0,0.0,0.0,0.009282804295099721,0.0012023651240516205,0.0,0.0,0.0,0.0,0.0,0.009916808452714388,0.0,0.0,0.05774540527229895,0.0,0.0,0.03065635748927698,0.00907039856123644,0.024498028907236662,0.02632003566566063,0.0
LFQ intensity D2_8,0.0,0.010966818262285188,0.0380265948579078,0.013855943298024843,0.0,0.03331036936760508,0.0,0.022792515204132665,0.044397206644002526,0.030369056004850986,0.02735456373857011,0.0008792007759594188,0.0,0.0,0.006373118407900848,0.0018862594471456583,0.01960730855328089,0.015810475847636087,0.007054210112323707,0.010444959063943032,0.0,0.0,0.0,0.0,0.0,0.0,0.08545013509031289,0.004081271320808317,0.00802054997400611,0.0,0.0,0.0,0.0056008054824669955,0.008197746796203099,0.003412378195294813,0.0,0.006104551430820001,0.033463181355838194,0.0,0.004943748880946264,0.0,0.0038901054575239584,0.03879118113621802,0.0,0.028517897449313167,0.024190591198604998,0.0,0.0,0.0,0.0011483544578613746,0.0,0.044833325061654834,0.0,0.0,0.0,0.0,0.030637162197143516,0.02469502391733457,0.0,0.03806237392073394,0.0,0.0,0.0,0.0,0.00846761987181423,0.003019354642428203,0.0,0.010785846069248265,0.009170439367353872,0.00791820353792764,0.0,0.013891717002143481,0.0,0.0,0.0,0.04742033163228976,0.008974377267923217,0.0,0.0035885256138767875,0.009562262577966808,0.0,0.009497355996543114,0.0,0.0,0.0,0.0,0.0,0.0129509647379279,0.0,0.0,0.0032912462689352255,0.0,0.0,0.0,0.005343841597324829,0.00392536405842895,0.0,0.0,0.0,0.0,0.0,0.023436289642489196,0.0,0.0,0.05953678931240935,0.0,0.0,0.029756745138080222,0.00814252826441506,0.023732286326487755,0.020418928165332393,0.0
LFQ intensity D2_9,0.0,0.014418606982884366,0.06798178599255433,0.004828936989780412,0.0,0.025731217793420275,0.0,0.022950188213983855,0.045611915000111976,0.003785511980140093,0.02591545693501475,0.0013034828085659379,0.0,0.0,0.007922408416518202,0.0,0.019303369074301024,0.02049069582027789,0.002116338057249621,0.011430129845495367,0.009718156146910743,0.0,0.0,0.0,0.0,0.0,0.08998369728139774,0.005650188431929131,0.010599807458398464,0.003015282304483599,0.0,0.0,0.0029184263694999792,0.008223649561433483,0.0,0.0,0.010704233067550042,0.0314166668988793,0.0,0.00738894224439714,0.0,0.0,0.0350125148609134,0.0,0.028126543727626366,0.02121253974133465,0.0,0.0,0.0,0.0,0.0,0.01974550275019841,0.022652084561188744,0.0,0.0010803280136950774,0.0,0.03670035349999974,0.0327480727981119,0.0,0.035343908301237716,0.0,0.0,0.0,0.0,0.015514117298751821,0.006152686513967778,0.0,0.00797152111420175,0.009825110125589856,0.0,0.0,0.014020951087200697,0.0,0.0,0.0,0.03679339472014906,0.018055242131030404,0.0,0.007979507338957824,0.0046749129667164185,0.0,0.009118368094102384,0.0012202369040876298,0.0,0.0,0.0,0.0,0.00988890703394972,0.0,0.0,0.00813116050733821,0.0,0.0,0.0,0.001807375822369768,2.07285185800416e-05,0.0,0.0,0.0,0.0,0.0001083465595144534,0.01893967985637028,0.0,0.0,0.06020643993926868,0.0,0.0,0.03468815731472764,0.0073783152511273705,0.022127601160415105,0.01934629781209944,0.0
LFQ intensity D3_1,0.0,0.008383822232893362,0.024344850880648913,0.016036986422554095,0.0,0.0395578936459143,0.0,0.03038142943003837,0.0394267461692792,0.027216206004494977,0.028518702007792596,0.0038461862378802456,0.0,0.0,0.01886742100362565,0.0013668330579382996,0.0179511056387047,0.013452434754744705,0.0044656228186020445,0.009778590523957898,0.0,0.0,0.0,0.0,0.0,0.0,0.07308226469357576,0.002670415807120046,0.012039714406615748,0.0,0.020975973576184744,0.0,0.005640090051330583,0.006097782258840021,0.0,0.0,0.008222067637186997,0.052947067784512754,0.0,0.006645862833345084,0.0,0.005213202307532971,0.059210968654962434,0.0,0.02747264150261138,0.015622589003804277,0.0,0.0,0.0,0.0,0.0,0.042377689300658015,0.0,0.0,0.0,0.0,0.03041692561274632,0.03311709427976631,0.0,0.03578546602160935,0.0,0.0,0.0,0.00597871983284364,0.005195319149932344,0.006280678760267186,0.0,0.008721329744739508,0.01066656617122792,0.0,0.0,0.0,0.0,0.0,0.00038583088905573695,0.04730333581753335,0.02040237378055068,0.0,0.002991960197526529,0.008966507450201465,0.0,0.009631666161865306,0.0,0.0,0.0,0.0,0.0,0.008062943850897238,0.0,0.0,0.01536020516595173,0.0,0.0,0.0,0.008699743029467171,0.0028632616375498994,0.0,0.0,0.0,0.0,0.0,0.0,0.0,0.0,0.04021045537082429,0.0,0.0,0.033210151942190534,0.007321757033330092,0.016593833806656952,0.02002071364591623,0.0
LFQ intensity D3_10,0.0,0.012033016873619427,0.04308695018908484,0.009200695432969521,0.0,0.025839267944295065,0.0,0.020909029964734246,0.01637335218118004,0.03852866557065914,0.026107639011705444,1.5637804721912736e-05,0.0,0.0,0.010548193034942943,0.002820152255703469,0.018534764994079918,0.017214598790779516,0.00870639339330007,0.006222031708259236,0.001659340204209327,0.0,0.0,0.0,0.0,0.0,0.0790654846423061,3.947619693098132e-05,0.017258300436218177,0.0,0.019397183113532335,0.0,0.0075676886198509765,0.0034400383609258125,0.02537306852796898,0.0,0.008155338049928622,0.03411822064620526,0.0,0.0,0.0,0.006348049162614903,0.04005054486592163,0.0,0.028863966621060094,0.022351502726795165,0.0,0.0056568153051071,0.0,0.00376244964905034,0.0,0.04116378983289813,0.0,0.0,0.0,0.0,0.03431489606757584,0.02356186397581105,0.0,0.03793474108273491,0.0,0.0,0.0,0.0,0.021403018071800447,0.007699209791028216,0.0,0.009329758283912356,0.011115357760814836,0.005965775279267588,0.00666288475337072,0.01264876726520785,0.003372217447952777,0.0,0.0,0.018592326592722058,0.0,0.0,0.0036964762771281635,0.00834722692791142,0.0,0.0076150408777550145,0.0009085530966245019,0.0,0.0,0.0,0.0044525782236162674,0.013343329288309055,0.0,0.0,0.008046095631310134,0.0,0.0,0.0,0.009395446058182677,0.0002427612839164217,0.0,0.0,0.0,0.0,0.0,0.017067616107127138,0.0015648632979771238,0.0,0.05799908028069044,0.0,0.0,0.022803505969387045,0.004272972478901361,0.022592243618490954,0.0246397480989149,0.0
LFQ intensity D3_11,0.0,0.010577362409796504,0.03831556499634811,0.014109295305238053,0.0,0.020516185577418244,0.0,0.008335270998295959,0.03255734556993359,0.03672920989389566,0.03642807819350934,0.0,0.0,0.0,0.016482257433144815,0.0004885395005895808,0.018631272250349763,0.018571204621002358,0.008781779700537186,0.009376987625226502,0.002082302826184443,0.0,0.0,0.0,0.0,0.0,0.08372747455617043,0.001879049219873365,0.012998395754849717,0.0,0.010947771432144326,0.0,0.004799530863907916,0.008616735514263911,0.0,0.0,0.008134357794009787,0.048809897894825635,0.0,0.0,0.0,0.0034593815457981377,0.04133886428709482,0.0,0.03026196786840258,0.015985142870347874,0.0,0.0,0.0,0.0010387203989473668,0.0,0.039450119686198715,0.0,0.0,0.0004527659219046942,0.0,0.02644482374970921,0.035396890579696756,0.0,0.040335096578424094,0.0,0.0,0.0,0.0,0.01295993268527944,0.007753468817699776,0.0,0.010284612515506136,0.011964402682697491,0.0,0.004734700949634634,0.014482009195901637,0.004087706225679145,0.0,0.0,0.03195772597216233,0.0083657050590357,0.0,0.006161039766373643,0.006499989811651361,0.0,0.006660807093876307,0.0,0.0,0.0,0.0,0.0014235321577842931,0.011264091853439767,0.0,0.0,0.01325865332424291,0.0,0.0,0.0,0.01613540133936946,0.0018555982540464065,0.0,0.0,0.0,0.0,0.0,0.0,0.0039133237513188845,0.0,0.05268039374673801,0.0,0.0,0.03589415508423566,0.005216097669083356,0.020769463186847685,0.025617545439356453,0.0
LFQ intensity D3_2,0.0,0.008188282117842293,0.055792233450816825,0.002722036611575877,0.0,0.04170448552102471,0.0,0.004103815059717794,0.011906392865615375,0.003744835296252198,0.02000193427884734,0.009636988101510518,0.0,0.0003332796828630721,0.016202807142439175,0.006285304413568479,0.01638444888673004,0.018337613122015373,0.01080342210138096,0.004831968460264719,0.0,0.0,0.0026077273050720304,0.0,0.0,0.0,0.08266675318671693,0.0020300129089807855,0.008677418149772772,0.0,0.007885541059073463,0.0,0.004925298772008731,0.001452758232742187,0.04000721662427474,0.0,0.011472858136958945,0.03714391756058047,0.0,0.0,0.0,0.00728497326275485,0.03772644791979438,0.0,0.03408221493524915,0.01642202982389852,0.0,0.0,0.0,0.0,0.0,0.05297358007086707,0.027127067543407577,0.0,0.0,0.002768854673346459,0.042598048010859486,0.03302520727807577,0.0,0.04460499111661775,0.0,0.0,0.0,0.0,0.02048167634439614,0.009958355289093635,0.0,0.0029669769115366874,0.01000733268721622,0.0,0.005119232410206556,0.004969490642321999,0.0,0.0,0.0,0.015567044333806528,0.009340356265358304,0.0,0.008565206032126448,0.006301302025488492,0.0,0.008585443611580566,0.0,0.0,0.0,0.0,0.0002930238431884406,0.009806834357117624,0.0,0.0,0.007179292743822917,0.0001077224290340971,0.0,0.0,0.0,0.0,0.0,0.0,0.0,0.0,0.0,0.03669364957278134,0.0061713704400190895,0.0,0.039263568550041004,0.0,0.0,0.02863440764176777,0.005598456321376164,0.00976181983760296,0.026164674026600335,0.0
LFQ intensity D3_3,0.0,0.00828011480726329,0.041301102370416544,0.009857458386079048,0.0,0.02525510411691009,0.0,0.026858786887304576,0.04618327925699327,0.006495765600619817,0.038491122921479715,0.0,0.0,0.0003825418479789281,0.024012134329661042,0.004514656878768551,0.023511576976209935,0.01371028080091515,0.0,0.006919666414592335,0.0,0.0,0.0,0.0,0.0,0.0,0.08152780892092938,0.004095539626569226,0.013110382217571591,0.0,0.014151067764638437,0.0,0.006003801004988947,0.0,0.021886408696484564,0.0,0.007887654238034418,0.04010874863101903,0.0,0.0,0.0,0.0039047470607712696,0.042888473349143044,0.0,0.03343114556164958,0.017421087991854614,0.0,0.0,0.0,0.0,0.0,0.02630424671982071,0.022080571503632476,0.0,0.0,0.0,0.0366204971187897,0.027056104286602715,0.0,0.04007525611195867,0.0,0.0,0.0,0.0,0.0067583657471152695,0.007361529586153923,0.0,0.01213795157167281,0.011584535373363946,0.009977200246534666,0.0,0.0,0.0,0.0,0.0,0.03226803462853157,0.0,0.0,0.004125492075802314,0.007619594122104174,0.0,0.008424571891443116,0.0,0.0,0.0,0.0,0.0010878371287995348,0.008997872144144091,0.0,0.0,0.016087476002447153,0.0,0.0,0.0,0.010720703736989214,0.0037591668517190763,0.0,0.0,0.0,0.0,0.0,0.006000987728799289,0.006990643508089552,0.0,0.05656968975173816,0.0,0.0,0.031004012315682644,0.00781963646173145,0.01539274775647559,0.02098481897101169,0.0
LFQ intensity D3_4,0.0,0.011636106531127802,0.032327829888667454,0.014099074547001196,0.0,0.03845860228256755,0.0,0.03802750434008815,0.02947022954909481,0.03305900054048321,0.03600545999965111,0.006253539653640038,0.0,0.0,0.013143288314086104,0.0005487230751195942,0.020420297416024854,0.017593320095422534,0.007684310356800773,0.006046997236374081,0.0,0.0,0.0,0.0,0.0,0.0,0.08124500007588051,0.0014454981648678049,0.013772602477956666,0.0,0.0006680462365306522,0.0,0.004758705192744849,0.0,0.018762785627817805,0.0,0.007146043157598325,0.0489277576990048,0.0,0.0,0.0,0.004082744436974129,0.04262271590589993,0.0,0.02852129697938431,0.018948916963478273,0.0,0.002605374297282984,0.0,0.0,0.0,0.043632566931762116,0.0,0.0,0.0,0.0,0.03633363492510996,0.024152924854462125,0.0,0.0377885713336509,0.0,0.0,0.0,0.0,0.013386325229913974,0.004639616025992129,0.0,0.008564147362355432,0.010851235128177419,0.020167860787858753,0.0,0.0,0.0,0.0,0.0,0.023927223611725505,0.0,0.0,0.0077465614757426336,0.005882761757508288,0.0,0.00773760678780727,0.0,0.0,0.0,0.0,0.0,0.010239488987070762,0.0,0.0,0.018000870484601344,0.0,0.0,0.0,0.0036830060473188493,0.0020439776358251766,0.0,0.0,0.0,0.0,0.0,0.0003582009756905374,0.0,0.0,0.055995159920479085,0.0,0.0,0.03086936359182088,0.010271127084556223,0.020992822453148423,0.024453175565851887,0.0
LFQ intensity D3_5,0.0,0.011709919790135637,0.024481717443048508,0.01483378813676936,0.0,0.04207676762133988,0.0,0.03558443500716356,0.03265698243137807,0.03839993905245892,0.03155753132196925,0.00040796437942513825,0.0,0.0,0.02017887686489186,0.0048928794089820975,0.018540950774148475,0.011075422442409399,0.0026572820347103058,0.006119522476536097,0.0,0.0,0.00045516181952953,0.0,0.0,0.0,0.07825649955587587,0.003208193605083901,0.012380379728649506,0.0,0.008744643351787852,0.0,0.002054054923810643,0.00472829268794598,0.03256053241416462,0.0,0.00911423661699787,0.015914925347524263,0.0,0.0,0.0,0.00426097912066326,0.037182814458068716,0.0,0.029717273655303092,0.022426359223837445,0.0,0.0003796899331332947,0.0,0.0,0.0,0.04202375664682404,0.0,0.0,0.0,0.0,0.029108992100359297,0.03558413019975644,0.0,0.03624477045082981,0.0,0.0,0.0,0.004019898623559422,0.012281970518518785,0.006657281091492783,0.0,0.0067361340119797535,0.01051815062002848,0.012418592384778661,0.0,0.0,0.0,0.0,0.0,0.030107751850677173,0.0,0.0,0.016927601640001635,0.012233378095148364,0.0,0.0021924467364420595,0.0,0.0,0.0,0.0,0.0025953279279030557,0.014194292938735004,0.0,0.0,0.010565511559932263,0.0,0.0,0.0,0.0,0.000171432906639096,0.0,0.0,0.0,0.0,0.0,0.04129008042308051,0.0,0.0,0.0528489053503499,0.0,0.0,0.020031306556795914,0.005999861033232083,0.019815554341580156,0.018874856363612896,0.0
LFQ intensity D3_6,0.0,0.010151938840461821,0.043373561515391866,0.016770943032586676,0.0,0.030992525061078455,0.0,0.029091103656362315,0.03252429762557435,0.03362854691624931,0.01712493862805997,0.0,0.0,0.0,0.011441528117209953,0.0,0.0070765649732031305,0.023446464223290366,0.004295501724473526,0.004265697852171223,0.0,0.0,0.0,0.0,0.0,0.0,0.0853858509173611,0.004040007715637711,0.009657268671892148,0.0,0.018885099564246586,0.0,0.001528667371834586,0.0,0.043671543374208706,0.0,0.006363372799692988,0.018193877940926213,0.0,0.004043862524059378,0.0,0.011682240173104685,0.053996388033978826,0.0,0.03427914043059577,0.019188786030329346,0.0,0.0,0.0,0.0,0.0,0.04677638355540218,0.0,0.0,0.0,0.0,0.03455151104845684,0.030551682493267732,0.0,0.03571609442830955,0.0,0.0,0.0,0.0,0.013681811026939758,0.00879900143478024,0.0,0.006398402516044822,0.010539173143888206,0.00505554959274066,0.0013844021367324874,0.01721314606472922,0.0,0.0,0.0,0.03503275619838289,0.0,0.0,0.008406116933901704,0.0029472891853049043,0.0,0.004991620601365467,0.0,0.0,0.0,0.0,0.005385489063275966,0.011995482679331303,0.0,0.0,0.0,0.006393114731149734,0.0,0.0,0.0,0.0031977850395000645,0.0,0.0,0.0,0.0,0.0,0.0476069434761982,0.0,0.0,0.030037592429040937,0.0,0.004899429499480141,0.011109637467835555,0.0016570942941878896,0.018583796318594272,0.0219889769271782,0.0
LFQ intensity D3_7,0.0,0.013404461584265772,0.0347970378455135,0.009621639976403763,0.0,0.03425806225865183,0.0,0.0295818580996942,0.03691024081104478,0.029520568470940624,0.022782524949639203,0.0,0.0,0.0,0.017013244947376976,0.004692492231202603,0.017768811753489763,0.01391302259386145,0.009418707256975418,0.008270496962291873,0.0,0.0,0.0,0.0,0.0,0.0,0.07547679606719056,0.0040412746172228346,0.010450111438970296,0.0,0.0,0.0,0.007969794481774336,0.016106633975159813,0.004747990008488049,0.0,0.010809042757638974,0.039372726459532055,0.012599002351137352,0.0,0.0,0.006589058373474131,0.04469874358446325,0.0,0.030964782788459044,0.013435677923519289,0.0,0.0003464353744013615,0.0,0.00314691723783867,0.0,0.03810244055734927,0.0,0.0,0.0,0.0,0.03790659695055969,0.02893566589077271,0.0,0.032145419973573466,0.0,0.0,0.0,0.0,0.015914080461009276,0.006398274060953103,0.0,0.008625029440674779,0.010954246505466534,0.004265240481336588,0.0,0.016710725732038485,0.0,0.0,0.0,0.04448947621871985,0.0,0.0,0.008246304597297211,0.004056096465166548,0.0,0.001485195006456209,0.0,0.0,0.0,0.0,0.0,0.010943808441642259,0.0,0.0,0.013132917104106039,0.0,0.0,0.0,0.011626859186120359,0.001970017848929585,0.0,0.0,0.0,0.0,0.0,0.0,0.0,0.0,0.0563999799934325,0.0,0.0,0.03569441808219486,0.007704127651680564,0.023305030426374367,0.01827989174352407,0.0
LFQ intensity D3_8,0.0,0.006242047374205152,0.03830289406870867,0.012380064136806024,0.0,0.03763407459563776,0.0,0.030008698346271484,0.04108191882058409,0.04077099869706479,0.02523955719663552,0.0023958888107227317,0.0,0.0,0.018925206827738166,0.003978472902978471,0.013967237300245126,0.018450169261789086,0.004076844207862053,0.006640283951781011,0.006389033214013669,0.0,0.0,0.0,0.0,0.0,0.07678121330736827,0.0034276061171686877,0.010500471767852246,0.0,0.014615875468864408,0.0,0.005697457489880587,0.0073629123141430875,0.030910075389503515,0.0,0.008028253170208118,0.028598187126074346,0.0,0.0,0.0,0.007374094252529257,0.039288802066382,0.0,0.029763684259006815,0.013916252091930516,0.0,0.0,0.0,0.0,0.0,0.045548787084625654,0.0,0.0,0.0,0.00011864515625500279,0.038398131402626545,0.017898322168184926,0.0,0.03623564869264284,0.0,0.0,0.0,0.0,0.007047857652934685,0.006293510497146409,0.0,0.006024156234586454,0.012085935812434195,0.003017672755102806,0.0,0.015761696590597982,0.0,0.0,0.0,0.03876735850769235,0.001846519065525914,0.0,0.004933297266309327,0.006847816398790952,0.0,0.009311466904238805,0.0,0.0,0.0,0.0,0.0031297917823060917,0.00983333040190042,0.0,0.0,0.008950390742685293,0.0,0.0,0.0,0.0,0.0,0.0,0.0,0.0,0.0,0.0,0.023745894075670834,0.003905025482663367,0.0,0.04160946280824562,0.0,0.0,0.02740763419542493,0.00642251845185999,0.019452604958936526,0.022658250376656332,0.0
LFQ intensity D3_9,0.0,0.00972707184873347,0.041822442221630916,0.018650510060200617,0.0,0.03068633741865184,0.0,0.026173168671092487,0.03643866430232766,0.030905360265120266,0.021786095032098465,0.0,0.0,0.0,0.016555921790950147,0.003773801104726483,0.014690664291665139,0.01621702136482667,0.01216918699933892,0.006974431878123772,0.0,0.0,0.0,0.0,0.0,0.0,0.07119536385146717,0.0,0.01371570141701903,0.0,0.015079860154571662,0.0,0.008179594200545655,0.0,0.03630438276027971,0.0,0.007431696623407392,0.03407261646460928,0.0,0.0,0.0,0.002229100483851265,0.0398220982639602,0.0,0.02740368435647117,0.016932416735712844,0.0,0.0,0.0,0.002541891437114002,0.0,0.03798733647097169,0.0,0.0,0.00038776613064526815,0.0,0.03997989941769074,0.02785771183580623,0.0,0.03550415606257925,0.0,0.0,0.0,0.0,0.013938819669284157,0.005677344137958113,0.0,0.009202825242682577,0.009927186021512265,0.008296563094165313,0.0,0.010146084202409946,0.0,0.0,0.0,0.04595843120235741,0.0028218450856103317,0.0,0.00576080397780995,0.0014610487388385322,0.0,0.01129191915865188,0.0,0.0,0.0,0.0,0.0011133119284439477,0.008100497530421264,0.0,0.0,0.005140070655053176,0.001433232564891523,0.0,0.0,0.0,0.002369424681843767,0.0,0.0,0.0,0.0,0.0,0.020434294180395014,0.0007901919591125401,0.0,0.05784354897354692,0.0,0.0,0.030568889372985148,0.003818865462997702,0.02133855646909333,0.019370291773745753,0.0
LFQ intensity D4_1,0.0,0.010792356988274755,0.043241737646603474,0.010254439451459853,0.0,0.0361880223890402,0.0,0.026546535954647614,0.03643173006782084,0.039041686552850834,0.017691100266886427,0.0,0.0,0.0,0.011899908892477084,0.0019280487679914696,0.010188835241281554,0.020913216312421098,0.009472458485966123,0.0034809278367476906,0.0,0.0,0.0009720440866593298,0.0,0.0,0.0,0.09200127526542544,0.0028064558160724147,0.010210996700047189,0.0,0.022161232672633775,0.0,0.0029604540760485515,0.011257525956799732,0.0019343109980901362,0.0,0.008326007858752047,0.04945385923358026,0.0,0.0,0.0,0.004291477428135209,0.057578994288756895,0.0,0.035910784844131446,0.014641445114432362,0.0,0.0,0.0,0.0,0.0,0.04197741403375154,0.0,0.0,0.0,0.0,0.04018310413578118,0.019661327548501667,0.0,0.03490735914220471,0.0,0.0,0.0,0.0,0.012364832603747471,0.009449253806029219,0.0,0.004411713960956911,0.011396977104387704,0.0051563528178058485,0.0,0.01777146402418405,0.0,0.0,0.0,0.03444750689924071,0.0,0.0,0.006501203726010115,0.004909049077668182,0.0,0.010763542992527828,0.0,0.0,0.0,0.0,0.00757843391313249,0.007314769219137563,0.0,0.0,0.0160741460054872,0.0,0.0,0.0,0.012971647332581462,0.010375970786245615,0.0,0.0,0.0,0.0,0.0,0.0,0.0,0.0,0.029257675737264455,0.0,0.0011071594598836745,0.022633192403270476,0.0038504729246375963,0.017565956574093357,0.024791604577435112,0.0
LFQ intensity D4_10,0.0,0.00713815134260883,0.03277986405638618,0.008668433243159425,0.0,0.02844585746677977,0.0,0.023573163312206585,0.04286857873491275,0.03476394005737216,0.025041766972669757,0.0004522635196887254,0.0,0.0,0.008707493128860754,0.0,0.01964653614091356,0.016601678896423177,0.01286023602774385,0.007333636471675175,0.0029382586755032176,0.0,0.0,0.0,0.0,0.0,0.06286096724297027,0.0,0.009940991620865015,0.00012247478425799402,0.0292639979308287,0.0,0.006294882598158249,0.00850070792626745,0.01794141050841384,0.0,0.005312395682165493,0.04442559086454612,0.0,0.0,0.0,0.011088751531224546,0.04014900249810519,0.0,0.035470450728082636,0.01860059676666944,0.0,0.0,0.0,0.0038849942030933543,0.0,0.045236980580275574,0.0,0.0,0.0,0.0,0.04603887411483605,0.018996384451921994,0.0,0.04117023300834865,0.0,0.0,0.0,0.0,0.007132955860952474,0.008718008895722804,0.0,0.008267907160575563,0.007366215687871875,0.010412730418876845,0.0,0.017658916972622264,0.0,0.0,0.0,0.03523191425415798,0.0,0.0,0.009662132531870838,0.0,0.0020469540049642752,0.0005185754541154307,0.0,0.0,0.0,0.0,0.007393228167258842,0.00780328274312961,0.0,0.0,0.015628911028656878,0.0,0.0,0.0,0.0,0.0,0.009673440901102672,0.0,0.0,0.0,0.0,0.04260925718932608,0.0,0.0,0.026992257908596568,0.0,0.0,0.025893484138860962,0.0026740268168526163,0.01497279398703906,0.022223460789511904,0.0
LFQ intensity D4_11,0.0,0.016164486990402006,0.0085447665494419,0.030330246515430266,0.0,0.031241526471776172,0.0,0.0173844845446985,0.021123216317970383,0.04196280643307322,0.01853074908357112,0.0,0.0,0.0,0.026943936124875053,0.0014495153493804364,0.0004162491044611426,0.02235701068825181,0.010692120472415478,0.007434968368539209,0.028599305659840132,0.0,0.00239641754146698,0.0,0.0,0.0,0.07349945060571263,0.0,0.014781907447094518,0.0,0.028514460068433344,0.0,0.002317901219926172,0.005606127324278502,0.04155179169635707,0.0,0.008454889945183819,0.03289659845590514,0.0,0.0,0.0,0.00236541170727162,0.044738520363560956,0.0,0.040522370767296964,0.010025513664045598,0.0,0.0,0.0,0.0,0.0,0.058496428160415975,0.0,0.0,0.0,0.0,0.02237874283335781,0.012620674772324687,0.0,0.027273955988336734,0.0,0.0,0.0,0.0,0.027075267079629237,0.01147868533242315,0.0,0.003420062410136081,0.012439102483995903,0.0,0.006004971095736507,0.0,0.0051933683907227895,0.0,0.0,0.027512438097455783,0.0,0.00017051994120002568,0.00974449245100402,0.002279281833693768,0.0,0.004465029933071343,0.0,0.0,0.0,0.0,0.0011163347929424644,0.011864880057334956,0.0,0.0,0.0054473676224339376,0.0005691489530072945,0.0,0.0,0.0,0.004631886955502023,0.0,0.0,0.0,0.0,0.0,0.03039462512781024,0.0,0.0,0.036489607372428914,0.0,0.008236923021274432,0.023701752743255738,0.0071327178690973264,0.020013805887644637,0.029001179313103944,0.0
LFQ intensity D4_12,0.0,0.016798176968883884,0.016638831172089762,0.0164218059841019,0.0,0.035583291525677775,0.0,0.017206876112365557,0.02658012214131926,0.033078407257990286,0.018261849196561215,0.00313109481841304,0.0,0.00179882594870098,0.0024810009486560796,0.0004896802084836458,0.012520006502267858,0.01876190243258897,0.01907715155463389,0.009015379454938018,0.03075717989094075,0.0,0.0005458482580570697,0.0,0.0,0.0,0.07616097690945807,0.0,0.010845624885404045,0.0,0.016675070744643434,0.0,0.00285639023473635,0.011252675222690543,0.052855290295424774,0.0,0.010560878839684065,0.028129951511693122,0.0,0.0,0.0,0.0,0.045565608475777314,0.0,0.03811658812212584,0.015909067266552793,0.0,0.0,0.0,0.0013944304481266552,0.0,0.05228192779920122,0.0,0.0,0.003620294532902314,0.0,0.017477918813991276,0.005376401356679861,0.0,0.028195028883785132,0.0,0.0,0.0,0.0,0.019968844377383464,0.012140483821554188,0.0,0.004654189343095428,0.01299069061598905,0.0,0.0021086127131273273,0.0025035463723843254,0.009785223137371856,0.0,0.0,0.029714555164560917,0.0021173089891395793,0.0,0.003944090944374141,0.00823349656366828,0.0,0.005205920944373732,0.003365248507732253,0.0,0.0,0.0,0.004833157111538377,0.009754740208453268,0.0,0.0,0.019726251179398514,0.0,0.0,0.0,0.0,0.0020626193758655517,0.0,0.0,0.0,0.0,0.0,0.05417029578988229,0.0,0.0,0.028280081899367145,0.0,0.004098210986027545,0.013768479504866976,0.004303725128246004,0.019672033366159282,0.026176639235893903,0.0
LFQ intensity D4_2,0.0,0.01274058500669975,0.0244881088397054,0.01797735782789232,0.0,0.028149451666575055,0.0,0.03473568680340032,0.04351813752922242,0.0329645058298809,0.028742108780532766,0.003445029687183661,0.0,0.001126898114269634,0.013646717347839833,0.0,0.018463142918047987,0.022183811850916328,0.012754356131756475,0.006387114751372102,0.0,0.0,0.0,0.0,0.0,0.0,0.08039472268561512,0.0031386464980158383,0.01156405656723338,0.0,0.02605195681008482,0.0,0.008139880570663411,0.0018629608351169182,0.020207442386161692,0.0,0.009041883824578973,0.05051223443889267,0.0,0.0,0.0,0.0,0.04235556082916856,0.0,0.03571935308493412,0.019279784288758706,0.0,0.0,0.0,0.002317850507229341,0.0,0.03346680587104988,0.0,0.0,0.00158429812293352,0.0,0.040948700549920024,0.028308137966885142,0.0,0.039688737906662934,0.0,0.0,0.0,0.0019646434121837874,0.010337037575155495,0.005974576103942023,0.0,0.00725021705634274,0.010805854467101446,0.016521526521524065,0.0,0.0,0.0,0.0,0.0,0.03650562491423513,0.0007179415185380761,0.0,0.005637982424197683,0.002963183143086173,0.0,0.002403982623737949,0.0,0.0,0.0,0.0,0.00420348401957164,0.00967282271958756,0.0,0.0,0.007192338618851321,0.0,0.0,0.0,0.0,0.003181043175904688,0.0,0.0,0.0,0.0,0.0,0.01109876477284618,0.0,0.0,0.034873476913045695,0.003470174363858362,0.0,0.02827653355916009,0.003206683086329461,0.016742127221302958,0.021093954960297492,0.0
LFQ intensity D4_3,0.0,0.012507058470767609,0.04271804030483006,0.012753844574946768,0.0,0.037290685099437386,0.0,0.02423816316617559,0.03779618682770081,0.04069439532327741,0.02390800523703247,0.003012703211506967,0.0,0.0,0.013489913468111094,0.0,0.014923559303612388,0.01404197548174194,0.014522062794852467,0.005742544113250694,0.0,0.0,0.0,0.0,0.0,0.0,0.0830438824057528,0.0,0.009014281095529158,0.0,0.021752911741494515,0.0,0.004269783896681609,0.011522080344882023,0.0003371850100817806,0.0,0.010552795841947576,0.052630474696784765,0.0,0.0,0.0,0.000732701233715988,0.042318565699318966,0.0,0.0373279093253788,0.013348145969970585,0.0,0.0,0.0,0.0,0.0,0.04422989536099408,0.0,0.0,0.0,0.0,0.031086846924495377,0.03245433548121964,0.0,0.03991896395639166,0.0,0.0,0.0,0.0,0.008941935952782793,0.008887273126166401,0.0,0.003716244480524379,0.012647646876199925,0.0043041598726230035,0.0,0.016882041441092517,0.0,0.0,0.0,0.0369141257821192,0.0,0.0,0.00459889263852016,0.006269886510062013,0.0,0.006149298203242148,0.0,0.0,0.0,0.0,0.00013482491312423654,0.010948268985529851,0.0,0.0,0.013544218845170444,0.0,0.0,0.0,0.012500066254459255,0.0028603182117717895,0.0,0.0,0.0,0.0,0.0,0.00308047315247213,0.0,0.0,0.029421161314096063,0.004938527555359318,0.0,0.03381416164726803,0.00741771666200498,0.016667536235683893,0.02318132497784456,0.0
LFQ intensity D4_4,0.0,0.010001789467694096,0.045694068754996944,0.003505672219340368,0.0,0.037496836093064354,0.0,0.02801818797890806,0.04077959429576407,0.028703115509000343,0.02651676117703774,0.0019143157841659442,0.0,0.0,0.011669153007353682,0.001867497419947537,0.019250879832835414,0.015799522959228138,0.008521191746353941,0.004789854566270275,0.0,0.0,0.0,0.0,0.0,0.0,0.06672893741564914,0.004018122693741759,0.010500656137918915,0.0,0.016787718270379007,0.0,0.006550467617741172,0.008400618196129403,0.027053295849838795,0.0,0.005945232135607883,0.041563228456152686,0.0,0.0,0.0,0.0068004967939497675,0.03977450645960359,0.0,0.03601967064014964,0.012044602642191845,0.0,0.0,0.0,0.002418117245661105,0.0,0.04695482979248247,0.0,0.0,0.004565957692525343,0.0,0.03616025036229222,0.01597039789242326,0.0,0.03532155808628787,0.0,0.0,0.0,0.0,0.013732259601493662,0.008551566530928837,0.0,0.002634802148804401,0.007416760981389376,0.007753411960447978,0.0,0.016292792883591426,0.0,0.0,0.0,0.03446069824986944,0.0031130482852651793,0.0,0.010297386211570421,0.0,0.0,0.0,0.0,0.0,0.0,0.0,0.004271276260606499,0.010150883726456143,0.0,0.0,0.013758622047484343,0.0,0.0,0.0,0.0,0.0,0.00362845096470809,0.0,0.0,0.0,0.0,0.03400648265735714,0.004134735245479843,0.0,0.030418701273869475,0.0024668870206519425,0.003934971329332709,0.028149996093612073,0.0023717609898989455,0.026190591176210806,0.02415680916828456,0.0
LFQ intensity D4_5,0.0,0.014672329219517078,0.02824062899356809,0.011833887743430393,0.0,0.03801431661835309,0.0,0.018733101960094527,0.03191112204806584,0.029280987701944625,0.03015594970712476,0.002847756320777904,0.0,0.0,0.010373682645378567,0.0022518257848964875,0.018977249708536478,0.013129920030044807,0.012688749215945542,0.009324975140286282,0.0,0.0,0.0,0.0,0.0,0.0,0.07263079261852663,0.0,0.01169972700477487,0.0,0.022119956211517307,0.0,0.006351630777557519,0.017870570216018792,0.0,0.0,0.006388949999442203,0.049164837547827064,0.0,0.0,0.0,0.01119376098987455,0.043070793427686986,0.0,0.04108512131856067,0.012291491267810947,0.0,0.0,0.0,0.004081597348740012,0.0,0.03708017263669361,0.0,0.0,0.004710714191749169,0.0,0.03979079673171592,0.03399252688925445,0.0,0.043060523970142345,0.0,0.0,0.0,0.002695713744166748,0.014759040066792717,0.011414894186431665,0.0,0.003818400938853543,0.008333830245420911,0.0,0.006192552653073839,0.0,0.006285832245962233,0.0,0.0,0.022153561971433585,0.0014742166014139158,0.0008626782658539895,0.010350917266100398,0.002726383035663249,0.0,0.003888680929776026,0.0,0.0,0.0,0.0,0.012355585525239424,0.010378326301267476,0.0,0.0,0.018773881260627186,0.0,0.0,0.0,0.015464905362189455,0.0,0.001282435548796149,0.0,0.0,0.0,0.0,0.009364065758997467,0.0,0.0,0.03321676867346992,0.0,0.0,0.032698629874958585,3.6083371551803355e-05,0.018696236488355108,0.023755933697747148,0.0
LFQ intensity D4_6,0.0,0.010022491797977259,0.03660154872211797,0.014712360247770792,0.0,0.030164968664561215,0.0,0.028230871476929018,0.04342656353208839,0.033093332527373356,0.029171994638422138,0.0032761054998327083,0.0,0.0,0.008943652194054066,0.0,0.01701519942861516,0.02102188750831698,0.015444675183582241,0.007222004904968859,0.0,0.0,0.0,0.0,0.0,0.0,0.07682459290274268,0.0,0.011731186395647096,0.0,0.014751600931197784,0.0,0.006085733621269474,0.002376602180034054,0.026680560245317786,0.0,0.00793103724092087,0.04226363096716944,0.0,0.0,0.0,0.0013380908233651637,0.04375919115804779,0.0,0.03821215970114736,0.013549994311268658,0.0,0.0,0.0,0.0025559606048807582,0.0,0.04553713586599983,0.0,0.0,0.0,0.0,0.041376531884436504,0.01623981575565468,0.0,0.03588638706445746,0.0,0.0,0.0,0.0,0.011146984463185593,0.008813989829887852,0.0,0.005249856668035653,0.013357571072483702,0.01488931026475669,0.0,0.0047934189398260475,0.0,0.0,0.0,0.03131253714230516,0.0,0.0,0.008470156541691627,0.004105112610440232,0.0,0.0030470585590529086,0.0,0.0,0.0,0.0,0.0,0.012454571437305264,0.0,0.0,0.011327024315874425,0.0,0.0,0.0,0.01286464915228168,0.0,0.0,0.0,0.0,0.0,0.0,0.007138513337101649,0.00925751595545874,0.0,0.0319771787284296,0.001020555391895449,0.0,0.025753308526275578,0.0085848715436256,0.022857948445343904,0.02612999909457507,0.0
LFQ intensity D4_7,0.0,0.010856058805827478,0.04086009982199385,0.018589803764902945,0.0,0.029501085756508977,0.0,0.023295334686808576,0.03799057721262023,0.03556949060579115,0.011121410230924191,0.0,0.0,0.0,0.017434721294139102,0.0,0.015706314512547347,0.0252496169067845,0.0018243756635416685,0.0032746183493319683,0.0,0.0,0.0,0.0,0.0,0.0,0.08979894980212834,0.005825887572584392,0.010377256281231621,0.0,0.023734504808185834,0.0,0.004842177294920691,0.002956807102567997,0.03296691200075243,0.0,0.008644889417240979,0.04402319911375473,0.0,0.0,0.0,0.0,0.03975534602328985,0.0,0.03476401557590904,0.018336074865629253,0.0,0.0,0.0,0.0,0.0,0.055369967755016604,0.0,0.0,0.0,0.0034768890534912227,0.037191057454162145,0.012952419609793287,0.0,0.032074502648339644,0.0,0.0,0.0,0.00029488243097970396,0.017281166719023064,0.010937907120477772,0.0,0.0032689620483019196,0.009445794296026416,0.0,0.0,0.020245171283980498,0.00023576674992198157,0.0,0.0026526518975138373,0.030400820891246703,0.0,0.0,0.007438275009703792,0.005024661026428241,0.0,0.00813724897546531,0.0,0.0,0.0,0.0,0.00017244873750785393,0.010429242422154298,0.0,0.0,0.0024546002473722992,0.0,0.0,0.0,0.0,0.012041760818808695,0.0,0.0,0.0,0.0,0.0,0.022983197645461462,0.0,0.0,0.030457094258265958,0.0018561005015928183,0.006977074055042549,0.018362613437598235,0.007221604099354327,0.01816151211423499,0.025155079222817175,0.0
LFQ intensity D4_8,0.0,0.003172284811418974,0.013614548205644951,0.023923388544569907,0.0,0.029295416196557945,0.0,0.020778390946546665,0.02760235781149804,0.027937574780257927,0.013587456750662417,0.0,0.0,0.0,0.0025787365754773076,0.0,0.01645639266213137,0.02260487586784553,0.014897377695773551,0.008766728201758852,0.024980662422619416,0.0,0.0032956672019714335,0.0,0.0,0.0,0.0641662056959793,0.0,0.009304960595141009,0.0,0.020302784302786765,0.0,0.003449648303890108,0.0,0.060887491499810285,0.0,0.003699651793684549,0.023148776109882627,0.0,0.0,0.0,0.009492521448323346,0.061404259290296206,0.0,0.034741880696166676,0.01359388205447722,0.0,0.0,0.0,0.003318141246633253,0.0,0.03690008956968057,0.0,0.0,0.004764518337684596,0.0004967260200950431,0.039468388837459435,0.017310939309069625,0.0,0.030452524253730344,0.0,0.0,0.0,0.0,0.024020281430307367,0.012512107603582685,0.0036469901012038133,0.0003071029563392453,0.0075018472185837915,0.0,0.0031032805022745934,0.011193096777748181,0.005515127643352971,0.0,0.0,0.03813034572585842,0.0,0.0,0.011557757457192532,0.0015752972299449854,0.0,0.0028004381404852863,0.0,0.0,0.0,0.0,0.00789630480466912,0.01087470896221565,0.0,0.0,0.018132228511252124,0.0,0.0,0.0,0.0,0.004593201591743324,0.005381987046418694,0.0,0.0,0.0,0.0,0.03836658629373051,0.0,0.0,0.03452061228521252,0.0,0.007038208934045481,0.01913151332478235,0.0014717518964840004,0.01822376379126933,0.022110211731777654,0.0
LFQ intensity D4_9,0.0,0.01296694629429332,0.015273572628952414,0.01449724767148262,0.0,0.02776997970825513,0.0,0.014159931000927032,0.028659739489416882,0.029271728901283458,0.01828298693496703,0.0,0.0,0.0,0.012074661796844067,0.0009416913910677676,0.015071408828191009,0.020242710066732218,0.012458816621279968,0.00758676733682706,0.028175791795684205,0.0,0.0,0.0,0.0,0.0,0.08993633317389782,0.0,0.012529482574369226,0.0,0.03839411112272224,0.0,0.0030977633493844137,0.0,0.04172353924437748,0.0,0.005128653390865928,0.037993998815426686,0.0,0.0,0.0,0.007458890303369935,0.06337769875299512,0.0,0.030965767091711945,0.014948628139142701,0.0,0.0,0.0,0.003704010917144217,0.0,0.04069073449627222,0.0,0.0,0.003755814085823749,0.0,0.026983520132596077,0.016822549815702435,0.0,0.03166653165747669,0.0,0.0,0.0,0.0,0.017830917254998892,0.011771734331223457,0.0,0.004775968115890252,0.0111795070888529,0.0,0.0027539887650796795,0.010708475206697684,0.008881690852799615,0.0,0.0,0.02940360952842234,0.0,0.0,0.01018865723205935,0.0009305122240854105,0.0,0.006326684321292044,0.0,0.0,0.0,0.0,0.007662082512011107,0.013730696636905274,0.0,0.0,0.004180131920862623,0.0,0.0,0.0,0.01314627178440927,0.010321916337766957,0.0,0.0,0.0,0.0,0.0,0.01906369225684361,0.0,0.0,0.02988697466048577,0.0,0.012331247974866249,0.013537475738156526,0.003143526183803889,0.012535932348537665,0.019096299194466378,0.0
LFQ intensity D5_1,0.0,0.006622210952487205,0.06377318716246132,0.005317719653421436,0.0,0.018766717217587874,0.0,0.011374337217879381,0.022320634143458744,0.009603803359506873,0.007293027509403928,0.0,0.0,0.0,0.007411459416596138,0.0,0.01134802738837996,0.01636175721650208,0.028702785896299772,0.0036096434394076587,0.0,0.0,0.0010998671683768654,0.0,0.0,0.0,0.09864906450786211,0.0,0.019455240498782486,0.0,0.026495101224906538,0.0,0.00420862305918983,0.002203998017837006,0.02234058912543898,0.0,0.012762515233877414,0.05291579224593803,0.0,0.0,0.0,0.007162132443364537,0.05043129635268259,0.0,0.03814748133978646,0.009417321842631901,0.0,0.0,0.0,0.0,0.0,0.023261775098638103,0.0,0.0,0.002329273451068219,0.007577837045117438,0.035538841563279196,0.022452416430090084,0.0,0.03669880773916181,0.0,0.0,0.0,0.0,0.01887282246966248,0.014516870379383736,0.0,0.009869545472143344,0.014850091538375212,0.012814849773330505,0.0,0.0,0.002852584337668253,0.0,0.017610766477564273,0.0,0.0,0.0,0.017918709088507716,0.0009780220458103003,0.0,0.009024039391851793,0.00348841962351894,0.0,0.0,0.0,0.003086815301575189,0.010879850312973621,0.0,0.0,0.030135640414583074,0.0,0.0,0.0,0.021951343777932654,0.01374753595059432,0.0,0.0,0.0,0.0,0.0,0.0,0.0,0.0,0.029593349453591534,0.0,0.011090775567342228,0.022597562700492957,0.004781715398110572,0.01606031519615686,0.027625090367408546,0.0
LFQ intensity D5_10,0.0,0.011002853192807142,0.06327560273824769,0.0017757043776325944,0.0,0.010200994142580218,0.0,0.01354437202213675,0.015712555520435937,0.025061461513386733,0.009026400516865067,0.0,0.0,0.0,0.006908873293318481,0.0018080425135043661,0.01924489526264909,0.01656930940124986,0.02461448985341721,0.002735176983431328,0.0,0.0,0.0023514263031553556,0.0,0.0,0.0,0.10351322496272258,0.0,0.017036636148645312,0.0,0.0006166282267081842,0.0,0.0024386107095687184,0.00461617727874066,0.032711062850795794,0.0,0.013265704448223094,0.044086239083340306,0.0,0.0,0.0,0.006466424555645287,0.07370195976969995,0.0,0.03943678075292754,0.015786336479483215,0.0,0.0,0.0,0.0,0.0,0.026986641069914576,0.0,0.0,0.0,0.013475167781978234,0.03060743847771944,0.025273204959657847,0.0,0.03402421234215495,0.0,0.0,0.0,0.0,0.025457257627185967,0.013799889782818986,0.0,0.0009570298557911824,0.012822851891705577,0.012372101556058206,0.002819163406286801,0.0,0.0016869907417758697,0.0,0.023489981028764848,0.0,0.004847408292390741,0.0,0.017921747601591924,0.000309680035094609,0.0,0.007528968915856723,0.0,0.0,0.0,0.0,0.008926144712239573,0.010535664404951451,0.0,0.0,0.02735763956888876,0.0,0.0,0.0,0.012991118630536612,0.0046520389034276285,0.0,0.0,0.0,0.0,0.0,0.01229650658686051,0.0,0.0,0.028477228878983633,0.0,0.0006911637910196394,0.02131712706748188,0.004169222852870918,0.011505536434609791,0.025192929900064612,0.0
LFQ intensity D5_11,0.0,0.008520865966409824,0.028747114579028836,0.008139726436763445,0.0,0.022117698995827457,0.0,0.012883199473084805,0.020531235689535597,0.008156035241105638,0.0016110388957847682,0.0,0.0,0.0,0.0,0.0,0.021153812150448387,0.01981627459277912,0.023150074905405726,0.009351517774818845,0.02316406462591398,0.0,0.0,0.0,0.0,0.0,0.07503961313897012,0.0034991279326521928,0.020203631877217115,0.0,0.012333058398300057,0.0,0.004168487026584546,0.0029807067163260276,0.04378949932039775,0.0,0.016522488415187938,0.04132665829943575,0.0,0.0,0.0,0.001302517257610613,0.07250521384497989,0.0,0.04119323276281525,0.017074817767170205,0.0,0.0,0.0,0.0,0.0,0.03269476092337976,0.0,0.0,0.002293386521965584,0.01245997635256959,0.025097958949938735,0.00818934828028082,0.0,0.01940514838823035,0.0,0.0,0.0,0.0,0.02791305229149024,0.016279753133240045,0.0,0.0057966949021137195,0.012322700906900295,0.0,0.0,0.0,0.009074825104988997,0.00029497403004359845,0.020425704880114512,0.005469807904912836,0.0,0.0,0.014724730887367064,0.0026257762297254043,0.0,0.01233025311501544,0.0,0.0,0.0,0.0,0.00732381891834924,0.008666477234396338,0.0,0.0,0.019518006748688217,0.0,0.0,0.0,0.02077731632888297,0.006014938985564267,0.0,0.0,0.0,0.0,0.0031186011234588112,0.035566752275117304,0.0,0.0,0.03523722941455772,0.0,0.0025376248705380458,0.018244465815583016,0.009540985686722696,0.020360039580230346,0.026413178131080035,0.0
LFQ intensity D5_12,0.0,0.011705186269216931,0.05893641601853365,0.006076755932537422,0.0,0.0126196737063323,0.0,0.017247577517737884,0.02383514378553348,0.01800434626122444,0.011227388745650766,0.0014903562182581093,0.0,0.0,0.013895987729459804,0.003171087792523176,0.012791004790622697,0.0201368586078986,0.02371935078217298,0.002436550617525032,0.0,0.0,0.0027397561617597105,0.0025276379286653782,0.0,0.0,0.09613662308655244,0.0,0.014431464193655555,0.0,0.011341232595876704,0.0,0.0021459467910429214,0.0007763181516897465,0.06706201985645031,0.0,0.011863600888482193,0.022174110895266632,0.0,0.0,0.0,0.0,0.04997023454275705,0.0,0.035058454392738636,0.014126026878820254,0.0,0.0,0.0,0.0,0.0,0.026140441650931098,0.0006534029474942901,0.0,0.003967269441518349,0.009750974858318315,0.03135775459638121,0.012608739234625604,0.0,0.03220935881676047,0.0,0.0,0.0,0.0,0.02531227510178732,0.014610147645302846,0.0,0.007200388222524314,0.012956955444275232,0.0,0.0016423227376607642,0.0,0.0046911501716657865,0.0,0.01672390054609087,0.0,0.0,0.0,0.013546432792931433,0.004884314130824121,0.0,0.006127164146375755,0.004095488222638723,0.0,0.0,0.0,0.0015902273039926456,0.0041120119404140535,0.0,0.0,0.03454205417566245,0.0,0.0,0.0,0.0,0.0033143799346418744,0.0,0.0,0.0,0.0,0.0018104948304235816,0.06571209883848629,0.0,0.0004912924776701825,0.019053719295340932,0.0,0.005578413427181544,0.017393718811571486,0.0028074869367537853,0.01951096902143175,0.02795754115933817,0.0
LFQ intensity D5_2,0.0,0.011052550867024,0.05554373836835648,0.013171666863826103,0.0,0.018332936401494655,0.0,0.011023476201272421,0.024617841384771737,0.017862720127569325,0.0029165988812858115,0.0,0.0,0.0,0.0072818938136015405,0.0,0.017960566560957878,0.01851452469633983,0.02032809800331805,0.008688005378922439,0.0,0.0,0.0025372835052974983,0.0,0.0,0.0,0.08897949919137642,0.0015750048779179652,0.014920199288950605,0.0,0.023321358533072312,0.0,0.004639535882486479,0.005804018249462214,0.035070400321553626,0.0,0.005300520562925958,0.03997222099743575,0.0,0.0,0.0,0.005413563292153055,0.0520516963522963,0.0,0.04312963475461405,0.012592422803287,0.0,0.0,0.0,0.0,0.0,0.025312409995792214,0.005046589575555092,0.0,0.0,0.010623200978991745,0.030100283131053826,0.014150288448254788,0.0,0.012409612680030251,0.0,0.0,0.0,0.0,0.02342734165213004,0.016634743771212396,0.0,0.009544229012047756,0.010051819363171923,0.0,0.0,0.0,0.003660498668588673,0.0,0.009812589831075996,0.0,0.0,0.0,0.019906268455862026,0.0,0.0,0.013648523414921631,0.003487646234458801,0.0,0.0,0.0,0.006544397192020837,0.011255163542061863,0.0,0.0,0.02770625301924525,0.0,0.0,0.0,0.016238572571909863,0.005318183487846652,0.004008864736084306,0.0,0.0,0.0,0.003427809600977178,0.02464808133189574,0.0,0.0,0.03416417030957198,0.0,0.021868006657543806,0.023681946673959245,0.0049694544827908966,0.015496625712289843,0.027221939599953168,0.003032509707132606
LFQ intensity D5_3,0.0,0.00828786237595497,0.058331919551298725,0.009425050329972312,0.0,0.017679460584828208,0.0,0.010532168670939267,0.02129893483027043,0.010835491518830604,0.00427708308729909,0.0,0.0,0.0,0.01158494904473168,0.0,0.01604804840603187,0.012762846490119637,0.023926477734544895,0.002438262663891913,0.0,0.0,0.0010281113166982208,0.0,0.0,0.0,0.0887141791640865,0.0,0.02207073368050211,0.0,0.02158275823675426,0.0,0.004985770638364842,0.0,0.0428660144845178,0.0,0.010773705683871643,0.043716162947499075,0.0,0.0,0.0,0.0020989909079192786,0.05182686562031864,0.0,0.0397919081601037,0.02060416654246777,0.0,0.0,0.0,0.0,0.0,0.025663433484378856,0.0,0.0,0.0031165578312267396,0.0055755190813397935,0.027084197133940103,0.024233215642822763,0.0,0.026064162738607382,0.0,0.0,0.0,0.0,0.02276850304128774,0.014348044503354272,0.0,0.004682542957270782,0.012764956454533521,0.004874941485826308,0.0,0.0020343961878639687,0.0037378798605933765,0.0,0.01719635593015306,0.0,0.0,0.0,0.01574233460193517,0.00014130022825515457,0.0,0.018129926106746342,0.0,0.0,0.0,0.0,0.0063185896871058335,0.01021719522323189,0.0,0.0,0.02564417696534323,0.0,0.0,0.01566447051586007,0.021485327254933694,0.01019295936993165,0.0,0.0,0.0,0.0,0.0015335129225150248,0.010854350836215101,0.0,0.0,0.03378699891899061,0.0,0.01792224843613682,0.016684832128921395,0.0041957297500371015,0.01138866641494361,0.0239137960454057,0.00455095558847563
LFQ intensity D5_4,0.0,0.0036989954311497505,0.05191985253812199,0.007447136160753812,0.0,0.01993587401083219,0.0,0.016972954488223925,0.016591091996354636,0.017744463377822466,0.0017843609441656157,0.004898263118896679,0.0,0.0,0.006664894315993823,0.0,0.00924119462997363,0.020467622703184543,0.0281218041431167,0.009102623898780906,0.0,0.0,0.00014443976130467607,0.0,0.0,0.0,0.07940020459412138,0.0,0.015923450156969523,0.0,0.023704854087443033,0.0,0.005566271046055825,0.011987257420988646,0.026569674762619636,0.0,0.013571960149500144,0.046962207820461156,0.0,0.0,0.0,0.0,0.05119301844263724,0.0,0.04298089489474375,0.01705728995402125,0.0,0.0,0.0,0.0,0.0,0.0332028580477454,0.0,0.0,0.003782822576370523,0.025775015214174465,0.032332950577656096,0.0280306329241835,0.0,0.02902856592219457,0.0,0.0,0.0,0.0,0.024193319897681552,0.015686710864637955,0.0,0.00278493356639076,0.01322600726796719,0.0008760523480961477,0.0005182232818842247,0.00287635738247222,0.00297034005140845,0.0,0.021294852112413273,0.0,0.0,0.0,0.014935732329334981,0.0027623233294539746,0.0,0.0029605408892616476,0.0034172063751752497,0.0,0.0,0.0,0.0003243004289655836,0.01148260470588695,0.0,0.0,0.031482801069651525,0.0,0.0,0.0,0.021793966582746283,0.0,0.0,0.0,0.0,0.0,0.0,0.011287533816360034,0.0,0.0,0.026611438012919295,0.0,0.0,0.0321251300670676,0.006633709028466923,0.019997286139219677,0.027953130341976985,0.0
LFQ intensity D5_5,0.0,0.019744384705087603,0.044101007006603805,0.016738237209492024,0.0,0.00966901240511828,0.0,0.007127761406512974,0.018733902285351038,0.028331583665216355,0.00986433958190707,0.002078471009077421,0.0,0.0,0.012775707899046786,0.0,0.012537359192807348,0.0190984478236088,0.023718548262825687,0.008537040588069453,0.009435581587821222,0.0,0.0029375672400776182,0.0,0.0,0.0,0.08727081533707837,0.0,0.017153471878663912,0.0,0.0,0.0,0.006713214402304582,0.011570015657077303,0.011850529684561434,0.0,0.011053642517743044,0.0689245606262682,0.0,0.0,0.0,0.0,0.04892123942194467,0.0,0.0342708592329512,0.020492544310486062,0.0,0.0,0.0,0.0,0.0,0.029722225595342638,0.0,0.0,0.0,0.012767854748327903,0.02404903251269395,0.020827856880693097,0.0,0.05004323681975049,0.0,0.0,0.0,0.0,0.018254185853045404,0.014268528134197739,0.0,0.009225784879540644,0.012525201702500046,0.0,0.002701440793407721,0.0,0.0005736224113822296,0.0,0.027567170853107337,0.005969015448738284,0.0,0.0,0.015754076909686558,0.0034999771651125825,0.0,0.004602533565722937,0.0006017751993823168,0.0,0.0,0.0,0.005763936883877346,0.011011500679416702,0.0,0.0,0.02087491241165143,0.0,0.0,0.0,0.013199392287969508,0.0,0.0,0.0,0.0,0.0,0.0,0.01429062789184292,0.0,0.0,0.02987310735422856,0.002628515465138519,0.0,0.04062599532939997,0.0,0.01786991090766584,0.0272587363784751,0.0
LFQ intensity D5_6,0.0,0.0029241495221815433,0.049803407799027886,0.011363536681988284,0.0,0.023652008806287487,0.0,0.016026928563567182,0.0157653166074603,0.02413678092859835,0.0024391723884974116,0.005199862873156019,0.0,0.0,0.01951388092279908,0.010508070792186864,0.0128457646449492,0.013686615795420314,0.021560749716672996,0.0017394598289427275,0.0,0.0,0.00021168319471308813,0.0,0.0,0.0,0.08714987869237709,0.0,0.014627692388960148,0.0,0.030198695486900823,0.0,0.0068025318188625365,0.0,0.05397324150178659,0.0,0.006313435464820948,0.03586918298509445,0.0,0.0,0.0,0.0061111847850250905,0.040872421104059094,0.0,0.03481221205118241,0.005916965256248464,0.0,0.0,0.0,0.0,0.0,0.04399664039521369,0.002761222182619433,0.0,0.0,0.021097496144739568,0.0420660448826035,0.019125248914710756,0.0,0.03175538208809447,0.0,0.0,0.0,0.0,0.024149183904633654,0.013205610187163661,0.0,0.005574941747866232,0.011761541706429983,0.0,0.0,0.0011577805148659756,0.004028304290889229,0.0,0.02606591855974672,0.0008559024947278586,0.0,0.0,0.018091296472382425,0.0,0.0,0.0027292288948394697,0.003271753423587274,0.0,0.0,0.0,0.002812340434693197,0.004286167339892643,0.0,0.0,0.025790254057493116,0.0,0.0,0.0,0.0,0.0012256317147249288,0.0,0.0,0.0,0.0,0.0,0.04302302512440017,0.0,0.0,0.030191842026095702,0.0,0.012255741543333238,0.015859529715297197,0.00038317143805253757,0.011779719863738256,0.026674249335398803,0.0
LFQ intensity D5_7,0.0,0.01494071687536938,0.03320052100001426,0.011139101350471045,0.0,0.0254326673267455,0.0,0.010703680684289953,0.01579433566325909,0.01039107931330325,0.009608451538832649,0.0,0.0,0.0,0.0071083398074932354,0.0,0.014371708696449093,0.013033073787036897,0.028080817538517305,0.008866659541021274,0.021050383742427372,0.0,0.0009225838483801618,0.0,0.0,0.0,0.07861849279547936,0.0,0.020722853571128543,0.0,0.0,0.0,0.005103446251232394,0.02115874170049378,0.018001585494031306,0.0,0.013306325384067804,0.04333887545666204,0.0,0.0,0.0,0.0,0.05417403483355387,0.0,0.04114246343820091,0.0207624688865334,0.0,0.0,0.0,0.0,0.0,0.028795301299962568,0.0,0.0,0.0035751210853867546,0.0054255726969273995,0.030121450888961756,0.023791623235060566,0.0,0.01838880506160238,0.0,0.0,0.0,0.0,0.028667342795055565,0.017192177525962485,0.0004919190886926275,0.008397831813383525,0.014580626485300131,0.0012692820630946374,0.0,0.0,0.00537402243163533,0.0,0.021808480546946177,0.0,0.009221580551778899,0.0,0.01568441174997667,0.0021501426915991797,0.0,0.013893097741876607,0.0,0.0,0.0,0.0,0.006490569161586816,0.009956174967141112,0.0,0.0,0.03216906082330118,0.0,0.0,0.0,0.0,0.007406649404202053,0.0,0.0,0.0,0.0,0.002922080610890677,0.02806505139354803,0.0,0.0,0.03720536063289225,0.0,0.003311689891994209,0.03194854188205261,0.008538789906345906,0.014823980213259718,0.021833360305780335,0.00552649252880815
LFQ intensity D5_8,0.0,0.002549280886413903,0.04767323783263268,0.013091362758803505,0.0,0.011595787122113295,0.0,0.009654470371374933,0.02100116990340689,0.02080256640859137,0.005008786842754111,0.0,0.0,0.0,0.0,0.0,0.019654036980025553,0.015678533993273083,0.023359182394152522,0.005135654011084404,0.0,0.0,0.0016862210674766897,0.0,0.0,0.0,0.07151632750919533,0.0,0.02142102624530116,0.0,0.039787181129139974,0.0,0.001977042292208948,0.0,0.04481439325587838,0.0,0.012420933754191621,0.04324254624932079,0.0,0.0,0.0,0.004944463417638019,0.05157977172817571,0.0,0.038556278686539304,0.020000786548354806,0.0,0.0,0.0,0.0,0.0,0.027051760422414712,0.0,0.0,0.0,0.015515465847688177,0.03443841482742792,0.033994196835361895,0.0,0.022421655331421826,0.0,0.0,0.0,0.0,0.02333341253083165,0.015318108133985642,0.0,0.007459732350291441,0.014405484500985376,0.00323891518397904,0.0,0.004524163042225454,0.00012264841882586754,0.0,0.022514723308365864,0.0,0.0,0.0,0.018730580630721357,0.0,0.0,0.01280659219151089,0.0,0.0,0.0,0.0,0.003489503403733687,0.010605904011041573,0.0,0.0,0.02886430217703224,0.0,0.0,0.0,0.01641955656684785,0.0005217333822997556,0.0,0.0,0.0,0.0,0.002227624431640912,0.03067131968175657,0.0,0.0,0.030473807097548402,0.0,0.0,0.024309436922051036,0.009187856451652954,0.017290184252942067,0.02291187667736878,0.0
LFQ intensity D5_9,0.0,0.0024025204586890876,0.044392868254278975,0.004302138886207897,0.0,0.01719517061683295,0.0,0.018951533562032826,0.010761251677451076,0.0337740342997309,0.006147827346601583,0.0,0.0,0.0,0.01784338642802097,0.0,0.016576133093063987,0.013233869261513926,0.01749429322036422,0.00827475115355434,0.004646381366695129,0.0,0.0019518165729286714,0.0,0.0,0.0,0.06638607406385462,0.0,0.015890768212648364,0.0,0.03204565959471336,0.0,0.003764014633954116,0.0015087561900842127,0.04311337835806885,0.0,0.0028216643349735144,0.04030667092343332,0.0,0.0,0.0,0.005959457816315746,0.06711071336985483,0.0,0.038897660866098784,0.018660028340714813,0.0,0.0,0.0,0.0,0.0,0.04306685326600267,0.0,0.0,0.0,0.019841576820253493,0.035581425739107435,0.021885924220902173,0.0,0.03455198136419461,0.0,0.0,0.0,0.0,0.0247400290195467,0.013324620263818797,0.0,0.0066292465145105115,0.008890664700806456,0.00511341997441186,0.0021146369332482773,0.0053225404426578875,0.0,0.0,0.027195749673742286,0.0,0.0,0.0,0.013868849337461074,0.002024261524633537,0.0,0.006359013226829375,0.0021083949322429915,0.0,0.0,0.0,0.006653060432542873,0.006305510060799183,0.0,0.0,0.026793079562033147,0.0,0.0,0.0,0.0,0.0,0.0030772335667814464,0.0,0.0,0.0,0.0015411493544368112,0.04167722419557225,0.0,0.0,0.02730804729876622,0.0,0.0,0.0223926858073802,0.0006750904243881388,0.010573497802814472,0.02597141063743402,0.0
LFQ intensity D6_1,0.0,0.008657400818237702,0.0500630709377959,0.010446103175382864,0.0,0.02088793512650865,0.0,0.017741776404967866,0.014275262116021066,0.026750505308757545,0.006502617601582021,0.0032673312566752744,0.0,0.0,0.0143690740362505,0.003119218645631241,0.01494396807828112,0.01815705780213455,0.021550491770833236,0.004567317140251928,0.0,0.0,0.0015396719025301613,0.0,0.0,0.0,0.08517011551071955,0.0,0.019700895439375025,0.0,0.027843530076874044,0.0,0.003907788285731908,0.0,0.054155371250225966,0.0,0.0116246684460654,0.029205858310420392,0.0,0.0,0.0,0.0026716197297595337,0.046314919305088575,0.0,0.037346222065033984,0.009286191538379993,0.0,0.0,0.0,0.0,0.0,0.03758857510314358,0.0,0.0,0.0,0.01420142283920559,0.036429691137467336,0.017430275350338014,0.0,0.031927584685223755,0.0,0.0,0.0,0.0,0.02132851069870713,0.014336033577690956,0.0,0.005521014815331904,0.011914275365049886,0.0,0.0,0.0038393156446078903,0.005561459994661013,0.00021034204677013583,0.02381067649508022,0.0,0.0,0.0,0.0134998528524273,0.004195669504049048,0.0,0.005026115010430346,0.006420725400070636,0.0,0.0028710471235936295,0.0,0.00315737926871354,0.004995864298532351,0.0,0.0,0.02884960291588144,0.0,0.0,0.0,0.0,0.00040431684530737927,0.0,0.0,0.0,0.0,9.267037759559544e-05,0.05283873757480072,0.0,0.0,0.031120059327640944,0.0,0.0008484600403579512,0.013162480932877078,0.004765818983834176,0.013110115622960607,0.026475924088133772,0.0
LFQ intensity D6_10,0.0,0.0049752275663783666,0.04099167224558939,0.02236198049607681,0.0,0.010440841787350011,0.0,0.017154840676113198,0.017176029195515134,0.03139401713192374,0.003896266097058796,0.0,0.0,0.0,0.013700058149581586,0.0017566848056626099,0.0118147341963622,0.0180854274324457,0.02240408572983048,0.0062399616624659905,0.0,0.0,0.0023562674510888217,0.007297313500357641,0.0,0.0,0.08947846881588889,0.0,0.022340621905034472,0.0,0.022766938143620092,0.0,0.006272365250860114,0.0,0.050876139095390134,0.0,0.00599211140743197,0.03181865390587565,0.0,0.0,0.0,0.005063559805963236,0.0467593350529217,0.0,0.03740326749883085,0.01406921223677633,0.0,0.0,0.0,0.0,0.0,0.03851797964774134,0.0,0.0,0.0,0.022491213376945613,0.0388341349846272,0.014525589590742523,0.0,0.03440505951140312,0.0,0.0,0.0,0.0,0.02245291997986738,0.015077233391769222,0.0,0.0068587756272033805,0.01164443865200949,0.0,0.0,0.006692192952665901,0.008568223828999298,0.0,0.023911927499674347,0.0008044623163395379,0.0,0.0,0.015968040897604077,0.0015458619988851497,0.0,0.005621727136245955,0.0028985064071787047,0.0,0.0,0.0,0.0020197543664080514,0.01608993160932409,0.0,0.0,0.010596338450577137,0.0,0.0,0.0,0.011943497972270433,0.0007774403088557377,0.0,0.0,0.0,0.0,0.0,0.030566905821057783,0.0,0.0,0.03073033792842964,0.0,0.002181148970837229,0.011254079418179776,0.004658393333301168,0.014961011848093928,0.028516790930368855,0.0
LFQ intensity D6_11,0.0,0.018254602373582174,0.03614071990627476,0.004117750743252445,0.0,0.025247209154208413,0.0,0.015032139159576595,0.007609271888285049,0.02513885250197002,0.005343564324075004,0.0,0.0,0.0,0.004767959529179815,0.005725431414876852,0.01899842536288635,0.012109512602970806,0.016850942563096803,0.007911067337596386,0.027981908946669878,0.0,0.003308415072503322,0.0,0.0,0.0,0.0896953682493544,0.0,0.022217186802015162,0.0,0.02317445084328092,0.0,0.000872055810771287,0.0033681711881469525,0.03248192647655198,0.0,0.01012575263379224,0.037207653306294,0.0,0.0,0.0,0.0027668902631469107,0.06675290933591727,0.0,0.03789559499111807,0.010775310549090663,0.0,0.0,0.0,0.0,0.0,0.044353451828297696,0.0,0.0,0.0,0.007926830316752299,0.03197316568883106,0.010935289646080797,0.0,0.030662281475600718,0.0,0.0,0.0,0.0,0.026408342136553204,0.016543180902169163,0.0,0.001989828690198371,0.012008727358363043,0.0,0.0,0.0,0.006221490180414972,0.0,0.02606615352249143,0.0032430801133565804,0.0,0.0,0.012728915860817288,0.004455218607110096,0.0,0.007589571008376654,0.011193532718229291,0.0,0.0,0.0,0.010950156654378942,0.010001111770637167,0.0,0.0,0.02323472901459861,0.0,0.0,0.0,0.02007078529126852,0.00603969440498681,0.0,0.0,0.0,0.0,0.0029981593510908667,0.010033255770794692,0.0,0.0,0.02826970617120273,0.0,0.013003011302783411,0.012471409271834709,0.0016251492523287083,0.0111427382445572,0.023989990115410587,0.0
LFQ intensity D6_12,0.0,0.01065015354858548,0.05282142247915633,0.0048999855030054445,0.0,0.023130836071147066,0.0,0.021274037511776756,0.007806522004584221,0.024175814956563336,0.009207708052154073,0.003742746501365099,0.0,0.0,0.018793672940848744,0.0025084126702125146,0.00704264320321126,0.01749799039963723,0.019535322871484854,0.0026701864697113143,0.005510990157789692,0.0,0.0028384875650781295,0.0,0.0,0.0,0.07262295658110013,0.0,0.015208983030418406,0.0,0.020623246998956055,0.0,0.011054825697758468,0.008134632377645879,0.06728310125826026,0.0,0.007695193286975472,0.027214082036789662,0.0,0.0,0.0,0.0013589738454659833,0.06110701857817814,0.0,0.0372328674128596,0.013563955017070044,0.0,0.0,0.0,0.0,0.0,0.04467329044064114,0.01053372262673153,0.0,0.0,0.009043432729120272,0.031115328895880465,0.0,0.0,0.02929387923677471,0.0,0.0,0.0,0.0,0.029041980366366918,0.01356468479336059,0.0,0.0012381721125801534,0.011357938694112996,0.0,0.003839056061400703,0.008969647258739805,0.0,0.0,0.029382926879127476,0.003561210391531204,0.0,0.0,0.014682607317025465,0.002364082313738925,0.0,0.010253439261946183,0.0,0.0,0.0,0.0,0.010314034600022254,0.013800529546499416,0.0,0.0,0.017707381293417788,0.0,0.0,0.0,0.0,0.0,0.0,0.0,0.0,0.0,0.0,0.05307928288120586,0.0,0.0,0.019057550450908435,0.0021751613227538476,0.005485921836595852,0.016682109445260277,0.0,0.009215639777096477,0.022360220439371564,0.0
LFQ intensity D6_2,0.0,0.01626211138552861,0.024606410821572236,0.01548288909250228,0.0,0.024290113019463246,0.0,0.016619166031657338,0.00924915038165349,0.022685892029105998,0.006980805608057958,0.0,0.0,0.0,0.0014418221530346125,0.0,0.020121864156750015,0.018931012619146842,0.018128680016562797,0.00933144367519166,0.027730499032239397,0.0,0.0024205553861432745,0.0,0.0,0.0,0.07340660330214227,0.0,0.025214560456459027,0.0,0.039956498902875635,0.0,0.003527545305216612,0.0007185630160779286,0.04795266930475436,0.0,0.008279935080424768,0.03678856481722877,0.0,0.0,0.0,0.0017395836307618347,0.04644838266944229,0.0,0.039232517682661186,0.01671409356629409,0.0,0.0,0.0,0.0,0.0,0.052831385163196236,0.0,0.0,0.0,0.014121055141979371,0.026420232210427424,0.006567427607736171,0.0,0.028781935626265402,0.0,0.0,0.0,0.0,0.029897392891204005,0.01582098669208399,0.0,0.004196387134828676,0.012209772398199616,0.0,0.0018518121253826242,0.0,0.0054913778312666375,0.0,0.017124668408063055,0.0024133622296419947,0.0,0.0,0.01706150818438023,0.0004343501071351674,0.0,0.009463595487138947,0.002184025889496934,0.0,0.0,0.0,0.006343119106995387,0.009016131522851908,0.0,0.0,0.015961168314498658,0.0,0.0,0.0,0.0,0.0018219426096416644,0.0,0.0,0.0,0.0,0.00038324056989059123,0.041849507307096016,0.0,0.0,0.036798505355068,0.0,0.0,0.01841253559735245,0.0045530693009595315,0.017178884305923726,0.026548687738347097,0.0
LFQ intensity D6_3,0.0,0.008827225830740765,0.0594257524694391,0.008414564242951734,0.0,0.0178639703245008,0.0,0.018580160263354215,0.00886386009265331,0.016146224831055128,0.0018598425899357498,0.0004957493744995643,0.0,0.0,0.0009344725531499361,0.0,0.022079521618015793,0.016593347245340378,0.016995434826312463,0.004079099876406632,0.0,0.0,0.0008277831059834067,0.0,0.0,0.0,0.09051099440591509,0.00025013704343481547,0.021337447371276616,0.0,0.03202339570806855,0.0,0.00470287440743565,0.0,0.04737723323004064,0.0,0.00683428245570874,0.03134975168944054,0.0,0.0,0.0,0.0009343077182955259,0.06647873252586697,0.0,0.039308415584181904,0.014510418879129013,0.0,0.0,0.0,0.0,0.0,0.047880169381762754,0.0,0.0,0.0,0.022735730434569633,0.027840331462679748,0.012110619429347195,0.0,0.03763530298753954,0.0,0.0,0.0,0.0,0.02044122564024526,0.015040412368224098,0.0,0.007506565858628082,0.011824284340353724,0.00527549906891899,0.0,0.0,0.008120174599151892,0.0,0.026489742900499293,0.0,0.0,0.0,0.017115045338005282,0.0,0.0,0.006222391496449088,0.001149848419284212,0.0,0.0,0.0,0.008745206109464245,0.011045614191444578,0.0,0.0,0.014528633914605798,0.0,0.0,0.0,0.013050317581174089,0.0018737910017805953,0.0,0.0,0.0,0.0,0.0036213360344967576,0.024261369052625298,0.0,0.0,0.033644483048098126,0.0,0.0,0.016843399772192066,0.003114396191574932,0.0117266008115813,0.0305705874714266,0.001981920830743887
LFQ intensity D6_4,0.0,0.015208927165489088,0.05740445723024094,0.005345846029133876,0.0,0.01636786644179605,0.0,0.017219747475467423,0.018488951692216624,0.032639755078198406,0.013893205754383093,0.0,0.0,0.0,0.019587017813836753,0.009328530970188209,0.013569922717782802,0.016874078544997142,0.020218382341947186,0.004681036781837604,0.0,0.0,0.0015290890213091426,0.0,0.0,0.0,0.09252107525889605,0.0,0.017661688052290906,0.0,0.016903675989774488,0.0,0.0021331167464746638,0.005240090885613197,0.03893546812521833,0.0,0.010993751058784569,0.038377414101667055,0.0,0.0,0.0,0.003585297150339725,0.04779171134810946,0.0,0.03659659572130776,0.012194586587348424,0.0,0.0,0.0,0.0,0.0,0.017182357188624483,0.008853574324648485,0.0,0.0,0.008125009459699602,0.0355169991693752,0.018937405665700218,0.0,0.0325592932022548,0.0,0.0,0.0,0.0,0.021852189987878707,0.015813560261738687,0.0,0.007256843926311362,0.013411239445491241,0.0,0.0007136703826704217,0.0,0.0,0.0,0.015644104709555868,0.0,0.0,0.0,0.015524315141874176,0.0031921046289912604,0.0,0.006895384918562314,0.012340015138024183,0.0,0.0003384511666637039,0.0,0.0032411148930572126,0.0,0.0,0.0,0.03130560636994124,0.0,0.0,0.0,0.0,0.0,0.0,0.0,0.0,0.0,0.003055640348010812,0.047746090757130495,0.0,0.0,0.03069288188571958,0.0,0.00900809569465101,0.012745972663976637,0.0019601234396986727,0.012193155361931083,0.02860351378316949,0.0
LFQ intensity D6_5,0.0,0.0025620128691909647,0.05180351005549633,0.008795468610493665,0.0,0.0244350869208675,0.0,0.00990484039973847,0.009725087914317514,0.011678585642540514,0.013606983597422068,0.0,0.0,0.0,0.004274178802996007,0.0,0.024325457940186836,0.014281988075436987,0.018791179966805256,0.00571950589383974,0.0,0.0,0.0019275134321870358,0.0,0.0,0.0,0.07888118549468416,0.0,0.013967831701754235,0.0012959738925381423,0.017241047584722193,0.0,0.004343835861745027,0.0,0.03260105787129579,0.0,0.0016802063308299635,0.03717479415801899,0.0,0.0,0.0,0.005152031716775971,0.05049980275197965,0.0,0.04320907721622277,0.01986577371708752,0.0,0.0,0.0,0.0,0.0,0.02346370862616902,0.0,0.0,0.006171201609762403,0.014416333992440774,0.02389647891751607,0.03317853660525091,0.0,0.022947556006452288,0.0,0.0,0.0,0.0,0.017672372612207457,0.0174483253419232,0.004129482630436967,0.006902678784577725,0.009213879660034613,0.00047017797250908363,0.0,0.00026024742036589283,0.01382851504390288,0.0,0.023835310314448483,0.0,0.0,0.0,0.018481225516181365,0.0,0.0,0.009217915478066108,0.0,0.0,0.0,0.0,0.008793684769498019,0.010054863487032602,0.0,0.0,0.027934497536379804,0.0,0.0,0.005112160112158795,0.0175100471371698,0.004010367971397046,0.0037513124962974876,0.0,0.0,0.0,0.004550241731440262,0.0457696076537411,0.0,0.0,0.03607619333242157,0.0,0.013796414234938532,0.0202075381028673,0.0031622143342381216,0.012611565735432323,0.02679243421643912,0.006588892197129442
LFQ intensity D6_6,0.0,0.007747065723294457,0.03920516558698717,0.013988880004844604,0.0,0.015139392069574582,0.0,0.023409351042329864,0.011170213564012897,0.026431557867039348,0.013047545072719612,0.0023422775269539083,0.0,0.0,0.014036188532484143,0.0,0.011668069749330736,0.015097551424076164,0.021460551551669895,0.008033958187903232,0.010019396148449319,0.0,0.003400099763682228,0.0022606236780087453,0.0,0.0,0.07272667417629218,0.0,0.01804841409663066,0.0,0.023377104948742886,0.0,0.002810850975166631,0.009145082464930851,0.04861648664586082,0.0,0.011899413556360912,0.02644622140008552,0.0,0.0,0.0,0.0027368178400586497,0.0453355488456387,0.0,0.03648156786330401,0.015310676643107037,0.0,0.0,0.0,0.0,0.0,0.03194917999499853,0.0,0.0,0.005275374358646851,0.014122315703761002,0.02927355842662166,0.028961755835305046,0.0,0.028693414920746157,0.0,0.0,0.0,0.0,0.022661244086362983,0.015611900355306631,0.0,0.002927498933750467,0.012342242506984272,0.0,0.0,0.004679762406796476,0.0,0.0016459472400974537,0.028476978902843064,0.0,4.2463785982670255e-05,0.0,0.014550316536553849,0.0039357418377975375,0.0,0.005425964596003283,0.0,0.0,0.0,0.0,0.006212579522161781,0.013300136293826917,0.0,0.0,0.016977663296860856,0.0,0.0,0.0,0.0,0.0,0.0,0.0,0.0,0.0,0.0,0.05966758040850918,0.0,0.0,0.03233819566416598,0.0,0.0,0.01876904380478851,0.00463698297567728,0.015881259248716077,0.030248151407195598,0.0
LFQ intensity D6_7,0.0,0.00387894644178644,0.052368102635622006,0.011279725526319279,0.0,0.019957014090014276,0.0,0.013393295873653942,0.020603331677253513,0.02528748644468662,0.006355221961422794,0.0009883193310960834,0.0,0.0,0.0014255786459472337,0.004641616942636394,0.024134398524627433,0.01715099456821435,0.02067790873340656,0.008489646775602405,0.0,0.0,0.003195754577318197,0.0,0.0,0.0,0.07599814736312678,0.0,0.02323294667819693,0.0,0.02946914043344153,0.0,0.005846822500264389,0.0041031355428682815,0.03747195968946633,0.0,0.010318080856921614,0.043671770885996324,0.0,0.0,0.0,0.0,0.052665996686421884,0.0,0.04075837002576017,0.005509123302465252,0.0,0.0,0.0,0.0,0.0,0.030669870496241508,0.0012730892500080933,0.0,0.0,0.02227452758957185,0.03325503621093707,0.019918212453407236,0.0,0.025834683390629724,0.0,0.0,0.0,0.0,0.019618979923096184,0.016217467884847823,0.0,0.007892979534305029,0.012629908456893163,0.0,0.0,0.0,0.0028901161760636423,0.0,0.01422676969638545,0.0,0.0006034908168740357,0.0,0.017207169383674174,0.0,0.0,0.008638678916670276,0.011729309873760967,0.0,0.0,0.0,0.0005247720929323878,0.013672098031126519,0.0,0.0,0.018303231635665936,0.0,0.0,0.0,0.0,0.0005717812687177105,0.0,0.0,0.0,0.0,0.0024147891095209883,0.039629496133111446,0.0,0.0,0.03293543757339844,0.0,0.0,0.026711965881688143,0.008669844121013378,0.017015858236980343,0.031797599147941516,0.0
LFQ intensity D6_8,0.0,0.00871422271205233,0.06498681817821962,0.00954109072779119,0.0,0.02028962132517423,0.0,0.01938162663017164,0.016165057170372407,0.02138786545241833,0.015717932915328702,0.0016672801391633646,0.0,0.0,0.014219609154893996,0.003813914022432387,0.01949080802694825,0.012242818374923668,0.01691011270235324,0.0020510320047204367,0.004614904485500812,0.0,0.001297070137531429,0.0016083392471020015,0.0,0.0,0.084409887363417,0.0,0.015214065714480226,0.0014615281869961763,0.028344804259895617,0.0,0.0034240486881712516,0.008166738698594637,0.0405798845357784,0.0,0.011667949282321465,0.025839869496961897,0.0,0.0035002412822208546,0.0,0.0,0.06203642101027601,0.0,0.03279119079758491,0.007608876989300325,0.0,0.0,0.0,0.0,0.0,0.02536345698648139,0.0,0.0,0.0019939068121315145,0.012374740447742515,0.02614999669849602,0.02346989006117232,0.0,0.029791799485593906,0.0,0.0,0.0,0.0,0.021764871833860323,0.012061248060885101,0.0,0.011918278478101646,0.01104598649977682,0.0,0.002775605567228656,0.00013258782955427202,0.002371508950189949,0.0,0.024717836859222592,0.0,0.0,0.0,0.010929348746315726,0.007953880534037496,0.0,0.00852374486495347,0.0027971983712557057,0.0,0.0,0.0,0.014947860816820554,0.011813953974486435,0.0,0.0,0.020380842499120304,0.0,0.0,0.01971901032962185,0.0,0.007799089481290607,0.0,0.0,0.0,0.0,0.0010704927965568109,0.04627570538979445,0.0,0.0,0.021386284481528472,0.0,0.00047354107796780795,0.01295840532737009,0.0,0.007218074671132612,0.020675222354213693,0.0
LFQ intensity D6_9,0.0,0.013612205657899933,0.041275906009093886,0.013357499029309003,0.0,0.022149135689590913,0.0,0.010210216457380544,0.012272200523830249,0.03037421757532356,0.0029819773773715865,0.0022900170364081496,0.0,0.0,0.015195914371905424,0.0024559899759659326,0.0072430617074185286,0.017973352843360962,0.019048723355597465,0.005040540086226497,0.0,0.0,0.003028866462697111,0.0,0.0,0.0,0.09133309222472479,0.0,0.012943073601603737,0.0,0.023063257612368396,0.0,0.0026990291935279943,0.0,0.03905440256142701,0.0,0.0069056760318876205,0.040329884695709896,0.0,0.0,0.0,0.0005558006986582191,0.06739181796494183,0.0,0.03520789686528093,0.013674687179677219,0.0,0.0,0.0,0.0,0.0,0.03523413756422014,0.0,0.0,0.0,0.01795689407093034,0.0402329813469585,0.032564356542608835,0.0,0.04292938377895574,0.0,0.0,0.0,0.0,0.021070699431934983,0.012651885044867408,0.0,0.007251735636068338,0.010415848117615083,0.0,0.0010269269892611871,0.0023339937284049604,0.002241328907358401,0.0,0.030772071534973966,0.017951793341547426,0.0,0.0,0.011987365594348206,0.004082482062640958,0.0,0.0033700863560223557,0.010652162613094545,0.0,0.0,0.0,0.008227755975837516,0.009922480199290975,0.0,0.0,0.016366962370085995,0.0,0.0,0.0,0.0,0.003326382321204767,0.0,0.0,0.0,0.0,0.0,0.024995828041264993,0.0,0.0,0.02396195836072456,0.0,0.0034671274040462925,0.01639288643249969,0.0,0.01339124692266514,0.023552796521381304,0.0
LFQ intensity D7_1,0.0,0.01237873987779542,0.05699968834778363,0.013051060611208762,0.0,0.015384600983099454,0.0,0.01262972634804386,0.010898889571819828,0.026101012076275753,0.01306058519473364,0.0,0.0,0.0011483491232507812,0.014536618446704792,0.000610858373088758,0.01543346339618586,0.013429523472260107,0.020908121654278952,0.0042366433948545805,0.004334171619780651,0.0,0.00398923104414173,0.0,0.0,0.0,0.07559367005326426,0.0,0.01667989226998851,0.0009633532122440256,0.038046990185305926,0.0,0.0038989213983727814,0.0,0.03309265397645699,0.0,0.004030454013692315,0.037263980648576916,0.0,0.0,0.0,0.0003660471040782932,0.06112638843553753,0.0,0.03886619883692888,0.014469747285901521,0.0,0.0,0.0,0.0,0.0,0.032808166238924255,0.0,0.0,0.007503621488971605,0.009849523699067091,0.01737822898253371,0.031759771610181876,0.0,0.030903829351615515,0.0,0.0,0.0,0.0,0.02429137369307822,0.013954339734635094,0.0,0.0008043717268544635,0.01326565354333284,0.00412417087927856,0.006520873546521279,0.004838524063234497,0.0,0.0,0.02625680115010834,0.0,0.0,0.0,0.021824155753491913,0.0,0.0,0.0020434139213857706,0.009240782717362601,0.0,0.0,0.0,0.021622624861891804,0.009198792810773055,0.0,0.0,0.020121664219714237,0.0,0.0,0.0,0.013895895865461506,0.006981471517989214,0.0,0.0,0.0,0.0,0.0,0.030040010180847173,0.0,0.0,0.022989046826808135,0.0,0.0,0.014253154494016955,0.00043150400433061245,0.0015050990289863062,0.03405491926198961,0.004008633870959383
LFQ intensity D7_2,0.0,0.008703000301457,0.05576129554618716,0.008266241743134577,0.0,0.010277426788941588,0.0,0.013718273477528787,0.015593461441687053,0.03390398232156389,0.004794461024159015,0.0026306816240117244,0.0,0.0,0.024393104397590695,0.0031745070806253584,0.008221583766898742,0.01791917752332246,0.01478059282543855,0.006982852246452171,0.001594349751051818,0.0,0.005474153426747193,0.0,0.0,0.0,0.07521766829680022,0.0,0.010005565797524015,0.0,0.0,0.0,0.004266812931039264,0.00018203052131926417,0.04421500657263963,0.0,0.0053685726853825114,0.025552783015241214,0.0,0.0,0.0,0.0027665932476395832,0.06202336603993868,0.0,0.043137402092761415,0.018442966399636152,0.0,0.0,0.0,0.0,0.0,0.03140610795191461,0.003309884000101269,0.0,0.0,0.0236916293288739,0.03319172042151968,0.0366584894517828,0.0,0.032004471915890134,0.0,0.0,0.0,0.0,0.02945366739334885,0.01495696190206975,0.0,0.0006402132221391795,0.00853905366582393,0.005842738771335171,0.008510696959967394,0.007901364927603039,0.0,0.0,0.02389505869720408,0.0,0.0,0.0,0.015475540142837727,0.002582838758034888,0.0,0.010334343446771385,0.0034865838500132626,0.0,0.0,0.0,0.006754061300373247,0.01581312224850242,0.0,0.0,0.01675992437221347,0.0,0.0,0.0,0.012647736358504068,8.740826278277166e-05,0.008239438933536429,0.0,0.0,0.0,0.0,0.02788147714208492,0.0,0.0,0.019663132498049643,0.0,0.007459797356143336,0.0180031559142311,0.006699077083205695,0.009323693512101647,0.031418697324320455,0.0
LFQ intensity D7_3,0.0,0.014322219551830792,0.05553858025841195,0.010518647984538918,0.0,0.015373532186596909,0.0,0.016472559350269738,0.00940650571854135,0.035278201564840087,0.00971039131556295,0.0,0.0,0.0,0.00750412095523593,0.0021047899783563566,0.017491027804234584,0.022392811126259002,0.00967530229277506,0.006096030594415392,0.002574366196335127,0.0,0.004644872747933764,0.0,0.0,0.0,0.08516334122396527,0.00010184143826857688,0.01946805117311596,0.0,0.012803173424560658,0.0,0.001399624663991853,0.005432186905318595,0.03132629833291437,0.0,0.009915531175836781,0.03676061057813136,0.0,0.0,0.0,0.0008012939012028426,0.06341438618002464,0.0,0.033839950335829067,0.005426232960672554,0.0,0.0,0.0,0.0,0.0,0.028891945370345645,0.0,0.0,0.0,0.015343192336121515,0.020706180922841533,0.04117703295093272,0.0,0.030557172454236073,0.0,0.0,0.0,0.0,0.024330338525787993,0.017603712211538978,0.0,0.00388602329100546,0.012846522366408914,0.0007828034203779422,0.0042215172988630655,0.007183882973147385,0.0,0.0,0.025622187586595485,0.0,0.0,0.0,0.01624041767108643,0.0016640523408823333,0.0,0.010197695306908451,0.0034475601931670263,0.0,0.0,0.0,0.009520923202605018,0.015345645007249461,0.0,0.0,0.01589192662178251,0.0,0.0,0.0,0.013850230926586308,0.004635761185774667,0.0,0.0,0.0,0.0,0.004918504799908215,0.028903964043252288,0.0,0.0,0.028862907678671525,0.0,0.0,0.01772894920007384,0.0049705345366835045,0.013374120988451525,0.032337812668743714,0.0
LFQ intensity D7_4,0.0,0.016976767260141495,0.06851656283782785,0.012810630915807418,0.0,0.022812629522717082,0.0,0.009111328712342805,0.010360349918921173,0.027641570028230204,0.00019831169347326824,0.0007984569744727884,0.0,0.0,0.015621271375010461,0.0018653096679171254,0.01567123659493152,0.01566534356554623,0.015709636538372082,0.0034731689277302594,0.0,0.0,0.002077015851729121,0.0,0.0,0.0,0.0900297104293194,0.0,0.011645238225069727,0.0,0.021118835488185765,0.0,0.001731139720682305,0.0035011992084162395,0.037529402918544744,0.0,0.013639919296974048,0.04245382004470006,0.0,0.0,0.0,0.0035862701243715425,0.06240596776149993,0.0,0.03434482370559543,0.01511385748305785,0.0,0.0,0.0,0.0,0.0,0.03609066125436056,0.0,0.0,0.0,0.018217147409250952,0.04903918432719627,0.01729792409702927,0.0,0.03227259015660069,0.0,0.0,0.0,0.0,0.024579051505425453,0.012761973719760527,0.0,0.003033810435036744,0.012316238783188308,0.009261358641445689,0.0,0.0,0.007574995996203999,0.0,0.019524958296857187,0.0,0.0,0.0,0.014212593978624587,0.004012391790786518,0.0,0.004052259414902117,0.0035834211101602575,0.0,0.0,0.0,0.009249802095395481,0.003529563622075464,0.0,0.0,0.030595968771973125,0.0,0.0,0.0,0.0,0.007695346902797151,0.0,0.0,0.0,0.0,0.0,0.02487365697838129,0.0,0.0,0.022462476298124413,0.0,0.002000463795087857,0.01374096934875301,0.0031812587001389986,0.008962003943892047,0.029468153834964133,0.0
LFQ intensity D7_5,0.0,0.015364470328522114,0.05243798441166968,0.006415430468386201,0.0,0.020761027396826268,0.0,0.011735705144093448,0.007877532447763675,0.0250386129900669,0.005295340256604823,0.0,0.0,0.0,0.01423928756898285,0.006053053027665308,0.020786649488733787,0.017564994799704275,0.009099738849914515,0.002455537083312381,0.0,0.0,0.0035821935612077977,0.0005047274612571323,0.0,0.0,0.08290501571668434,0.0006448559515560759,0.015293557872514739,0.0,0.01194247224372745,0.0,0.004121310755228473,0.003156914974808099,0.030460852083442062,0.0,0.01336477195132793,0.037627398062141056,0.0,0.0,0.0,0.0,0.059450057259845056,0.0,0.03299078578549898,0.009821630645037162,0.0,0.0,0.0,0.0,0.0,0.0298011390388471,0.0,0.0,0.0,0.01980446292953617,0.03432526989892995,0.0380233880641268,0.0,0.03539125354411725,0.0,0.0,0.0,0.0,0.024603784568309937,0.012898708905000104,0.0,0.007052242869626031,0.010819654757377246,0.00981067803994939,0.002349747214149449,0.005265569191627142,0.002385495382634266,0.0,0.01925620445596119,0.0,0.0,0.0,0.019417228768807193,0.0,0.0,0.007123884422095735,0.012922266673289924,0.0,0.0,0.0,0.007584972170682464,0.00620236159081192,0.0,0.0,0.02767853754688159,0.0,0.0,0.0,0.012358931621908336,0.009187005474531839,0.0,0.0,0.0,0.0,0.0017139945453364487,0.027769238524986212,0.0,0.0,0.030492148735611426,0.0,0.002461826282375118,0.016167130875004536,0.005828876958678637,0.012316547999039543,0.027995540363244507,0.0
LFQ intensity D8_1,0.0,0.0186078221107443,0.049999623496905315,0.013252814215439161,0.0,0.012765402335384542,0.0,0.004121078159704835,0.013121317296576698,0.05533046315779423,0.0060218158836207415,0.004612139039226272,0.0,0.0,0.01484889933189828,0.0009411311024239818,0.007360370512161562,0.02143954966807492,0.01541829705165323,0.003214324055854558,0.003077586841650098,0.0,0.007075253196198102,0.0,0.0,0.0,0.07889246847615332,0.0,0.019481369316629586,0.003638725320410455,0.01045354709248444,0.0,0.0037586770443745073,0.006671980054010104,0.028703867359192746,0.0,0.01412025932837777,0.04331338891126317,0.0,0.0,0.0,0.0,0.05121572536978464,0.0,0.03107341192046599,0.019968956684453903,0.0,0.0,0.0,0.0,0.0,0.02458352405846021,0.0067667440186544,0.0,0.0,0.016096656326162164,0.02620057233796509,0.029292116295772698,0.0,0.02757140392344742,0.0,0.0,0.0,0.0,0.023604022246623595,0.015851115863337595,0.0,0.016064270892861388,0.011055108489541977,0.0031632346660979706,0.004889650915226048,0.0,0.0002843146472376527,0.0,0.013114846811654098,0.0,0.0,0.0,0.012960746987034045,0.008149446736523047,0.0,0.01143623264352857,0.004580307976500333,0.0,0.0020982078030302304,0.0,0.012000313910190536,0.010428985631737065,0.0,0.0,0.017777891814932962,0.0,0.0,0.0,0.0,0.009475387000913762,0.0,0.0,0.0,0.0,0.001960758523678326,0.04908460861304659,0.0,0.0,0.022526731125257497,0.0,0.002375197670676519,0.00911969023187517,0.0037257533302812143,0.011405069052791957,0.029856825122048476,0.0
LFQ intensity D8_2,0.0,0.014232358240450998,0.06627440628178541,0.003603224985180692,0.0,0.021129604558100517,0.0,0.002649937305734319,0.011994421813770225,0.028862985369838383,0.024504409934582926,0.0012659323174398593,0.0,0.0,0.005303404309274756,0.007075921060983094,0.00039221390679084026,0.03410810937523234,0.01167016579593785,0.002811841694418438,0.0037665792001628376,0.0,0.0,0.0,0.0,0.0,0.08657653807509515,0.0011840594479084626,0.013247807939444165,0.0014256988693078913,0.0,0.0,0.004495189928476762,0.002670641999682282,0.024718072236192015,0.0,0.013170173243183684,0.02505535134129589,0.0,0.0,0.0020369517128909914,0.004029381447663284,0.03583273387353405,0.0,0.04070051464979611,0.007009606065860559,0.0,0.0,0.0,0.0,0.0,0.021658687001627156,0.011319405665307812,0.0,0.0,0.006944640198296671,0.03859803332867143,0.03946663150086415,0.0,0.028505432836834682,0.0,0.0,0.0025329226144677076,0.0,0.023346631758866022,0.01247637610554304,0.0,0.002381483941339952,0.014562035798338945,0.000358800795198709,0.004045354040665452,0.0017998763101604446,0.005813075376476993,0.0,0.018668283733255582,0.0,0.0,0.0,0.015263246485729173,0.008954235670251809,0.0,0.019351078594123477,0.0027050181011662794,0.0,0.0,0.0,0.012113391984059554,0.015514318021345017,0.0,0.0,0.016326738440911193,0.0,0.0,0.0,0.012530139319294252,0.00919402701954192,0.0,0.0,0.0,0.0,0.0,0.04176326559217689,0.0,0.0,0.0392261974220286,0.0,0.0,0.020874908526315773,0.0023460474777525805,0.02248622685162148,0.027075252507752466,0.0
LFQ intensity D8_3,0.0,0.013236809622866082,0.06380191376235088,0.01971365672925937,0.0,0.009460395932541887,0.0,0.010603972698360059,0.00915181184873628,0.020172451999125686,0.010360479100096206,0.0002966897166974475,0.0,0.0,0.021644013347523774,0.0,0.009244850130430126,0.01272996741473732,0.02300214337949291,0.0040664470256494,0.0030476310572884373,0.0,0.004894410695269674,0.0,0.0,0.0,0.07765956317787234,0.002344276216631268,0.012826712240951742,0.0016428264131764835,0.017480629723097527,0.0,0.0027045880595742925,0.0,0.04391794309983696,0.0,0.011211784512598117,0.036608873671083134,0.0,0.0,0.0,0.0,0.05747197165682976,0.0,0.03186753949558376,0.013523335630531985,0.0,0.0,0.0,0.0,0.0,0.016880541284538326,0.0058224815513560095,0.0,0.006992497288441826,0.011651742010815336,0.027918160200810296,0.0608700398403387,0.0,0.02663672343203865,0.0,0.0,0.0,0.002007534418790115,0.026105500695583244,0.01618134724628804,0.0,0.005463144335581646,0.010945845944521462,0.0,0.007578193343036775,0.002187023846217357,0.0,0.0,0.024223592657619204,0.0050446204157063405,0.0,0.0,0.016417529174541326,0.0008709146913221393,0.0,0.005414480780890966,0.002467923058789889,0.0,0.0,0.0,0.013980758013395786,0.013666082555041453,0.0,0.0,0.018446376112705214,0.0,0.0,0.0,0.0,0.01504732530599869,0.0,0.0,0.0,0.0,0.0036712096367386747,0.029767285957572692,0.0,0.0010375068446686231,0.023449608385139143,0.0,0.0,0.019822317758275674,0.001407228147772674,0.004304186091479782,0.029032590615791058,0.0
LFQ intensity D8_4,0.0,0.01360078005119316,0.0363556876892081,0.01843959456819866,0.0,0.0,0.0,0.01835752653750226,0.006121223672154812,0.025214567029191996,0.017438722516163616,0.0,0.0,0.0,0.017655327292499284,0.0032572058654053884,0.0059501500913740745,0.014383247102268572,0.015617614875452207,0.004804289001618049,0.0,0.0,0.005458535585399894,0.0,0.0,0.0,0.0840385391509696,0.0,0.017413057357518264,0.0017688126210886866,0.018793814620650814,0.0,0.002632777386782825,0.0,0.012332957518478458,0.0,0.008399710288022713,0.04819889255944395,0.0,0.0,0.0,0.0,0.0682824387053021,0.0,0.031147018222912354,0.01690540655216311,0.0,0.0,0.0,0.0,0.0,0.03074200304651748,0.0,0.0,0.0,0.007961464426289654,0.028142926866341296,0.033201549585714814,0.0,0.03386173764635691,0.0,0.0,0.009473534998324677,0.0,0.044398064640090405,0.02367783569054229,0.0,0.005502536066773813,0.01227530923669835,0.0,0.0,0.0007597439102435481,0.007389435530540855,0.01378967793109786,0.0,0.0,0.0,0.0,0.01932268946543222,0.0016722253378533172,0.0,0.007518855994030677,0.0031780362537671843,0.0,0.0,0.0,0.01640690158735639,0.015761190062229646,0.0,0.0,0.015327065167112313,0.0,0.0,0.0003375502924845548,0.022016209744857396,0.014168364767164316,0.0,0.0,0.0,0.0,0.002707020531655572,0.034738040538267664,0.0,0.003377219350192783,0.023833852884428526,0.0,0.0,0.018587865947821698,0.003545366359172582,0.005771291998019302,0.02798653728165899,0.0
LFQ intensity D8_5,0.0,0.01819832479385677,0.041041758184779537,0.02223001308970397,0.0,0.0018542961653668733,0.0,0.017438537694466755,0.018861182450378176,0.032828848480899085,0.016907645884533144,0.0009731263350312861,0.0,0.0,0.013382841824433429,0.005693907185421154,0.01423100210988086,0.016162949706647778,0.01627986396066726,0.006197531220728108,0.008693583104364225,0.0,0.00532026669595475,0.0,0.0,0.0,0.07573726410752513,0.0,0.01807556611848113,0.0,0.014305205572927334,0.0,0.005559629065603742,0.006050404568722411,0.015840157293086812,0.0,0.005915721064630719,0.03612838239640931,0.0,0.0,0.0,0.001153509224870195,0.061237239861546784,0.0,0.03320650579250754,0.012668314669137702,0.0,0.0,0.0,0.0,0.0,0.07197262844849725,0.0,0.0,0.0,0.0,0.014353803708523644,0.0,0.0,0.04775649827437747,0.0,0.0,0.0,0.0,0.039997792684210436,0.024214737570727226,0.0,0.0075625129657438785,0.012239640929111837,0.0,0.0,0.0055954029344852255,0.011686334968074443,0.0,0.0,0.005220256884262829,0.0,0.0,0.01774830405836437,0.00010555290860601413,0.0,0.00931059324615523,0.0013608396680403372,0.0,0.0,0.0,0.018841137023207097,0.016971623025068213,0.0,0.0,0.014240674012495513,0.0,0.0,0.0,0.02171582670603612,0.0001155890367139939,0.0,0.0,0.0,0.0,0.0,0.03415094888049517,0.0,0.0,0.028485972136891583,0.0,0.0,0.013514783268386921,0.0019564231863352026,0.006886785101112424,0.031821759751515626,0.0
LFQ intensity D8_6,0.0,0.02294668100743573,0.05426353390492507,0.008471774046790375,0.0,0.015645616577738435,0.0,0.012414114689509214,0.012273743186693402,0.028713582737397998,0.010490157728986859,0.0014906984907681728,0.0,0.0,0.02270387568552632,0.005804645001416913,0.004476428324493351,0.012325305138101168,0.024077811849861287,0.0034540991603460632,0.0010003312841538458,0.0,0.005628743663603814,0.0,0.0,0.0,0.07681503281302812,0.002083949783796764,0.014331037009947032,0.0006300664616603279,0.0,0.0,0.0031574314796699466,0.008626669151288362,0.02540184059802021,0.0,0.014961956489979392,0.03959012450212905,0.0,0.0,0.0,0.0,0.05402999986335556,0.0,0.029291357714584902,0.017957434307105637,0.0,0.0,0.0,0.0,0.0,0.018902465079909864,0.002307871626042735,0.0,0.0021746432035290677,0.007496557074557143,0.03890246286290283,0.041999641322830926,0.0,0.02610235096433916,0.0,0.0,0.0,0.0,0.027386230288989833,0.011830856600975277,0.0,0.007693124353701897,0.009540940570844507,0.012425215131766866,0.0064297109882407244,0.002726556641740712,0.0,0.0,0.02383695497431606,0.0,0.0,0.0,0.009978078429502164,0.009489942471934914,0.0,0.011078324841539009,0.003955388457323213,0.0,0.0,0.0,0.006221909275704275,0.012114674421627173,0.0,0.0,0.01450844829841376,0.0,0.0,0.0,0.0,0.010543624800897345,0.0,0.0,0.0,0.0,0.0019583661892432617,0.05963593887924821,0.0,0.0014922601363226776,0.020486145797522733,0.0,0.0036189677892927608,0.016103860690833405,0.005542097596559432,0.008907366191942795,0.03155098139509196,0.0
LFQ intensity D8_7,0.0,0.00964125354966869,0.03705453657346061,0.026614842132191025,0.0,0.0,0.0,0.015510209817372693,0.009610388926540776,0.022760368496983444,0.01442096506992492,0.0051960075472625945,0.0,0.0,0.015030235503708115,0.00044044457662930774,0.015787515252391974,0.018274889689007243,0.01235562734415574,0.005135009603589244,0.0020320480796694796,0.0,0.005698584867375447,0.0,0.0,0.0,0.07950861735598574,0.000628554532683532,0.01417970819388773,0.004594667777805669,0.024007284503650094,0.0,0.0054204630559709565,0.0,0.026408600959667988,0.0,0.011789364270017316,0.034673385714042576,0.0,0.0,0.0,0.0,0.055891275381113936,0.0,0.03721439966921209,0.01671227195609421,0.0,0.0,0.0,0.0,0.0,0.029029911407284056,0.0,0.0,0.003853803290798903,0.009410857416241135,0.025802114923891464,0.035205018279185527,0.0,0.040739070000814497,0.0,0.0,0.008421294138266394,0.0,0.04049359943082695,0.022338623741770848,0.0,0.004925949901195462,0.010323216786833112,0.0,0.0,2.484776331687346e-05,0.004305310965000017,0.00885448099816039,0.0,0.0,0.0,0.0,0.025000504938291365,0.0,0.0,0.005677740404213784,0.0018827871349387294,0.0,0.0,0.0,0.017654395674320707,0.018577140827736188,0.0,0.0,0.010755412438489638,0.0,0.0,0.0,0.02117839935679887,0.013178505603766988,0.0,0.0,0.0,0.0,0.00010099798758638646,0.0307000216994224,0.0,0.0032917776052606377,0.02451212648869221,0.0,0.0,0.013730390214325637,0.002758939845940422,0.010984152962244129,0.02969708737432321,0.0
LFQ intensity D9_1,0.0,0.00597046981558585,0.019830016349786567,0.01433523855820191,0.0,0.0,0.0,0.021185551838437684,0.0010761943827038746,0.024793297742065734,0.011643262354890655,0.003883788954899009,0.0,0.0,0.0,0.0,0.027690341935405673,0.021539971147359158,0.01691397345294988,0.011625401102253054,0.0,0.0,0.005037200788234149,0.0,0.0,0.0,0.08208559185967543,0.0012532910191977039,0.017840565412690638,0.0,0.023150197504108058,0.0,0.0050397876182828715,0.004249679041811864,0.015839015488051722,0.0,0.008422163932861297,0.04646474949943384,0.0,0.0,0.0,0.0007586821918723441,0.06209924328851064,0.0,0.03419795463668831,0.021226840202065164,0.0,0.0,0.0,0.0,0.0,0.03695997283939016,0.0,0.0,0.0,0.025967009492323136,0.017298001991600826,0.02920023298441879,0.0,0.03257055677741477,0.0,0.0,0.017675047978061378,0.0,0.046858469941391506,0.02096731109398225,0.0,0.004197546432527516,0.013979632040483482,0.0,0.0,0.008998392308170509,0.0033138624159595427,0.02141818976472448,0.002299328032848732,0.0,0.0,0.0,0.018854596477200683,0.0,0.0,0.010324814641227085,0.006170682306807544,0.0,0.0,0.0,0.015230864273643606,0.01627825953730759,0.0,0.0,0.025821694339805752,0.0,0.0,0.0,0.013478079969961431,0.004885374626926395,0.0,0.0,0.00030659079906675697,0.0,0.0030993892561648625,0.0,0.0,0.0,0.022084893929784674,0.0,0.0,0.025909085417483532,0.007035075520447081,0.008278285591171422,0.032386289101681516,0.0
LFQ intensity D9_10,0.0,0.0,0.04056177560588342,0.005418982620044261,0.0,0.02791552787977219,0.0,0.016994270705179164,0.008079677400030842,0.02105818237239524,0.01672476878015751,0.0005637027896598379,0.0,0.0,0.001407860260775632,0.0,0.030081532000251595,0.019682293339955883,0.015682326769148634,0.004719088394206652,0.0,0.0,0.0059751540080943185,0.0,0.0,0.0,0.09486574956265513,0.0038991326541295878,0.021043552524919695,0.0,0.023933241763488423,0.0,0.0050233125110269216,0.0,0.00726509515155155,0.0,0.006514317135663085,0.05423374721350954,0.0,0.0,0.0,0.003946286362947103,0.0658100307446317,0.0,0.02816474095901212,0.019882636018250147,0.0,0.0,0.0,0.0,0.0,0.018564457307870208,0.0,0.0,0.000805486800991352,0.017969892807453525,0.02250058995873246,0.04454842427692758,0.0,0.015194855329991413,0.0,0.0,0.0,0.0,0.022501995832090324,0.01692688027577065,0.0,0.002473799188777695,0.013664080793289814,0.010030872757528746,0.0031387349277809343,0.0,0.0001479235802253287,0.0,0.025275889395139233,0.0,0.0,0.0,0.025550009054229786,0.0,0.0,0.015530321347135587,0.004444399198907546,0.0,0.0,0.0,0.009327253876426222,0.011767929753367995,0.0,0.0,0.03443715054864754,0.0,0.0,0.0,0.014060577606269466,0.00953200332952498,0.0,0.0,0.0009643863562234959,0.0,0.0040337778434931465,0.0,0.0,0.0,0.02833188401122415,0.0,0.0,0.025710212161075777,0.009097916164636156,0.010540024341905282,0.03348128564702344,0.0
LFQ intensity D9_11,0.0,0.01395509857690535,0.04922085678226018,0.0050842500330854435,0.0,0.010312854248590929,0.0,0.027223918570138016,0.007212013852067765,0.0,0.00865138201173588,0.0003870353095642047,0.0,0.0,0.01219964727951097,0.011074944181510622,0.0232627259648559,0.017242722058100582,0.013052290510667407,0.0029652036878395696,0.0,0.0,0.004739477708796016,0.0,0.006828371773661276,0.0,0.08991772273122195,0.0,0.014376579704464284,0.004137673176219921,0.04096838603971256,0.0,0.008646946815236064,0.014112698295114278,0.016726007877737873,0.0,0.005997833262827451,0.0329314340708095,0.0,0.0,0.0,0.0,0.06113060053750692,0.0,0.02493760946765692,0.01209525677352213,0.0,0.0,0.0,0.0,0.0,0.0012634666844062053,0.04393973873213683,0.0,0.017980168618665682,0.005069261842928067,0.035942385864110506,0.04646851345938621,0.0,0.02913588362409145,0.0,0.0,0.0,0.0,0.021725899802229748,0.016620859378354856,0.0,0.006481144381515087,0.01010990865337812,0.0,0.0035835255229090825,0.0,0.0,0.0,0.0,0.0,0.0,0.0,0.01680424057113567,0.001974043502158583,0.0,0.01118935973866796,0.01777643128614398,0.0,0.0,0.0,0.015548801512697693,0.010262888937087399,0.0,0.0,0.0333592588893898,0.0,0.0,0.0,0.0,0.010905202150377978,0.0,0.0,0.0,0.0,0.0,0.0,0.005746446960491406,0.0,0.027719332876392857,0.0,0.0029094325594903035,0.019626618167128584,0.005233004861796504,0.00909334956258294,0.034139290559026446,0.0
LFQ intensity D9_12,0.0,0.01702548715969028,0.04147200730466113,0.013258968716840114,0.0,0.0,0.0,0.03279177287345791,0.0,0.027347024245042883,0.0067673258758616925,0.0012023674419743271,0.0,0.0,0.00660679060181061,0.0035972937770558824,0.026490822939555556,0.019092147325244325,0.01148306930736752,0.0021863358127760988,0.0,0.0,0.0033936271095139454,0.0018007530991114564,0.007621362654722353,0.0,0.09343862492914246,0.0010722595968872789,0.013792218918635869,0.0,0.035555805863455595,0.0,0.004161274846125208,0.012886422207195797,0.02906805326040504,0.0,0.010668178872523533,0.04807842657409796,0.0,0.0,0.0,0.0,0.05380608696477937,0.0,0.024891683990168077,0.025193619597160447,0.0,0.0,0.0,0.0,0.0,0.014466411465419458,0.008869310136376938,0.0,0.00949289670427794,0.01671968984202412,0.024538008080536626,0.04240271686127852,0.0,0.03177062480039665,0.0,0.0,0.0,0.0,0.01860444815930854,0.017199199632167057,0.0,0.0024675902227457693,0.011930087069535494,0.0,0.002425238978097339,0.0019617925726329263,0.000598643036101779,0.0,0.011840047827185911,0.0,0.0,0.0,0.02242701940783512,0.0,0.0,0.008844372050565458,0.01422726693771767,0.0,0.0,0.0,0.016748560736574353,0.010881748158233303,0.0,0.0,0.028669763812293428,0.0,0.0,0.0,0.0,0.004866071489261704,0.0,0.0,0.0,0.0,0.0,0.0025112535998600568,0.0,0.0,0.03170262276049472,0.0,0.0,0.015033971943455331,0.004489773037765872,0.011717249802606758,0.03784380900998851,0.0
LFQ intensity D9_2,0.0,0.003025618540104784,0.04497655384582714,0.006146563502157532,0.0,0.01056960602232413,0.0,0.036844387690210346,0.0,0.020552104284817116,0.019716684825223745,0.0027692657252897804,0.0,0.0,0.011661425565735848,0.0,0.02629280150901339,0.025726740748465645,0.023967761587530462,0.010158640859842232,0.0,0.0,0.004032808706870193,0.0,0.0052739514070162165,0.0,0.08266352526498835,0.0,0.012229722552613165,0.0065740427843431785,0.04070895719856194,0.0,0.008451459641263185,0.003784246128592249,0.02453781462198011,0.0,0.012578250922637754,0.024085547837953046,0.0,0.0,0.0,0.0,0.06608136002234886,0.0,0.030102606716662622,0.014826673552629125,0.0,0.0,0.0,0.0,0.0,0.004474434808970043,0.008802639876480526,0.0,0.01504968965527677,0.008176913581068205,0.021462955206509093,0.04353719995753754,0.0,0.021217769170563606,0.0012608301177433928,0.0,0.006398990715123973,0.0,0.01758724467197865,0.018536076190339493,0.0,0.0,0.013976186826305616,0.0,0.0,0.0,0.0005594729960853298,0.002823228375666294,0.008475483470623792,0.0,0.0,0.0,0.027483008662138642,0.0,0.0,0.015285815932656393,0.0049011653708919784,0.0,0.0,0.0,0.02130387110887722,0.013128926399833183,0.0,0.0,0.018746610985475514,0.0,0.0,0.0,0.014898991857763201,0.0029383133836142395,0.0,0.0,0.0,0.0,0.0,0.0,0.0,0.0,0.0237984916410387,0.0,0.0,0.030084115473408765,0.002210225174619727,0.01663893330408079,0.03790329302032707,0.0
LFQ intensity D9_3,0.0,0.013020610309328664,0.03283248930115888,0.022856881474302215,0.0,0.0,0.0,0.038499735551899214,0.0018590141624259906,0.015262632197648358,0.0,0.0,0.0,0.0,0.004489967010663278,0.004463446990535993,0.02427914900444936,0.024911728374474983,0.021553453290911847,0.010242867492222363,0.0,0.0,0.007390830020466649,0.002310276363046008,0.00024418272430400047,0.0,0.09158270464706848,0.0,0.014086338475099006,0.007155352232174667,0.005701872738015588,0.0,0.006710010372612746,0.007803375483848276,0.009142145353898656,0.0,0.004723408318312681,0.05406489445242099,0.0,0.0,0.0,0.0,0.07305563913453761,0.0,0.02521680292019966,0.014889338995234324,0.0,0.0,0.0,0.0,0.0,0.02053481389416047,0.0014868501451955082,0.0,0.009025711203205292,0.017364748065709864,0.024122021627377078,0.026906139332046813,0.0,0.039165947452853754,0.0,0.0,0.0,0.0,0.028353481611893248,0.02068116593925078,0.0,0.0,0.012142640176199192,0.0,0.0,0.005924783999116444,0.004462760138882876,0.0058355052368054315,0.0,0.0,0.0,0.0,0.02465461089331024,0.0,0.0,0.009059279601820305,0.005793810098923796,0.0,0.0,0.0,0.022585735570907355,0.011201323603075524,0.0,0.0,0.027747274504767477,0.0,0.0,0.0,0.015106530768390684,0.010917652115631558,0.0,0.0,0.0,0.0,0.0020758029757134023,0.01334182983967048,0.0022458616753736195,0.0,0.02572496195411153,0.0,0.005633625080526802,0.01096553199446028,0.0046959306947249434,0.009002088495018112,0.044892433919616496,0.0
LFQ intensity D9_4,0.0,0.016298630171259685,0.05050677283176057,0.0008375051224340306,0.0,0.00802513525728974,0.0,0.035092070097601076,0.0,0.015956511051145383,0.011028993254425615,0.0,0.0,0.0,0.003601064352314224,0.0035794560376125203,0.026229711254551768,0.022250987089058816,0.018179774300109464,0.003573418927681464,0.0,0.0,0.004384377651242747,0.0,0.007525128963070168,0.0,0.0886197149576195,0.0,0.014282040646246923,0.0016865003000621885,0.03134806880746906,0.0,0.006532395621588588,0.003823820822359645,0.02343175949979739,0.0,0.012560772307992506,0.023317551364697972,0.0,0.0,0.0,0.0,0.07092963791527818,0.0,0.030459461219948483,0.012870904958679567,0.0,0.0,0.0,0.0,0.0,0.00277856515590689,0.007167663453617102,0.0,0.011151229752313172,0.0070466756711376095,0.022519615738685807,0.0362030239539641,0.0,0.021140200546066207,0.0,0.0,0.0,0.0,0.020584906614669243,0.017746194005897123,0.0,0.003013258863405724,0.012298244887718543,0.0030111040720700185,0.0009163306787908441,0.0,0.002277589239243724,0.0,0.015355664353369687,0.0,0.0,0.0,0.02468212289203433,0.0,0.0,0.01917972998334432,0.002743834213504797,0.0,0.0,0.0,0.0201057788552803,0.01186161191087561,0.0,0.0,0.03380473441460632,0.0,0.0,0.0,0.01795572377370738,0.017376355128517384,0.0,0.0,0.0,0.0,0.0032995109492388597,0.0,0.0005759823240450535,0.0,0.034824063831422745,0.0,0.004368816206389201,0.01755110316880845,0.003486923720881648,0.015669347713385014,0.0423719291438056,0.0
LFQ intensity D9_5,0.0,0.013473217341034517,0.03064646495228203,0.015164991103720252,0.0,0.0019496816323935444,0.0,0.035686518992570894,0.005270650581686965,0.01970003783365042,0.0,0.0,0.0,0.0,0.0,0.0074125157690084695,0.02884421628687767,0.021982812766600867,0.014650130883183385,0.0018610842925228846,0.0,0.0,0.005145008505728763,0.0,0.014126006634159869,0.0,0.09713635312806033,0.0009686174391050495,0.017930994171192566,0.0013448515620354694,0.031668989815062734,0.0,0.004501248856555238,0.008115979278383109,0.027676363088688396,0.0,0.012663206607015386,0.03994569793792265,0.0,0.0,0.0,0.0,0.06579606682260332,0.0,0.031277432867688165,0.008363093859087404,0.0,0.0,0.0,0.0,0.0,0.014519263122257878,0.0,0.0,0.010083379684803436,0.017315238299283126,0.03739319098885236,0.030319525603012962,0.0,0.030400074333104033,0.0,0.0,0.0,0.0,0.022007703526756312,0.019483214071305134,0.0,0.004155849869633556,0.013429137018114566,0.0,0.0,0.0005974840640484381,0.005446268691627534,0.0,0.007153065267327908,0.0,0.0,0.0,0.01757023845990911,0.0025497124140664964,0.0,0.010384464006664809,0.01729257605491354,0.0,0.0,0.0,0.01810888136154055,0.015322879090243968,0.0,0.0,0.02231788936165776,0.0,0.0,0.0,0.013719470829534227,0.011685063329688767,0.0,0.0,0.0,0.0,0.003450833887252626,0.0,0.0,0.0,0.02079856724781229,0.0,0.006740441715727473,0.013989383111575332,0.002719967702949274,0.012812472663152623,0.034931531214363515,0.0
LFQ intensity D9_6,0.0,0.02185678699902519,0.03637525350546964,0.02457084837354352,0.0,0.0,0.0,0.04365977873292056,0.01925500754722021,0.023553416050629748,0.00588866269846552,0.0,0.0,0.0,0.0,0.0,0.026563142085851307,0.021024302945936966,0.01892948016248312,0.010215020819101943,0.0,0.0,0.006494100509660871,0.0,0.0,0.0,0.0801848174321284,0.0,0.01752054670744055,0.009742420292555927,0.004081729297343455,0.0,0.0038202084405595635,0.016106614982470364,0.01563827157222347,0.0,0.006765734040751033,0.03868897233993223,0.0,0.0,0.0,0.0,0.0707802340492634,0.0017660317341717997,0.038146510441788864,0.015872947202201827,0.0,0.0,0.0,0.0,0.0,0.030282266528388505,0.0033153196232112393,0.0,0.007296946915307138,0.0006098487589336645,0.012164680560451904,0.0,0.0,0.04208295275259499,0.0,0.0,0.007485334103244239,0.0,0.033263540796443614,0.020924059374098462,0.0,0.0,0.011393164933361068,0.0,0.0,0.002777594078431901,0.0,0.0,0.0,0.0,0.0,0.0,0.022882509235838826,0.0,0.0,0.01084570601073673,0.0,0.0,0.0,0.0,0.0249775406590718,0.014266835249602509,0.0,0.0,0.02776905680226005,0.0,0.0,0.0,0.014524885315092046,0.007639824286996628,0.0,0.0,0.0,0.0,0.004842793212866109,0.003495242831949913,0.012508752009380479,0.0,0.030374457455675227,0.0,0.003976668588445428,0.00931916304248536,0.0029451673772028617,0.014528291936380602,0.0426471504711567,0.0033594081272524815
LFQ intensity D9_7,0.0,0.014248524780379513,0.031834157342021746,0.019873575767890807,0.0,0.019279894374447003,0.0,0.03503410866520104,0.012269769162646313,0.03892333423675242,0.01603609618037673,0.0,0.0,0.0,0.0,0.0027381902369710796,0.02941259920768972,0.012733241973616473,0.01649427664276423,0.003738832605940851,0.0,0.0,0.00469291277231299,0.0,0.0,0.0,0.077975403739928,0.0039548307907009495,0.018969433071762437,0.0,0.02519161253978376,0.0,0.004276163002277869,0.023827038915942882,0.022902729347982608,0.0,0.010212850645823621,0.051089822406116946,0.0,0.0,0.0,0.0,0.06473987218357596,0.0,0.03221695272378166,0.00905693183375378,0.0,0.0,0.0,0.001233511122956838,0.0,0.032610580879285166,0.0,0.0,0.0020504768883471258,0.0,0.03138695375181641,0.0228267978314589,0.0,0.03982562989811913,0.00023055593059724037,0.0,0.0,0.0,0.008371516571894874,0.020611923172039623,0.0,0.0067667889244957995,0.013421313559325524,0.0,4.627551473015797e-05,0.006496433451568859,0.012684966098839014,0.0,0.0,0.0,0.0,0.0,0.020944338034764226,0.0,0.0,0.009376385022423613,0.00405036306779794,0.0,0.0,0.0,0.02043316327741778,0.01385913512990517,0.0,0.0,0.025264453597991135,0.0,0.0,0.0,0.0,0.0024878484046750807,0.0,0.0,0.0,0.0,0.0022125207516191276,0.0,0.0,0.0,0.028266777320280777,0.0,0.0,0.02362826084923648,0.003387632641543262,0.012244038651159365,0.03355820450526996,0.0
LFQ intensity D9_8,0.0,0.01161643088621108,0.014516265326058514,0.01639377569756123,0.005530398517832196,0.0,0.0,0.018728230437701478,0.0,0.023721944297330707,0.0057031020680101885,0.001780737199898889,0.0,6.4219220805789e-05,0.006434592908754114,0.0005253473871697834,0.023318271974794226,0.01966903708303302,0.019651916023834985,0.010315792028303301,0.0,0.0,0.004683190049721396,0.0,0.0,0.0,0.0847042889826642,0.0,0.0155625686040252,0.0059585773070185795,0.016091809433200422,0.0,0.007199416375149432,0.01688178586590897,0.0,0.0,0.010389755050261438,0.04903883667140593,0.0,0.0,0.0,0.0,0.06731705147733122,0.0,0.030576305400130146,0.014618944450391845,0.0,0.0,0.0,0.0,0.0,0.046028760664027425,0.0,0.0,0.0,0.02013590834727306,0.008978527326888041,0.028667540355241345,0.0,0.04763717554531686,0.0,0.0,0.010285007185021535,0.0,0.052001066978211954,0.017422238223267328,0.0,0.004536285625070064,0.011304810804135057,0.0,0.0,0.003464416343653179,0.008489990318770757,0.013544154146648137,0.002940304919677441,0.0,0.0,0.0,0.023547113625268817,0.0,0.0,0.012910767352148942,0.0,0.0,0.0,0.0,0.011708479097740997,0.011617059208552253,0.0,0.0,0.031245818026405605,0.0,0.0,0.0,0.02125274126264772,0.005704845899794466,0.0,0.0,0.0,0.0,0.002116794955560999,0.0,0.0,0.0,0.03230052294894582,0.0,0.0,0.022066859510150718,0.0083228606552673,0.006835854230261207,0.03394150571954473,0.0
LFQ intensity D9_9,0.0,0.014184968703657055,0.023055776381103472,0.018322657149129288,0.003077096510849811,0.0,0.0,0.038976782409157654,0.0,0.016634420418633437,0.0,0.0006903385113384835,0.0,0.0,0.005119013493653796,0.0025375739365417014,0.030612365818429278,0.0212140826394616,0.014859266279417927,0.007201254606813877,0.0,0.0,0.004029129034628748,0.0,0.004529676224680567,0.0,0.09789634263090768,0.0,0.021291627219072504,0.001034633548215822,0.013425831890495623,0.0,0.006448949584844723,0.012070615320858328,0.015688871601652388,0.0,0.007869589711847869,0.04692848298458787,0.0,0.0,0.0,0.0,0.0723113215461919,0.0,0.029884444704255907,0.017697759108794845,0.0,0.0,0.0,0.0,0.0,0.014087074808575708,0.0,0.0,0.009948457741084018,0.017864794944495208,0.01874162667405076,0.024668708002417782,0.0,0.03664724393553022,0.0,0.0,0.002393799533999401,0.0,0.025926370820305456,0.02255254222915684,0.0,0.007691115188017801,0.0131787207649703,0.0,0.0,0.0,0.00765744783860046,0.016030932907615914,0.0,0.0,0.0,0.0,0.021153207612599964,0.0003338213222153429,0.0,0.008671695732233732,0.0029851567654474334,0.0,0.0,0.0,0.024578657404755764,0.017462464889973155,0.0,0.0,0.02285102862938921,0.0,0.0,0.0,0.01488359511913051,0.0064911160569549094,0.0,0.0,0.0,0.0,0.002470962976037069,0.01592870566921581,0.0,0.0,0.03173816500167869,0.0,0.0028727903960662523,0.009333148473058885,0.0,0.011639698813264654,0.0416240777799368,0.0
