,AVJ,AWC,Amphid socket,Anal muscle,Apoptotic germ cells,Body wall muscle anterior,Body wall muscle middle,Body wall muscle posterior,Cephalic sheath,Coelomocytes,Differentiated germ,Distal tip,Embryonic cells,Excretory cells,Excretory duct,GLR,Glia_1,Glia_2,Glia_3,Glia_4,HSN,Hypodermis head,Hypodermis tail,Intestinal-rectal valve,Intestine anterior,Intestine middle,Intestine posterior,Marginal cells,Mature sperm,Meiotic germ cells,Mitotic germ cells,Oocytes,PLM_ALM,PVC,PVD_FLP,PVM,PVT,Phasmid socket,Rectal gland,SAB,SIA,Seam cells (bus+),Seam cells (grd+),Seminal vesicle (male),Spermatheca bag distal,Spermatheca bag proximal,Spermatheca neck distal,Spermatheca neck proximal,Spermatheca-Uterine junction,Spermatocytes,Syncitial pachytene spermatocytes,Unassigned hypodermis/gonadal sheath,Unassigned sex-specific muscle,Unassigned sheath cells,Unassigned uterine cells,Uterine muscle,Uterine seam cells,Uterine toroid,Uterine-vulval cells,Vulval cells,cat-4(+)ptps-1(+) intestine anterior,e1_e3 (pharyngeal epithelium),e2 (pharyngeal epithelium),hmc,hyp4_to_hyp6,hyp7 (hypodermis),pm1_pm2 (pharyngeal muscle),pm3_pm4_pm5 (pharyngeal muscle),pm6_pm7 (pharyngeal muscle),sh2 (gonadal sheath distal),sh3_sh4 (gonadal sheath proximal),sh5 (gonadal sheath proximal),vm1 (vulval muscle),vm2 (vulval muscle)
LFQ intensity D1_1,0.0,0.019133142989509997,0.0,0.0009754629631648176,0.01993851810743971,0.02391641329743602,0.014672347490437219,0.013454478421115662,0.02275887966396696,0.0,0.0,0.023315535237266358,0.0,0.0,0.04589242961197458,0.0,0.054495188276065414,0.0,0.0,0.0,0.02406549503410599,0.0,0.0,0.028405773055957387,0.0,0.006459306599396827,0.06645900580150446,0.03978399050929962,0.0,0.05516751450881905,0.07303160370531539,0.0,0.0,0.028239000234318377,0.0,0.0,0.00139081382285672,0.0,0.019094556201993847,0.0,0.0,0.030195910998338984,0.0,0.035222392351517626,0.017560206195463782,0.02644918624215373,0.003465273708629114,0.0,0.009407160270077456,0.0,0.03187591260877132,0.03186702885559136,0.0005926487105645978,0.0,0.015971304695368175,0.01184999331078476,0.01875783941631183,0.0,0.005486451263925246,0.0,0.0,0.0,0.0039056787243992685,0.0,0.01107567075590684,0.0007643432011311162,0.0,0.07113929300111728,0.007808635472029113,0.016262435706417465,0.0,0.019717132686569327,0.0499760462929873,0.0
LFQ intensity D1_10,0.01717481307635228,0.021629001285255498,0.0,0.002795462817506964,0.013899056289582623,0.006981103270795994,0.017563807144887773,0.021837108949440253,0.013491911503204735,0.0,0.0,0.011780260330478434,0.0,0.0010815587188337153,0.023845249965552894,0.0,0.04603208165157379,0.0,0.0,0.0,0.03362715866511926,0.00971011392148403,0.0,0.025782595391921955,0.0,0.007209458366922055,0.07277759138399756,0.03658789811774616,0.0,0.05359542040628726,0.07158796132533123,0.0,0.0,0.03416904540152135,0.0,0.0,0.008239738313526639,0.0,0.017159763399185648,0.0,0.0,0.045054228958930576,0.027170021820368127,0.03465584861783713,0.015067475830698477,0.024076268963394685,0.008840701637977746,0.0012747692455547927,0.004194698928287843,0.0,0.012335882709817347,0.029048592738161388,0.0,0.0,0.016235353047182325,0.01009411515344685,0.01677324190555865,0.0,0.006390834613180703,0.0,0.0,0.0,0.003692756473622979,0.003979337464358329,0.0007738172874160082,0.0,0.0,0.06221151524796198,0.013309310089302057,0.019823501541136778,0.0,0.02329107986925825,0.05314848816003889,0.0
LFQ intensity D1_11,0.013884961005853017,0.02183201342370056,0.0,0.005028187210388869,0.014023465473757308,0.010057182017826339,0.007597133331124176,0.0051037067074286915,0.0302232984666261,0.0,0.0,0.0156723612821171,0.0,0.0,0.04204099622789636,0.0,0.04283795975253359,0.0,0.0,0.0,0.027320095443534632,0.00480997395919253,0.0,0.022829877881872452,0.0,0.008027848877786606,0.07523479880361361,0.03346028644536163,0.0,0.05023250255945515,0.06509760270148796,0.0,0.0,0.03309881773152815,0.0,0.0,0.006941617394247949,0.0,0.024126819713207306,0.0,0.0,0.049263336136733483,0.0,0.0344228496478421,0.01373167048196593,0.02646063594976306,0.007979793877139481,0.0,0.022005570809418656,0.0,0.028580879890267804,0.021813104126912973,0.003542619241809543,0.0011221133528902362,0.015522487941913087,0.016541214840337836,0.030851236760272162,0.0,0.0018485909939651274,0.0,0.0,0.0,0.0035500094715080486,0.0,0.0013837839037127186,0.0,0.0,0.06085702965507305,0.011683395854568793,0.025441724441717075,0.0,0.013106814204563175,0.0508096320070856,0.0
LFQ intensity D1_2,0.01567340139505339,0.022343988546383597,0.0,0.0014325363995951925,0.022272097344696744,0.016414051010525305,0.009189967760816842,0.007185084722526486,0.011008617353166094,0.0,0.0,0.030101096068346718,0.0,0.0,0.03682841452881706,0.0014272291117227215,0.03775445894888234,0.0,0.0,0.0,0.025097160426975813,0.020291216136962078,0.0,0.02624787383878394,0.0,0.0027478290745333216,0.0721914571232863,0.0343793869210936,0.0,0.05656300961541632,0.06492965629842125,0.0,0.0,0.03294586826191735,0.0,0.0,0.010101801226701908,0.0,0.03237366753621962,0.0,0.0,0.03932842682055119,0.01043859119928642,0.03419817064702203,0.0026077568055054533,0.02127067581509834,0.013788846808254377,0.0,0.024771045432696443,0.0,0.016592313006937514,0.0054993126761084905,0.0031897032831734217,0.0005742480850322475,0.017584503891164387,0.015347502498746442,0.02547885706610867,0.0,0.0031167644372197202,0.009881842256099392,0.0,0.0,0.0037921066285463525,0.014075296306766322,0.0,0.0,0.0,0.06292777089543901,0.010099775885863908,0.02054338576880465,0.003447690191647316,0.01388795320390988,0.03805759073917403,0.0
LFQ intensity D1_3,0.007499864441866699,0.022276939313646386,0.0,0.0,0.022895659426709503,0.010783007801099354,0.01610830827506161,0.005887023059178275,0.01833997893881751,0.0,0.0,0.029616700214813982,0.0,0.0,0.031947845997557844,0.0,0.04114882818069663,0.0,0.0,0.0,0.0,0.018730240881360057,0.0,0.023768519805730703,0.0,0.007738663396786187,0.08032510946882483,0.0359260936315892,0.0,0.05684253203744392,0.06798381611031465,0.0,0.0,0.02998017507504239,0.0,0.0,0.003258033657916014,0.0,0.02813474077284321,0.0,0.0,0.037402547672342294,0.013459648620155579,0.035155632450445874,0.003558308405250455,0.027980081179515816,0.012813104133595843,0.0,0.025695240886544377,0.0,0.013746755014950004,0.021255722283141057,0.0,0.0,0.017283630278252398,0.01312500916679379,0.022825594991471156,0.0,0.009033192819846181,0.0,0.0,0.0,0.0038982759698488086,0.009109410555437432,0.0,0.0,0.0,0.06478681364077496,0.009020693360112197,0.029159946249772303,0.0,0.023162132586203966,0.0483361792482466,0.0
LFQ intensity D1_4,0.019085704957009876,0.022605929929231494,0.0,0.006843200246235153,0.022967921487140216,0.009968497896941477,0.011135852108069654,0.027947788565781978,0.01839786260321323,0.0,0.0,0.007828069318390692,0.0,0.0,0.03456691445952124,0.0,0.0479677607608298,0.0,0.0,0.0,0.0,0.012219625399597553,0.0,0.03106297900135,0.0026760085759121167,0.0,0.0690922047930127,0.03963859244106196,0.0,0.05659578217978478,0.06741432663127313,0.0,0.0,0.039575159910632575,0.0,0.0,0.0058359275737648675,0.0,0.02497415062951857,0.0,0.0,0.03795802205057802,0.004277349664651601,0.03526658878453816,0.0,0.01256728559849012,0.013794981868212802,0.0,0.027276783599005754,0.0,0.025018316145279273,0.022734471237921723,0.002183529318874666,0.0,0.012859926873452039,0.015487963734900512,0.01924259425111032,0.0,0.007969426386870978,0.0,0.0,0.0,0.003910579500769634,0.0,0.0,0.0,0.0,0.07134511714183331,0.009960898876376991,0.030986500821540593,0.0,0.01731141379262446,0.05144799088469589,0.0
LFQ intensity D1_5,0.014383721367293534,0.017955291740791995,0.0,0.0,0.02046441441808881,0.007558816542951308,0.013704577095747662,0.023048875567321814,0.013427826146685707,0.0,0.0018713636087538347,0.028526732424106617,0.0,0.0020942349749534656,0.0225284239465433,0.0,0.03971234189391881,0.0,0.0,0.0,0.025967257106518135,0.006174983437075176,0.0,0.03819231576647505,0.0,0.017658861651557115,0.07319562079718592,0.03499397713029827,0.0,0.04888422322844524,0.06412376971583524,0.0,0.0,0.03310732234585295,0.0,0.0,0.007411384617062875,0.0,0.021289460432071878,0.0,0.0,0.03889720079497801,0.013936108768813538,0.03503648399807498,0.006639032532959699,0.019726156825553103,0.008450762578571988,0.0,0.02488857936310566,0.0,0.030051162988725094,0.022617612871580036,0.0,0.0,0.011738137501477043,0.01151911237330791,0.026232283582216197,0.00020327968675866546,0.000997022495911855,0.0,0.0,0.0,0.00982426881110408,0.00019568586814862785,0.006266772666351235,0.0,0.0,0.05641083122236508,0.017335535828215464,0.014388122035604457,0.0,0.01852228101382768,0.04984777023681488,0.0
LFQ intensity D1_6,0.016288766638194695,0.024056902342579293,0.0,0.0,0.02117231644971709,0.0,0.017601083923399714,0.0,0.032062476995452276,0.0,0.001936097545112237,0.031078015303872254,0.0,0.0,0.05032099553843538,0.0,0.027472764295334393,0.0,0.0,0.0,0.0,0.0,0.0,0.024589698731489126,0.0,0.0,0.08329868447602354,0.0357169687570987,0.0,0.0594411107611207,0.06748765129739631,0.0,0.0,0.02614479534011624,0.0,0.0,0.00808133904536775,0.0,0.014693793782049271,0.0014791408567629938,0.0,0.04951531481663497,0.004790219360477386,0.046768397034558394,0.001114530217861742,0.014921685154826865,0.014093617870090617,0.004850008713060993,0.024951014218228346,0.0,0.028694444135624823,0.009046912963665315,0.0007404700528655753,0.0017892549179385712,0.02413667873523861,0.01865911336299513,0.027952898874740378,0.0,0.005035053856888277,0.006189390763822644,0.0,0.0,0.0036048550034633578,0.00042352889590915725,0.0,0.0,0.0,0.06347374945136801,0.010724505110747755,0.012575979037138417,0.0,0.02210137483792334,0.06092440053440924,0.0
LFQ intensity D1_7,0.014954244857170689,0.019708920205648666,0.0,0.0,0.0018591924446323938,0.009263806284828683,0.016041292022369542,0.0008772023625691928,0.01879366562577667,0.0,0.0,0.02626055417797301,0.0,0.0,0.01777729053862603,0.00656293402705271,0.04357921020492901,0.0,0.0,0.0,0.03085769223123008,0.019705684207033086,0.0,0.026424894660252517,0.0,0.007118175153587191,0.07484493756915847,0.03678942476396025,0.0,0.05000606217734874,0.058107189404602404,0.0,0.0,0.03274183068636796,0.0,0.0,0.007702510122192745,0.0,0.02716939531536,0.0,0.0,0.04267910889957469,0.018884082823867474,0.03545153062360616,0.0,0.02929588661952657,0.014230397295991893,0.0,0.0291618382994897,0.0,0.00492348501331558,0.03382944840706745,0.002082064486661596,0.0,0.01887889895012944,0.007630812824998302,0.02150518089731929,0.0,0.00022127390907628468,0.0,0.0,0.0,0.008711930812286942,0.013778690865461646,0.0,0.0,0.0,0.060173374268239876,0.013690549942517203,0.028050483667229453,0.0,0.020808307265866022,0.04886654508510443,0.0
LFQ intensity D1_8,0.017229654968437425,0.022769056510082722,0.0,0.0,0.02281555004364363,0.011299744164903843,0.0199383960611658,0.006346393395418746,0.0032431026643814065,0.0,0.0,0.018766438042299247,0.0,0.0,0.021779916662373753,0.0,0.040851201290808964,0.0,0.0,0.004782783307631348,0.03428127342924686,0.0071728506550465445,0.0,0.03510982613711359,0.0,0.006186947716115199,0.08678305711959355,0.03704168780938737,0.0,0.05908534763559085,0.06417018706148475,0.0,0.0,0.03890423357383294,0.0,0.0,0.007649982740068022,0.0,0.02034422941078606,0.0,0.0,0.0412765307192186,0.01684998804756689,0.0364258424305904,0.0023306684403407722,0.010340255455556242,0.011675381829154938,0.0047676305541767125,0.023916780627363167,0.0,0.0125933620437065,0.030939082332809845,0.0,0.0,0.013091547555283106,0.010092112274166492,0.009837764061249692,0.006856103479419265,0.007607842052890712,0.0,0.0,0.0,0.004039124781180524,0.0,0.005807401134196892,0.0,0.0,0.06382801093962338,0.019473873793339227,0.003628140159627637,0.0,0.02440184693144554,0.05366884995768069,0.0
LFQ intensity D1_9,0.0,0.022128260880894188,0.0,0.0,0.0033751648485880665,0.014645638450266106,0.01874470315011434,0.011822617855651255,0.03303327970057616,0.0,0.0,0.009523681919181012,0.0,0.0,0.0331428267413266,0.008312999258319539,0.04511395347416982,0.0,0.0,0.0,0.02761119472121013,0.01430468096116607,0.0,0.031798387864402006,0.0,0.0,0.07786503814570638,0.03836388309683975,0.0,0.05815522982749225,0.06633242681468379,0.0,0.0,0.02784125263832341,0.0,0.0,0.0002143086293530617,0.0,0.02535979393330006,0.0,0.0,0.03729441892230449,0.006553305988844739,0.034584846428702215,0.0,0.013572432957190466,0.013877567807758073,0.0012000755322398092,0.02879337308656495,0.0,0.0193581766224939,0.029422742218943677,0.0027025544584964884,0.0,0.011143009531783534,0.018334243592149475,0.016778372790931233,0.0027654200656475063,0.002202894451810759,0.0,0.0,0.0,0.00881995915810612,0.002010627853867484,0.0,0.0,0.0,0.059701161191467775,0.01924093696213697,0.030302923314453115,0.0,0.025915279691360427,0.04773635446118289,0.0
LFQ intensity D10_1,0.0,0.015648326093060654,0.0,0.008414001996050281,0.007781529378559107,0.03698755749975338,0.01433927896748554,0.01150122172575982,0.0,0.00012772424955702783,0.002232955479993291,0.011752716184855476,0.0,0.005400452544458585,0.004231205510258075,0.006080221192573743,0.03134920231428892,0.0,0.0,0.0012829591439244916,0.005146777216003664,0.06995547579349572,0.0,0.0,0.0,0.016283973866103703,0.0552718002596218,0.045014765815101034,0.0,0.03586138025247138,0.05015898406792956,0.0,0.0,0.02041262104709767,0.0,0.0,0.009928418068520734,0.0,0.027438876726242525,0.0,0.004717149149010385,0.0,0.0,0.019278505751543166,0.0007476002313712025,0.050969962005000924,0.024495887396437606,0.0,0.007950639810510135,0.0,0.03212392938533468,0.0,0.0,0.05119334653685868,0.04526938860052641,0.002955410267816117,0.0,0.02455523436742551,0.0,0.024221671302364682,0.0,0.0,0.020785888762488262,0.023135223187416967,0.0,0.0,0.0,0.027239911744579008,0.015371542349130428,0.028436506255594022,0.01933349071432052,0.015429296047395229,0.06520856059189754,0.00397843014981221
LFQ intensity D10_10,0.0,0.015654578438799707,0.0,0.004248909364160258,0.013452283399964177,0.03457517741450242,0.014582142342428508,0.013714025766965033,0.019596186164609463,0.001247218345904739,0.0,0.014082931341786053,0.0,0.012121313951116128,0.0,0.013550494959096722,0.037041357211051125,0.0,0.0,0.0,0.010918622112893343,0.08162775248109311,0.0,0.003834081523243634,0.006510224175313386,0.0,0.042658176561929585,0.04133578594236263,0.0,0.034402816418121096,0.05467559235929329,0.0,0.0,0.024167199970615894,0.0,0.0,0.0052722024480289014,0.0,0.02330535182715114,0.0,0.0,0.0,0.0,0.017574359797657747,0.0,0.04133346183051799,0.021138357041340247,0.0,0.011571358516473626,0.0,0.023143685873548862,0.0,0.0,0.04569535641074467,0.043728122924564856,0.0032500882438355303,0.0,0.028395311572957407,0.004301282885229235,0.0,0.0,0.0,0.013114773965238446,0.0192496088647268,0.0,0.01502160805718208,0.0,0.021231658276771172,0.025053781719420687,0.028914277822702367,0.027901331622608515,0.015300520099849071,0.06873640072090872,0.002770229233291649
LFQ intensity D10_2,0.0,0.019320257078086402,0.0,0.0,0.013667965396063306,0.02958240681547398,0.012868085388898534,0.010072724677237833,0.01805612891969085,0.0,0.0,0.004708118198067337,0.0,0.009854636728434727,0.010790159641689353,0.002818722062665517,0.03100661193980231,0.0,0.0,0.0,0.012561532131544045,0.016479398955171705,0.0,0.0,0.0,0.0,0.056592025108144525,0.03536622223094972,0.0,0.04517058359810904,0.07129582506161741,0.0,0.0,0.02305778453564992,0.0,0.0,0.003911723730767401,0.0,0.023940391811891566,0.0,0.0011202681671205962,0.0,0.0,0.020618807360415808,0.0,0.045982854452939974,0.02671201362228277,0.0,0.007966705928383782,0.0,0.05836802572825893,0.0,0.0,0.05427550460480938,0.03200724673686507,0.0012632075198085087,0.0,0.031253358123508726,0.015698203278184265,0.02900556234880863,0.0,0.0,0.02683165848156142,0.016913261852752538,0.0,0.0,0.01378423806055144,0.02511384384763497,0.013719237606794775,0.020225037890628548,0.022651342430988302,0.015377305264245173,0.069991012683501,0.0
LFQ intensity D10_3,0.0,0.01823398432773723,0.0,0.008445840970061212,0.007548641689979016,0.03709790770710794,0.01261841893515758,0.015981756570264724,0.013432983184589388,0.009885966690634174,0.0,0.005594047695096771,0.0,0.013366233015258175,0.0,0.004953257055800317,0.04842140241548726,0.0037014914693739727,0.0,0.0,0.006574521616261358,0.01350470172113576,0.0,0.0,0.0,0.0,0.052315298455188834,0.02954173469539846,0.0,0.044695633752370977,0.061282789603922916,0.0,0.0,0.023350725787869436,0.0,0.0,0.006937109439437149,0.0,0.020989394165324093,0.0,0.0,0.0,0.0,0.011447811110549572,0.0,0.04804062267068577,0.020618904350201066,0.0,0.007450119213770329,0.0,0.05894582457260981,0.0,0.0,0.06523122857204239,0.045457370394750625,0.010514436768460719,0.006149985996194023,0.024279960844479417,0.0,0.0,0.0,0.0,0.010901017869066837,0.03298893952451608,0.0,0.0,0.0,0.03174773536176471,0.015197228129699116,0.027790746431921424,0.024482627974220465,0.013734625771609289,0.08447211644760486,0.0020748570323967518
LFQ intensity D10_4,0.0,0.02514590405670614,0.0,0.0,0.013500756272274449,0.029576218327623242,0.01231678318349448,0.006670943512860229,0.012959717721370424,0.0,0.0,0.002063766476226978,0.0,0.0,0.004591633967726018,0.0,0.023542794587934658,0.0,0.0,0.0,0.007453406638574606,0.05422426315568454,0.0,0.0,0.0,0.0009833029879496942,0.053466515843531744,0.047314406991835534,0.0,0.050317422006753744,0.0766866459636843,0.0,0.0,0.028527433344192343,0.0,0.0,0.002885922859786731,0.0,0.02296356966435909,0.0,0.002350526842096187,0.0,0.0,0.017537247199057197,0.0038789411992267357,0.05048329222997336,0.0255852367405466,0.0,0.01361202627561087,0.0,0.0730515139179353,0.0,0.0,0.05211942305508292,0.051099328318030705,0.000756491081480009,0.0,0.022543087031935936,0.0,0.023770330163394665,0.0,0.0,0.022347447242952203,0.005179391737870389,0.0,0.0,0.007108831210657303,0.030375915318730465,0.020170567130138154,0.013448767584015564,0.013519985674973211,0.016081662065885214,0.059788580417838036,0.0
LFQ intensity D10_5,0.0,0.018953404374441613,0.0,0.010827285051795218,0.0071302466182995025,0.034229775416511204,0.008867850771473862,0.015269461217479378,0.0,0.012864178824266,0.0,0.012531646593214726,0.0,0.0011053240449151506,0.0031122348482871035,0.009131693014188017,0.04742946996034884,0.0,0.0,0.007843294201938548,0.004565209590078449,0.04810433762782766,0.0,0.0,0.0,0.0,0.061530824487423155,0.04860000030095256,0.0,0.04495395297340719,0.06315973995156049,0.0,0.0,0.013510000446036485,0.0,0.0,0.011833127350597512,0.0,0.02623813528530274,0.0,0.004035430750104566,0.0,0.0,0.0193603571938859,0.0,0.04255986715797505,0.01867123523674745,0.0,0.010380107060387033,0.0,0.03681319924995724,0.004913135783284177,0.0,0.040109206821027886,0.04416801689945788,0.008317911058747204,0.0,0.023559200820089082,0.0002801276301341983,0.0,0.0,0.0,0.018226206587725904,0.028949015569297583,0.0,0.0,0.0018197791755149137,0.027197508807816396,0.017591643459667673,0.026281846250002096,0.02759165739565918,0.010303404905141438,0.07384259554061211,0.003237353696419548
LFQ intensity D10_6,0.004470436995606906,0.024621754480070937,0.0,0.0,0.006477737036253525,0.025870803569797613,0.01689899831106833,0.003070267096050687,0.008963409212081481,0.0,0.0,0.0,0.0,0.0011144569290980127,0.009672697177091334,0.0,0.028761986154646955,0.0,0.0,0.0,7.420035759091357e-05,0.04326582326306868,0.0,0.007324350448255832,0.0,0.023761009781054,0.058747396393454415,0.04829059297271265,0.0,0.04459368440374207,0.06182977293780722,0.0,0.0,0.016922991201382652,0.0033603190606279186,0.0,0.014704671439462533,0.0,0.027826618369840624,0.0,0.0015515325757040777,0.0,0.0,0.014727090982508621,0.0,0.046938770470056825,0.026827452893190034,0.0,0.01363388893771129,0.0,0.04403136342840195,0.005849813835902694,0.0,0.04522892942276299,0.04490814625496183,0.0,0.0,0.02105559479731743,0.00013626215136552236,0.03618675437664154,0.0,0.0,0.029085449603790805,0.003913027266482442,0.0,0.0,0.01399425430572415,0.02860249061613932,0.02779913740144601,0.035114055916575584,0.006263878895160425,0.024839254994113574,0.04868887328327761,0.0
LFQ intensity D10_7,0.0,0.01573507853073803,0.0,0.012226848997168622,0.0027784113544731216,0.0367315368098285,0.011024222139918114,0.02279227281641245,0.010839120701550319,0.005848599927336339,0.0,0.009951230271726019,0.0,0.005626119838771187,0.04122943377140229,0.0,0.04727887822191157,0.0,0.0,0.0,0.007473784983230267,0.026339547191037146,0.0,0.0,0.0,0.021583081532073466,0.03772097405053263,0.031757918723345685,0.0,0.04030097649961596,0.057189439794593774,0.0,0.0,0.023845313511819278,0.0,0.0,0.0033028839477360315,0.0,0.014426056319422122,0.0,0.004105614102560334,0.0,0.0,0.004887990473458897,0.0,0.054459911904091406,0.027200242218066984,0.0,0.0076162570409619955,0.0,0.028530946607149575,0.015976723413794115,0.0,0.039336642729602585,0.04068439388568529,0.006050149999951014,0.008322013928578448,0.0212039036023721,0.0,0.024330020805819363,0.0,0.0,0.012973690532873233,0.02719077947304481,0.0,0.0,0.0,0.03869867764812024,0.0199224246968345,0.024140470174068118,0.02213881854317829,0.011524483096103905,0.07276781495556611,0.001936300233475684
LFQ intensity D10_8,0.0,0.01702976697883146,0.0,0.003423118998536601,0.02087654516523049,0.0336668917156888,0.011286009037070166,0.017675700396192862,0.010243174870291066,0.008416302586501171,0.0,0.021847306071421074,0.0,0.007222698198909275,0.0,0.009355218702283303,0.02424906525716962,0.0,0.0,0.0,0.0028101562373148235,0.058500426553328135,0.0,0.007033078866702926,0.0,0.02483894835834578,0.052088789987337875,0.029786606438759463,0.0,0.04073220602484211,0.0576742872066182,0.0,0.0,0.022270859166395367,0.0,0.0,0.0,0.0,0.015373125779478802,0.0,0.001093966569699075,0.0,0.0,0.006489485729046807,0.0016646649111287872,0.043467265108059545,0.02169351508439746,0.0,0.01346849556873953,0.0,0.04347327690709339,0.004837779614167818,0.0,0.02977433739850588,0.0432381147291056,0.0038927380943666657,0.0,0.02459335489838499,0.0,0.026782831559320795,0.0,0.0,0.014715886718205966,0.030793921650163036,0.0,0.0,0.0,0.027030945724853924,0.017286122387957674,0.03617518101701673,0.031750125365831675,0.012628705503366797,0.06838465415194825,0.00036434871139019145
LFQ intensity D10_9,0.0,0.014627060832029287,0.0,0.011207620823299378,0.006052424848744228,0.035408970771242124,0.01098047834162754,0.015640280588184643,0.014750915655985025,0.0038135999437644997,0.0,0.013711341138245169,0.0,0.0,0.001219208620957019,0.006351140163119362,0.043583367816034065,0.0,0.0,0.0,0.012543804342079554,0.05694778783496024,0.0,0.0,0.0,0.0,0.05705014481111467,0.03576552537374373,0.0,0.03830606054258947,0.06265095283819716,0.0,0.0,0.0209316247846778,0.0,0.0,0.008628181280392952,0.0,0.02251120526214641,0.0,0.0,0.0,0.0,0.01886164688129672,0.0,0.04472534379335537,0.02614118283218222,0.0,0.010183253016350528,0.0,0.04905524818800784,0.010539886933832423,0.0,0.036089622408269274,0.042076069455001405,0.008191790695894433,0.0,0.024093804431966334,0.0,0.0,0.0,0.0,0.025039158244144728,0.030796642617671312,0.0,0.0,0.006129604105915764,0.02245402950806521,0.013625736556565748,0.028111038403551777,0.025678259965622195,0.012149278500332848,0.07003760013180098,0.00333910671703872
LFQ intensity D2_1,0.0,0.020739566882955203,0.0,0.008680276681501304,0.012537582770555975,0.034429648934574154,0.02388742735602736,0.013224868886922802,0.02174146386880903,0.0,0.00019088590224343595,0.011734240491344977,0.0,0.0,0.0032912186239789283,0.0035821317556753666,0.04227352093202104,0.0,0.0,0.0,0.027044479849696233,0.03283021421857187,0.0,0.019361060014523958,0.0,0.0,0.08782057393132094,0.03383612461924786,0.0,0.05232890755956794,0.061970262688127456,0.0028399429319574732,0.0,0.022825167137002295,0.0,0.0,0.006323470997653044,0.0,0.029345310635386992,0.0,0.0,0.0188381480345422,0.028862515647294043,0.020203993207252503,0.004130903951651056,0.03496297370661271,0.017409225141627946,0.0,0.006816141289521626,0.0,0.002201900981884888,0.0,0.009076159610843926,0.005015966641059773,0.025177196111153592,0.006120051468565991,0.0,0.020227676387631056,0.0,0.0206187791500697,0.0,0.0,0.0,0.010420770035072574,0.00038480243605526113,0.0,0.0,0.05768225970885282,0.005065935016427072,0.032283554658625736,0.023526383049160684,0.025630345246423443,0.04583876034477961,0.0066672105052261845
LFQ intensity D2_2,0.01123635474595998,0.01849812616484488,0.0,0.007797587099192812,0.0018121724015327596,0.02480730890262543,0.014769325715701788,0.0071067994096047716,0.02627243376403755,0.0,0.0,0.012685409580626384,0.0,0.0,0.012018855932022869,0.00040207921544803806,0.04018433174020032,0.0,0.0,0.0,0.0210790354528939,0.03627426023858784,0.0,0.018149496548577993,0.008073312998687101,0.008014901825099107,0.071611468618626,0.04249439260353698,0.0,0.042846498763681407,0.060701506251636395,0.0,0.0,0.03165413410484421,0.0,0.0,0.004218666893136452,0.0,0.021629895512068044,0.0,0.0,0.02574987211212495,0.02678710447062374,0.020074831692026177,0.006604988063199848,0.030645459469995,0.014868569580591169,0.0,0.0078849451016028,0.0,0.005946808474089097,0.005542709462986649,0.003928570646763616,0.0,0.031314735167776934,0.0038785956503157725,0.0,0.014166610532564695,0.010725209461736267,0.022179276767058633,0.0,0.0,0.010803620318600387,0.02146630009846466,0.0,0.0,0.0,0.04370728791740166,0.01772772526920827,0.036353484376652506,0.024512205350571976,0.0180658999559861,0.04883187400831034,0.003894961568175614
LFQ intensity D2_3,0.012438946316437391,0.021564061076931214,0.0,0.005718532620083543,0.022066718600742052,0.01760097027470051,0.016477855250909758,3.282597985795248e-05,0.017809896486551333,0.0,0.0,0.017729953105822777,0.0,0.012925337131559432,0.015579837221347233,0.008650046774922152,0.044432524419619715,0.0,0.0,0.0,0.02660301071996375,0.027067652643686994,0.0,0.02127127154099615,0.004801239273785496,0.0,0.07106952379678315,0.01319647940076207,0.0,0.04737950377516052,0.05519462801836688,0.0,0.0,0.03139821196844386,0.0,0.0,0.00714035784503567,0.0,0.030512468193611836,0.0,0.0007886294921373516,0.01735049332385972,0.01703271858085146,0.03388281743962838,0.005483699106126672,0.029879623904490792,0.013856613959606927,0.0,0.004044070662322058,0.0,0.02747340070578697,0.01673236985890988,0.009639038713987694,0.0,0.024751167255249375,0.004312202382817954,0.0,0.015838600917858475,0.008716825919372976,0.0004394436917015768,0.0,0.0,0.010593480511275056,0.024908821047382578,0.0052618667926807895,0.0,0.0,0.04952458225647824,0.00918706767272216,0.03873910438750536,0.013531089701636615,0.019161248316712422,0.04285332478228587,0.007355846180531235
LFQ intensity D2_4,0.009373878084574822,0.017099399351944912,0.0,0.003496216497613638,0.008928585101741361,0.02570214673861247,0.018747446803100285,0.010441526329380248,0.019527117469683053,0.0,0.0,0.022038006378562718,0.0,0.0,0.011383648842224429,0.0,0.03816411221869381,0.0,0.0,0.0,0.030947837704845094,0.04369214128531584,0.0,0.017584320439948314,0.009862652589844078,0.0065368074611121185,0.07905615054521983,0.03611728004053951,0.0,0.04829759036018109,0.058154179246241444,0.0,0.0,0.032007313395202956,0.0,0.0,0.00384862778609733,0.0,0.01919360336559713,0.0,0.0,0.025206207526201122,0.01186499477579425,0.020626265292215343,0.0,0.033150432710315175,0.030470095900145856,0.0,0.0,0.0,0.0,0.017017995277183496,0.0023173253903983823,0.0,0.031334271853354856,0.0010655579112639143,0.004573910383126273,0.007608114160632392,0.008874120422033992,0.007952915437474284,0.0,0.0,0.008799118802149524,0.010124155522921162,0.008414669296352057,0.0,0.0,0.05057079714891737,0.011335451045182398,0.039269059904506715,0.025753563525674077,0.023294883795337458,0.04964023178926616,0.0005352740932771682
LFQ intensity D2_5,0.014334006562626218,0.02150236606843002,0.0,0.0006564478892435126,0.0018298627372551226,0.03103200619769138,0.0229999306514772,0.03463805806010905,0.01439774339310102,0.0,0.0,0.003615401370475247,0.0,0.0,0.013684661525484773,0.0,0.04526518083098062,0.0,0.0,0.0,0.03274228387905978,0.03829350654721069,0.0,0.01959007455546466,0.0035143791544006487,0.0,0.07670277098634329,0.026236813643983083,0.0,0.05153443367302174,0.058745530488530956,0.0,0.0,0.031805951193043455,0.0,0.0,0.005461722907034255,0.0,0.013289408882256012,0.0,0.0,0.01815352889679676,0.014737509787043544,0.022114172966064976,0.00514256985756826,0.0333908547170029,0.015855999798967957,0.0,0.010196522748454161,0.0,0.018268432220877494,0.008712358507478086,0.0015772844495101212,0.0,0.022829059430829964,0.0,0.0,0.01964367006875028,0.015278331416076334,0.020547680025364265,0.0,0.0,0.0,0.011894061126090207,0.0,0.0,0.0,0.057316097275704345,0.0070098159585129235,0.04362286573579607,0.015063284440286961,0.02773305473832703,0.04904030463727462,0.0
LFQ intensity D2_6,0.0120632118926423,0.022638507199925592,0.0,0.007502254300563988,0.01698542872127221,0.021432650288138216,0.013193445615113989,0.014788540358338848,0.02537716031869987,0.0,0.0,0.003706424059276474,0.0,0.0,0.017820609744869667,0.0,0.04690774065888093,0.0,0.0,0.0,0.026969674507268452,0.028372969638887503,0.0,0.023770440882817424,0.0034827867870267366,0.0,0.07223477872986278,0.02907345289156016,0.0,0.050205961364952575,0.056036987395021484,0.0,0.0,0.02955729607896648,0.0,0.0,0.00602496367465186,0.0,0.021679667036195924,0.0,0.0,0.016029034439880088,0.02041896458358177,0.03538683615107222,0.0,0.02029285410510245,0.015800826894037782,0.0,0.020865258310413092,0.0,0.00566411907720876,0.013830156174103101,0.0013652734285134677,0.0,0.018976507431085563,0.008405536573058252,0.0,0.020301574253831587,0.0120863164223604,0.020824996502533867,0.0,0.0,0.003923913279362772,0.0164952138752207,0.0,0.0,0.0,0.0585409937329295,0.01619791733466683,0.047172869311626134,0.0,0.02018562363327195,0.0574102623412062,0.0
LFQ intensity D2_7,0.009728630469431506,0.020478245123342776,0.0,0.006789910608918467,0.001800191589162636,0.035200665421293825,0.018826404772193293,0.013826003091104058,0.03344116293704539,0.0,0.0,0.0005890834656587338,0.0,0.0,0.009541477483898693,0.0,0.04531836671191751,0.0,0.0,0.0,0.03073177987526267,0.030525359871598184,0.0,0.02805630037258837,0.0,0.0034088524041462464,0.0771693817948592,0.03154459216424437,0.0,0.05445548258938556,0.051961817543418914,0.0,0.0,0.029560792354939486,0.0,0.0,0.007145211665780498,0.0,0.018684987973998896,0.0,0.0,0.021273763995062592,0.023942005029205404,0.03432648805980721,0.004681944956321514,0.03317906529505667,0.01387736819274069,0.0,0.006823038356819486,0.0,0.002150897585612347,0.0047017983154574,0.005858958722327139,0.0,0.020940489814488383,0.006470444948143875,0.0,0.019795735718906412,0.010076707798545798,0.02047030325265318,0.0,0.0,0.0038063352642416105,0.010968712481051352,0.0,0.0,0.0,0.050127659154830057,0.01373896229113525,0.03787185479172865,0.01938124372645896,0.022861125158850377,0.05315661485966152,0.0007337819467049191
LFQ intensity D2_8,0.0,0.021098753258818936,0.0,0.01073642056765184,0.0018505959259035659,0.029789641100292724,0.016563386722792513,0.02044576729982407,0.019668499048018668,0.0,0.0,0.012922471169376618,0.0,0.0,0.014574378184065947,0.0010903456010710913,0.04312727322236819,0.0,0.0,0.0,0.025838565431165236,0.04249690259683354,0.0,0.023147871344671268,0.0,0.002385382934625194,0.07692542234604778,0.03284491896961096,0.0,0.04566453798229265,0.05050110789769514,0.0,0.0,0.019121644157016015,0.0,0.0,0.006685570200811387,0.0,0.03493141457468846,0.0,0.0,0.019599604514969768,0.023703808430056626,0.035287610127989165,0.0022893160463647397,0.03330689029116348,0.018523935564852177,0.0,0.008714168058512259,0.0,0.006305735791885335,0.006717341382488754,0.0036240175490050304,0.005439022470546961,0.021388034678814706,0.009004469523196565,0.0,0.019797035598914287,0.009698234611667121,0.001105169390825363,0.0,0.0,0.003912910478548062,0.01360796866819582,0.0016991253029092854,0.0,0.0,0.06298680719898098,0.01569267446329405,0.03509457999901658,0.01921894732409184,0.020952075158572142,0.04991964683949709,0.0
LFQ intensity D2_9,0.007617966312097011,0.021070634243756187,0.0,0.005012413582769216,0.004211378105103181,0.03406225295321765,0.016873074056667787,0.0033037460472880023,0.014802118152774817,0.0,0.0,0.020358134076387268,0.0,0.007594914737226218,0.009331868577289166,0.0,0.04635646687481388,0.0,0.0,0.0,0.0306211697208246,0.03687370970934634,0.0,0.027538821730077996,0.0,0.0,0.06845444630721524,0.0293589949619121,0.0,0.05057160585720994,0.057910161431752545,0.0,0.0,0.034261115513081045,0.0,0.0,0.005441212532869454,0.0,0.02076874882660307,0.0,0.0,0.017206020070262104,0.033082752538597486,0.019790575323898923,0.006385070969984883,0.034429220336309255,0.015494378871246052,0.0,0.006524672570586774,0.0,0.016791910308896277,0.015508656982767747,0.004142521701027297,0.0,0.02894820042897851,0.002847465379988939,0.0014321443708682137,0.017268321186875487,0.0,0.0,0.0,0.0,0.0038168605868194095,0.020670165730970008,0.014332120125443468,0.0,0.0,0.046064151138022584,0.01742141301228605,0.03410169338118456,0.02522028140275037,0.01984501380678704,0.04447331645457646,0.001808119010589336
LFQ intensity D3_1,0.0,0.023173290922797875,0.0,0.013982852266515066,0.0017733392346792473,0.031451305403687985,0.016852800301123513,0.005440122143363684,0.0291674243654385,0.0,0.0003843271032767924,0.013327883841985608,0.0,0.0,0.013315225913906383,0.0,0.039228517144469364,0.0,0.0,0.0,0.027845760106185807,0.0527939481582291,0.0,0.018007735286469716,0.0,0.017723675337413813,0.07614032647725062,0.04255979240417122,0.0,0.05067389822860682,0.0543620432940564,0.0016602522896240618,0.0,0.017789426897036036,0.0,0.0,0.007707283432023828,0.0,0.021844912509933326,0.0,0.0,0.005293040776243658,0.027656213438095812,0.032000064214265794,0.00640897673025757,0.03673878830038922,0.012184703232741715,0.0,0.007652621738934586,0.0,0.0,0.0017053375209595118,0.010809498562192958,0.011893924895776748,0.019759239151118244,0.005231423827117452,0.0,0.021480943403373195,0.011923406677329105,0.0009802410013637405,0.0,0.0,0.00830963398320725,0.015929706635079918,0.0,0.0,0.0,0.035201788023036064,0.01649280077076211,0.03481964826837899,0.02843542845905155,0.018159142468763007,0.041074257726874376,0.012653027132442641
LFQ intensity D3_10,0.0,0.02230667088606382,0.0,0.0012283199075709334,0.001861215777698993,0.03776927539169831,0.02500487395977775,0.02147141828152931,0.02269690484435786,0.0,0.0,0.0158036008876245,0.0,0.0,0.00610106016643401,0.0,0.038484593306580196,0.0,0.0,0.0,0.02010149890837275,0.046502547187091514,0.0,0.018867361144469613,0.0,0.011900030262273261,0.0704809796494754,0.04258267025317646,0.0,0.05384011720422374,0.05069020900803309,0.010822006799824764,0.0,0.021941499791043963,0.0,0.0,0.0029638978451872132,0.0,0.02098944282726297,0.0,0.0,0.01043441394861304,0.0,0.020405026256339574,0.005632323391390482,0.033857910773870306,0.01290895887967024,0.0,0.013976984056739942,0.0,0.009026489964689584,0.012148827362072298,0.004192634699151239,0.010698513619292114,0.026863162247883973,0.005207616597201136,0.0,0.016672184519325377,0.007791346531571903,0.01874616101139916,0.0,0.0,0.0,0.021946237389065225,0.0,0.0,0.0,0.054151496839406614,0.009507048822462229,0.029486840250309,0.024332133711076967,0.028340039560475525,0.05734430875846073,0.0019191465197631343
LFQ intensity D3_11,0.0,0.021894854022270364,0.0,0.012575935859348672,0.00176812347110906,0.034799992759098404,0.020862129483115964,0.02456381746734471,0.0210017355820228,0.0,0.0003831967164533901,0.019780681960461916,0.0,0.0,0.010976639156059313,0.0,0.02646184640484819,0.0,0.0,0.0,0.020880437887555846,0.06720769366893879,0.0,0.017574509907942223,0.007696173752977035,0.0,0.07266295162023743,0.04381290077055557,0.0,0.047909951252576376,0.04796492227552458,0.0008822482151375364,0.0,0.02187662745991997,0.0,0.0,0.005778504467874635,0.0,0.027708540682081756,0.0,0.0019713346305144093,0.010110219431830676,0.0,0.019384429406156443,0.0,0.03436736247610875,0.017696710757282116,0.0,0.004545484000867673,0.0,0.0056874186899821995,0.00461477693045313,0.0015857018753890036,0.002650131446439971,0.02249286113646146,0.007496850972354523,0.0,0.021648787468203617,0.0110604427759878,0.03578838141440983,0.0,0.0,0.0,0.021766856533811513,0.0,0.0,0.0,0.048322163109602315,0.013646099372582408,0.03638553317363843,0.0259562917827549,0.024588001966073834,0.046418590262346786,0.004791155543293683
LFQ intensity D3_2,0.012157853737030964,0.018436062025000657,0.0,0.01340569069853164,0.0036433109338526674,0.02955751483131018,0.01077338146260737,0.01202294067381026,0.019208895440526844,0.0,0.0,0.02698599911963985,0.0,0.0,0.0025167155300691657,0.0,0.04226392262512615,0.0,0.0,0.0,0.023436086870641252,0.059063126044925154,0.0,0.015409049088401242,0.01375705689796498,0.013307367451445604,0.06698135503804627,0.045506683643209846,0.0,0.04760329931411073,0.05421045299326558,0.0,0.0,0.025457680927189322,0.0,0.0,0.005594292256282475,0.0,0.023100794789097812,0.0,0.00485281890976545,0.005058129629043001,0.007806492139647457,0.020787771831889353,0.010003564844942517,0.03206131067606468,0.011194022904275378,0.0,0.0035163192101497803,0.0,0.0026355686642163694,0.01619198048365935,0.0,0.005865539011362907,0.0242602541117161,0.00585856952276298,0.0,0.01661532700996288,0.008572315124809216,0.0,0.0,0.0,0.006553857405171077,0.02665096828479133,0.00796402148748914,0.0,0.0,0.04623906958863836,0.019013756722849995,0.03866720337714301,0.026284903786964256,0.013318207071649529,0.05562849580894991,0.0
LFQ intensity D3_3,0.011970194826496583,0.02214944698432247,0.0,0.0060644264501767756,0.0017988553405912948,0.035131195712596715,0.0187671895326744,0.0,0.021684738667339876,0.0,0.0003898570835988356,0.012230757040506773,0.0,0.00039859267488762974,0.011273874130708628,0.0,0.036038249025392065,0.0,0.0,0.0,0.03647869943716712,0.056825646986340995,0.0,0.020090106708842558,0.0024875691464694705,0.0,0.06878322019788288,0.043172173921109946,0.0,0.047734889452429353,0.05491279436085698,0.0,0.0,0.028952743594510895,0.0,0.0,0.006384157494135718,0.0,0.02047625860871515,0.0,0.0,0.00363649862940692,0.010807092451700095,0.019721351439165775,0.007476943929447448,0.03119337637632694,0.011407348483586153,0.0,0.00965677026567946,0.0,0.008317910332423685,0.008254846324279478,0.009773992291108783,0.004598915291970704,0.02176294627395307,0.007993795126220423,0.0,0.02101340034751547,0.010359263052159652,0.02572273387209334,0.0,0.0,0.002543362851299872,0.022657676825024047,0.0,0.0,0.0,0.05069104234285849,0.010849404394336914,0.03138342880365783,0.028419307839594593,0.021458018217652072,0.04997667354225644,0.006128263318529226
LFQ intensity D3_4,0.0,0.026557924804637808,0.0,0.008207494511259596,0.0018398786204291235,0.030921331762917222,0.021385089091043256,0.019830711520216204,0.01775083569387193,0.0,0.0003987478575684666,0.011632925191822638,0.0,0.0,0.0,0.0,0.046606475763122844,0.0,0.0,0.0,0.03295641330867741,0.037440637222548916,0.0,0.024848822516117912,0.0,0.017291731365549727,0.07018609782810853,0.03854466505553413,0.0,0.05297382081233395,0.0589194804246714,0.005460585889469009,0.0,0.01880998527748452,0.0,0.0,0.005974960346788641,0.0,0.020404006166937154,0.0,0.0,0.015441360881376051,0.0,0.016350194251375256,0.005169409740737599,0.04086286273858346,0.014798362245305653,0.0,0.006252060040136646,0.0,0.004909046190917824,0.0,0.0062192972040960096,0.002929630654495175,0.03304895351428059,0.007890951593662394,0.0,0.02830840872915712,0.008284101339016697,0.00497464581768413,0.0,0.0,0.002737744755553633,0.022959014782335082,0.0,0.0,0.0,0.05138453924502107,0.0053976062566556925,0.040256272641141726,0.03327552403047643,0.0258732521306662,0.044873556396971,0.008860583789244142
LFQ intensity D3_5,0.0,0.022955886464440772,0.0,0.01010980390473295,0.0018910623243525155,0.032780869207856375,0.020501473855532602,0.010092878091329183,0.025690147794286248,0.0,0.0,0.01652422597212602,0.0,0.0,0.01052214922799324,0.0,0.04344513495400433,0.0,0.0,0.0,0.018996116265296265,0.05994453288956353,0.0,0.02092252620349154,0.0019292574194194876,0.02361244984731581,0.07065698414565613,0.03961694161884797,0.0,0.05332789031188337,0.055095106192117854,0.0009435915464248432,0.0,0.023876606449143682,0.0,0.0,0.005443419264254352,0.0,0.020280513532659666,0.0,0.0,0.0027437627943068103,0.0009382762929576109,0.02370318661010902,0.0,0.023801956501879475,0.024900324395779532,0.0,0.0,0.0,0.015702730752203315,0.01169037790198647,0.0023537003369776288,0.0013629187275987355,0.03793359780218933,0.008582026793451788,0.0,0.023680053009007326,0.004015558483433323,0.00017671843086244023,0.0,0.0,0.003998472859996998,0.016074635211385996,0.007041790981465488,0.0,0.0,0.04712532340909475,0.014024183793047543,0.040467667216528155,0.02895345616641018,0.0253203649659692,0.04396313902584037,0.00228621005478983
LFQ intensity D3_6,0.0,0.02234619334454202,0.0,0.009219469646069267,0.0018126347941174047,0.023219429394276916,0.020396084947222722,0.018123395389175977,0.019681815641634473,0.0,0.0003928434368892107,0.01902525199828036,0.0,0.007057242711673029,0.033738315119146,0.0,0.05235790691648611,0.0,0.0,0.0,0.028811533289879687,0.03999224884072915,0.0,0.02184091112647686,0.0,0.02221568029902027,0.07010718624823847,0.043502878092114484,0.0,0.049210013351971685,0.054937923783625935,0.0,0.0,0.01584759204473794,0.0,0.0,0.005419837371547953,0.0,0.022488747460136335,0.0,0.0,0.0,0.0,0.019872419420840632,0.008171235998065735,0.026315618553896067,0.009071474559940484,0.0,0.009345723631295237,0.0,0.00152175303572499,0.01676991159445591,0.005362215036118717,0.010346245061745484,0.018287477600492992,0.0032138238013353464,0.0,0.01580654137227046,0.00945735995481584,0.0,0.0,0.0,0.003832645247081582,0.021806981172424786,0.020368817077045947,0.003264153147257469,0.0,0.04809183138326464,0.0149743277439318,0.03341295877409249,0.017146902455303963,0.021200154367619014,0.05622571055059873,0.004388583212389286
LFQ intensity D3_7,0.0,0.024391514822115552,0.0,0.015287453495617769,0.0018254657477208046,0.030922043613699914,0.016965385205047215,0.033026000448252456,0.014543418596230746,0.0,0.0,0.017724250067311487,0.0,0.0,0.0,0.0,0.03640056012483221,0.0,0.0,0.00021954295815243587,0.02967293095124924,0.06233363333923827,0.0,0.02297734366456142,0.0,0.009237854234510626,0.07427880896957645,0.043810818451764315,0.0,0.05101285012694656,0.055560880583492844,0.005970524765869178,0.0,0.021038981494131175,0.0,0.0,0.004771938303160227,0.0,0.020586279895113527,0.0,0.0,0.007238444421738549,0.0,0.0200130887340435,0.005352292565612123,0.030217442206159625,0.012556222962305222,0.0,0.004534613500187854,0.0,0.006317796395120877,0.0,0.00680540257373866,0.0013745905986679975,0.024358646562981406,0.013714315296867745,0.0,0.026726157991875797,0.011004880232229706,0.0,0.0,0.0,0.00385977508785437,0.021850308131718052,0.0,0.0,0.0,0.05881087855533365,0.008618906280709535,0.043428422215520866,0.028696612646698632,0.02227521211560176,0.04475044082741191,0.004937070239027691
LFQ intensity D3_8,0.0,0.02097153849263973,0.0,0.005359040954896803,0.004124382213942019,0.03099511049309883,0.020214041605800655,0.017653710084471134,0.021613792479086638,0.0,0.0003920989044858291,0.020709408236712724,0.0,0.0,0.012054554283347856,0.0,0.03724058566411876,0.0,0.0,0.0,0.031084965225065066,0.06337246695605389,0.0,0.021615529673321147,0.0,0.022810293933706784,0.06990751113396627,0.04342042971869473,0.0,0.049485160239844374,0.05196442137759152,0.0,0.0,0.018127480494136428,0.0,0.0,0.007157343938215772,0.0,0.024756676148127224,0.0,0.0,0.0018476286567798272,0.003691935249537448,0.02556273643430339,0.002967975293364553,0.031158416716778298,0.013670883411887184,0.0,0.007913956829564087,0.0,0.0,0.008597179256726335,0.0047666621958963665,0.008399679431321824,0.01972556091651749,0.0016514091025037771,0.0,0.02143035098280276,0.011670438294250095,0.006867978809285783,0.0,0.0,0.002616323348598043,0.024666964878299846,0.005561581208124788,0.0,0.0,0.04502378738153938,0.013276216090171532,0.03082067359665604,0.02985978962202037,0.022476614249151552,0.05312298090217469,0.007621734890420241
LFQ intensity D3_9,0.0,0.015370645841314725,0.0,0.006573992632763894,0.0009818812182096912,0.03278539048434059,0.02063519136137353,0.029325839969597617,0.020186601367978382,0.0,0.00040279357162207506,0.011305438947220726,0.0,0.0,0.011419270232769329,0.0,0.0422145806863064,0.0,0.0,0.0,0.03103832066007328,0.049532374748832285,0.0,0.018163752495802606,0.0,0.023618745946148174,0.07869013224389498,0.04460474071125708,0.0,0.05339723158785325,0.05137199123280684,0.0,0.0,0.01907368780025525,0.0,0.0,0.0035634128426714345,0.0,0.020959336286809845,0.0,0.0,0.0,0.01007360074810121,0.028449720300675593,0.008325018181370462,0.025465124477098422,0.0050957990090938435,0.0,0.011605264889926734,0.0,0.007561392314112994,0.012792251126327675,0.01068752259044534,0.0035825920380766333,0.015908640170936704,0.006029502160842609,0.0,0.01817043438795327,0.00953638299434683,0.0007756251612340276,0.0,0.0,0.0,0.024708655332305283,0.003966642576371233,0.0,0.0,0.05222329549421781,0.010883235099188104,0.04346203629200871,0.021158818538336316,0.02443116448562197,0.04622280859804685,0.013669120163459322
LFQ intensity D4_1,0.0,0.023444743968036946,0.0,0.009652607722682718,0.0017486160919045095,0.024329396553272212,0.018966971113845862,0.01705729856019433,0.022138291083391555,0.0,0.0,0.008654770111365066,0.0,0.0048562480006200245,0.021663787052236247,0.0,0.0326250626005308,0.0,0.0,0.0,0.025301917160962008,0.057381608400310175,0.0,0.007471245933685461,0.0,0.03226670737671319,0.06859151177580877,0.049568576392069616,0.0,0.041883193890059525,0.04316591766503231,0.0,0.0,0.015475573036673289,0.0,0.0,0.004326140057971981,0.0,0.02591310598737778,0.0,0.0,0.0,0.0030589324849403924,0.02356612375123349,0.006533098843963751,0.028163654794740905,0.012276846476863496,0.0,0.011155153262534549,0.0,0.008968986909610562,0.005666405752712483,0.00016580490672729673,0.011302256065126897,0.019723520483262213,0.0059441706669808424,0.0,0.02088767717963548,0.011605433301013074,0.028673587662744436,0.0,0.0,0.011938263308069168,0.024026876178578873,0.0,0.0,0.0,0.040354419223288696,0.022766803994963534,0.027882288103038774,0.027317069051819964,0.02063753421230358,0.06068340341142555,0.010218399439677684
LFQ intensity D4_10,0.0,0.02043526171178057,0.0,0.013417809883248566,0.00046795306522682254,0.031484044014580374,0.021162263221423838,0.025538510108883097,0.016181863452047807,0.0,0.0,0.005647625181859405,0.0,0.009338895975189316,0.004351446060029651,0.0,0.03935200985162501,0.0,0.0,0.0,0.03239360992214168,0.06703530511777367,0.0,0.015576465591976998,0.007864376893923176,0.0350255956837112,0.05352165460880101,0.038995578892653655,0.0,0.05261223758571386,0.04592251948895768,0.0,0.0,0.02151808347917,0.0,0.0,0.0075339365261514225,0.0,0.02116163287274535,0.0,0.0,0.0,0.0,0.0209392014742465,0.005038117997767742,0.027225840163482312,0.011844871852710553,0.0,0.0021539849499409226,0.0,0.0060682926372428725,0.01773066360059858,0.0023868211313721917,0.01914682852008564,0.020889481087468974,0.0101077825727684,0.0,0.021690320449402972,0.011868182360687879,0.0,0.0,0.0,0.01194974651164303,0.022458634696989343,0.005592900772949704,0.0,0.0,0.03530209189556858,0.022208758500353823,0.027147826569295125,0.0210506671055559,0.02406247869114107,0.05575947830562101,0.010838348963492636
LFQ intensity D4_11,0.0,0.02423333947033016,0.0,0.015898364271566726,0.0,0.02513967886964116,0.014985510997827873,0.011870656794289471,0.020752600480547098,0.0,0.0004334050026936371,0.009864386244084368,0.0,0.005966535829557225,0.005433220505941889,0.0,0.03843773110846708,0.0,0.0,0.0,0.015033352725642943,0.069055322356372,0.0,0.009597526494619013,0.009189979793070296,0.027940977086556063,0.06626221271080784,0.05778102589474991,0.0,0.04142211980836943,0.05189110786649161,0.0,0.0,0.021500901486097516,0.0,0.0,0.007085015561217005,0.0,0.035698868979738584,0.0,0.000857033079540267,0.0,0.0,0.027038627721931916,0.011208288346319597,0.031197678638206404,0.007239180962157072,0.0,0.007303875247962845,0.0,0.0,0.0183061130735929,0.0,0.015362555577369565,0.026299894961519472,0.001094720204386094,0.0,0.020895855685846194,0.012373365112532517,0.0,0.0,0.0,0.006408251185964614,0.02041534778674547,0.0,0.0,0.0,0.050861251100288246,0.018382545364200305,0.041268417588151085,0.023677016170341753,0.01686685163409649,0.054486184881364114,0.002983105338804256
LFQ intensity D4_12,0.0,0.023829250871392836,0.0,0.009799923387686031,0.00017295067168678557,0.029418747002318092,0.01685133782052741,0.042026804944430916,0.023028008530374275,0.006583758097943025,0.00036000749074355546,0.009263568195568322,0.0,0.0,0.0015547859271057083,0.0,0.03309469524001382,0.001682454432144897,0.0,0.0,0.02292952895950006,0.061973075691806934,0.0,0.010596956091738307,0.005773314146315996,0.027014258973293907,0.0526875496674421,0.04304837316209867,0.0,0.03886523143404718,0.04706143575230368,0.0,0.0,0.01694580914895587,0.0,0.0,0.005780337038787865,0.0,0.024425350368639163,0.0,8.998469165740513e-05,0.0,0.005936766070603006,0.01821137679517314,0.007267302113012543,0.0327441752237128,0.01363944900220682,0.0,0.007972014558987207,0.0,0.01797301154533637,0.030209787507268868,0.007648512849498969,0.013593177356609861,0.024820930733203142,0.013277153674536774,0.0,0.02118308664215695,0.009552334182584478,0.0,0.0,0.0,0.0013760280710735059,0.020731800174316944,0.015573564398022986,0.0,0.0,0.03524037602604151,0.01139510165870542,0.026278202483585665,0.02261876253380367,0.018677221510458513,0.05258367101746447,0.016638696133113553
LFQ intensity D4_2,0.0,0.02244618368799801,0.0,0.01117947848215811,0.0,0.0333992541407317,0.01832804105452193,0.030396634027392316,0.020148213679672292,0.0,0.0015865170485623225,0.01875612839231014,0.0,0.0,0.0,0.0,0.03521267683769722,0.0,0.0,0.0,0.0362426433396297,0.07326496511786623,0.0,0.020417670780164446,0.004081732522375186,0.0,0.05912295380827619,0.04745240073791956,0.0,0.04546825838171196,0.040729766655990596,0.0,0.0,0.023228287764529943,0.0,0.0,0.0062772463604770104,0.0,0.022416221719283747,0.0,0.0,0.0,0.008556206405465866,0.03404650144307106,0.002290865432017839,0.03049927139606246,0.01146335567994576,0.0,0.012259543865727566,0.0,0.009261771772208934,0.0,0.009348387196379678,0.012299140440308288,0.017234744765777587,0.010212371472894522,0.0,0.019004121449259583,0.010665916198119822,0.0,0.0,0.0,0.0012544109799275738,0.025977621323293242,0.0,0.0,0.0,0.0460930285819554,0.017355094287315555,0.047407931809991956,0.021199718315494605,0.02181988853707276,0.04872006501804459,0.012874769090396743
LFQ intensity D4_3,0.0,0.02287856210115521,0.0,0.010504804207603819,0.00035238535608336785,0.03706924449409858,0.019479187526989867,0.019224554667865705,0.019062925969234312,0.0,0.0,0.012155292607189852,0.0,0.007824022455892306,0.0009249180275886724,0.0,0.02901111168180884,0.0,0.0,0.0,0.027449266265970818,0.07191425600148675,0.0,0.005421676276020401,0.012325442372250788,0.012579443079160476,0.061333924962821806,0.04488534965855592,0.0,0.044623008638377946,0.041769936111341006,0.0,0.0,0.022663086337079277,0.0,0.0,0.0028162320104245494,0.0,0.028451146594411142,0.0,0.0,0.0,0.0,0.02038757657018336,0.003872668245908652,0.0281918625751992,0.014442470288557724,0.0,0.012721756303538527,0.0,0.004688061148251674,0.003601073001285401,0.005235068494329842,0.010224659157234632,0.022878886790422603,0.009284708920795253,0.0,0.026641700959971076,0.012669864819798708,0.017542133510636274,0.0,0.0,0.014845106280668251,0.02522010817561368,0.0,0.0,0.0,0.044851745462793746,0.018676439685360348,0.03358559794610892,0.02793810669561528,0.02239209088212874,0.058120400968369366,0.007268135713817365
LFQ intensity D4_4,0.0,0.022987549323554735,0.0,0.00847102126286105,0.0018197136426058563,0.03367884224760925,0.020278108431568596,0.028352686512702355,0.024893029631111938,0.0,0.00039437760095713915,0.01774292775419194,0.0,0.008982582028658497,0.0024786006971120505,0.0023533872415291194,0.040213951813576676,0.0,0.0,0.0,0.03302625957413845,0.0678902665822849,0.0,0.020887513502694403,0.0,0.026174935185847487,0.05625901031647459,0.04055310433292749,0.0,0.0468978729783394,0.05031919857928766,0.0,0.0,0.023775053865690086,0.0,0.0,0.009307413122396625,0.0,0.019515341551246308,0.0,0.0,0.0,0.0019793908647784335,0.01995002680575626,0.0,0.029335463453683572,0.01613879113740328,0.0,0.004654117817338921,0.0,0.0015276959091662743,0.009029362164079707,0.008964505216313165,0.017556413716507683,0.019857493482335373,0.004819572519512359,0.0,0.024993152636738382,0.01191489816659721,0.0,0.0,0.0,0.0,0.02629200933624827,0.0,0.0,0.0,0.04577184583103328,0.014012914447539897,0.04122267529384918,0.01397958751598735,0.023278550388055774,0.04916761381397017,0.008301171703738784
LFQ intensity D4_5,0.0,0.021197375873430294,0.0,0.009301191904677335,0.0,0.030436033957864164,0.016047667336502393,0.02894328910150378,0.027837650004140867,0.005189437816200626,0.0003869485242140105,0.012176119250994316,0.0,0.00024126767181954716,0.00030090343511823234,0.0007608153617631155,0.03436272988777085,0.0,0.0,0.0,0.02849071344932947,0.06616304698314206,0.0,0.01122567146991578,0.005691369241249424,0.029094133821587268,0.0554531610910126,0.0452229964671891,0.0,0.042408356671872614,0.04938907425222025,0.0,0.0,0.017621668760701734,0.0,0.0,0.00879090982983505,0.0,0.020134840315415153,5.690309667400113e-19,0.0,0.0,0.005016948714563261,0.02531822049462255,0.00856209144169252,0.03565386882822074,0.008797303287624028,0.0,0.007357465300767682,0.0,0.009486193172453018,0.008428509758847642,0.006623323646691567,0.023567672719824614,0.024526597643915668,0.00948846264559793,0.0,0.023164690991228618,0.007858827680650646,0.0,0.0,0.0,0.002548010621381669,0.0288072333029959,0.0,0.0,0.0,0.04846127576898095,0.017565127339630407,0.03700113015576846,0.01389729561302165,0.018405046554751895,0.051751796660284344,0.010845535177014249
LFQ intensity D4_6,0.0,0.02290610312299438,0.0,0.01177481903547826,0.0007891897509408113,0.035615762493614346,0.021073952026919508,0.014996358662185572,0.01852775598994059,0.0,0.0,0.006872138702728242,0.0,0.0011437251205276642,0.0,0.0,0.030642960432631608,0.0,0.0,0.0,0.025673595278903335,0.06374025984310391,0.0,0.020773558669878563,0.00015634054752822644,0.02488303078054939,0.05731271270833389,0.04786754410283787,0.0,0.047666977789017816,0.03681687339879429,0.0,0.0,0.017707128209797737,0.0,0.0,0.005596559285204215,0.0,0.030326411835212414,0.0,0.0,0.001080100598399188,0.0005388231218716558,0.02024763706972837,0.007411157573160939,0.03414986260952131,0.01165140794354124,0.0,0.005559987307593545,0.0,0.013750437197480295,0.001790268752782326,0.008595280033023543,0.01578527072099075,0.027323384762442598,0.005746992775745094,0.0,0.02368017309982577,0.011051312014722765,0.025592441926456225,0.0,0.0,0.008564307413309992,0.025492614466566418,0.0,0.0,0.0,0.04893156484293764,0.010783506818669011,0.03284105578727358,0.0317801596555846,0.023375979296785476,0.05179532086734346,0.00961719555712146
LFQ intensity D4_7,0.0,0.023151513814822715,0.0,0.01656029169285375,0.001868289993378635,0.03442138272896367,0.013412681113494591,0.022917829790331242,0.017429192847807546,0.0,0.0,0.0153535052228015,0.0,0.0011569964662400756,0.006308498568808346,0.0,0.03462227003800682,0.0,0.0,0.0013717743654944737,0.029681865752578536,0.06837339440895722,0.0,0.017138796847454386,0.01096005586477919,0.0,0.07682986669404518,0.047735140697714534,0.0,0.046897187050023506,0.038116590047489185,0.0,0.0,0.018854674108254074,0.0,0.0,0.010424307596435896,0.0,0.021810923538957916,0.0,0.0,0.0,0.0,0.024783311640832247,0.0038753487889471943,0.039341367509655084,0.012379765398235296,0.0,0.008694762684439146,0.0,0.0007515839609588642,0.01906252514994246,0.0,0.007826483253530346,0.02792219004505551,0.007546248282913803,0.0,0.02014188742187712,0.005098991609174958,0.00058857764398131,0.0,0.0,0.008427191348555317,0.029921452802398503,0.0,0.0,0.0,0.05276582761115787,0.020108046818877404,0.035040502290086525,0.02166449674672677,0.016588250662616284,0.062074159080344984,0.0
LFQ intensity D4_8,0.0,0.018706307359362462,0.0,0.006866741612228955,0.0,0.03721793228260283,0.0228708955673174,0.02214176486078033,0.015181775955885787,0.009987212746183758,0.0037876805741314935,0.005663463648450447,0.0,0.0011278002973702222,0.02318182678476412,0.0020628335643701826,0.04191715914902926,0.0018552033074153,0.0,0.002623608627476056,0.019173063719371324,0.0406659662758028,0.0,0.02218478535207431,0.0,0.03286029299014154,0.0652099903710668,0.03541102210746213,0.0,0.0332339896246528,0.03246754650915079,0.0,0.0,0.022110893522139147,0.0,0.0,0.006177084832818363,0.0,0.020416292898623456,7.255149559068847e-19,0.00451570305547123,0.0,0.0,0.023009637690002537,0.0010221922092129609,0.03755543855978967,0.02095756495091165,0.0,0.005587025131353575,0.0,0.0031779768197765478,0.019221856774185198,0.006045115504943925,0.011295289945756015,0.03373183184902644,0.015117918238998449,0.0,0.021610793508980198,0.0,0.0,0.0,0.0,0.009437953997491751,0.014102933343819277,0.018503320736339413,0.0,0.0,0.05050588149997526,0.01289434016564631,0.028213808116251772,0.020313817251985652,0.02728253436463021,0.057292479656820626,0.013501452087959205
LFQ intensity D4_9,0.0,0.022675977743074092,0.0,0.009369889425219071,0.0,0.030965703460588436,0.01924257750201739,0.02824603144846361,0.01728006058022637,0.0,0.0,0.020452147025127144,0.0,0.0,0.030945871730964577,0.0,0.040638021135203116,0.0,0.0,0.0,0.02387881132772973,0.04703830992705549,0.0,0.01734798071506292,0.0,0.015838229205446086,0.06328404374854224,0.03807289831798518,0.0,0.03886604888495137,0.0380069352250478,0.0,0.0,0.02130535753312531,0.0,0.0,0.005811489454542998,0.0,0.02200460472860476,0.0,0.0,0.0,0.0,0.024359449073468726,0.0060325399650481846,0.033515691606769996,0.010866364714588704,0.0,0.009318270078442268,0.0,0.0,0.02361956999590312,0.0022869732971278404,0.009750194998564454,0.026003973340378708,0.009082571542825268,0.0,0.018199513935052522,0.00956228697538978,0.028757325226051716,0.0,0.0,0.01073179854970596,0.026763873786702398,0.007590360855211935,0.0,0.0,0.03299325827316356,0.02401388846956619,0.025816314388729673,0.025125150279397872,0.02199984475454609,0.05227835998724106,0.010061436787146383
LFQ intensity D5_1,0.0,0.023421459042916003,0.0,0.019236022157964047,0.0,0.027353019781969478,0.011205694539601472,0.0352657138939629,0.01733379263074201,0.009332972835507965,0.0003571360218283575,0.015138703516937108,0.0,0.0,0.007129597602319346,0.0,0.02732744839116942,0.0,0.0,0.0,0.014755121587141522,0.06612481268071173,0.0,0.0019974509760081445,0.003831666704574016,0.027881303415048134,0.04493005428273594,0.04519358080400962,0.0,0.03522192080018463,0.044985061017738116,0.0,0.0,0.019428643013593854,0.0,0.0,0.008486997160801191,0.0,0.026884592399243692,0.0,0.0,0.0,0.0,0.018066120366586592,0.0,0.03300897284281493,0.020099114118890416,0.0,0.00987831830410862,0.0,0.016167379871951458,0.014139655044308388,0.0006926047664183721,0.009782192485109807,0.03786639955947797,0.016565876785020747,0.0,0.026065219880804055,0.007439534877671274,0.03507349986497219,0.0,0.0,0.02298692460797137,0.026122644771677462,0.0,0.0,0.0,0.028254986491635305,0.014502532768365684,0.03188016467190319,0.021465956166962466,0.014780635282762166,0.052919440890167944,0.009419060323711051
LFQ intensity D5_10,0.0,0.020913216513430737,0.0,0.01754591893201736,0.0,0.0320401174001598,0.012408528605567938,0.03587692008885535,0.013627112536330732,0.011903343436624155,0.006662643786390645,0.006440858542720696,0.0,0.013062889500609598,0.0,0.0,0.026469323902137,0.0,0.0,0.0,0.01602444390691372,0.0639469987536517,0.0,0.009150956987476798,0.0,0.023417987122324197,0.05455436739348128,0.04854841175082622,0.0,0.05067790197788015,0.04304492471826628,0.01107937426967343,0.0,0.023122870901806175,0.0,0.0,0.009240831686345655,0.0,0.02036317657792298,0.0,0.0,0.0,0.0,0.017510725935446295,0.0,0.03229553070287675,0.01879835243507547,0.0,0.009853615382378783,0.0,0.008145387641850715,0.021498823741272856,0.0024496245351584727,0.01381917243175927,0.03613107619092452,0.005982149652762009,0.0,0.025056540922652186,0.003073109475369365,0.024315320080925892,0.0,0.0,0.02102897155719726,0.0261744328312451,0.0,0.0,0.0004269045932990265,0.027351025618300037,0.013229043592141372,0.02925741363418253,0.02407888106586746,0.014736822595632054,0.051539560395320864,0.003124395696949153
LFQ intensity D5_11,0.0,0.022293691522495548,0.0,0.010610740209890784,0.0,0.030360982025207855,0.02120697876792104,0.030519501049798788,0.018225918036038395,0.001953644216660388,0.006857108268778387,0.01593337691039942,0.0,0.014653746842127814,0.0,0.0,0.030834941476863765,0.0,0.0,0.0,0.019452911549594266,0.0671981671502072,0.0,0.00441499555476592,0.0,0.03202435949526541,0.0559271340510246,0.05280876153311474,0.0,0.043492097611842986,0.03265103914821189,0.0,0.0,0.025145066014969627,0.0,0.0,0.009635798429508166,0.0,0.02043310323793033,0.0,0.000171841362602583,0.0,0.0,0.018021816482148748,0.0,0.03225530952444127,0.017211684032042932,0.0,0.013078765819043272,0.0,0.00038906888456192144,0.015308354098582654,0.0,0.021394843330039156,0.021218839537427203,0.00826117570788816,0.0,0.024914109957612868,0.011755513756569956,0.01638619942402771,0.0,0.0,0.021887306296482657,0.02825018287944339,0.0,0.0,0.0,0.035493545610232366,0.012434002414328975,0.026782433587978,0.022365370793721733,0.024512671597121352,0.05599115381499494,0.005281747986090859
LFQ intensity D5_12,0.0,0.022261991373674798,0.0,0.011802898920425782,0.0,0.030614409283940092,0.011127637953242182,0.044569613561796805,0.0230051496787535,0.008194693528072972,0.0003797119214849102,0.012935850597047577,0.0,0.001085007618286021,0.0,0.0006509796740590023,0.04077776277326899,0.005899599220150205,0.0,0.0,0.011424710704247379,0.05273959012702417,0.0,0.004185424715787401,0.0,0.023628448753801587,0.047844028003093515,0.050743133284919105,0.0,0.03882997652321164,0.04148322890465355,0.0,0.0,0.020727262196720397,0.0,0.0,0.00855795269299352,0.0,0.02700786823695313,1.151677537848413e-18,0.0017703168347058243,0.0,0.0,0.019731754808584148,0.00011927596842148652,0.036374403604779636,0.019854223322286736,0.0,0.011041389397824663,0.0,0.004039641980403575,0.03881183832960329,0.0,0.01402557468826187,0.029587743782625613,0.002690207440648865,0.0,0.026987385534123196,0.010382103218290445,0.0,0.0,0.0,0.02796924193243587,0.02160038620557166,0.023612294377560177,0.0,0.006960018420006953,0.02579316224275468,0.016172881048248065,0.03374027620475426,0.011889159364975099,0.013666995417673522,0.06270279562785208,0.0
LFQ intensity D5_2,0.0,0.023231408936012995,0.0,0.008599079225444744,0.0,0.028267129802369322,0.01813661340874608,0.030380315600897535,0.017367141592243382,0.01311170052231788,0.0,0.016543959321000327,0.0,0.0,0.0,0.0,0.020336071003510425,0.0,0.0,0.0,0.01987878269393756,0.0743649899791663,0.0,0.005390590546503536,0.0,0.04175637210354925,0.04726613389745191,0.03512000719142699,0.0,0.04392017117773228,0.040034185351088776,0.0,0.0,0.019318118398376966,0.0,0.0,0.008287210864781633,0.0,0.02452837787887896,0.0,0.0,0.0,0.0,0.01847685041784342,0.0,0.03287830905282725,0.018655498541957156,0.0,0.013818621398540952,0.0,0.010193758278078155,0.017559106942560087,0.0,0.023002880532311653,0.03222821488427527,0.01048555292080142,0.0,0.02389904302076332,0.0052818274066737,0.026284480741984143,0.0,0.0,0.01857569640285608,0.026343907192138194,0.0,0.0,0.00621262356920052,0.032237327103314464,0.008392311630605363,0.028356799959424903,0.02129938277619184,0.021104889691478754,0.05978879830096201,0.009085759739774437
LFQ intensity D5_3,0.0,0.021447427133205396,0.0,0.011723506477659068,0.0012238001080358454,0.030880659968111995,0.017805872955890933,0.0472305795840789,0.01612702168005699,0.0028572076896394684,0.0005698346953620995,0.01189465188873503,0.0,0.017462351808147664,0.007045120904695535,0.003715379222061123,0.026254396077290236,0.000481619134818118,0.0,0.0,0.014259157501670778,0.06184246947669867,0.0,0.0013702956306348387,0.004879804754315345,0.024817952184718182,0.047490469172570375,0.04409733681856826,0.0,0.036518722087508226,0.03190179752059568,0.0,0.0,0.01979692251688968,0.0,0.0,0.012111620256893486,0.0,0.0208579340010669,0.0,0.004395588176080481,0.0,0.0,0.017852059731951798,0.0,0.03144111020035556,0.01889483002283155,0.0,0.012241639149096983,0.0,0.0,0.018906820060886214,0.0,0.024399579919959797,0.027657695032817783,0.006812912293428726,0.0,0.02430341612629071,0.010024941499317317,0.030344165205870237,0.0,0.0,0.02584015872941465,0.02297801082918273,0.004597254848632162,0.0,0.0,0.028025285084079764,0.0220972646793929,0.0288540230204313,0.017737339734382063,0.019793147750227356,0.05313138879580921,0.013007457859641865
LFQ intensity D5_4,0.0,0.024023236041675593,0.0,0.01717630309244191,0.0,0.031029153280144293,0.013740484022917632,0.03596458239691278,0.013532627459370438,0.004190847277108627,0.0,0.014682386042531676,0.0,0.0,0.0,0.0,0.02740342036381164,0.0,0.0,0.0,0.01805306213090218,0.07351194468727562,0.0,0.005746907888540002,0.001554462141834565,0.021576711907144736,0.04394807259198732,0.05431570426045116,0.0,0.045746558417928455,0.04261706122227785,0.0,0.0,0.02176878460489998,0.0,0.0,0.005666798625370318,0.0,0.019979844426602868,5.733302183414938e-19,0.0,0.0,0.0,0.02946223152663379,0.0,0.03162641481374741,0.019830001025282602,0.0,0.006543342204446746,0.0,0.01585423829055145,0.0249621838146416,0.0011352617154012459,0.008452022253234668,0.03314365601897829,0.003357628892235999,0.0,0.025207401420565156,0.007746207359719077,0.037907548541932255,0.0,0.0,0.01829920199818142,0.028174881146082735,0.001388980432720645,0.0,0.0036153647535551105,0.02785614084683355,0.014356057031243624,0.031437406453406105,0.022788558068151842,0.016070652729430913,0.05400307240377559,0.000552593377118594
LFQ intensity D5_5,0.0,0.025776555701075236,0.0,0.012776065781017885,0.0,0.031103022822414315,0.011732462756851384,0.040346507981464705,0.029266804720400063,0.002990456127068172,0.0,0.006172696512938609,0.0,0.0,0.0,0.0,0.0340828971513908,0.0,0.0,0.0,0.013309733233123334,0.08272476812735666,0.0,0.007152137462360849,0.0041284242417256745,0.012277907363472626,0.052755388492638326,0.05286760305343672,0.0,0.04705411519280653,0.043490503365278294,0.0,0.0,0.020303612685765658,0.0,0.0,0.006430665285446261,0.0,0.023582912591487065,5.201932419689832e-19,0.0015124749374149217,0.0,0.0,0.020450559243521436,0.0,0.03636275118435742,0.020972559126085876,0.0,0.009008621386766131,0.0,0.008586201087317826,0.018085779356716552,0.0,0.01743972859211629,0.026494114982018663,0.006276497963064904,0.0,0.02662262027096187,0.01205307519662022,0.0,0.0,0.0,0.019372309660643405,0.023785148202421065,0.0,0.0,0.0,0.03283619175325346,0.02661312549235614,0.05308537852876336,0.0,0.01668121128371708,0.0634364111023642,0.0
LFQ intensity D5_6,0.0,0.024325672674442942,0.0,0.017993694612441463,0.007769761223221156,0.02966852290436481,0.013642622786334659,0.043250155234079386,0.020397574579004752,0.005088633985003868,0.0,0.007452590297805206,0.0,0.0,0.015246620278340539,0.0,0.03207738229721365,0.002721139517937813,0.0,0.0,0.01771240440212322,0.0663498535164763,0.0,0.008117285418550836,0.0,0.022643691813530344,0.04374004559077229,0.04866637811967959,0.0,0.04402877942155623,0.04853729815355193,0.0,0.0,0.016736833675849855,0.0,0.0,0.005867808593938096,0.0,0.022226773640370658,0.0,0.0,0.0,0.0,0.019606677116546106,0.0,0.030639598602311174,0.02191290978874314,0.0,0.0013699244121424565,0.0,0.017334355494266648,0.035751425766461356,0.0025150406804866176,0.013872090622958556,0.03191567622358999,0.011500186185786423,0.0,0.024848666496821683,0.007588767547039458,0.0,0.0,0.0,0.019882369266486878,0.020778350432084418,0.008581492129641051,0.0,0.0,0.02976412061094567,0.01959329804749302,0.036757616910322595,0.00449545898310422,0.018184549137860707,0.057647178949468816,0.0011987238588493296
LFQ intensity D5_7,0.0,0.02283457577178295,0.0,0.015444148957411868,0.0,0.029294498399194395,0.01733196204156309,0.04327274248664443,0.017294861356815117,0.007417783678670801,0.008406164137312008,0.019343664368908275,0.0,0.0010474185104464035,0.0,0.0,0.032740920747263494,0.0,0.0,0.0,0.021394873073261947,0.07194518646731711,0.0,0.0,0.008276261569777711,0.033506420999022735,0.05031964046700527,0.04316803473576291,0.0,0.03341131140827325,0.03292385807928034,0.0,0.0,0.021188961774258608,0.0,0.0,0.0076824421375444735,0.0,0.025876917131914902,0.0,0.0,0.0,0.0,0.01648758113885653,0.0,0.03445874453060912,0.02039783867305344,0.0,0.010176217299861876,0.0,0.0,0.025343924145315024,0.000561928728223053,0.017035202804040337,0.03697991478783956,0.010289604423542376,0.0,0.02264687906650476,0.0031798060761522168,0.0,0.0,0.0,0.021068708988217666,0.02773997924521351,0.006957038931590986,0.0,0.002579322678649772,0.030608539510182824,0.012066214581942366,0.027107020965660367,0.025976897916461284,0.019714203471512325,0.05414939320097504,0.010352390536163514
LFQ intensity D5_8,0.0,0.020955414911696512,0.0,0.014985471001211205,0.001266478316420046,0.03153938317762684,0.01565630221168783,0.04283422213433805,0.011161376245374765,0.010334266366486993,0.0070293965913919105,0.010752236390802628,0.0,0.004197284860362222,0.0,0.0,0.02294665025081558,0.0,0.0,0.0,0.021342699520694328,0.0690307290070802,0.0,0.0002537190429357422,0.0012908718772292346,0.03293842053935634,0.0473256900557379,0.05121538935386937,0.0,0.03362365135079977,0.034488907502480244,0.0,0.0,0.017452052811053265,0.0,0.0,0.0073041781626877016,0.0,0.029686475136861023,0.0,0.0,0.0,0.0,0.01847462376044358,0.0,0.03562692377371283,0.017791412814993298,0.0,0.010344931453444433,0.0,0.006581418095723318,0.014676807511458813,0.006889321930349827,0.01272727443015063,0.03320046002880755,0.011589503545821766,0.0,0.02548929526229498,0.003970827355409701,0.024288347007356038,0.0,0.0,0.024558744546117544,0.026652176233969534,0.0,0.0,0.0,0.038425123054140954,0.0061656842221274495,0.030802728919483702,0.029807506785916548,0.018021242872783172,0.05232964467109812,0.011974734905396685
LFQ intensity D5_9,0.0,0.022665047233417154,0.0,0.016034770475735403,0.0,0.033533880880900556,0.010476672958693343,0.04835548956904138,0.020106797599622264,0.0084237483643838,0.0016279952968120744,0.009169814562667354,0.0,0.00010893514678413091,0.0,0.0,0.028867767186855294,0.0,0.0,0.0,0.015438668274220352,0.06777546812039689,0.0,0.019819654476539248,0.0,0.03039833989420937,0.058988449174632945,0.051602220843836755,0.0,0.0391506207604709,0.041033738694013076,0.0,0.0,0.02044623553835405,0.0,0.0,0.012683321936188985,0.0,0.023226305183960128,0.0,0.0,0.0,0.0,0.021842242369316294,0.0,0.034143618138864115,0.022054760686543756,0.0,0.009739381420535187,0.0,0.01384096047507115,0.019704797501946175,0.0,0.008729723713567988,0.03237866590768749,0.006028413550531894,0.0,0.02446609955554804,0.006809723663174838,0.0,0.0,0.0,0.022658341460469963,0.02501615436666414,0.0,0.0,0.003135404529615461,0.030488253241692298,0.013256749185364486,0.042513598728099976,0.014338484038055377,0.013448680790879934,0.05345969486470976,0.002012309639926387
LFQ intensity D6_1,0.0,0.02290183432457191,0.0,0.020384079015716906,0.0,0.03119629773930832,0.008627586467876874,0.04258688984529734,0.022075082660471847,0.009924696872818866,0.00036282005790341023,0.019189265492034348,0.0,0.0,0.0,0.0,0.03668869175090486,0.007366684080157541,0.0,0.0,0.014448275700191108,0.05392206670549465,0.0,0.0,0.005012759592178781,0.0256875299798701,0.04882482101321642,0.050156566079474045,0.0,0.03451530751711843,0.03775580792574255,0.0,0.0,0.019740150265865262,0.0,0.0,0.006812876228611829,0.0,0.027192130744564922,2.100847662717447e-18,0.0009152470854896646,0.0,0.0,0.01835365361337025,0.0,0.03597875897708705,0.02433793239569335,0.0,0.010583042585023862,0.0,0.014321357956532492,0.030984691281266113,0.0,0.019236027768661883,0.04108668468596554,0.0013323198078114607,0.0,0.025943675715137303,0.0058106778891278445,0.0,0.0,0.0,0.022324168152162722,0.02565473321561934,0.015554251072721877,0.0,0.0036787821201170893,0.030348242714377263,0.013710691226806354,0.03489492972094097,0.02084380482637511,0.010481057835133588,0.04825304929518854,0.0
LFQ intensity D6_10,0.0,0.023223572122040206,0.0,0.020238084455873582,0.0,0.03638542414123605,0.01198016042156213,0.045830975002584214,0.02577517784448008,0.006462072809372188,0.0014276638493978303,0.00949610091478268,0.0,0.0,0.0007518066581347371,0.00094578172142683,0.032145128680353977,0.0028706711797511462,0.0,0.0,0.010630058109206577,0.057039286477854764,0.0,0.006792303211359735,0.0,0.022455544145354847,0.04783907486710702,0.04708493865110279,0.0,0.03693696473994507,0.038101022986656595,0.0,0.0,0.02009315548394172,0.0,0.0,0.011257368209261176,0.0,0.02321024888603704,2.0814461429783002e-18,0.0010144774137450462,0.0,0.0,0.01975175559934312,0.0,0.03745917621562357,0.025087370715740222,0.0,0.010656720017757918,0.0,0.012947430093440189,0.01867308185062207,0.0,0.01787127300277554,0.04307870784141683,0.0024278026009649095,0.0,0.019698782190381063,0.002717949941557117,0.0198063078043224,0.0,0.0,0.023816377341687515,0.028996028450690457,0.0006546316959551103,0.0,0.0,0.029262591633380727,0.023355845924259495,0.035441870440222185,0.018833907753620118,0.013469880285321574,0.051378965531666224,0.0046264800866836564
LFQ intensity D6_11,0.0,0.02209690577530546,0.0,0.01083577014775411,0.0,0.027662978312667928,0.010846877647776521,0.015776414585214924,0.0121604965496191,0.007043151703397884,0.0003847365188974517,0.008029076271844675,0.0,0.0,0.0,0.00023241990071951025,0.025612438196823493,0.0,0.0,0.0,0.014669655334842959,0.07094175084287327,0.0,0.0037809240207195864,0.0,0.030375801723215513,0.05992236466507015,0.046709887589347424,0.0,0.04123561063505024,0.04678381249241868,0.0,0.0,0.019347080575890317,0.0,0.0,0.008978827907543141,0.0,0.02492020057908619,7.072226006453291e-20,0.0013477108379850791,0.0,0.0,0.016203542081559604,0.0,0.03670547338807772,0.024105214097761188,0.0,0.010532853491911886,0.0,0.0180187972086154,0.01375414694058559,0.0,0.020143216105905408,0.03523406697430729,0.005888910781081774,0.0,0.02939295662543927,0.00785162762372839,0.037385746561247865,0.0,0.0,0.02371310353037885,0.027166676772499246,0.0,0.0,0.0,0.0305692815804716,0.0213998276846781,0.03837070136254732,0.020801153114130663,0.014100794498625724,0.053966825997879025,0.005000190764504481
LFQ intensity D6_12,0.0,0.026167049606084396,0.0,0.020542404803640776,0.0,0.036708484858056306,0.014226907330933708,0.034749736673829086,0.015497534944656135,0.012718750903613844,0.0,0.006107142624594701,0.0,0.0,0.00900974307156448,0.004107061348359165,0.04150165213810766,0.012027056885462689,0.0,0.0,0.013242450264207962,0.047055291002635814,0.0,0.0058606134058715375,0.0,0.010832718050070272,0.06231613491719511,0.059264379272857354,0.0,0.039205201132393556,0.026582674875564177,0.0,0.0,0.011895517546566972,0.0,0.0,0.007735721272150243,0.0,0.030764203521513846,0.0,0.0,0.0,0.0,0.018341798797724344,0.0,0.03749507805863234,0.030335437755052125,0.0,0.00622324903638754,0.0,0.0,0.04427598200286939,7.318884541608881e-05,0.01637579834432939,0.04784593897611493,0.0041188513176383095,0.0,0.02238725632029408,0.001551474043031861,0.0,0.0,0.0,0.014372048325904281,0.02389995755639994,0.0192700243554283,0.0,0.0,0.028581409183514563,0.016642282543209586,0.03965222937827286,0.0,0.01664829730204335,0.06075107738185149,0.0030401900259554135
LFQ intensity D6_2,0.0,0.025907228009832993,0.0,0.013307902815775452,0.0,0.03643076670114135,0.015403251685107297,0.03351717589158659,0.010486366374544307,0.01000598314682594,0.00038998139306108316,0.013117670254692303,0.0,0.0,0.0,0.0026779555490590162,0.030007185360425924,0.0016479950217084538,0.0,0.0009516176256120065,0.010219661845806598,0.06501808434300924,0.0,0.004677505725244472,0.0,0.019592797746542545,0.04343836286523509,0.05300382528149206,0.0,0.04706633707349988,0.051062785661194446,0.0,0.0,0.021738179285411358,0.0,0.0,0.008309567936676535,0.0,0.02318961908914154,0.0,0.006015626298832316,0.0,0.0,0.01972763977069878,0.0,0.04007442572654084,0.023646173729060457,0.0,0.013350862872744076,0.0,0.014907655636930042,0.021063647215090617,0.0,0.025466273822295837,0.026007581752042094,0.0058403168514622695,0.0,0.02073286737380994,0.010770440086239742,0.0,0.0,0.0,0.023104777123842738,0.028424806422406114,0.0,0.0,0.0,0.041528621372417925,0.012113437744272159,0.03590211789802345,0.015659425206373867,0.018314316778323108,0.050931736855650576,0.005249442780316465
LFQ intensity D6_3,0.0,0.02066576105615928,0.0,0.010687720753416712,0.0,0.033701446499038834,0.015233171360000413,0.03145311510749154,0.021143566327239557,0.008018805935422738,0.010323236597174835,0.009050116367085708,0.0,0.0010457278808000037,0.010739798772207595,0.005626634526024466,0.029007524745675577,0.00403205438349881,0.0,0.0,0.0093417152451967,0.052217893163466506,0.0,0.0001364379615145424,0.0,0.017890315385895902,0.057711322580886,0.046374418042591084,0.0,0.043635785035335294,0.042182930201448504,0.0,0.0,0.024925540518331648,0.0,0.0,0.003878034373594834,0.0,0.029556232133292868,0.0,0.0036355027277899573,0.0,0.0,0.018512768692504053,0.0,0.032637552208867,0.018184654334394132,0.0,0.010914397650863737,0.0,0.009891254990693982,0.019615503920452613,0.002717900874720141,0.020127670006334145,0.026627338915372795,0.011276149804418403,0.0,0.018678311828180937,0.009214778528041536,0.019024526611433314,0.0,0.0,0.025681823568164862,0.02930236546396684,0.0031464298242375017,0.0,0.0,0.02206597021645882,0.01798895483259978,0.03285321493772209,0.022823939132559163,0.01759875930306285,0.05230200868158844,0.01659891799278303
LFQ intensity D6_4,0.0,0.021954637272865805,0.0,0.01969126514561108,0.003952733120579397,0.03363001906164432,0.009551780928084529,0.04564366761850527,0.020060905764096658,0.011737404543920091,0.0,0.01634103038474745,0.0,0.0,0.0,0.0,0.036135573807561695,0.0,0.0,0.0,0.015203223903419626,0.061770753211086826,0.0,0.006157161974361276,0.0013476402602298628,0.011900690817725459,0.04741766516046127,0.04284464597568092,0.0,0.04576350889230175,0.052341114266347744,0.0,0.0,0.015744880601867444,0.0,0.0,0.010843391751280582,0.0,0.027492323453335226,0.0,0.002069331859730709,0.0,0.001137431399839086,0.021917000447476444,0.0,0.037627633793484376,0.02272238168991549,0.0,0.008869921759595303,0.0,0.01845930556239774,0.022001150984901616,0.0003152851340570625,0.010867523507200133,0.03048109401767266,0.0049032878928517475,0.0,0.026181259596211457,0.009603744234942707,0.0,0.0,0.0,0.02749224874540766,0.026924941860635668,0.0006494694891635098,0.0,0.0006228827303381281,0.02940573155162813,0.016005601006148985,0.036396631862589957,0.013725821871342176,0.011634083055788915,0.05952660012186589,0.0029336179091003375
LFQ intensity D6_5,0.0,0.025397492796767698,0.0,0.008774720236351688,0.0,0.032400620174052146,0.014032082925496637,0.02346194666599892,0.01884986897870517,0.006791818293870426,0.0058790222200607875,0.008134180961318132,0.0,0.00935799489773068,0.0,0.004584492016079308,0.029999116182118618,0.0,0.0,0.0,0.012153945845527552,0.06473806827922307,0.0,0.0037912150495852176,0.003451827754016033,0.04203737345402508,0.04821503874211441,0.053641685926606085,0.0,0.03415994546090686,0.02755537896281533,0.0,0.0,0.020043344496650423,0.0,0.0,0.012140123848894695,0.0,0.023282425311719642,0.0,0.0031724915847056944,0.0,0.0,0.01913784031188487,0.0011061437913126766,0.03655082434630504,0.01972211656914773,0.0,0.011551864569532173,0.0,0.0,0.0065141780841678305,0.0,0.019535895097110685,0.031165450211390566,0.014269310759914286,0.0,0.027159463214991002,0.010979027740516529,0.018729474530375316,0.0,0.0,0.026478701204426938,0.02744069886892676,0.0,0.0,0.0,0.03334767861300824,0.012240887511065172,0.0379589775542183,0.021771469419207896,0.01728475375670278,0.05783428120583447,0.013174741574620402
LFQ intensity D6_6,0.0,0.021313650993905878,0.0,0.019431284801096443,0.0,0.027248862886154843,0.015584377730681697,0.044581598921495436,0.015919131773600916,0.017760311263184964,0.00611068913274284,0.013513099389505607,0.0,0.0,0.0010281159062337294,7.879177696433305e-05,0.04479969211607896,0.007202536959311944,0.0,0.0,0.01672093647199041,0.04503808332709064,0.0,0.0,0.0007554710755399821,0.028681090339029203,0.04214522723973313,0.053140576022890476,0.0,0.0276058206223352,0.030003771960599415,0.0,0.0,0.02052039793908954,0.0,0.0,0.007028523378407231,0.0,0.025358862941991554,0.0,0.0,0.0,0.0,0.018584354633513468,0.0,0.03639361838512147,0.021975301332803534,0.0,0.010124703239659607,0.0,0.0,0.03668541733919355,0.0008240826802593034,0.022723889793984785,0.03859937307274533,0.009939524711427327,0.0,0.019123008205730378,0.0004197261753534976,0.0,0.0,0.0,0.02224959153551095,0.03334682693188783,0.024330082834702085,0.0,0.0,0.03416960827126347,0.01066978210972777,0.024802308728026,0.020639589835537923,0.01832150267204409,0.05715967086077534,0.007347131681077963
LFQ intensity D6_7,0.0,0.02199039619044901,0.0,0.01397457102113111,0.0,0.030080284967857217,0.01804063659835637,0.051237590778925306,0.025859507851563296,0.014336213798993417,0.0011990252171778205,0.011953112387803912,0.0,0.010409494715917832,0.012582265116837014,0.006537708523152463,0.03328567021257309,0.0,0.0,0.0,0.015295243353826414,0.06506083967233994,0.0,0.0,0.009105359559698888,0.021354001796162442,0.05095156961746894,0.033464157615008726,0.0,0.0273331918838727,0.036392320090881364,0.0,0.0,0.01955949056929244,0.0,0.0,0.013284103958793857,0.0,0.020392943083428247,1.1620917622677623e-18,0.0,0.0,0.009774482392941628,0.019412365517424205,0.0,0.033945534473955284,0.021449962261433326,0.0,0.010548425191877852,0.0,0.016441463869321462,0.014362035236064902,0.0,0.01438810006786589,0.03266761002177584,0.005493336952468567,0.0,0.01940292311372179,0.005071297529677094,0.0,0.0,0.0,0.03207781874952879,0.024203960872893837,0.0,0.0,0.0015828439496430502,0.02718580388211696,0.013058143280352296,0.026614831302171817,0.027834086844588886,0.02027436910936839,0.04932165737470885,0.011209249424587606
LFQ intensity D6_8,0.0,0.02441224624840917,0.0,0.013697636242081873,0.0,0.03054712030019891,0.008138172183891934,0.02605572405359084,0.021392225792256983,0.006250627591493228,0.0,0.011961921330097765,0.0,0.01716766542014788,0.0077734136246339946,0.0023037965601269803,0.043875438427609464,0.0027063002779393903,0.0,0.0,0.0074024309310249704,0.05206376770576598,0.0,0.01738602556756436,0.0,0.0,0.06365445794646134,0.054569228537949564,0.0,0.04156720469746571,0.04275936320845185,0.0,0.0,0.02249287223184138,0.0,0.0,0.007924921836900894,0.0,0.025845506872212917,0.0,0.0041131691501113425,0.0,0.0,0.02009751652215629,0.0,0.03940563581766362,0.026675659400561165,0.0,0.012742570672180663,0.0,0.013756263786008482,0.026116128278295188,0.0,0.012330195011396816,0.0393227458600231,0.003249854007362234,0.0,0.023658244250605042,0.005884134228691809,0.0,0.0,0.0,0.02037815861125946,0.02284970357569783,0.009808514958739254,0.0,0.005615291632192135,0.023404080868583074,0.019569687360169657,0.04037633841269717,0.007669516292373028,0.010043748591548255,0.05996836452145858,0.0010164106021084071
LFQ intensity D6_9,0.0,0.023741418558650036,0.0,0.02036119018672155,0.004895844786251649,0.031045907331726276,0.0075316101604206405,0.03850169447408968,0.023541380753882502,0.0003025373123569155,0.0,0.008514374904546755,0.0,0.0,0.002358527947165347,0.0013235030898753452,0.04449093124532428,0.0012491137556436055,0.0,0.0,0.01245451605694805,0.06212467172230535,0.0,0.016196661528612835,0.0,0.0027896198558158536,0.05832250368490261,0.05116449986384914,0.0,0.04455841757149891,0.04502136657352319,0.0,0.0,0.021820352033988084,0.0,0.0,0.010578056900765569,0.0,0.021777251806164976,0.0,0.0032872508076245404,0.0,0.0,0.019013431308597836,0.0021501494120680785,0.04030870222536687,0.020025985681084685,0.0,0.006787550488868678,0.0,0.027644488419598663,0.03087289793558488,0.0,0.011896463727181112,0.02722965163665789,0.0027971750812317317,0.0,0.01686359421083155,0.009561736743520574,0.0,0.0,0.0,0.023446240790446653,0.02831181620094672,0.010460059045758408,0.0,0.0016875045171516018,0.033669759448364915,0.012690271809673451,0.04740899950850685,0.003211517957654731,0.010741866009191666,0.05526693492905888,0.0
LFQ intensity D7_1,0.0,0.013814853745535146,0.0,0.014279629178400217,0.0,0.03322686793246982,0.00956648007380094,0.03311220652486269,0.018868106942561143,0.009421299916076776,0.0,0.0071636765949170044,0.0,0.015932487339287104,0.011594553213255346,0.0,0.03756302710309013,0.0,0.0,0.0,0.00867401686539759,0.05342225863544333,0.0,0.0,0.0,0.012975588169203633,0.06243394487602648,0.042516576888050515,0.0,0.024646786291518587,0.027596850582317787,0.0,0.0,0.01765104249944679,0.0,0.0,0.012168008765503736,0.0,0.03308789733162629,0.0,0.006888876182328329,0.0,0.0,0.019461834084751304,0.001718009450126126,0.04477451420288788,0.021096028740074862,0.0,0.008184782751227545,0.0,0.0009837458285485627,0.018727162823352357,0.0,0.03052504123238478,0.04356384846225697,0.010599148143575545,0.0,0.021307742651018022,0.0,0.023187874640056252,0.0,0.0,0.021997630822551958,0.022045887904283357,0.0047310330434192525,0.0,0.0,0.025192082919551675,0.021452472267527636,0.03103852350538561,0.027138830807094724,0.01128667270482672,0.0805233944821457,0.003858702881833673
LFQ intensity D7_2,0.0,0.01853111605390833,0.0014019673875390376,0.014275807350243657,0.0010232753368230204,0.028229970369721535,0.005012931056190019,0.028498257444388195,0.020542349701814806,0.007996529010693823,0.0004160956150907237,0.007854963488478509,0.0,0.0,0.0,0.002503680896911808,0.024413953817913277,0.0,0.0,0.0,0.008912060250585212,0.06505324836510874,0.0,0.0075136324912496565,0.0,0.014236866415131107,0.06450816385550513,0.039386464607865865,0.0,0.03527801836636591,0.04277196401543467,0.0,0.0,0.02280628385974667,0.0,0.0,0.008959705321844829,0.0,0.024320665302423473,1.5679771156712882e-18,0.007629732608005846,0.0,0.0,0.021048656553189167,0.001972398584530351,0.04404414960430882,0.018495211988911547,0.0,0.009251067239666325,0.0,0.01533860586270615,0.011661324708285237,0.0,0.021988257052105595,0.051861332757358,0.0045425759038666335,0.0,0.020867048662472264,0.0011745402372324947,0.02401854648356659,0.0,0.0,0.02559430902337387,0.020383947305617944,0.0,0.0,0.0,0.045067845834033726,0.02157556080852348,0.03763060956028947,0.030485553627516947,0.007540756536248837,0.06337999867721258,0.0
LFQ intensity D7_3,0.0,0.01824833392704888,0.0,0.00841414402035349,0.0,0.03033657655129643,0.006055849641060875,0.005417600145739632,0.024431356219484605,0.014030550002591157,0.00042991068051102056,0.013777978350157326,0.0,0.0,0.0,0.0,0.03197267154199584,0.0,0.0,0.0,0.011219548204067719,0.06515664307279091,0.0,0.0,0.0,0.007598633366015596,0.0679555151179503,0.046288048773408697,0.0,0.026831779545537535,0.04127247851054688,0.0,0.0,0.0219927366412436,0.0,0.0,0.0074695137804572384,0.0,0.030505193842709572,0.0,0.0009479706526489357,0.0,0.0,0.02174750690571729,0.0,0.042728864662130675,0.024671809019190034,0.0,0.014315273100844956,0.0,0.008900310249643651,0.011188937906419847,0.0,0.03672801512958887,0.04590729117860718,0.004363838113087242,0.0,0.02471497838529379,0.004648978533201862,0.028295871529222305,0.0,0.0,0.0285785507542455,0.030118453804525925,0.0,0.0,0.005285873133090736,0.03444698712380424,0.01774549906249284,0.035694691420486986,0.02810896879654475,0.008329576359270313,0.06303740977731262,8.928246766218451e-05
LFQ intensity D7_4,0.0,0.02353657495991432,0.0,0.01063836033635808,0.01249029100412091,0.03028449677235341,0.006738682951559742,0.005109410490179185,0.025368075101738465,0.01245789893465945,0.00040545445986271797,0.0045958270244716385,0.0,0.014215917577884108,0.011136539020848926,0.0059788465304565904,0.03426975992631291,0.0,0.0,0.0,0.012394792460842926,0.06625551413100976,0.0,0.006781673918812982,0.0,0.006549107159041418,0.05250582381273757,0.048895487669866504,0.0,0.042853025938304055,0.041188585515406606,0.0,0.0,0.02163737259168913,0.0,0.0,0.008682820867178377,0.0,0.027971595227613853,0.0,0.005040965034789459,0.0,0.0007945531733828843,0.020510361955504965,0.0,0.038424397292204225,0.024628991152579528,0.0,0.009905938900955178,0.0,0.020706402083553774,0.01562244412918155,0.0,0.0278556076864306,0.04245046648942654,0.0058914140381033245,0.0,0.028105666355321253,0.0024882803619662177,0.0,0.0,0.0,0.02460853938400023,0.017995469535924024,0.0,0.0,0.005061756199024021,0.029224007540373388,0.018146301011735467,0.037338424781353456,0.02232098595314496,0.008521704214442387,0.06138549586194445,2.989248143445446e-05
LFQ intensity D7_5,0.0,0.01876671703250595,0.0,0.005079600461969928,0.005431904301303597,0.03640375430461405,0.012697464991222597,0.012885887322225476,0.019742504559680105,0.0058559990646983116,0.0,0.019062228591670977,0.0,0.02001063398474198,0.0,0.0004978185239634055,0.027587178960048298,0.0,0.0,0.0,0.0068160698119446765,0.06381856446023616,0.0,0.007782606416069202,0.0,0.0,0.06066937973807291,0.03736542925609967,0.0,0.033751986530881704,0.04283847751133332,0.0,0.0,0.016703597043152437,0.0,0.0,0.004810566697124226,0.0,0.025050713254358817,0.0,0.006213584715302855,0.0,0.0,0.019701967463131086,0.0,0.04375712027330387,0.024862587468441475,0.0,0.007713592601624757,0.0,0.032843253831390876,0.013417720892800702,0.0,0.016261113981122663,0.0414878214811696,0.0025631549662066245,0.0,0.027441490748676807,0.0071830430136615156,0.026253978495014315,0.0,0.0,0.029554484539630346,0.022757680734938942,0.0,0.0,0.0,0.02725000050719764,0.018487364369922765,0.03886733441869778,0.03348515972478762,0.01412712917845949,0.057430982525372154,0.004710351251228228
LFQ intensity D8_1,0.0,0.020157506165173294,0.0,0.014196081476584329,0.0026446469866004555,0.03162184963142834,0.008365130478260423,0.028000915159212287,0.01998130307312994,0.006813332391711125,0.0,0.015649208304275238,0.0,0.003840208714739022,0.0,0.0006360132401604786,0.047764155323945956,0.0,0.0,0.0,0.0049626048097290544,0.062237580016347264,0.0,0.004344183127722546,0.0,0.0,0.06696449008356066,0.0445274900941056,0.0,0.0341499423889525,0.040266272199403694,0.0,0.0,0.01295259796129051,0.0,0.0,0.0025419637549364193,0.0,0.02591413866065808,0.0,0.007686226323090139,0.0,0.0,0.020681322270716847,0.0,0.037595267744892864,0.027202275043998674,0.0,0.012646589431280967,0.0,0.024200355567826487,0.028445786216776164,0.0,0.0183082475717307,0.04790520130522399,0.004598164874834806,0.0,0.02395708670167006,0.00402332072975081,0.0,0.0,0.0,0.021892803133525065,0.021464916154173896,0.008929794872594038,0.0,0.0010201302045944238,0.025519298604468922,0.020489252839082275,0.03603776158706061,0.029953529698139893,0.010151162547443322,0.06582609444675201,0.0029337980884457126
LFQ intensity D8_2,0.0,0.024188889429620632,0.0,0.007148505630938475,0.005177730982825152,0.028553332687931646,0.010762716015782853,0.0,0.017763585530089016,0.0037352481647668985,0.0,0.008944885080661285,0.0,0.008757847992705842,0.0,0.0,0.030988752151910253,0.0,0.0,0.0,0.00854021784202151,0.054147311344784885,0.0,0.0,0.011104307418133575,0.0013952230406537116,0.050311745394434476,0.05354327860349293,0.0,0.038763393821197555,0.05165862345072051,0.0,0.0,0.01698079908223391,0.0,0.0,0.015914245289910065,0.0,0.03859615418581152,0.0,0.001020726027846089,0.0,0.0,0.022568538291901984,0.002240205030706211,0.052433904210482316,0.030675941104458433,0.0,0.00908207488827935,0.0,0.01806069304358088,0.01680126204947295,0.0,0.03878053943574012,0.052920113761656715,0.004513906072684886,0.0,0.02154401905637101,0.0,0.029113234529609806,0.0,0.0,0.027356510026962762,0.008737382788852492,0.0,0.0,0.005746685888815693,0.04646979888097296,0.014735570316224045,0.014746885942163468,0.021559158781469048,0.013586367049415259,0.06032968968170683,0.0
LFQ intensity D8_3,0.0,0.018868179246475148,0.0,0.01700728933424377,0.0026074007220294234,0.031052541810255956,0.007562726697656377,0.02796313359254271,0.015161216255209513,0.0165171020998308,0.0,0.004854569115975971,0.0,0.014464392498453181,0.0041912993696514925,0.0,0.028792868268621805,0.0,0.0,0.0,0.008994941698274915,0.05421983227753596,0.0,0.0,0.0,0.0,0.07319644207858142,0.04827571777751366,0.0,0.03787268068026635,0.04418202448024632,0.0,0.0,0.019862555452647163,0.0,0.0,0.012220199517250693,0.0,0.030836143714961118,0.0,0.0037606302211395737,0.0,0.0,0.021879322947364027,0.0,0.03923309021633415,0.02480570874931559,0.0,0.011438676798932351,0.0,0.01674878817820646,0.0115500917613184,0.0,0.02820273146815518,0.04855923002959119,0.007251315393677651,0.0,0.022074807558053505,0.0,0.0,0.0,0.0,0.02132874166361636,0.028248065876286935,0.0,0.0,0.0,0.027336948942040636,0.02286174874551975,0.037309162244737196,0.026365593850564677,0.009421853437140694,0.07083699308259114,0.0020832421471908558
LFQ intensity D8_4,0.0,0.017444934779192893,0.0,0.019501271993157553,0.0008015441976864481,0.027453982350283315,0.0037140731044995943,0.026528277569101068,0.014792051045019294,0.008929072557151923,0.0,0.0057794278220231355,0.0,0.006294329786505017,0.010615038824534663,0.0006626890884107529,0.034526130419173344,0.0,0.0,0.0,0.008099850936527464,0.061894882245796895,0.0,0.0,0.0,0.019288898835290762,0.06132240176886245,0.032320680149462384,0.0,0.03816513510575253,0.049022909698621164,0.0,0.0,0.016939777656514526,0.0,0.0,0.010199795887153189,0.0,0.02719934820477453,0.0,0.0030478405614037677,0.0,0.0,0.019593640228330392,0.0,0.04287551478241073,0.022833889590863778,0.0,0.009323471366235158,0.0,0.0282072174547684,0.017271688264072875,0.0,0.029142358531136805,0.0451656988092416,0.005430510483376717,0.0,0.019324463394559805,0.0022863707612271675,0.022818697059870826,0.0,0.0,0.027553920380596585,0.02318362969607024,0.0,0.0,0.008124847812103589,0.0276240100497293,0.016618532830236663,0.027675949186485062,0.031231672961101676,0.005927296754397373,0.06324227501628665,0.0
LFQ intensity D8_5,0.0,0.014048096423583487,0.003767373022672644,0.006486625128287151,0.0,0.033352264235590165,0.00964744500461004,0.008773768701509104,0.0079729623450681,0.010427448190463007,0.0,0.009808700227266634,0.0,0.01159493523292048,5.477666640480534e-05,0.0,0.027406278361194657,0.0,0.0,0.0014541640047300477,0.01824467134942324,0.06644721971262484,0.0,0.0,0.0,0.015328299090857703,0.06221058306787363,0.05080304806098548,0.0,0.03235455570581512,0.026581841997947865,0.0,0.0,0.015570627495481723,0.0,0.0,0.010402395953485544,0.0,0.02965878515238287,0.0,0.0043974423895423225,0.0,0.0,0.03244486311705709,0.002367032743952668,0.04508826342817696,0.02099808297976344,0.0,0.007857999703031703,0.0,0.008520823914381546,0.009806909200288582,0.0,0.03335786895769783,0.049286056320628616,0.006905041087625811,0.0,0.023789807237392935,0.003937417480005528,0.0397305552424325,0.0,0.0,0.022487334017175162,0.02003880540443021,0.0,0.0,0.0046493444159977065,0.02246343220208149,0.016929030487012685,0.03300187369986563,0.029970294766627194,0.011224092829372844,0.07333658953607955,0.005014173708201626
LFQ intensity D8_6,0.0,0.01772415460716004,0.0,0.0191231448654545,0.012459875170523826,0.03364105690924058,0.010552896342477339,0.027701825081895937,0.0013711947686970165,0.013039353719020099,0.0,0.005548483054125865,0.0,0.009778934507742022,0.0,0.0,0.04831379100028027,0.0,0.0,0.006546485333731454,0.014917328591560159,0.05575419840418012,0.0,0.011936229433259978,0.0,0.0,0.06105894088355276,0.04309589101919432,0.0,0.03904683855481559,0.046268248919669866,0.0,0.0,0.01537000450236918,0.0,0.0,0.010920051924360517,0.0,0.021885426925794493,0.0,0.0,0.0,0.0,0.016641475109661515,0.0,0.038580283570634574,0.02409389148771342,0.0,0.007221316656063987,0.0,0.02246679740523855,0.02983949941300872,0.0,0.018579607024150475,0.046242450823232216,0.008222999116364057,0.0,0.021102357950570912,0.004224127443353739,0.0,0.0,0.0,0.020205458031447108,0.022273699756121364,0.010224183361351951,0.0,0.0,0.02286247915480509,0.01702115359427213,0.031145576195313506,0.027184764426654753,0.012354319621940618,0.07073585558198336,0.002723349757012014
LFQ intensity D8_7,0.0,0.016255690764957878,0.0,0.007961967667086508,0.012991788680355257,0.03164053409135991,0.0054861063139476415,0.012727418430483457,0.008563995770692017,0.012090997115571359,0.0,0.011647690769611252,0.0,0.01019639835109816,0.008941262264675244,0.0010813796011046957,0.019370888942414823,0.0,0.0,0.0012179704527922228,0.011381589244412281,0.07298118673400913,0.0,0.008199975578410675,0.0,0.0,0.07112029250255261,0.048450722557993674,0.0,0.034561173238128066,0.03677874904331861,0.0,0.0,0.013907954643625502,0.0,0.0,0.006659892611344319,0.0,0.025329688333477957,0.0,0.0,0.0,0.0,0.0213338735018747,0.0,0.045978250159451686,0.020852702274535312,0.0,0.010723357761542445,0.0,0.013100356991539181,0.0069213920606587135,0.0,0.01666190518102073,0.0504996209960457,0.008301865490492225,0.0,0.022309676511297647,0.003951581885732827,0.04766309880498415,0.0,0.0,0.02140381301467646,0.02190914291061232,0.0,0.0,0.009214089205120294,0.025086173376861448,0.017463890784853876,0.033521242023330004,0.027810622865833457,0.007613881043817851,0.07813414945229553,0.0
LFQ intensity D9_1,0.0,0.019978359457646977,0.0,0.009578695923441943,0.0,0.04016200226020192,0.014226079177561666,0.018321900296667432,0.018637089679441603,0.002531440155427794,0.00039825750855486863,0.011037750383438955,0.0,0.005643545100580599,0.00025297259545642187,0.008265318667353309,0.024745503785409503,0.0,0.0,0.0,0.006595875715089405,0.0671695752754232,0.0,0.0,0.0,0.0,0.06836925304828156,0.04561470609183606,0.0,0.04513623799966393,0.048787041227044664,0.0,0.0,0.01623181916224076,0.0,0.0,0.005861124251510997,0.0,0.028271485331195344,0.0,0.002769597226544047,0.0,0.0,0.012601101091626744,0.0,0.04332226642652017,0.02616628610311837,0.0,0.007608006539886674,0.0,0.027953336505771618,0.002612602756379632,0.0,0.04274362027466658,0.0446003735167244,0.002664024082778438,0.0,0.022124597462136072,0.0,0.02164262361141205,0.0,0.0,0.024848513496589963,0.025164630789330233,0.0,0.0,0.005220510000444716,0.030486027576943832,0.011589236470329615,0.031582112056801094,0.024857305784217618,0.015074683104532015,0.06312356357634309,0.005428948453434113
LFQ intensity D9_10,0.0,0.01856545070884694,0.0,0.010735614698301397,0.0012639117196190015,0.03971556329507147,0.014126922674215368,0.01106879350800474,0.020177566217383976,0.012266003729442573,0.0,0.014315283685037348,0.0,0.0023314702773882734,0.0,0.015508407102141157,0.0252855442513287,0.0,0.0,0.0,0.008590476737527412,0.07535431573760756,0.0,0.008376607242971604,0.0,0.008906075286645488,0.0535197743238618,0.04206040430642116,0.0,0.032352684932262184,0.04565299691515603,0.0,0.0,0.02020301515587613,0.0,0.0,0.010024245082950096,0.0,0.027431698294819395,0.0,0.005041926656656016,0.0,0.0,0.009387469369331842,0.0,0.04264482552732579,0.024422135124222116,0.0,0.005847122767731521,0.0,0.019650429534504552,0.0036385606704799323,0.00015140032523595258,0.023689831525797626,0.04321702975775059,0.002176953620613253,0.0,0.02882053284156008,0.003317857127897213,0.025760078149997378,0.0,0.0,0.02469928700629934,0.025571167260771153,0.0,0.0,0.011373065252970927,0.020195339860429935,0.016626420675921825,0.03614595494541594,0.03070097590782244,0.015093545963702507,0.0576697801377939,0.006325484106888148
LFQ intensity D9_11,0.011916414951948414,0.01936537593050273,0.0,0.011461330819781432,0.011364655076494269,0.03837314288541529,0.01468397094458539,0.01551828078688533,0.013965258014598912,0.0034974312780655967,0.004200346350324019,0.008096343659966646,0.0,0.005398448171688202,0.002241240449542086,0.013492651870579622,0.045925145436724525,0.0,0.0,0.0,0.014532842685312821,0.02986577315134846,0.0,0.0,0.0,0.0,0.05913325498706422,0.040245230959880605,0.0,0.04275499527599813,0.07111646888785579,0.0,0.0,0.02851781956829026,0.0,0.0,0.007915486079359529,0.0,0.019548122968060803,0.0,0.01003620700012068,0.0,0.0,0.00987154673360841,0.0,0.040189073764479964,0.022764242420351282,0.0,0.00676556993976246,0.0,0.06418182970143163,0.0,0.0,0.04512615049401007,0.045923650707589324,0.0,0.0,0.027228405925243757,0.0014199064203302284,0.0,0.0,0.0,0.007925497563016639,0.016980982938212114,0.0,0.0,0.002816679087382043,0.026270263443352176,0.010828497275345737,0.031176754512548116,0.02813571907221469,0.016272767576250586,0.051508660219657686,0.0014475640148193358
LFQ intensity D9_12,0.0,0.018235583049355852,0.0,0.007434765163924782,0.025686466403789382,0.03890521083172614,0.014704900865923822,0.006231623760487928,0.009928619639034852,0.012363883646466765,0.00038197575717507633,0.00534618886283136,0.0,0.003172944178009138,0.0,0.012560105566829672,0.03779940126070654,0.0,0.0,0.0,0.007748814561968256,0.06696273496133665,0.0,0.0,0.0,0.0,0.06107599416036641,0.04092489117424525,0.0,0.048954360301366566,0.06582819733099558,0.0,0.0,0.019440072992248775,0.0,0.0,0.006749598393697286,0.0,0.02543333125369152,0.0,0.0030460650148858596,0.0,0.0,0.011228505081585545,0.0,0.04107065244697671,0.02286994684102374,0.0,0.006505407260586856,0.0,0.05102384118439442,0.002570557914880023,0.0,0.04342584901953622,0.046285318365208036,0.0015800846809265498,0.0,0.027430222747145083,0.0008627435343193172,0.0,0.0,0.0,0.015695307085131786,0.01818984979048498,0.0,0.0,0.0,0.029880235170923426,0.013495070376474929,0.027335804936580853,0.0261107277399254,0.015734202997028036,0.055594941449184886,0.004195002246619926
LFQ intensity D9_2,0.0,0.021209508747141052,0.0,0.0021878472459740945,0.0,0.036848048957566416,0.015884925394326642,0.014853967629281784,0.019007105257873254,0.005086557724282591,0.00044895881025981894,0.004542715661303605,0.0,0.010854624884709112,0.004533335254312245,0.009937852313377349,0.032414354786791146,0.0,0.0,0.0,0.004516452540391156,0.03351404303716196,0.0,0.0,0.0,0.0,0.05704868684733488,0.04721960163162444,0.0,0.03170635614719929,0.04544455733470121,0.0,0.0,0.020045877243862226,0.0,0.0,0.00889733041669179,0.0,0.029855768814049107,0.0,0.00027171626871579134,0.0,0.0,0.012993905275675725,0.0,0.04848886781450792,0.02841646137141021,0.0,0.018521510669076785,0.0,0.024453781308847605,0.0,0.0,0.06498451740864288,0.028392599831185403,0.0,0.0,0.029795507622563586,0.016417851351216952,0.030392677959728227,0.0,0.0,0.026578456414652556,0.020124797257979225,0.0,0.0,0.002088411769715233,0.039226603127858035,0.01804289860714651,0.02623543425394902,0.021408881380741086,0.018258752551830335,0.06884789107434171,0.0
LFQ intensity D9_3,0.0,0.013973111633265239,0.0,0.009015857325527002,0.008132392283444005,0.03791725233034248,0.01199934013098902,0.028169836324489397,0.017236818545002027,0.0001276812019174684,0.0003975277065441579,0.015423154947986503,0.0,0.01009367122903424,0.0,0.006035932868127984,0.03841915349858933,0.0,0.0,0.0,0.009033371664619767,0.062254223187774,0.0,0.0,0.0,0.0,0.05853779712263859,0.03880224492502391,0.0,0.0437742151807332,0.051368696940246344,0.0,0.0,0.022683237881550376,0.0,0.0,0.0,0.0,0.023735478787726208,0.0,0.002168055623776117,0.0,0.0,0.008457650717912489,0.0,0.04079935486929967,0.02242112345919829,0.0,0.005879745358906412,0.0,0.02488399008120516,0.0,0.0,0.05705668518034419,0.04365223911325234,0.005659739569092668,0.0,0.02417778344395456,0.0,0.026146477157517622,0.0,0.0,0.0235338030702907,0.028511627989987427,0.0,0.0,0.005196143681645343,0.024552828125497132,0.017326901577670025,0.022449471917053567,0.018939290518243983,0.012363709182581584,0.07440986590515226,0.004282517741847312
LFQ intensity D9_4,0.0,0.01362341907154723,0.0,4.9028441459448355e-05,0.0,0.03525961781059103,0.015487097564459255,0.026842960797836667,0.009206377144083186,0.0,0.00042284566947588514,0.009185921149438713,0.0,0.0,0.0,0.01159531836804789,0.03258052119987447,0.0,0.0,0.0,0.0077543206038306325,0.03717927091997814,0.0,0.0,0.0,0.01439621321685234,0.05642770133520059,0.04884289875589359,0.0,0.03783344073092768,0.040753419739470165,0.0,0.0,0.022421032280039124,0.0,0.0,0.008080297817640936,0.0,0.02299207514247658,0.0,0.0039221704303730644,0.0,0.0,0.008996306222524515,0.0,0.04746503220498446,0.02791842866308587,0.0,0.011220314101269268,0.0,0.014929239283809513,0.0,0.0,0.05822540390871658,0.04339571460673125,0.0045121857893340835,0.0,0.031673345821624156,0.00651020249225969,0.03007832772199653,0.0,0.0,0.021422317445120995,0.02797847591959211,0.0,0.0,0.0,0.0369886034889024,0.019544352071832,0.027450495277084756,0.027209623560351556,0.01854288313321173,0.08098412282935405,9.867726871799739e-05
LFQ intensity D9_5,0.0,0.018446488649436064,0.0,0.008391015963486133,0.001200797983085416,0.039501091372645805,0.01454080743597671,0.02148245793608752,0.014051380224954755,0.004347027965845132,0.00039320009860788945,0.009863119232149399,0.0,0.012774440331723704,0.012866532226444996,0.006763199304099465,0.03762800359381008,0.0,0.0,0.0,0.0069579671072939435,0.03890449236987453,0.0,0.0,0.0,0.0,0.057144573094490315,0.041174830616611334,0.0,0.039148389142878645,0.05402796443816249,0.0,0.0,0.021976276143376036,0.0,0.0,0.005710774456814249,0.0,0.026794889993289408,0.0,0.0033880499408629238,0.0,0.0,0.009794397667526851,0.0,0.04138223467840678,0.023717858149525303,0.0,0.009316563083725627,0.0,0.044539212697515644,0.0,0.0005177593638950306,0.04478954477937045,0.042434136692435086,0.004660405748581483,0.0,0.027552103465320252,0.002446984968321707,0.027154337453015223,0.0,0.0,0.023692526500866385,0.023096591129857062,0.0,0.0,0.0,0.03206015590407721,0.012504456457032876,0.030480499779817902,0.02099361344874721,0.016483984197371994,0.06084881716119655,0.004056047051386336
LFQ intensity D9_6,0.0,0.014708243826839489,0.0,0.009621518024091003,0.0,0.04263679595892601,0.015137049805677816,0.029603681940856528,0.023155636590095185,0.01089913732271062,0.001188917142108427,0.013645004934121156,0.0,0.01816454577697497,0.0,0.000702786180487534,0.029626823931100398,0.0,0.0,0.0,0.014667419661147464,0.0632956035590986,0.0,0.0,0.0,0.0009418165071026299,0.06456471375615691,0.045765260692401465,0.0,0.0351971726744865,0.021929305586954197,0.0,0.0,0.024899206424842828,0.0,0.0,0.007963864891950567,0.0,0.023936088409144192,0.0,0.0,0.0,0.0,0.008888145423914756,0.0,0.04195620247488979,0.018258798288139946,0.0,0.006544065769770557,0.0,0.0,0.0,0.0009993068803754973,0.0628325021701052,0.04658297812690491,0.002691240318726196,0.0,0.027492117220085075,0.00024978759457310317,0.024564115110313194,0.0,0.0,0.020991457412423233,0.035470171419362886,0.0,0.0,0.0,0.03611645648627924,0.017480162568416276,0.02491938395850992,0.01709594227096817,0.014192195419314706,0.07385154849172375,0.006572828997928958
LFQ intensity D9_7,0.0,0.012845167947974277,0.0,0.0036148720672684316,0.0084992025037728,0.036225297614262915,0.012154624410304677,0.0124280406194478,0.014928351951844101,0.009146000119726126,0.0,0.02177745003768868,0.0,0.009688757710280438,0.005756505348650393,0.0016945311733019533,0.03795036684172169,0.0,0.0,0.0,0.012698099069461255,0.07854019961937597,0.0,0.0,0.0,0.01208569892071804,0.048904212442336344,0.04330487111612173,0.0,0.030947563605164874,0.042744679761315824,0.0,0.0,0.020121632119695393,0.0,0.0,0.0024127874047367094,0.0,0.028855041607174534,0.0,0.006211799412319901,0.0,0.0,0.008761594655894815,0.0,0.04383244248705574,0.02573500158091651,0.0,0.011584487645443666,0.0,0.024479367658724455,0.0005816444500104738,0.0,0.055310640380390796,0.04661523820347743,0.004548999197634628,0.0,0.025756570462549495,0.0,0.0,0.0,0.0,0.025613475157027603,0.026527104869805005,0.0,0.0,0.008063557629002032,0.025739490157071183,0.018549590102102977,0.027695798243582242,0.018889146454602247,0.013162725682920921,0.07169481845413694,0.0033225531029857564
LFQ intensity D9_8,0.0,0.011236242975166852,0.0,0.010998617495913458,0.0,0.04117452487275753,0.014474982821092578,0.025996457184844692,0.012670699614679303,0.00918930851593939,0.0,0.009651484589319815,0.0,0.017280890277201134,0.008326119355627128,0.006935868446465162,0.03342764353966769,0.0,0.0,0.0,0.006769610129609728,0.06886472614068179,0.0,0.0,0.0,0.0,0.06203489976263277,0.03508122139286285,0.0,0.02575708237131186,0.017337817840977748,0.0,0.0,0.021935636507393667,0.0,0.0,0.0122986547002299,0.0,0.026187643351771345,0.0,0.014198142228278223,0.0,0.0,0.02260131661317122,0.0,0.04356339865297877,0.02446544091084979,0.0,0.009852376950532662,0.0,0.0,0.0,0.0,0.039296203555481114,0.04442725330119358,0.003631200799464267,0.0,0.024062930754703383,0.0,0.04170227086716027,0.0,0.0,0.02960103456483677,0.03039863761274937,0.0,0.0,0.0005736549510081145,0.030835200570262195,0.014546572147428893,0.031879917072322,0.02659666934305551,0.015937882792674614,0.06812363773356711,0.006076126692135681
LFQ intensity D9_9,0.0,0.016057455656177232,0.0,0.01146149558398643,0.0,0.04049786257157878,0.012889121624452767,0.020867233511367836,0.01900742174662576,0.010383142887371513,0.0004094800836613169,0.007068014039444439,0.0,0.007271415242379456,0.0014859040634319439,0.004949502468158102,0.0310417436959103,0.0,0.0,0.0,0.009208970447051419,0.08108958050201316,0.0,0.0,0.0,0.0,0.058404236180229774,0.04033823657124335,0.0,0.03599764986178907,0.02955135131464723,0.0,0.0,0.022487467035570235,0.0,0.0,0.006476121967640785,0.0,0.025277296042524346,0.0,0.0019943727773695146,0.0,0.0,0.02413003250328783,0.0,0.04353207987637829,0.02462286146672206,0.0,0.007529028310037415,0.0,0.01567439782520429,0.0016402968404755603,0.0003545950045647058,0.06322692120433535,0.04849089983292099,0.0021505818735096057,0.0,0.026211942055926852,0.0003949956516920614,0.02425378949043119,0.0,0.0,0.023875783067634083,0.030555149974074037,0.0,0.0,0.0016167408563241689,0.026258604991973647,0.019742142222686433,0.02119848816485263,0.016180286355456996,0.013239799335403656,0.06296350295937582,0.007942004262107527
