,AVJ,AWC,Amphid socket,Anal muscle,Apoptotic germ cells,Body wall muscle anterior,Body wall muscle middle,Body wall muscle posterior,Cephalic sheath,Coelomocytes,Differentiated germ,Distal tip,Embryonic cells,Excretory cells,Excretory duct,GLR,Glia_1,Glia_2,Glia_3,Glia_4,HSN,Hypodermis head,Hypodermis tail,Intestinal-rectal valve,Intestine anterior,Intestine middle,Intestine posterior,Marginal cells,Mature sperm,Meiotic germ cells,Mitotic germ cells,Oocytes,PLM_ALM,PVC,PVD_FLP,PVM,PVT,Phasmid socket,Rectal gland,SAB,SIA,Seam cells (bus+),Seam cells (grd+),Seminal vesicle (male),Spermatheca bag distal,Spermatheca bag proximal,Spermatheca neck distal,Spermatheca neck proximal,Spermatheca-Uterine junction,Spermatocytes,Syncitial pachytene spermatocytes,Unassigned hypodermis/gonadal sheath,Unassigned sex-specific muscle,Unassigned sheath cells,Unassigned uterine cells,Uterine muscle,Uterine seam cells,Uterine toroid,Uterine-vulval cells,Vulval cells,cat-4(+)ptps-1(+) intestine anterior,e1_e3 (pharyngeal epithelium),e2 (pharyngeal epithelium),hmc,hyp4_to_hyp6,hyp7 (hypodermis),pm1_pm2 (pharyngeal muscle),pm3_pm4_pm5 (pharyngeal muscle),pm6_pm7 (pharyngeal muscle),sh2 (gonadal sheath distal),sh3_sh4 (gonadal sheath proximal),sh5 (gonadal sheath proximal),vm1 (vulval muscle),vm2 (vulval muscle)
LFQ intensity D1_1,0.0,0.01257854481471827,0.0,0.0,0.016062592666328132,0.041803864536012494,0.01775000845629448,0.0,0.026964945397284865,0.0,0.0,0.010029901544241332,0.0,0.0,0.0789968404342409,0.0,0.03248479951417099,0.008367143261460798,0.0,0.0,0.08679846841101638,0.042999381296587376,0.0,0.0029548600001569228,0.0,0.016020213450935416,0.04861012241118162,0.0058844977826726435,0.009724377285933939,0.0,0.10140581162638229,0.0,0.0043927185963612905,0.029799735545136537,0.0,0.0,0.0007276082884004082,0.0,0.016553144739276195,0.0,0.0,0.02602419061727232,0.0,0.020906520935923184,0.006135583596434839,0.008527808800705522,0.005662908005402103,0.0,0.008941496921670032,0.0,0.022150154955020897,0.06133615367280492,0.0,0.006119421703708313,0.023277323243513438,0.0,0.00801840627476916,0.0,0.011163392070781665,0.0,0.0,0.0,0.0006698843940076648,0.0,0.009633444527309878,0.0,0.0,0.06625059799425605,0.00359224538179857,0.04942903854841721,0.0,0.024821637198313946,0.02643021109909705,0.0
LFQ intensity D1_10,0.0,0.009538680177087639,0.0,0.0,0.0161496617894033,0.0009547433261593246,0.031061902873114958,0.01268978137628576,0.005701115148875864,0.0,0.0,0.0013002494008784826,0.0,0.011238827856612833,0.050851186947542856,0.0,0.05298362217255664,0.0,0.0,0.00013721135620860784,0.07122923641930502,0.047745653389531684,0.0,0.011014499480027229,0.0,0.016275131114561348,0.0577898702803953,0.0020136206074812014,0.021750439066458578,0.0,0.09092865951711647,0.0,0.0,0.025961485662177864,0.010805372344433507,0.0,0.0037315067346058613,0.0059799396462618054,0.015827971483579322,0.0,0.0,0.03433518294106093,0.030583344875627028,0.024065248116504494,0.0017098062930524542,0.009676272134626426,0.004975826317210562,0.0,0.008551298954734566,0.0,0.015406488624591468,0.05834560296052011,0.0,0.0,0.01675642877571587,0.0,0.007466661386089643,0.0,0.0063693607224413465,0.0,0.0,0.0,0.00565657978032725,0.00021894758654861089,0.0,0.0,0.0,0.06834577695661069,0.0,0.040768702688114604,0.0,0.039043955318493424,0.05406414739706909,0.0
LFQ intensity D1_11,0.0015818977404303569,0.00959044418527531,0.0,0.0,0.01239286311615741,0.025543852915491203,0.021287916049088623,0.005288874172540224,0.027895472208116237,0.0,0.0,0.0,0.0,0.0,0.08410591596765613,0.0,0.043839983511566795,0.0,0.0,0.0,0.053600205286545105,0.03336031725610043,0.0,0.02780223627180534,0.0,0.01597093714557776,0.06396880731942398,0.005206648099337159,0.0196962439669741,0.0,0.08642985279844494,0.0,0.0,0.013220554433428755,0.026346548367712396,0.0,0.00333498842983935,0.0,0.01793563700963089,0.0,0.0,0.032739376053142845,0.0,0.024405370687555848,0.004177686692397645,0.011753227166438047,0.0032970238914118194,0.0,0.0114489344321899,0.0,0.0262359557694954,0.0505461711642924,0.0,0.00502994745167352,0.014612688650928877,0.0,0.01398435402848236,0.0,0.013196349615481712,0.0,0.0,0.0,0.002854011933539784,0.0,0.0,0.0,0.0,0.05461497975246267,0.0011884365949803915,0.042149027609583736,0.0,0.034198256136554174,0.055168006118246474,0.0
LFQ intensity D1_2,0.0,0.015369063057644506,0.0,0.0,0.021267372721141806,0.03081093632531253,0.01892893011914571,0.0,0.020881777279776775,0.0,0.0,0.01858582052785125,0.0,0.0,0.09150305553540172,0.0009160920970389454,0.04425966701420076,0.0,0.0,0.0,0.054203602074101236,0.06458031044548877,0.0,0.00603983638468073,0.0,0.014388346288571734,0.06517113094223387,0.00801625984321088,0.01239358492122578,0.0,0.09382045764900052,0.0,0.0,0.0198842590524095,0.03192334347579399,0.0,0.004689986098427667,0.0,0.021514188921687497,0.0,0.0,0.027577947725292935,0.016533918532213712,0.02624786623583303,0.0006543875194464028,0.009935366732301852,0.006214800932391446,0.0,0.011941287894629983,0.0,0.018419546102857905,0.0,0.0,0.0,0.0324372168794853,0.0,0.011712704285888529,0.0,0.008577425069396816,0.019127964647510636,0.0,0.0,0.0027911132501593386,0.007245878062669085,0.0,0.0,0.0,0.05980440073419296,0.003589464000398434,0.030123502887027927,0.0,0.024830432424532756,0.0230867553094247,0.0
LFQ intensity D1_3,0.0019038086162468518,0.009393610846657904,0.0,0.0,0.020609789332301356,0.0007393420555845624,0.03394242544192198,0.0007912633197309156,0.0,0.0,0.0,0.018522304698589783,0.0,0.0,0.07109226638960589,0.0,0.06309642209934618,0.0,0.0,0.002839659558263669,0.045611661303662794,0.0579598305401577,0.0,0.0,0.0,0.016450839001481456,0.056121842900342736,0.00458239524043518,0.022175893374605505,0.0,0.08815189681663148,0.0,0.0,0.016007029155907893,0.005132896110657753,0.0,0.0015455251937165236,0.0,0.01855213462694439,0.0,0.0,0.03386528933011357,0.031973755673516416,0.02216831109579922,0.0005117084645184512,0.008779522744553207,0.008908304517282395,0.0,0.014234346300223867,0.0,0.0168205528175708,0.04980748794058638,0.0,0.005017967538038578,0.016541304538507884,0.0,0.00969818606503997,0.0,0.0171147910967962,0.0,0.0,0.0,0.002331215044606706,0.0053346012668734274,0.0,0.0,0.0,0.06164300510906277,0.0,0.053596024090419234,0.0,0.05385560717104825,0.03257518257265024,0.0
LFQ intensity D1_4,0.002902546383805815,0.01193693443244416,0.0,0.0,0.017279596577768275,0.009527420656941782,0.025066184444796837,0.015053782582365935,0.011931306303651228,0.0,0.0,0.0,0.0,0.0,0.08802574479941175,0.0,0.04055465881871799,0.0,0.0,0.0,0.035546663840520513,0.058044107027289626,0.0,0.01626935784117674,0.0,0.0,0.051393200735163694,0.0017942421198783567,0.022278286369501937,0.0007476867519021447,0.08333871311556966,0.0,0.0,0.015663422959246966,0.004038804250812547,0.0,0.002638404983350541,0.03076714992679362,0.010624809315054802,0.0,0.0,0.03466220612363527,0.02912047275662608,0.02363820402034136,0.0,0.004836102038687991,0.00622479748842004,0.0,0.013825533837383159,0.0,0.015345788124731289,0.05094994599666376,0.0,0.0,0.015810427048200185,0.00949917432006383,0.008366070499996419,0.0,0.013832222837626902,0.0,0.0,0.0,0.0033426394971937776,0.0009631223432379612,0.0,0.0,0.0,0.0685583629435389,0.0023652094011195916,0.05029277396272702,0.0,0.038791328863564165,0.05415259366007728,0.0
LFQ intensity D1_5,0.0023301916172141254,0.007773397708145643,0.0,0.0,0.01751929188608174,0.007499979039957045,0.028857271239762495,0.011203572332968845,0.008059321979820086,0.0,0.0,0.015055150658286713,0.0,0.0034870141357004098,0.06416222578388212,0.0,0.029793155664402896,0.0,0.0,0.0,0.05487022456263485,0.03857001985445394,0.0,0.032210353757585075,0.0,0.018913811842287433,0.07065713859311716,0.003708045222049409,0.01770392386065306,0.0,0.08038391463909447,0.0,0.0,0.012926855803633527,0.014486046414050314,0.0,0.003532807161280631,0.03125358728335825,0.018617897497906807,0.0,0.0,0.039356685523519966,0.02169806648003019,0.020909108879379,0.0,0.010824352058221617,0.0006542133762667107,0.0,0.01201682526684144,0.0,0.014516275165498312,0.05478088517310664,0.0,0.011206371414518987,0.021112884759958886,0.0,0.013078133555810261,0.0,0.0,0.0,0.0,0.0,0.0,0.002394221777939366,0.0,0.0,0.0,0.053451190185096246,0.009201816785044323,0.030872944136447606,0.0,0.04306279131457832,0.04728803560941508,0.0
LFQ intensity D1_6,0.0030491155265393796,0.010910937757579101,0.0,0.0,0.018489758462861758,0.0,0.04367714259409288,0.0,0.017926156684381578,0.0,0.0,0.025352139881472408,0.0,0.0,0.09542022727227842,0.0,0.04566749510283542,0.0728998096202831,0.0,0.0,0.03975482234104746,0.0,0.0,0.015548496984060507,0.0,0.0,0.06522957468731684,0.006691628272034685,0.016550187199249482,0.0020117848928533563,0.07197288484573772,0.0,0.0,0.013393189823921363,0.010719084458410221,0.0,0.0035366532865972605,0.0,0.009753428208604784,0.0020262627028635226,0.0,0.025386502954588344,0.0,0.024121973043247237,0.0,0.007570825389511614,0.003654074879123798,0.0025532115538428107,0.013770316779342496,0.0,0.019116194108153864,0.035146194822141825,0.0,0.012950868139270384,0.03506036376549009,0.0,0.014320456993433692,0.0,0.011169747914070195,0.0,0.0,0.0,0.0,0.0007024639774024044,0.0,0.0,0.0,0.04859596588690843,0.009802706844564427,0.020177807652164252,0.0,0.05432989362924585,0.07098965106247705,0.0
LFQ intensity D1_7,0.0,0.011157233622950104,0.0,0.0,0.009154258866689354,0.019909673813715122,0.033133654165841214,0.003672264150871522,0.0,0.0,0.0,0.01525113088948138,0.0,0.0,0.041449608025507664,0.0016319540960016878,0.06960910591321778,0.0,0.0,0.007887327925658688,0.06726651519599895,0.05424425049299056,0.0,0.0044414676751660075,0.0,0.016736733430382213,0.0606656898771487,0.007891356958955657,0.01712836466799161,0.01153253970837955,0.06613029042357119,0.0,0.0,0.014176906159484904,0.021456892053755568,0.0,0.0034782826345455538,0.0,0.018356539795926927,0.0,0.0,0.03165365971592355,0.03332790732798268,0.02077031289155383,0.0,0.017887762926120022,0.0,0.0,0.015532888102316034,0.0,0.00623656075036513,0.05846307580145568,0.0,0.0,0.013674514391665409,0.0,0.010758087127078696,0.0,0.0,0.0,0.0,0.0,0.00029132716843211594,0.00828659472001546,0.0,0.0,0.0,0.06600531662962121,0.0,0.06664423258875829,0.0,0.046090871145869225,0.02801484816861071,0.0
LFQ intensity D1_8,0.0,0.018541507124106626,0.0,0.0,0.014172166052027837,0.013109198430866768,0.03304261007057085,0.0,0.0,0.0,0.0,0.0038926895319060253,0.0,0.0,0.050187244498217515,0.0,0.05091607460564737,0.0,0.0,0.0057528558190226625,0.06707415613991353,0.03358852185509409,0.0,0.03262407867287735,0.0,0.01568823019863181,0.0896820584465904,0.005268127617139802,0.0009953606778029171,0.01196805964491488,0.06578923127597115,0.0,0.0,0.018522341217934973,0.019100972201554805,0.0,0.003101025314095329,0.020415572052490016,0.014928477926801261,0.0,0.0,0.03473822799943466,0.01697986604166893,0.023729853492682782,0.0014278048417182506,0.007655053058125208,0.0027532215763641523,0.0006983759549282191,0.009601949208985898,0.0,0.008908826288137703,0.07547663218415299,0.0,0.0007973847941575843,0.019815044411517,0.0,0.003872046916099019,0.0,0.0,0.0,0.0,0.0,0.0,0.0006397941682147575,0.0,0.0,0.0,0.05952577313564051,0.006942903893015701,0.03440905243566459,0.0,0.04606582319937947,0.057601807025934634,0.0
LFQ intensity D1_9,0.0,0.011380663635176574,0.0,0.0,0.0032168049906940157,0.024052812756398072,0.02827161114999593,0.009221212326536877,0.026738422936774302,0.0,0.0,0.003724385804851957,0.0,0.0,0.07989833316375221,0.0,0.050833459278475074,0.0,0.0,0.0,0.07934425065778265,0.05317694642482282,0.0,0.022220444418730848,0.0,0.0,0.04786002529113985,0.01208803414107404,0.02197219985398361,0.011793293299669877,0.06496949563386555,0.0,0.0,0.028023982541081762,0.0,0.0,0.0001353882887483339,0.0,0.009909866401735672,0.0,0.0,0.03943438964285835,0.022918042694454986,0.02330207924000454,0.0,0.011914476409536526,0.0002087987500518916,0.0007452010563103663,0.014248350762857692,0.0,0.01394209650767003,0.05540450275883881,0.0,0.0,0.020366153383764112,0.008763964066777465,0.006615790867139626,0.0,0.0,0.0,0.0,0.0,0.0,0.005377984897530307,0.0,0.0,0.0,0.04319516159128436,0.010147999123529615,0.05862426011284068,0.0,0.04503452094945135,0.030924594189809113,0.0
LFQ intensity D10_1,0.0006260746977370592,0.007783039953713455,0.0,0.0,0.015444267280347316,0.09396922162503468,0.0,0.0071936613182584305,0.0,0.003355210943708217,0.0,0.00020924040159898036,0.0,0.010289647655312154,0.04469403783699486,0.0,0.030446410964210944,0.0,0.0,0.004733838855999193,0.0046626848434127574,0.09909392715868623,0.0,0.0,0.0,0.013114333736768406,0.11167895894706663,0.02400905299129469,0.0,0.0,0.07887094800041469,0.0,0.0,0.019263316771716034,0.0,0.0,0.004998370472096773,0.0,0.02036049709710865,0.0,0.019324950915435825,0.0,0.0,0.013973004078627553,0.0,0.05107426701280009,0.0,0.0,0.005002759647838082,0.0,0.03581161771787269,0.0,0.0,0.04701135420739555,0.016786294901281747,0.0,0.0,0.04588367597931982,0.0,0.032452210978187436,0.0,0.0,0.008509495136560541,0.017557419997121317,0.0,0.0,0.0,0.02084040049913617,0.0001162904010664879,0.028439009980523226,0.0,0.0,0.06242050699535334,0.0
LFQ intensity D10_10,0.004306496408885299,0.007493933560013698,0.0,0.002392714973839778,0.018696730029123993,0.0773780985804582,0.006345513921009093,0.008695356657213243,0.025012757022416735,0.0024612058977183425,0.0,0.004196431000139148,0.0,0.006667640547790909,0.03816324950864522,0.009634661533629801,0.05463730005724641,0.0,0.0,0.0,0.025214128241395392,0.10268628422529602,0.0,0.0,0.0,0.0,0.0824930169579796,0.03152785744858733,0.0007461688649920675,0.0,0.06800598548770603,0.0,0.0,0.01170859060121983,0.0,0.0,0.0026847137355053,0.0,0.019387896523405498,0.0,0.0,0.0,0.0,0.0076485789929216855,0.0,0.04121663675146699,0.0,0.0,0.01347163967131019,0.0,0.0304151213890762,0.0,0.0,0.02582564314028218,0.01465581187062987,0.0,0.0,0.038389257792068296,0.0,0.0,0.0,0.0,0.0025232477575337074,0.00682702372634105,0.0,0.0911436906329459,0.0,0.0,0.02681883724743507,0.025904453635631607,0.010275834067373153,0.003237990030777331,0.05110950150998996,0.0
LFQ intensity D10_2,0.002161464425883613,0.008379659964325457,0.0,0.0,0.016227862830849094,0.07637078460419855,0.008598619308713834,0.0,0.015033639371218413,0.0,0.0,0.0074014656483825615,0.0,0.009391694145261508,0.03753532661872214,0.0,0.04706743424070083,0.0,0.0,0.0,0.02759136241788055,0.029774467626288915,0.0,0.0,0.0,0.0012612687078086058,0.08438646716555742,0.029387291100448486,0.0,0.0,0.09203852603530614,0.0,0.0,0.01892910879394886,0.0,0.0,0.0020352573109508297,0.0,0.02387977765688805,0.0,0.0,0.0,0.0,0.01222646318929489,0.0,0.039568149010980234,0.0011397786127431832,0.0,0.014338200829376157,0.0,0.03810047208374443,0.0,0.0,0.04504105153436253,0.014327778183012565,0.0,0.0,0.06917747217097107,0.06059302297051515,0.023223126315434155,0.0,0.0,0.012744733963449136,0.013914463154004394,0.0,0.011252481564612308,0.019235901404034812,0.0025510195634931496,0.0,0.020515497081286964,0.0007128893529073924,0.012029343188201865,0.0518566778542418,0.0
LFQ intensity D10_3,0.004530513146346353,0.007830617287410257,0.0,0.0,0.010434282168947115,0.08862695043240879,0.0,0.008982570286312937,0.008887210226893203,0.014744412683012513,0.0,0.0020250303001603984,0.0,0.0059029238825231995,0.024166810384449428,0.0,0.02291005932922407,0.020821323687521185,0.0,0.0,0.0,0.05098232302982508,0.0,0.0,0.0,0.01492206473980362,0.10612623551363402,0.013442282084783817,0.0,0.0,0.0779284570637008,0.0,0.0,0.014848390137976964,0.0,0.0,0.0030623313156822774,0.0,0.02146688548767611,0.0,0.018400237147107264,0.0,0.0,0.005051117498428136,0.0,0.04367154963160477,0.0,0.0,0.010784830711410117,0.0,0.03246935077444485,0.0,0.0,0.05361597069997243,0.022382455709559632,0.0,0.0027396468446682504,0.04128546509588694,0.0,0.024748414427804732,0.0,0.003494413870577859,0.010190712725327249,0.026802853256219398,0.0,0.059047451076432715,0.0,0.0272337293191617,0.0,0.0156821265973048,0.0,0.0,0.0650246284931964,0.014733372932600642
LFQ intensity D10_4,0.001086284802786989,0.011506648055970622,0.0,0.0,0.02340394574317229,0.06464905459370225,0.013335959477887495,0.0,0.006234903689166842,0.0,0.0,0.009695139912899836,0.0,0.0,0.03011664372854852,0.0,0.056231750322920805,0.0,0.0,0.0,0.00600104133862712,0.07105128737452165,0.0,0.0,0.0,0.007661627096604051,0.07023754111397736,0.04060339533851627,0.0,0.0,0.11238613701634767,0.0,0.0,0.021725102946666526,0.0,0.0,0.0014726857541330237,0.0,0.026699146102912855,0.0,0.017499839135269857,0.0,0.0,0.017659800423016944,0.0,0.035616350774689595,0.012732090927334657,0.0,0.02096029744659082,0.0,0.04820711184471697,0.0,0.0,0.04351523930329564,0.03232055920636628,0.0,0.0,0.03313784982272963,0.0,0.0197528668866723,0.0,0.0,0.006208735255388027,0.01057377617961503,0.0,0.00012798141601107535,0.013799119977942004,0.0,0.015810548417576772,0.013623376898424697,0.0,0.02795998132597508,0.05639618034902253,0.0
LFQ intensity D10_5,0.009587995681502695,0.008622486737965084,0.0,0.0,0.013573600998314212,0.08171516690330997,0.0,0.005977191997953877,0.0,0.016151471131642624,0.0,0.007587960595450474,0.0,0.0034728663998309347,0.03701643262674729,0.0,0.014464976392916103,0.0,0.0,0.0018537187889148205,0.0043297233639562225,0.09455919231628183,0.0,0.0,0.0,0.0016979557369535174,0.12857031064627422,0.0204628373723503,0.0,0.0,0.08865123828609918,0.0,0.0,0.009786434097458396,0.0,0.0,0.00537001439855317,0.018646655032785564,0.026174043549339544,0.0,0.01799869155674309,0.0,0.0,0.009684281003262914,0.0,0.04101461896368159,0.0,0.0,0.012829342528536722,0.0,0.03634428166889665,0.0,0.0,0.041996776501984155,0.02170457225863411,0.0,0.0,0.028983985119422687,0.0,0.010119144336743432,0.0,0.0,0.019799030931915523,0.025011100397785046,0.0,0.026918772385992513,0.0,0.018236247095713847,0.0,0.008813046439318005,0.007325856510470569,0.0,0.05640816170953849,0.01853981753676051
LFQ intensity D10_6,0.012158581123985181,0.01074090160228223,0.0,0.0,0.010476205162711777,0.05562240127820963,0.026452169647751145,0.0,0.016020688903490003,0.003612778375899506,0.0,0.012300055118794668,0.0,0.004749356869247887,0.04422893047264359,0.0,0.04264587988212349,0.00296790315605619,0.0,0.0,0.0016470594713842348,0.07768037310858984,0.0,0.0,0.0,0.017800502929318444,0.0783266448664058,0.03482696065239263,0.0,0.0,0.0895901223817809,0.0,0.0,0.008978176500530151,0.0,0.0,0.006494380003100681,0.0,0.026004740618339465,0.0,0.013322931539981287,0.0,0.0,0.018753145551989363,0.0,0.032554159986652856,0.012998271102480214,0.0,0.022125726531291856,0.0,0.041583576936504545,0.0,0.0,0.028870792519016347,0.03173174961502578,0.0,0.0,0.031060104866971538,0.0,0.018122433571463585,0.0,0.0,0.008127353146660564,0.010330227203587332,0.0,0.0038966645369611654,0.008811218727943803,0.006231921445285501,0.012397043557551177,0.015737344572920337,0.0,0.04811305977146711,0.051907462691208314,0.0
LFQ intensity D10_7,0.00339580221761916,0.007549284049341018,0.0,0.0,0.01347638297170479,0.09003632890994323,0.0008804920923384306,0.01143599585515951,0.008849542849299313,0.011994011601934789,0.0,0.0014151807955845581,0.0,0.009163068884713806,0.12794157525673797,0.0,0.017191559496635974,0.003706855814420165,0.0,0.0,0.0,0.07954272130817559,0.0,0.0,0.0,0.015752474451505648,0.08912369366212115,0.015122195895680667,0.0,0.009304471948275822,0.0645929950068217,0.0,0.0,0.020710908800702657,0.0,0.0,0.001864825516546505,0.0,0.02221508061209031,0.0,0.027366824634663955,0.0,0.005771681428080231,0.0027880591999944653,0.0,0.051727391938997586,0.0,0.0,0.012497227633026515,0.0,0.02260881691678153,0.00027126808437346933,0.0,0.019776172081591298,0.025836265662039056,0.0,0.0043053939555899035,0.040958131140659805,0.0,0.0039393378004074055,0.0,0.00032960081416445443,0.010616817625841156,0.021040042633389197,0.0,0.0,0.0,0.026338585524916018,0.0,0.012208089908067014,0.014180250835195788,0.0,0.06247459583595412,0.009699998348914362
LFQ intensity D10_8,0.0038122380760706315,0.008275057898354192,0.0,0.0,0.010366909531478116,0.0970724411410709,0.002009659684561545,0.009973736458182858,0.014333046196843979,0.015717978736552708,0.0,0.005955436045198672,0.0,0.0033897359115031022,0.015752966440748827,0.0,0.022809281079260744,0.0,0.0,0.0,0.0,0.10399825488385807,0.0,0.0,0.0,0.021253749986924374,0.1179527835990688,0.018396423767880497,0.0,0.002152250293344146,0.07834776411576501,0.0,0.0,0.016200720664619042,0.0,0.0,0.0,0.0,0.022985048068742193,0.0,0.021310406721214734,0.0,0.0,0.003121648360998208,0.0,0.04559496835373159,0.0,0.0,0.007172809833024666,0.0,0.03855744057749075,0.0,0.0,0.029038771966506793,0.014591504162265527,0.0,0.0,0.044430090896102004,0.0,0.02779029046948419,0.0,0.0,0.0008061440378614167,0.019155356138270026,0.0,0.026595905629423214,0.0,0.01918168745604718,0.00395330161744616,0.027926933598672186,0.016786993188600437,0.0,0.06312607065440785,0.00010419375842460827
LFQ intensity D10_9,0.00075143151290594,0.006782535094688205,0.0,0.0,0.013065543197317056,0.08907771690343474,0.0,0.014186919710734092,0.011435224419440379,0.008199961409617653,0.0,0.006058033113282039,0.0,0.0,0.03667222353264101,0.0,0.027867876398136253,0.00273061692389805,0.0,0.0,0.023596189209303387,0.09780229764915918,0.0,0.0,0.0,0.014819360030929603,0.11674377190172525,0.0295273624509186,0.0,0.0,0.0755222390098177,0.0,0.0,0.014450894508631589,0.001764163255162135,0.0,0.0039662701716047626,0.0,0.026346523857377846,0.0,0.0,0.0,0.0,0.01390271605581716,0.0,0.038603283175951596,0.006174554172188347,0.0,0.01285926887323491,0.0,0.03529878258810167,0.0,0.0,0.005593069776291859,0.011503812221028342,0.0,0.0,0.04404712803855355,0.0,0.025074872742314087,0.0,0.0,0.01655520140540271,0.024348259011604558,0.0,0.018117925245410015,0.013976575385294444,0.0037338722601431467,0.0,0.02736918704165179,0.02152583389893313,0.0,0.05479839901767899,0.005150104829674395
LFQ intensity D2_1,0.0,0.009457700221222297,0.0,0.0,0.005620731766101408,0.04745995721891517,0.018581439038120536,0.0,0.012918940642435891,0.0,0.0,0.004549031489555136,0.0,0.0,0.03580586886126949,0.0012840721736376293,0.08674128489848419,0.0,0.0,0.0,0.07356011376017492,0.06920454396495773,0.0,0.00685909206486199,0.0,0.008096143763117377,0.10646026312127661,0.014592240457146648,0.010246745236673252,0.008101832861615752,0.07282190441202491,0.0017613247023612456,0.0,0.0377644576803763,0.0,0.0,0.003092486306135499,0.0,0.020281418903000083,0.0,0.0,0.022247834053634258,0.047463706552602174,0.02016507336497552,0.0,0.01639284003758493,0.010063989110186803,0.0,0.013181046535670286,0.0,0.0030792756100834055,0.0,0.0,0.00038807815044873467,0.004493468238947728,0.0,0.00032550052553907027,0.03406564080830942,0.0,0.012304918929214835,0.0,0.0,0.00424794803957492,0.007139462783479722,0.0,0.0,0.0,0.044535611745097514,0.003524668665902092,0.03618583348436132,0.011518158535917934,0.01625842191236143,0.03715692937264387,0.0
LFQ intensity D2_2,0.0,0.009015168243859112,0.0,0.0,0.008112487907773261,0.032982031202347,0.023717553069988535,0.0056824469668149595,0.022885457937867056,0.0,0.0,0.01201307389670019,0.0,0.0,0.03019393761871444,0.002052614678916675,0.07737534957019374,0.0,0.0,0.0,0.05493244735428047,0.06907662107266795,0.0,0.0,0.0,0.018506744915086148,0.0665545552539373,0.016074637610186192,0.014249610792210403,0.0,0.08677562379662002,0.0002810329101485068,0.0,0.011943788032471694,0.032609147437538406,0.0,0.002504077565854406,0.0,0.023521144283317388,0.0,0.0,0.026658409293396267,0.04872836452200162,0.017228309967495862,0.0,0.01342429476730196,0.014054473187720391,0.0,0.016692729722424565,0.0,0.01510964852417671,0.0,0.0,0.0,0.023983743950512323,0.0,0.0,0.008323562468992,0.0,0.01873447212224801,0.0,0.0,0.001101432412072696,0.010005763443115436,0.0,0.0,0.0,0.04313408729873701,0.011885303033021054,0.03791540258502693,0.009855041259153659,0.021391832106557613,0.04071357721855216,0.0
LFQ intensity D2_3,0.0,0.011309927567891129,0.0,0.00025931035272879985,0.012296480722128588,0.025447729729435698,0.025865686173079386,0.0,0.01674565540571047,0.0,0.0,0.00995802763172618,0.0,0.007645923702225058,0.0380090785305966,0.004605304791799794,0.08911684517159942,0.0,0.0,0.0,0.04754558718685097,0.0580911745581655,0.0,0.0091120524549002,0.0,0.0,0.08187843765864732,0.0,0.011139640612111767,0.017405735118165663,0.06432422756385806,0.0,0.0,0.023959603168619354,0.004238008065743811,0.0,0.004072247316965978,0.0,0.01921683274651784,0.0005249806824015758,0.0,0.024364028849010812,0.031488372352433514,0.020021425077798534,0.0,0.022744919934307245,0.0019302479039366822,0.0,0.015165904877808278,0.0,0.014803567819064787,0.0,0.0,0.0,0.01995449178606314,0.0,0.0,0.018703584476206594,0.0,0.006229797868448264,0.0,0.0,0.015976921418430847,0.014403208260695929,0.0,0.0,0.0,0.08063096764312008,0.0,0.04484404615525116,0.012408052479417236,0.02722696298104934,0.043369117678689686,0.0029658855263985486
LFQ intensity D2_4,0.004555302218341949,0.009088599118367735,0.0,0.0,0.008456012395946254,0.05353646692464195,0.021473803570881456,0.0,0.011970903093412963,0.0,0.0,0.01608023375632479,0.0,0.0,0.01842452233695882,0.0,0.07895802182005209,0.0,0.0,0.0,0.06004324108764237,0.07879453239828718,0.0,0.0,0.0,0.018032377195253486,0.0726095573389577,0.012448908756462988,0.0008558039365807396,0.005602319099076714,0.07505366453040371,0.0,0.0,0.009271122261236277,0.02835769235038421,0.0,0.0020884726100092793,0.0,0.022680936881674416,0.0,0.0,0.017231687429596333,0.03133704443842832,0.015543092373702693,0.0,0.038030319301,0.023451860607328342,0.0,0.015669513669115842,0.0,0.004980063891282026,0.0,0.0,0.0,0.03605296593410679,0.0,0.0025666222244758613,0.0,0.0,0.007954047484439055,0.0,0.0,0.0,0.0,0.008340102901552588,0.0,0.0,0.050334845546113643,0.015613638988424588,0.02448435438592411,0.011808744704684213,0.025751982614604676,0.06246661982432376,0.0
LFQ intensity D2_5,0.0,0.010575854296982844,0.0,0.0,0.008682676236028308,0.04909143235220679,0.025079388207069512,0.016150536906184905,0.009815594500580527,0.0,0.0,0.006415295847289915,0.0,0.0,0.020097255542266625,0.0,0.07361379362640003,0.0,0.0,0.0,0.06156866485561954,0.08750246422712273,0.0,0.000818815958098137,0.0,0.011601168253797272,0.07526302642009591,0.00976800826155988,0.011077292903237302,0.009886421576737709,0.07526375836930856,0.0,0.0,0.01749285860741769,0.008273801086677544,0.0,0.0029046177916250285,0.0,0.023149433570325218,0.0,0.0,0.021280100609719712,0.04072864007283524,0.021384856762832718,0.0,0.020011324785892293,0.004258290474667274,0.0,0.020155946699551775,0.0,0.009358591136239814,0.0,0.0,0.0,0.023175933097529283,0.0,0.0,0.011865107175586061,0.0,0.019292344927155564,0.0,0.0,0.005655366579686234,0.009567169464754504,0.0,0.0,0.0,0.057291208898476914,0.0,0.05121723581195711,0.008898441244087747,0.022028532256996115,0.039738750605399636,0.0
LFQ intensity D2_6,0.0,0.0108670852225925,0.0,0.0,0.01299070991072663,0.029383325898895703,0.03185440402059036,0.009394737453205388,0.013399159742564051,0.0,0.0,0.0008058451073083464,0.0,0.0,0.03939000123779991,0.0007187100080867616,0.08841732052773602,0.0,0.0,0.0,0.07588371765793149,0.057892365015327074,0.0,0.006709193090416914,0.0,0.0,0.06664180409384246,0.012959712533112417,0.01076722166457184,0.008853584213653131,0.07158815670362603,0.0,0.0,0.01599401105522956,0.015677505909899893,0.0,0.0030164940062327866,0.0,0.016013734499241636,0.0,0.0,0.01797241742908515,0.027029280693785605,0.017524514715856462,0.0,0.014229853545800543,0.0016635639812496027,0.0026559359215258156,0.01956989694917959,0.0,0.007118673008908134,0.011495767084178241,0.0,0.0,0.021593698689934538,0.0,0.0,0.014464227248417637,0.0019493221197536045,0.008903543302636298,0.0,0.0,0.0,0.00410327504783532,0.0,0.0,0.0,0.048220657257004175,0.012710682372548736,0.08163859030319505,0.0,0.042638647043308706,0.04529865371320596,0.0
LFQ intensity D2_7,0.0,0.010234334005460284,0.0,0.0,0.0056897357170361115,0.04673228767334111,0.030154141840059878,0.0,0.014059757325007615,0.0,0.0,0.004889072199158636,0.0,0.0010515813060527296,0.02793002667639942,0.002282048061765371,0.0950893734925844,0.0,0.0,0.0,0.07028946158827203,0.07661348787383221,0.0,0.0,0.0,0.01704327076328448,0.07743061116982702,0.016260474734660253,0.0017668982496091025,0.02505467857268065,0.056461693659804475,0.0,0.0,0.01608840813681304,0.0017372413938645836,0.0,0.003646847268572853,0.0,0.026172786519526595,0.0,0.0,0.019830386039321996,0.04904218005941168,0.01917562837099819,0.0,0.019728206395221704,0.003060112431672926,0.0,0.013562611776265613,0.0,0.001540352942175265,0.0,0.0,0.0,0.007695820127450223,0.0,0.0,0.03603280861812248,0.0,0.01215757204510581,0.0,0.0,0.0023226284903994894,0.0024339212660177923,0.0,0.0,0.0,0.053105029927756744,0.0011086398966296022,0.04091363148776785,0.004204720132101589,0.030885594377379512,0.05652193738858864,0.0
LFQ intensity D2_8,0.0,0.009944032553783533,0.0,0.0,0.001543787827736053,0.04411970298839556,0.029370735027801558,0.0,0.018157295547302856,0.0,0.0,0.018190902791559934,0.0,0.0,0.017010230743056905,0.0036370808008540836,0.08525892297507034,0.0,0.0,0.0,0.07978074702781196,0.06844780685307823,0.0,0.0027029007429594494,0.0,0.013882594228385106,0.07734671664729215,0.01016768899429274,0.011908847989004252,0.023749643833971767,0.05776047025736882,0.0,0.0,0.029231374918641688,0.0,0.0,0.0032478396467052026,0.0,0.025861511575150393,0.0,0.0,0.013473842850030077,0.04046120822316308,0.017967352993826412,0.0,0.01842919834904695,0.008487683006014586,0.0,0.012712249043200523,0.0,0.0,0.0,0.0,0.0,0.020128842842042177,0.0,0.0,0.021789929299452115,0.0,0.010406062763899077,0.0,0.0,0.0018926556782479463,0.005427782776404163,0.0,0.0,0.0,0.05547588890592961,0.008502756470914844,0.04054238379445481,0.014545668270772475,0.03162559164583679,0.04681006911654162,0.0
LFQ intensity D2_9,0.0,0.010834979334336178,0.0,0.0,0.0049025426031538925,0.06349320181888972,0.0193747024776386,0.0,0.001838037186940484,0.0,0.0,0.01097871152271511,0.0,0.009310983595336665,0.01649171084497772,0.0,0.0897010732883561,0.0,0.0,0.0032776047373068557,0.05984664668493037,0.06693876409079029,0.0,0.0047941826425297,0.0,0.003733050327170177,0.07489355134417598,0.014260443643990612,0.006274360715849148,0.016214435663028007,0.06734119166403008,0.0,0.0,0.017477334575235516,0.023967398196709438,0.0,0.002660754712246989,0.0,0.0242347224714124,0.0,0.0,0.016869376408755653,0.04354411951720291,0.01733685124215672,0.0,0.028755607820264414,0.0,0.0,0.00894884468301792,0.0,0.008843484661351481,0.0,0.0,0.0,0.015393241520067045,0.0,0.0006667191133338722,0.033797131413662404,0.0,0.0022289982361876045,0.0,0.0,0.0020339969158113896,0.011110665691338608,0.01814140081816321,0.0,0.0,0.049652848101552426,0.007920046795172749,0.045203877252879714,0.017022223308791086,0.019512802526987526,0.0401773798315532,0.0
LFQ intensity D3_1,0.0,0.010460103695138862,0.0,0.0067176202895447195,0.00011138941532022638,0.05345000573257212,0.009232730309291556,0.0,0.009935956546298384,0.0,0.0,0.0036592482343999443,0.0,0.000564338632112767,0.056777203727897345,0.0,0.07051713159566392,0.0,0.0,0.0,0.07290080493146807,0.08136672139238818,0.0,0.0016868644216999741,0.0,0.02152566921580368,0.11199209113735743,0.02082383242146467,0.004409501996461611,0.016909214447926372,0.056112419859881815,0.0020266421297996354,0.0,0.030544869867771884,0.0,0.0,0.0036262415812837144,0.0,0.025566842011175473,0.0,0.0,0.014615097422385077,0.046340857894123434,0.01610286742914088,0.0,0.021262149396889328,0.0017960726848331805,0.0,0.01171754500956709,0.0,0.0,0.0,0.0,0.0,0.012666433150510133,0.0,0.0,0.0270905832178622,0.0,0.014976957047252236,0.0,0.0,0.0037489626560505934,0.00861242620852909,0.0,0.0,0.0,0.027931621573542835,0.0064404808372812055,0.03909574228181635,0.015358625812601962,0.009255705335367959,0.04470967980367651,0.007360748645847579
LFQ intensity D3_10,0.0,0.011351991122106365,0.0,0.0,0.0014544946301143467,0.055811857407550965,0.021469717236206436,0.0060611660593748,0.017132949373701363,0.0,0.0,0.013377542010032445,0.0,0.0,0.031033448169324615,0.004129592473312028,0.0569931804708924,0.0,0.0,0.0,0.06989554834575964,0.09602698293686626,0.0,0.0,0.0,0.022010205485880428,0.08652405118118463,0.01854587173474211,0.0009633809951192629,0.026356574405579595,0.05350991341629384,0.009716482646035822,0.0,0.03585035747085991,0.0,0.0,0.0018329548760660614,0.0,0.02718071631888694,0.0,0.0,0.0038292994882397537,0.0,0.016373570009377888,0.0,0.023757000170816906,0.0007789460227684786,0.0,0.011821721950667856,0.0,0.010426874875737306,0.0,0.0,0.0017782371607435589,0.03219195168665697,0.0,0.0,0.012519372144273396,0.0,0.02250897324702017,0.0,0.0,0.0009983796274725956,0.00568374554750698,0.0,0.0,0.0,0.05270635958159274,0.007617416432874927,0.03846807269654579,0.013897422175271372,0.02048054994190818,0.047104740366018485,0.009828388108616283
LFQ intensity D3_11,0.0,0.010775276878950392,0.0,0.0,0.0,0.04147411271931295,0.026636464615568296,0.008839164494929828,0.014753094728092973,0.0,0.0,0.0,0.0,0.0,0.0435714110911035,0.005172338547523465,0.07910559188104212,0.0,0.0,0.0,0.05135211620407956,0.08951697936903767,0.0,0.0,0.0,0.01340100320631883,0.08464323237087581,0.021573240611051005,0.0,0.020586807113332262,0.04930529562046071,0.0,0.0,0.028912922585943412,0.0,0.0,0.002824856859567562,0.0,0.02747417679170162,0.0,0.0,0.012053573165035537,0.023127358419045705,0.015121100903412905,0.0,0.02172677887577015,0.004129508448273154,0.0,0.003940514008548615,0.0,0.003373899477186576,0.0,0.0,0.0,0.025062400792226203,0.0,0.0,0.027658111369323727,0.0,0.032014162978401865,0.0,0.0,0.0007913545990462821,0.004386028480079828,0.0,0.0,0.0,0.042837245797944186,0.008406032986854823,0.04470941607436263,0.013785092274625566,0.025280391381555866,0.05071558117894291,0.02096336310047164
LFQ intensity D3_2,0.00708964097971265,0.011333376943413501,0.0,0.00870245469890529,0.01022245980371904,0.04928575050517166,0.011343747309593318,0.0,0.019487749995685352,0.0,0.0,0.020146372987723055,0.0,0.0,0.04508877111581207,0.0,0.09876219847113304,0.0032280306580324217,0.0,0.0,0.030437612096680187,0.04671359714697012,0.0,0.0,0.0,0.022514597423982066,0.0852679411118738,0.032458286398067866,0.0009538930544722128,0.009339235429876016,0.0684041071997373,0.0,0.0,0.005000796299799012,0.021629167833065954,0.0,0.003009320655588991,0.0,0.02712938843455909,0.0,0.0,0.0107655437270257,0.021679050026174616,0.01580437441920179,0.0,0.023854005708560864,0.010518145527378021,0.0,0.0211913766078048,0.0,0.003043543936349191,0.00035888335960649524,0.0,1.3367470306043412e-05,0.016381475622621704,0.0,0.0,0.030126177830148905,0.0,0.0,0.0,0.0,0.0,0.023499693473374685,0.03975359932431536,0.0,0.0,0.020398508244967927,0.024393918066501086,0.03182400223134302,0.014241723623338939,0.004978511010104782,0.04962560323730196,0.0
LFQ intensity D3_3,0.0,0.011223691857306612,0.0,0.0,0.0,0.0695802431684604,0.016598656603876293,0.0,0.017120022185826707,0.0,0.0,0.006921247015266494,0.0,0.0007971161758289118,0.04534799088644085,0.0,0.06678997343016553,0.0,0.0,0.0,0.07326191302988877,0.06742318935721996,0.0,0.0,0.0,0.014666417391278557,0.09061979668578027,0.0238356151984468,0.0009646499072212618,0.020918965276776426,0.056832577470837545,0.0,0.0,0.01704305243481244,0.024313818796226124,0.0,0.003336161950463314,0.0,0.027511504117113984,0.0,0.0,0.009345849656805011,0.0059164884556695005,0.016223457860789558,0.0,0.022988515723765406,0.00047686108259350395,0.0,0.009400513380222101,0.0,0.0,0.0,0.0,0.0,0.02533140523745662,0.0,0.0,0.028079772950482747,0.0,0.015486033003726926,0.0,0.0,0.0005188165753610933,0.012423813518193839,0.0017254782499324045,0.0,0.0,0.040011441922564346,0.006933509174463849,0.04220628855405802,0.023000231665379234,0.021623394816105212,0.05208283786591521,0.011118687367278111
LFQ intensity D3_4,0.0,0.011957499924817663,0.0,0.0,0.0,0.0406727282936334,0.020608427450460338,0.007235486604009864,0.004841326123720724,0.0,0.0,0.0,0.0,0.0,0.05641991086340072,0.006195956615345214,0.049852253257724626,0.0,0.0,0.0,0.07053493694774679,0.0798624413351851,0.0,0.0,0.0,0.021955809831261417,0.08491643294977809,0.016605931295644714,0.0008846074769887362,0.022041213145727805,0.05458531870633713,0.0024615024937992345,0.0,0.032506220231466446,0.0,0.0,0.0026843637804354133,0.0,0.025475215259317376,0.0,0.0,0.04492604094915226,0.019470527368800505,0.01684849665858495,0.0,0.028651233741605858,0.0,0.0,0.006192046425530826,0.0,0.008872608592615147,0.0,0.0,0.0,0.017523099402746368,0.0,0.0,0.03701755341372401,0.0,0.012073023139517323,0.0,0.0,0.005204857732541647,0.004114447172508792,0.0,0.0,0.0,0.04000207586049413,0.0025609174883347743,0.04267966821987501,0.02216916309756375,0.018812986794966385,0.042984718840913004,0.01759895251372458
LFQ intensity D3_5,0.0,0.011138755796354254,0.0,0.00720185335341343,0.0,0.047410601746511356,0.0213021018847766,0.0,0.009638727057705524,0.0,0.0,0.0030615347440770056,0.0,0.0,0.028039463881212017,0.0005998210816142438,0.07223226238576864,0.0,0.0,0.0,0.06257377745846959,0.05344340767761078,0.0,0.0,0.0,0.02387995392349607,0.08539890136150768,0.022457099471607574,0.0,0.022287252264073534,0.05311264699831405,0.004761190359441299,0.0,0.03718661030775702,0.0,0.0,0.0027582756638679295,0.0,0.027818702062205696,0.0,0.0,0.005513970916360506,0.012603181659793796,0.014196110070034879,0.0,0.040318994037167544,0.02846782766595923,0.0,0.004278361692763147,0.0,0.009813372450908818,0.0,0.0,0.0,0.03249617444144006,0.0,0.0,0.030164902833422633,0.0,0.0,0.0,0.0,0.0010683126399070283,0.006979712987107252,0.03695174099919856,0.0,0.0,0.042680669157647476,0.012452482034008392,0.042739045204970086,0.020323773867939345,0.017048481700955343,0.043254572359002104,0.0023453738016296515
LFQ intensity D3_6,0.0,0.010316620576827315,0.0,0.010342174100072496,0.0011269770323184426,0.03293175552753284,0.01994199565537879,0.008129510022169549,0.021040464931789165,0.0,0.0,0.008789720875342685,0.0,0.004000543344771585,0.04810107697793766,0.0,0.04207170810520082,0.03706880628678205,0.0,0.0,0.07976736226144485,0.040914808953434044,0.0,0.003538222286898353,0.0,0.024159753174356254,0.11049581660701736,0.030504752448222313,0.0008469424037817079,0.01564762675552692,0.05855788827119269,0.0,0.0,0.022910459213543673,0.0,0.0,0.002769788187731905,0.0,0.02597301492568738,0.0,0.0,0.0026128560378966713,0.0,0.013638902638570706,0.00322770072817019,0.018443033181604427,0.007506604260772737,0.0,0.016109417932925772,0.0,0.00672781003938897,0.0,0.0,0.0014633181865817387,0.01975403670224822,0.0,0.0,0.016204568511814642,0.0,0.0,0.0,0.0,0.0,0.011287368719552875,0.08243753922239465,0.0,0.0,0.024656036984628045,0.020047856958387265,0.03232193053619223,0.009406002894832068,0.009047701890354868,0.043397966796111014,0.0017615588526120301
LFQ intensity D3_7,0.0,0.011651800267645267,0.0,0.0060570102595374495,0.00013958779207645566,0.037993275332076144,0.020036264836127162,0.01484498123979349,0.006445416313325685,0.0,0.0,0.002871477076001149,0.0,0.0,0.0,0.005007692590539097,0.06618951863689808,0.0,0.0,0.0005485006211114287,0.08478930623856099,0.10347418312742675,0.018223768788764937,0.0,0.0,0.019339764235544624,0.08588197470219254,0.027661314304347578,0.0009182743955390774,0.025369985000452167,0.04891885099611359,0.00925820258355202,0.0,0.034045068963382843,0.0,0.0,0.0023792797996299844,0.0,0.02660182113135021,0.0,0.0,0.0,0.0,0.01701719034352922,0.003915833435446891,0.025302792492478996,0.0013595894894708595,0.0,0.004460975471313841,0.0,0.0,0.0,0.0,0.0,0.010659427195981385,0.0,0.0,0.03975020858335419,0.0,0.017854300451815353,0.0,0.0,0.0,0.005686839606394803,0.0,0.019865895678257875,0.0,0.04688235191401255,0.006134064048359267,0.06235636087005664,0.01776996009540395,0.022727621277469696,0.039609269814665934,0.0
LFQ intensity D3_8,0.0,0.010421912910271183,0.0,0.004293677829139328,0.0024909654258548288,0.03565661788708744,0.021670160772598267,0.0072126596339505905,0.013921624918687356,0.0,0.0,0.004463654190372044,0.0,0.0,0.0512921428319631,0.0003200022740134244,0.07106931636251357,0.0,0.0,0.0,0.08330288591429358,0.06605380455484094,0.0,0.0,0.0,0.026414036332823018,0.08716006183794858,0.03369319236582486,0.0009453936425299199,0.01691884319383846,0.06484619411711671,0.0,0.0,0.02858858599967261,0.0,0.0,0.0037027440556968365,0.0,0.029876362158155128,0.0,0.0,0.00679466049762946,0.009399397750379257,0.016662244032396346,0.0,0.020498983595445847,0.005414977204727326,0.0,0.012551924676147543,0.0,0.0,0.0,0.0,0.0,0.013365202638720052,0.0,0.0,0.030490981232055247,0.0,0.0,0.0,0.0,0.0,0.0129302907078228,0.02491864344880216,0.0,0.0,0.027627074726182768,0.00970519075400576,0.04601118045186183,0.01989649973538296,0.017046439984724684,0.04915861045432414,0.01321285890020013
LFQ intensity D3_9,0.0,0.010716794056507249,0.0,0.0008991845469671527,0.0,0.038302103529742046,0.020535111167262823,0.009401162406080537,0.013643962211312987,0.0,0.0,0.0,0.0,0.0,0.05810502858302443,0.0023292727189333185,0.05786409085819258,0.0010102482905125193,0.0,0.0,0.09411173606148401,0.0779532204414617,0.0,0.0,0.0,0.027508322142885688,0.09062297619155203,0.024228404298971568,0.0009859362348171293,0.02525547238755763,0.05564071132509674,0.0,0.0010442504427286222,0.031717389237287966,0.0,0.0,0.0018404248559557286,0.0,0.026887112535293266,0.0,0.0,0.0,0.017429797937554437,0.014269960674737492,0.005495915608976018,0.018361498820869675,0.0,0.0,0.006232114207337489,0.0,0.0027526409024142408,0.0,0.0,0.0,0.01930492619721226,0.0,0.0,0.017089817309554715,0.0,0.0,0.0,0.0,0.0006937929662798011,0.00942001295903126,0.008304320600851057,0.0,0.0,0.05674961011487679,0.0034569627836935823,0.051159667019891907,0.01376248057126415,0.022655813645362594,0.04360415153512998,0.01865360162133479
LFQ intensity D4_1,0.0,0.011072008293555782,0.0,0.014825191798125623,0.0034443258703822813,0.03218576318836561,0.01636905694905387,0.007064462770180438,0.018333056826504927,0.0,0.0,0.0036544941567581263,0.0,0.002781860096078188,0.051634843415067654,0.002249510182132478,0.06376123717826068,0.0,0.0,0.0,0.07221325459742405,0.08550804986015775,0.0,0.0,0.0,0.028597903201539997,0.11554187189423534,0.04097252543200398,0.0,0.010010008876529072,0.04867586490063819,0.0,0.0,0.023064501697372054,0.0,0.0,0.002279678473737442,0.0,0.028488860598843296,0.0,0.0,0.0,0.005137558452508516,0.019630181473745626,0.003936851745835068,0.016055833380256276,0.009453509386055653,0.0,0.01243590558690759,0.0,0.008431965184031085,0.0,0.0,0.000927067615943662,0.014566788164427672,0.0,0.0,0.025789083579192594,0.0,0.029381692708933684,0.0,0.0,0.0031913973613404627,0.009150205733664464,0.0,0.0,0.0,0.018461724398850594,0.018546090296938687,0.040046273409953356,0.012588922298033604,0.015065322724835654,0.04472013278907227,0.009755163452526645
LFQ intensity D4_10,0.0,0.009523499873941233,0.0,0.007026397207211594,0.0,0.06025276599057923,0.0065210922915235016,0.017556131087724313,0.015536590594599047,0.0,0.0,0.0,0.0,0.01995841589340719,0.06509015763357366,0.006082046928570174,0.04335852991680963,0.0035679936220444565,0.0,0.0,0.07899528665265194,0.08967087912625304,0.0,0.0,0.0,0.02984824225605988,0.08749117364912166,0.03309103945564784,0.0009227254053624652,0.027951275516902258,0.033634953689924585,0.0,0.0,0.03049537177804783,0.0,0.0,0.003456091806070723,0.0,0.019588611111969353,0.0,0.0,0.0,0.0,0.020099563033526894,0.0,0.021078262412503664,0.0,0.0033884045877684574,0.0,0.0,0.0022860508283021317,0.003212214324063317,0.0,0.0,0.021300951589756176,0.0,0.0,0.024373251957471254,0.0,0.0,0.0,0.0,0.0005971044845210552,0.0033905594131812913,0.04855509584855655,0.0,0.0,0.012794229631318542,0.022694240413282017,0.035539320417988816,0.016901653784327075,0.0053684422290603715,0.04293630368275552,0.025865079873621452
LFQ intensity D4_11,0.0,0.012264182262272745,0.0,0.031635565679030954,0.0,0.04910464424840834,0.015251786329113145,0.010353392862347708,0.017790718636894933,0.0018472904248128836,0.0,4.1832806553297446e-05,0.0,0.0035240080085327907,0.04575796200217875,0.0,0.08268157434655761,0.0,0.0,0.0,0.038430186101398964,0.07014023159205311,0.0,0.0,0.0,0.014262291211302435,0.10232872817467112,0.05137343271540854,0.001092581176274309,0.008268410633374322,0.05793953676748705,0.0,0.0,0.02318842792041839,0.0,0.0,0.003771696485590988,0.0,0.03362440010861972,0.0,0.0,0.0,0.0,0.024172049574986865,0.0024281384522344897,0.03374767276927735,0.0,0.0,0.011449712696196995,0.0,0.0,0.010978511392292755,0.0,0.0,0.028685048620382472,0.0,0.0,0.018416498810181803,0.0,0.0,0.0,0.0,0.0,0.00875149759385606,0.015521954380820647,0.0,0.0,0.024613258952969536,0.025056141393133828,0.0399743703876016,0.017648922922010042,0.008205232935757364,0.05567810862499595,0.0
LFQ intensity D4_12,0.0,0.012991139173745723,0.0,0.005268531742735132,0.0,0.036785976137659625,0.014113213867982423,0.028090499025355986,0.008487941967713986,0.0004937176405275501,0.0,0.0,0.0,0.0,0.02717921203853305,0.0017278688081370532,0.07274208332391177,0.01900250037083194,0.0,0.0005064840621989038,0.043851357361580835,0.05966920885623897,0.0,0.0,0.0,0.014708331466208905,0.10194653498330387,0.04819459907827886,0.0010424624506846667,0.0160024305776793,0.055009800824939586,0.0,0.0,0.024916526901532465,0.0,0.0,0.0031269303617957713,0.0,0.03205472027350115,0.0,0.0,0.0,0.0030954614051201808,0.021070483170437106,0.0030868767479452024,0.021137695422959492,0.0052188992508320625,0.0,0.0054267111749674544,0.0,0.009740637054130702,0.032663342613549765,0.0,0.0,0.029566688666908633,0.0,0.0,0.023531146244694583,0.0,0.0,0.0,0.0,0.0,0.008326481789576097,0.047540974157443454,0.0,0.0,0.01619038649882586,0.014896696313551278,0.02310720543810672,0.019856418028036907,0.009796561013625195,0.04597056061902608,0.03186470309518554
LFQ intensity D4_2,0.0,0.010490527406251005,0.0,0.010782508455375293,0.0,0.048413311268929296,0.016453966509476326,0.010899522279843548,0.015918011091934234,0.0,0.0,0.0,0.0,0.0,0.08230323521432265,0.012565711813752727,0.05715320035480573,0.0,0.0,0.0,0.08730341520081598,0.09617894146279944,0.0,0.0,0.0,0.002233212301970368,0.09001221462401653,0.032479864329129186,0.0,0.021842676347016813,0.03428246334984437,0.0,0.0,0.027519393714741384,0.0,0.0,0.0029653072614900327,0.0,0.027165969308599634,0.0,0.0,0.0,0.02370414803124391,0.019030060946317272,0.0,0.025118419222629085,0.0,0.0007151274501767726,0.00800392171149957,0.0,0.005010390579595898,0.004312111572687054,0.0,0.0,0.021119404119631906,0.0,0.0,0.02212991691468795,0.0,0.0,0.0,0.0,0.003387757180145495,0.0,0.0,0.0,0.0,0.03183708881117515,0.022541154585441484,0.04024354949550513,0.01450590838795035,0.009932869628452766,0.04694738780882576,0.014497331258919825
LFQ intensity D4_3,0.0,0.010785119846286044,0.0,0.007877151019033942,0.0,0.04059335928471312,0.01576391383021784,0.008008981852870897,0.018215169640361396,0.0,0.0,0.0,0.0,0.009144051395433977,0.043462794664339305,0.0040831471846828485,0.07530122913897165,0.0,0.0,0.0,0.07057804398682066,0.10331932152359664,0.0,0.0,0.0,0.02086933328829776,0.08818552569784258,0.03655594674530404,0.0,0.021293603209431813,0.039670719893973506,0.0,0.0,0.026746111915438076,0.0,0.0,0.00148553607744752,0.0,0.030330731973728108,0.0,0.0,0.0,0.011487287172156368,0.01988110419451233,0.0003600449552753951,0.01997091117174564,0.002427710161154994,0.0,0.008113741982887928,0.0,0.004009418042046482,0.0,0.0,0.0,0.026028665036272294,0.0,0.0,0.02426298588476942,0.0,0.024885706319930558,0.0,0.0,0.006603197234167315,0.008984655338518638,0.0,0.0,0.0,0.02043704272082621,0.020831108153740122,0.04303547705607669,0.02042224457844199,0.015200176504707287,0.04549738064205471,0.005291350681923786
LFQ intensity D4_4,0.0,0.011512816221529906,0.0,0.0,0.0,0.060133015569657,0.014539965334206399,0.014255551286888685,0.016389464688755354,0.0,0.0,0.000406283272869182,0.0,0.004731259930186125,0.042064422102163136,0.006350378450922861,0.06233260116445306,0.0,0.0,0.0,0.08299468392708165,0.0971264128114528,0.0,0.0,0.0,0.027083718000489775,0.08648230373033851,0.03781975988777494,0.0009601223298061959,0.016214153104127445,0.06282823305843452,0.0,0.0,0.02556775524297812,0.0,0.0,0.00472989340882765,0.0,0.019335284567409877,0.0,0.0,0.0025645092440396903,0.012510600592109651,0.016492782614398585,0.0,0.02443727958631148,0.0,0.0,0.013307966818792425,0.0,0.0,0.0,0.0,0.00010729127196423454,0.024759732868099574,0.0,0.0,0.02861659303874477,0.0,0.0,0.0,0.0,0.0,0.008310697300860901,0.008336808547799076,0.0,0.0,0.02419873106309161,0.016506485844912305,0.04483065070493267,0.010610870621351673,0.016791041435164814,0.04857800999376727,0.00518187036330606
LFQ intensity D4_5,0.0,0.010555878463625342,0.0,0.0006948343596427779,0.0015316390471762622,0.05329180665037584,0.010994890463437832,0.014083701592103514,0.015424077193966967,0.0,0.0,0.0,0.0,0.0010867892987467445,0.03789972080475547,0.005060841559165153,0.07119819724806688,0.0,0.0,0.0,0.07023348909924644,0.09964383370535909,0.0,0.0,0.0,0.02744616845202099,0.08882058695413733,0.03686632759392468,0.0,0.007715237644143046,0.04991400291990963,0.0,0.0,0.030967324543523505,0.0,0.0,0.004590045001541114,0.0,0.019532253976939477,2.7011443776032e-19,0.0,0.0,0.00919026209004132,0.02039739995036456,0.0018407747729148236,0.0335195427274774,0.0,0.0,0.004636079129307119,0.0,0.009751961145984058,0.0,0.0,0.0,0.02561344017048824,0.0,0.0,0.02897520568700343,0.0,0.01606327635327067,0.0,0.0,0.0017832092405518966,0.01031719230546312,0.0,0.0,0.0,0.030971512084503147,0.018578212950879778,0.049730143588363085,0.012928736618091274,0.01308952016290573,0.0439489052251097,0.011112979225472669
LFQ intensity D4_6,0.0,0.010772275686818544,0.0,0.0,0.0,0.05366822967970268,0.019263456407518947,0.007626011227220582,0.019740134289736085,0.0,0.0,0.0,0.0,0.0027232740556522314,0.032968853791134824,0.0031609534647984187,0.04560497989247914,0.0,0.0,0.0,0.05111872529424644,0.10449978803448844,0.0,0.0,0.0,0.026588353555585843,0.09007158899801944,0.03556708154488236,0.0,0.02589500850666958,0.028912162106437288,0.0,0.0,0.02373746100207234,0.0,0.0,0.002642805445195076,0.0,0.031528098093118004,0.0,0.0,0.004140151500990748,0.011153089480328074,0.01650559719737583,0.0034797518523913074,0.03246641847693273,0.0,0.0,0.0,0.0,0.010051304560329615,0.0,0.0,0.0,0.02745144861092548,0.0,0.0,0.02555508287661376,0.0,0.02895328989919788,0.0,0.0,0.0029840185296466063,0.0069355228144210345,0.0,0.0007643053106632773,0.0,0.02737712458345637,0.017433260783231933,0.04352779131396698,0.0218893425511909,0.023168330917399175,0.05642983109187489,0.02364509657328711
LFQ intensity D4_7,0.0,0.011557840810596734,0.0,0.012712409932792702,0.0,0.05778872123880881,0.016811892009188534,0.004727268711857319,0.015728788236913763,0.0,0.0,0.006221173200505454,0.0,0.004244100163663056,0.058624158796488544,0.006890867623748536,0.0678847142668243,0.0,0.0,0.0,0.07520240279355266,0.09175023723549375,0.0,0.0,0.0,0.0,0.09607238161610683,0.03969224032345821,0.0009954566877536026,0.0338703471309978,0.03620765451838542,0.0,0.0,0.029275961024086847,0.0,0.0,0.005098479417744349,0.0,0.020983256244326638,0.0,0.0,0.0,0.0034322295688488024,0.022306829673684372,0.0,0.032150554972766275,0.0,0.0,0.019409601853927216,0.0,0.0,0.017808703474627877,0.0,0.0014487107358050284,0.01566546127240124,0.0,0.0,0.02577075045854673,0.0,0.0,0.0,0.0,0.004004629520877859,0.007819788100634346,0.006512224998074043,0.0,0.0,0.028301551777216015,0.02018535689393554,0.03673845684597359,0.0031660488272895228,0.010546388090723984,0.052392360951373736,0.0
LFQ intensity D4_8,0.0,0.008730987592007921,0.0,0.0,0.0,0.06317249776772726,0.013985695702909282,0.006030602215111019,0.01611430550166163,0.002215181064349941,0.0,0.0,0.0,0.0017427757883621735,0.046182947720443145,0.0031852478513074347,0.0318862294875085,0.0584393358378869,0.0,0.0,0.04092477913690572,0.04638203750714962,0.0,0.0,0.0,0.029725662800268966,0.1286071273532939,0.02492785877848167,0.0009053870183686465,0.0182238868016131,0.033306585213044866,0.0,0.0,0.02600256244162141,0.0,0.0,0.002909413420251085,0.0,0.019857930409241584,0.0,0.0,0.0,0.0001726650063396717,0.019271337717094057,0.0,0.03173063822155649,0.0,0.0,0.007000821826824022,0.0,0.001603825443403829,0.0,0.0,0.009457978034227996,0.02610520521714687,0.0,0.0,0.037011368686368055,0.0,0.0,0.0,0.0,0.009719011050635688,0.004544689280357879,0.05935356901313469,0.0,0.0,0.040932936387752195,0.01383998635516139,0.02992326790532542,0.007780004616976752,0.018316753748823737,0.04612522534293893,0.013651678736416694
LFQ intensity D4_9,0.0,0.011003907818514848,0.0,0.01475219443068717,0.0,0.04919380289065272,0.002742012877638862,0.012873112816106516,0.022646723332052927,0.0,0.0,0.008668969933702699,0.0,0.0,0.09193155613470538,0.0,0.030404884294388965,0.034573680932693564,0.0,0.0,0.061017442615287396,0.056574508933427886,0.0,0.0010991047770034165,0.0,0.022223163501249844,0.123599948110047,0.028514403130953783,0.0,0.013072738186556613,0.03960322232484984,0.0,0.0,0.03171856084532427,0.0,0.0,0.0028486606753550902,0.0,0.027720277092095066,0.0,0.0,0.0,0.0,0.019202171104046782,0.0012078880483941303,0.024277542926347886,0.0003000716271521041,0.0,0.005549667872421392,0.0,0.0,0.016404760356539507,0.0,0.0,0.03005130328385399,0.0,0.0,0.01154587975903277,0.0,0.020345839764387787,0.0,0.0,0.00827206057492299,0.014433894656317224,0.026158231893439573,0.0,0.0,0.01888713019660976,0.025839673634413817,0.02822983705123225,0.016320038086840214,0.001265008982884793,0.03502478706791701,0.009901337459952187
LFQ intensity D5_1,0.0,0.01249731110772844,0.0,0.01549422954135822,0.008337152596884312,0.036356524620577826,0.0085831371382614,0.029213115124928794,0.0022787773217880242,0.005008937591563387,0.0,0.0019421575967739665,0.0,0.0,0.031972718167138,0.0,0.06439861555423912,0.0,0.0,0.004040393076334881,0.017695170336561872,0.10103608800604018,0.0,0.0,0.0,0.015419213087927187,0.09812235336815234,0.03764518002061263,0.0,0.0011875525786879512,0.06235336406366637,0.0,0.0,0.02182355874103072,0.0,0.0,0.00454933962901791,0.0,0.03268198042744568,0.0,0.006852605009403228,0.0,0.00807332612822473,0.01835976230101446,0.0,0.035529176648930655,0.0025370395875351738,0.0,0.009163629518492377,0.0,0.013505351217574709,0.0,0.0,0.0,0.012236803563217276,0.0,0.0,0.04283854143209428,0.0,0.04425787146717053,0.0,0.0,0.01065928933369526,0.018420895364607674,0.0,0.0,0.006030598549945443,0.0036886862043444776,0.013433584603330185,0.04747846512737317,0.018160127039196262,0.011709366624963635,0.04814130223904535,0.016286708343121962
LFQ intensity D5_10,0.0,0.011567771404416793,0.0,0.02113865117669248,0.0,0.055398945129177736,0.002015628155496413,0.031274225929736166,0.00983953155428563,0.0029327623080590815,7.222332238758578e-06,0.0025229016750920475,0.0,0.007345486600103231,0.0,0.0,0.06944466457729508,0.0,0.0,0.0,0.01863819133884931,0.0768480904078366,0.0,0.0,0.0,0.014330579151769095,0.13471279532203884,0.04810763619295757,0.0,0.027593706541309614,0.03389175740016028,0.006208705635303388,0.0,0.026350985683521854,0.0,0.0,0.005133219008464211,0.0,0.02860670877747682,0.0,0.006251270151911831,0.0,0.014411109521165422,0.018644049827519257,0.0,0.035893167185542696,0.0011250207717831584,0.0,0.007684625509307022,0.0,0.011263248190601063,0.016728849875877458,0.0,0.0029353282505548313,0.020636515041982887,0.0,0.0,0.04239366723581391,0.0,0.026817170585454454,0.0,0.0,0.015343007236448882,0.01927779759287078,0.0,0.009689845556553636,0.010762966840634786,0.006669954766195635,0.0013518705151234032,0.027382861704293965,0.015228396287646984,0.0,0.047658244019223375,0.00794086703121336
LFQ intensity D5_11,0.0,0.01140092804104789,0.0,0.0,0.0,0.06553591167222943,0.008667586406574583,0.026342395204391043,0.00911199616362343,0.0010676313383022526,0.0,0.009267753182462979,0.0,0.007567496442209702,0.0036086400292214167,0.0,0.042704133479967515,0.021237275359316347,0.0,0.0,0.02599246837201001,0.06614639112373871,0.0,0.0,0.0,0.01758202965920851,0.1294924153421532,0.049547670447721216,0.0,0.03091930577881346,0.02181543411359161,0.0,0.0,0.021897707480777587,0.0,0.0,0.004951807242108478,0.0,0.028122162237709906,0.0,0.00443989035507667,0.0,0.0,0.017980701647124002,0.0,0.031751842422962674,0.0026135206203138873,0.0,0.013315289708389513,0.0,0.0,0.009976049772425019,0.0,0.0032482195525455277,0.01884494968935268,0.0,0.0,0.038465132398440176,0.0,0.03031898869943068,0.0,0.0,0.011338990930007349,0.025679194416380537,0.015118257848308001,0.04524315432056759,0.0022726709726566324,0.014952050537990988,0.0,0.02673984912119008,0.014500622811841626,0.005894443209234155,0.04812228715558657,0.016204754692996346
LFQ intensity D5_12,0.0,0.010716413764458838,0.0,0.023536488672171094,0.005192066514354834,0.054825082858485766,0.004385560201534855,0.022910473693310746,0.006744702753047462,0.0,0.0,0.005907725872507107,0.0,0.0005313475317783404,0.014161769056312787,0.0,0.07817397664426788,0.0304684451831235,0.0,0.0,0.015250010772388214,0.04318335223479801,0.0,0.0,0.0,0.013747708302338638,0.10052930190666304,0.04428655012905999,0.0009921086082364488,0.0,0.06354494592116332,0.0,0.0,0.019990060981389845,0.0,0.0,0.004057151489747002,0.0,0.030240968643302946,0.0,0.01326818153661952,0.0,0.0,0.01767429077702335,0.0,0.03455988434510208,0.002005893082628878,0.0,0.007057667169703184,0.0,0.007367594434598482,0.05692107506881205,0.0,0.0,0.012642712028593822,0.0,0.0,0.04597230944066909,0.0,0.0,0.0,0.0,0.011364158443018219,0.018505441394023884,0.06863243973428039,0.0,0.010779415941299901,0.005388131013058679,0.009248820658236494,0.01998570104705915,0.012320867769758286,0.0,0.04900540598688998,0.003923798394183964
LFQ intensity D5_2,0.0,0.012508656279763771,0.0,0.0,0.0,0.05092351154307023,0.0115733770421664,0.02887588777388836,0.004988545226723349,0.001011884923443899,0.0,0.011479259231385089,0.0,0.0,0.03142151995640366,0.0,0.06403924733563002,0.0,0.0,0.0013374985666604739,0.022400314382179327,0.0758546432280999,0.0,0.0,0.0,0.023872158397136554,0.10283277666319163,0.04152178622865576,0.0,0.024593153976589063,0.036994400670246334,0.0,0.0,0.02447849149768747,0.0,0.0,0.004679165030752907,0.0,0.023022157633520838,0.0,0.0,0.0,0.0,0.020002075795648364,0.0,0.03641617273626929,0.001646995970917526,0.0,0.02106387283407464,0.0,0.009680853573329344,0.008214223052765233,0.0,0.0,0.02172981807803442,0.0,0.0,0.04090698603792204,0.0,0.03338307134695007,0.0,0.0,0.016643758023399086,0.028869100171884526,0.0,0.0,0.016796796117130995,0.008193259015785263,0.0,0.03384277292359629,0.018353513725518467,0.010295304514012976,0.054860020611972045,0.020692969883594432
LFQ intensity D5_3,0.0,0.011989240682055036,0.0,0.01793311111255431,0.003315004559843681,0.046360620894523565,0.007574606023446078,0.03342890954663721,0.007841628619658939,0.0006451153544729875,0.0,0.002147950558408391,0.0,0.010006474704980641,0.02773018184583315,0.0,0.056411619803750944,0.003294312230293851,0.0,0.0,0.013589158560199958,0.08707234367701938,0.0,0.0,0.0,0.020628397811927553,0.107628697677712,0.04374500618482839,0.0,0.034700593298808154,0.023663227022558825,0.0,0.0,0.024139736046933948,0.0,0.0,0.006861896415331804,0.0,0.03103737845896395,0.0,0.014651554734971184,0.0,0.0,0.020029598074988015,0.0,0.03021211680343285,0.004935787550775972,0.0,0.01202310640894683,0.0,0.0,0.002479141580017346,0.0,0.005781863292437571,0.015277489716209288,0.0,0.0,0.03934983213371362,0.0,0.03479710158467443,0.0,0.0,0.01832750958728572,0.026058447999855804,0.0,0.0,0.01017396617665643,0.008093463857618978,0.006990898940771842,0.032882655427992964,0.01308788705020148,0.006899806536885101,0.054697434613074324,0.02150512683874744
LFQ intensity D5_4,0.0,0.013702231487012924,0.0,0.021312472357205486,0.0,0.04545568933091864,0.011722040252035382,0.03245349422367924,0.0,0.002795335236406401,0.0,0.003707981954517115,0.0,0.0,0.01453542999458775,0.0005103129158260804,0.06480628506061202,0.0,0.0,0.008790802570787494,0.03543739490168383,0.08665214426239921,0.0,0.0,0.0,0.012512839612891112,0.10340573329803492,0.048194680300802456,0.0,0.03265358640159593,0.03885804412914866,0.0,0.0,0.02925478278001456,0.0,0.0,0.0034598583505362625,0.0,0.0300590952790869,3.760312015346831e-18,0.0,0.0,0.0,0.01971837855142592,0.0,0.03179876373495082,0.0051915173905260495,0.0,0.011652687453747248,0.0,0.009508000031418348,0.009001005199157164,0.0,0.0,0.00878092525684457,0.0,0.0,0.04989160312877843,0.0,0.03795589787197987,0.0,0.0,0.013555867809291156,0.013761319825830313,0.0,0.0,0.00983059919928278,0.007047932967415606,0.007323084100521802,0.04243803535537419,0.018002425634999812,0.01087372562728033,0.05338799616139306,0.0
LFQ intensity D5_5,0.0,0.012152220092914699,0.0,0.02303166773505422,0.0,0.04733998606311361,0.0167046960247944,0.017348187131681188,0.019793202124424716,0.0,0.0,0.0,0.0,0.0,0.0,0.006353471051823099,0.06322999473675728,0.0,0.0,0.0,0.031393799101415015,0.13682288349612795,0.0,0.0,0.0,0.011242718500873473,0.09396277187875929,0.03614131986146946,0.0009694204897838137,0.019498835907017828,0.03131165360965727,0.0,0.0,0.022394905997161523,0.0,0.0,0.002978112122217763,0.0,0.028301717937512072,0.0,0.0,0.0,0.0,0.019382821888918475,0.0,0.03297213165635308,0.005053830393826064,0.0,0.011915047823058269,0.0,0.004084215815346768,0.0,0.0,0.00011165186147415207,0.0163350963399535,0.0,0.0,0.0381089635920444,0.0,0.03476796319776491,0.0,0.0,0.0035931490065194247,0.0050361379001860945,0.0,0.03160315802615082,0.0,0.01202454409918828,0.03238440076136091,0.06070674700693134,0.00236306899372038,0.015906472496407136,0.05267903527823733,0.0
LFQ intensity D5_6,0.0,0.012945892004378458,0.0,0.0281394966804331,0.014662894489827825,0.060115541825638094,0.00570580072008666,0.025209442629070888,0.009874555404150534,0.0,0.0,0.0,0.0,0.0,0.04660267848352697,0.003377726144392412,0.048413574614664924,0.024178403370472498,0.0,0.0,0.030976888091248475,0.07714798449589765,0.0,0.0,0.0,0.02435504320519428,0.09022574854626873,0.04750494823180892,0.001027148509838492,0.006727908510363127,0.0501412334045973,0.0,0.0,0.026291051456066108,0.0,0.0,0.003299462624248277,0.0,0.030355563622047634,0.0,0.00045151437406898605,0.0,0.0,0.01809268775710689,0.0,0.03428327614840941,0.004029179169175978,0.0,0.006751938785052627,0.0,0.009934938825349942,0.02814042242400827,0.0,0.0,0.008373758837313299,0.0,0.0,0.04345290309863099,0.0,0.0,0.0,0.0,0.005051856025279243,0.004810122893576924,0.03340043276331781,0.0,0.0,0.013535984272962421,0.0211674147270178,0.03203983523479787,0.00686105173381409,0.0,0.052160389229596815,0.010183306636299226
LFQ intensity D5_7,0.0,0.012440394906367266,0.0,0.014690095162217183,0.0,0.04938534171228526,0.007906686535782349,0.032746303931302796,0.007963942616719911,0.0,0.0,0.010597502680853153,0.0,0.0020197951441108483,0.0,0.0,0.10770196129049753,0.0,0.0,0.001004337403566795,0.030184842174681255,0.08489072508928573,0.0,0.0,0.0,0.018490919698330565,0.10440346719596726,0.03687664388501191,0.0,0.026853344204048002,0.032349863968992185,0.0,0.0,0.03064637610315114,0.0,0.0,0.0043173890996716525,0.0,0.03360512441429853,0.0,0.004969478497225913,0.0,0.01614055716032567,0.01935435551390017,0.0,0.03483153441121366,4.348698387733143e-05,0.0,0.009677237227241132,0.0,0.0,0.010431053055127135,0.0,0.0,0.020479462288172594,0.0,0.0,0.04134140901352316,0.0,0.0,0.0,0.0,0.014715638934399235,0.024961093426508065,0.0,0.0,0.0070464358771808585,0.012997044424380318,0.005182814590921686,0.037649500121192066,0.020895805877018697,0.004207397898721771,0.04670022433412449,0.019300413147804698
LFQ intensity D5_8,0.0,0.011318308888462325,0.0,0.002211936057698074,0.0026355696217764913,0.051668788459696205,0.010585786494610156,0.03133448266273925,0.005773485780935214,0.0024174997381317923,0.0,0.0017640007179081827,0.0,0.0029380711970499727,0.049030692707765854,0.0,0.047313776218046666,0.012324549949063863,0.0,0.00028505383121157744,0.02740071884770332,0.08273241419021368,0.0,0.0,0.0,0.02432197997254426,0.1053555419064343,0.04737150853729055,0.0,0.021448309856558875,0.03876294515866162,0.0,0.0,0.026202990256877046,0.0,0.0,0.004168552247272593,0.0,0.03353710644458811,0.0,0.004975789495057558,0.0,0.0,0.017654888076807387,0.0,0.04067103490412088,0.0,0.0,0.008193106116767448,0.0,0.005150972212043682,0.010900459625539954,0.0,0.0,0.01698456146098131,0.0,0.0,0.04748447055192858,0.0,0.0284438992527005,0.0,0.0,0.012795293980996401,0.023856303697352966,0.0035405633454701807,0.0,0.0021029776718673476,0.015414398931824416,0.0,0.025364810820835238,0.02168331759519509,0.005092121567596912,0.05090323395831098,0.01588372699136328
LFQ intensity D5_9,0.0,0.01147243485296851,0.0,0.022000124445044792,0.0,0.053238849715900365,0.0028659976097959745,0.02899814926417022,0.007397961866226998,0.003613375133718688,0.0,0.0006960312469072068,0.0,0.00012360478773055608,0.034255375607374,0.0,0.06218866982598615,0.006520486378166887,0.0,0.0007566880369501704,0.021596414240153027,0.07158956364050723,0.0,0.004487284972363268,0.0,0.03032308151291306,0.12378031796835157,0.04979453544940416,0.0,0.018992496135342662,0.03541069793522389,0.0,0.0,0.0213931557423361,0.0,0.0,0.006452935898151343,0.0,0.022467895251963757,0.0,0.003999153489560564,0.0,0.0,0.0179054551793619,0.0,0.03059207380690075,0.005217643538967567,0.0,0.010510875585298824,0.0,0.004850218238995856,0.03730552127447265,0.0,0.0,0.00731615750422098,0.0,0.0,0.0443785219027372,0.0,0.0,0.0,0.0,0.008739854894450838,0.018083758472756856,0.04145949010670925,0.0,0.01201769698295819,0.007782858279576446,0.0072426772906348845,0.029420442629468777,0.013323358602846995,0.0,0.04966060450621356,0.00977751019621738
LFQ intensity D6_1,0.0,0.011007584633195877,0.0,0.02096423918564639,0.012445697534773717,0.06057396968131001,0.0011745354805461103,0.026127600927625772,0.01253046895589035,0.0014709545615568186,0.0,0.0022012023655686524,0.0,0.0,0.038538147256515234,0.0,0.06020402382067124,0.025088367866477935,0.0,0.0,0.018031058780895358,0.05432900466679476,0.0,0.0,0.0,0.013801543054703692,0.09520346138866978,0.0473272239984905,0.0009293236214884639,0.0,0.06149367436942161,0.0,0.0,0.024034607710645497,0.0,0.0,0.0033286674093305447,0.0,0.02834649495167875,0.0,0.00816390697408962,0.0,0.0,0.017370999235961505,0.0,0.03357517738049551,0.002754834288817643,0.0,0.010729693309769143,0.0,0.010701573677672034,0.03513423945655489,0.0,0.0,0.017271782876571513,0.0,0.0,0.03979910810411505,0.0,0.0,0.0,0.0,0.008649789974681122,0.016891573398730042,0.06622102843727509,0.00023273104864876266,0.008831281476576204,0.004891118617133482,0.00662877760133865,0.023146549672512937,0.016917149751739136,0.0,0.047829217093480626,0.005107615401939967
LFQ intensity D6_10,0.0,0.01100760109835605,0.0,0.03048480095384036,0.00614872320365628,0.06265441987867545,0.006406933157603284,0.027132738478928647,0.012824516871329404,0.002610192761621553,0.0,0.0,0.0,0.0,0.045862600384672186,0.0033279029922508516,0.028845431446100116,0.032721950070429766,0.0,0.0,0.015113522378508621,0.06328579272841767,0.0,0.0,0.0,0.02509936306874318,0.0974209938572693,0.034613304673143344,0.0002792865745320434,0.014794425346086226,0.039975283860818084,0.0,0.0,0.02044625067290761,0.0,0.0,0.005420242308335792,0.0,0.028360365313475928,0.0,0.007940353267930177,0.0,0.0,0.017555331249445402,0.0,0.03293023446973837,0.0045778816987446175,0.0,0.00947596044516451,0.0,0.005504283959530146,0.027770001579577246,0.0,0.0,0.035041267330899295,0.0,0.0,0.021241866752654492,0.0,0.026044469239302936,0.0,0.0,0.010222975225113983,0.011226980416871576,0.03160976971044297,0.010207144146267291,0.0,0.0066549649787947295,0.023130951039813025,0.033582634151364955,0.017061957217237814,0.0,0.050824964289795715,0.0025593667516089396
LFQ intensity D6_11,0.0,0.010890050967386062,0.0,0.00276283967759322,0.014053343308069803,0.06802244890214965,8.810341462725299e-05,0.02129344241680762,0.006670978105098899,0.0027602372838576145,0.0,0.0,0.0,0.0,0.02373099647864345,0.0,0.054679181915914775,0.0,0.0,0.0,0.018073747510286505,0.07604382436531217,0.0,0.0,0.0,0.01725685040228035,0.11457043386233719,0.04761132399938177,0.0,0.0,0.07728677197359383,0.0,0.0,0.02856727414022481,0.0,0.0,0.004492638677351216,0.0,0.029558617193501682,0.0,0.01683175943093826,0.0,0.0,0.018464025492147887,0.0,0.03315776305858704,0.003358009743644117,0.0,0.005681663296662828,0.0,0.02847890542549657,0.0,0.0,0.005067438160073912,0.02457968478265479,0.0,0.0,0.04303366740795142,0.0,0.03806184404389633,0.0,0.0,0.009666361964256655,0.021606670538836213,0.0,0.0006587637361815802,0.007031202027614005,0.0,0.01182544400888759,0.033613046930592486,0.012197745522633387,0.001308682206450814,0.05173835088743265,0.015225866740643811
LFQ intensity D6_12,0.0,0.01206949056495395,0.0,0.019044329874550323,0.0,0.06992358533152664,0.0,0.01939784558823241,0.006418021386812754,0.007920083242013464,0.0,0.0,0.0,0.0,0.040591310730692005,0.0014919464207425641,0.04831625893277565,0.043256878250756435,0.0,0.0,0.014562357091984517,0.05228543399921417,0.0,0.0,0.0,0.010859027359630673,0.11866687755752117,0.04439832883918826,0.0009105080558364572,0.027033258568497795,0.0158463540002345,0.0,0.0,0.016400045100674356,0.02770427592101222,0.0,0.0036888675180419446,0.0,0.028370934309874526,0.0,0.0,0.0,0.0034069199084286322,0.01752499132940575,0.0,0.029841386858853826,0.009510584319409798,0.0,0.01747681424686516,0.0,0.0,0.05553295839856566,0.0,0.0005537803917939939,0.026079749745909982,0.0,0.0,0.03014862467975694,0.0,0.0,0.0,0.0,0.001933789939637704,0.012794089629601966,0.06076306367512796,0.0,0.0,0.009964224618658988,0.02318699779903124,0.02052639085936983,0.0,0.0,0.04680338026155456,0.004796234693261345
LFQ intensity D6_2,0.0,0.012326463641821214,0.0,0.0,0.0,0.07238413549277573,0.009811516660675453,0.022994876718890264,0.016683883323560637,0.0071993772064691906,0.0,0.003062920907411438,0.0,0.0,0.05579897754858544,0.0,0.057037282103654774,0.003785702922793893,0.0,0.0,0.01510335140042315,0.07680805144840892,0.0,0.0,0.0,0.009260929183290273,0.09694963117769115,0.04436332417009366,0.0010103155902613837,0.01444485764590049,0.043828790712498046,0.0,0.0,0.025089045160974523,0.0,0.0,0.0038915390839103594,0.0,0.02814063075997238,0.0,0.0173993806277228,0.0,0.0,0.017268324010628347,0.0,0.03317425724857163,0.005100810987597204,0.0,0.010231360672933482,0.0,0.007362817588004814,0.03353510463788033,0.0,0.0,0.02251614421814017,0.0,0.0,0.027600138261588702,0.0,0.0,0.0,0.0,0.011676756307038275,0.023068422590423944,0.026917211363343622,0.011799810696874295,0.005228547339775488,0.01829013005619196,0.0,0.021318187168676443,0.01344959360373356,0.0030769542600556955,0.059289752551255355,0.011720692949501583
LFQ intensity D6_3,0.0,0.010645623251056897,0.0,0.0,0.0,0.07276940564590703,0.0002332433700736373,0.02376500587190251,0.007633308448273845,0.004401561549175367,0.0,0.005159568404946188,0.0,0.0011391457170188992,0.07162039280362512,0.0,0.04915532397923989,0.011624635385740944,0.0,0.0,0.01854193111314615,0.06051568050519895,0.0,0.0,0.0,0.009307683802628185,0.12061057895385467,0.03773102357854253,0.0009930293113491933,0.021659033771787167,0.03248783029016609,0.0,0.0,0.02311427560586876,0.0,0.0,0.0020992127093073594,0.0,0.029556596188149594,0.0,0.006006866462691228,0.0,0.0,0.01593171848436089,0.0,0.03485148685089843,0.0005265466356651081,0.0,0.013845316815425347,0.0,0.005302967065144725,0.019813816094123225,0.0,0.010687300147303274,0.028365216541470832,0.0,0.0,0.022698251210848144,0.0,0.029367509610151492,0.0,0.0,0.01766669090435454,0.02613288945514837,0.02527648883223683,0.015330103722512374,0.007234640238716506,0.0010194414337760878,0.006637672645313366,0.01755369218846203,0.011583245667060682,0.0,0.04904295413639701,0.02036109460098057
LFQ intensity D6_4,0.0,0.010808578344368693,0.0,0.022272107571717853,0.010695168612818867,0.05380118964921491,0.003644814532996634,0.026846106280265125,0.004229031578810981,0.0013261333094306972,0.0,0.005001966393221259,0.0,0.0,0.0173543489930028,0.0,0.0664813332172397,0.0,0.0,0.0021180398903719103,0.017193254540720102,0.08556454946236254,0.0,0.0,0.0,0.020846462550521944,0.09632756348403945,0.03264694151219739,0.0009606655369596315,0.0,0.07861649729026456,0.0,0.0,0.023831183600144207,0.0,0.0,0.005395111806378574,0.0,0.031030153633975988,0.0,0.010860184421482316,0.0,0.009992632154673095,0.019244303475952428,0.0,0.03328197266021088,0.005524439960521286,0.0,0.01072911091028942,0.0,0.022421829937162994,0.030500033803549306,0.0,0.0,0.006630166840793648,0.0,0.0,0.04221824215633459,0.0,0.0,0.0,0.0,0.016715776196506073,0.018726467816327277,0.030196312439851658,0.0,0.0025581975749059053,0.009517396049392658,0.01146368206604822,0.03246302891167016,0.013161395649462119,0.0,0.05071816342501179,0.0060854617588303435
LFQ intensity D6_5,0.0,0.012376437926791545,0.0,0.0,0.0,0.06912737226640939,0.0025591010167984565,0.023398395264812192,0.012514998584978473,0.0033891642558371445,0.0,0.0,0.0,0.008651020550944438,0.0025774249452716474,0.0,0.04648590937181933,0.00805654941895432,0.0,0.0,0.014173752868101587,0.0706779767038493,0.0,0.0,0.0,0.020385259122015834,0.09855322246134715,0.04797568244190307,0.0009673829401013194,0.0226765251120125,0.03174446413567574,0.0,0.0,0.02285795831974907,0.0,0.0,0.005845548197538692,0.0,0.020456412836370765,0.0,0.014480130724766404,0.0,0.0,0.01939012365539903,0.0,0.03209197425197581,0.002595132009826781,0.0,0.01604893360391473,0.0,0.0,0.001221391822680785,0.0,0.0,0.019972015806769,0.0,0.0,0.03820874141895797,0.0,0.030561043210357488,0.0,0.0,0.012792417787391215,0.02696410227855976,0.020735278232180958,0.049164800823638194,0.01759886218447718,0.008487104611240115,0.003607517806945843,0.04058741205249923,0.018314238887189832,0.003249179557641705,0.05649432731503779,0.021984713217268276
LFQ intensity D6_6,0.0,0.010487461171784536,0.0,0.011193384554467216,0.0,0.04542577516893468,0.006259069428813759,0.030859415159422338,0.011969339338997445,0.006498147087733022,0.0,0.004350672211007454,0.0,0.0,0.03810186054346734,0.0,0.057183796536136,0.03401656167133458,0.0,0.0,0.017063197840934758,0.05441723160352056,0.0,0.0,0.0,0.0196454085464299,0.09412966862398203,0.04124459904299957,0.0008996276257188929,0.013860665646684008,0.036985035808754924,0.0,0.0,0.021633117731237095,0.0,0.0,0.00356470980404588,0.0,0.028991285354438647,0.0,0.010274727944830628,0.0,0.005009295615529882,0.017411651666335355,0.0,0.037149323771136084,0.0006943971508927519,0.0,0.009956218260280232,0.0,0.0,0.039410457570909434,0.0,0.0,0.030869320697317612,0.0,0.0,0.026597568293862946,0.0,0.0,0.0,0.0,0.014955119225088903,0.024393732271449215,0.06841699848190913,0.011380872357914514,0.0029141884612916822,0.01736173409154147,0.0,0.016199416538779026,0.01460391775970155,0.0010560362772412141,0.04829185528247923,0.014273137780664675
LFQ intensity D6_7,0.0,0.011102922015595623,0.0,0.008053371315411747,0.006706998585318186,0.046408594614863116,0.007997033136163977,0.032452994236106626,0.018508595017738442,0.0015612861485167367,0.0,0.004048317711527638,0.0,0.005545422719306379,0.0371733089557294,0.0,0.06477902419137695,0.0,0.0,0.0,0.020589926806897266,0.07503751897949362,0.0,0.0,0.0,0.014999796690254905,0.09687561775786861,0.03825574087658045,0.0,0.0,0.07202317527983983,0.0,0.0,0.02053101356982849,0.0,0.0,0.006747857208120583,0.0,0.026835005454248967,0.0,0.005606288992662136,0.0,0.008424673806535572,0.016677845661860154,0.0,0.027971376903835915,0.0055719478962002675,0.0,0.011776804278640366,0.0,0.018213145559514612,0.01911047200743407,0.0,0.0,0.029167961242923465,0.0,0.0,0.026806727846585672,0.0,0.0,0.0,0.0,0.015048873082705111,0.019818337046976692,0.013237060317273416,0.008386533003369244,0.016122376349056635,0.0,0.010597205182823258,0.031591441175736985,0.02478632107455962,0.0067538644373082,0.05028675510149496,0.0178104677617161
LFQ intensity D6_8,0.0,0.010829182822737435,0.0,0.02150437558839001,0.010982417371750826,0.0698401892630827,0.0005674355109992446,0.018333353467390488,0.010552890087200546,0.0026073188057455813,0.0,0.0030518331547349066,0.0,0.007530134957219694,0.049996454011799564,0.0,0.05020648886444488,0.02951226088891746,0.0,0.0,0.006638951508629791,0.04990644568300062,0.0,0.013638737590512512,0.0,0.0,0.11961241384773491,0.048035922806058624,0.0009196913409669238,0.0034463395910390954,0.047161326258252693,0.0,0.0,0.021858630209084996,0.0,0.0,0.003500633961600121,0.0,0.020697419127008104,0.0,0.019431343931317655,0.0,0.0,0.018960530383704165,0.0,0.028397370020314696,0.009010673165070808,0.0,0.01442779303882279,0.0,0.006526417393960908,0.02899949259996459,0.0,0.011781067257328987,0.029853304080626277,0.0,0.0,0.028608772610589323,0.0,0.0,0.0,0.0,0.0074118191650891585,0.013232177594473838,0.06675221075267894,0.0,0.02008191097788872,0.0010832535381233778,0.006625112155812057,0.02103077540138731,0.0007958479490773549,0.0,0.045909195122471956,0.0001500861429953605
LFQ intensity D6_9,0.0,0.010724890290411687,0.0,0.021673136603888418,0.007176047873457218,0.05271235080842821,0.002033885311437333,0.020512407085868142,0.022815877338328468,0.0,0.0,0.0,0.0,0.0015711191169436012,0.04860777279517439,0.000902540950018526,0.04044346788960361,0.02946240812499241,0.0,0.0,0.022584318093085986,0.07434290000657585,0.0,0.0002475004052904234,0.0,0.015459014769036912,0.11456471465478207,0.030354883228435152,0.0008908281984186879,0.0,0.06214196127679289,0.0,0.0,0.02630019093624096,0.0,0.0,0.004858517770150353,0.0,0.02588638197370634,0.0,0.012579252169810741,0.0,0.0,0.018128710880871944,0.0,0.034068338234634,0.0,0.0,0.008915469843847935,0.0,0.024738317779157974,0.031969525315867144,0.0,0.0,0.026894758283826172,0.0,0.0,0.017990411456843856,0.005177086772932716,0.0,0.0,0.0,0.014294395738631978,0.012816563907398548,0.027051993622884046,0.01148061080942416,0.007432334588718418,0.008678518915697934,0.012591344588310663,0.03134555018103991,0.00475364484716285,0.0,0.046115036458401974,0.00671102010346951
LFQ intensity D7_1,0.007051084888675616,0.006303797217124125,0.0,0.02393408659931468,0.009994726336532252,0.05927264498746192,0.004093268759872031,0.006603769532679632,0.014391676607360617,0.009238385904938758,0.0,0.0,0.0,0.008571362194353371,0.060788590672529196,0.001020019726154101,0.022961508203018417,0.02678962080509261,0.0,0.0,0.0044938079936328165,0.07751598839760764,0.0,0.0,0.0,0.014820602096820751,0.1250520333303588,0.02968634543944153,0.000891176631245088,0.0,0.05838474751850205,0.0,0.0,0.011859815216199113,0.0,0.0,0.005572320343494514,0.0,0.030954678770237255,0.0,0.02178777649928889,0.0,0.0,0.017199488082125413,0.0,0.044449966077887135,0.0,0.0,0.008866795294203162,0.0,0.005080183724603263,0.0068673676089715556,0.0,0.025367306881408556,0.01687565288471207,0.0,0.0,0.03492665283190282,0.0,0.02900749086433788,0.0,0.0,0.008982439981313317,0.009522895045556031,0.019921422349310873,0.009684809109229978,0.0,0.005470604840602457,0.024439099713845357,0.01567242551672881,0.005747439166082147,0.0,0.05977272453538996,0.010111400819853546
LFQ intensity D7_2,0.006591168683395233,0.009291459750237005,0.0011022202556836356,0.027831514676335392,0.016662989380109836,0.0630585899675276,0.00635526666977932,0.014914007018681034,0.011538991062048316,0.014528639685538308,0.0,0.0002248330396444159,0.0,0.0,0.003197504261400803,0.0,0.05035611936814156,0.016094595880952613,0.0,0.0,0.010010967471229504,0.06057539972255168,0.0,0.0,0.0,0.017653444332687885,0.13113984164365636,0.036329818413523604,0.0010289840676228667,0.006364953713460834,0.05319878721112936,0.0,0.0,0.016837705641745648,0.0,0.0,0.004625402189541486,0.0,0.02322712781004937,0.0,0.021229994027004005,0.0,0.0,0.023109113429813047,0.0,0.046407688521489465,0.0,0.0,0.017113536249781458,0.0,0.010545401860878892,0.01588824894057414,0.0,0.0,0.03164342330166028,0.0,0.0,0.021700760104234634,0.0,0.030311285527985583,0.0,0.0,0.009109968663784097,0.012751448313444212,0.0006851980122152407,0.0,0.0,0.006336956920102541,0.02774085199896977,0.03302078077849463,0.02071585560099469,0.0,0.06208511175701934,0.006864044074880172
LFQ intensity D7_3,0.0038275495955207954,0.008696066594652673,0.0,0.0,0.012108998807364324,0.08275766190358545,0.0,0.007017770768981382,0.016332197973609616,0.012273340296465743,0.0,0.003933005640452692,0.0,0.0,0.007991371024298711,0.0,0.058243452752774226,0.0,0.0,0.0,0.024748217667362158,0.08593125614502488,0.0,0.0,0.0,0.004104306502480439,0.12476872615763157,0.037192425381257346,0.0009784882634549092,0.0,0.07975012153230769,0.0,0.0,0.01546148860447422,0.0,0.0,0.0038022838201931418,0.0,0.031092852902434034,0.0,0.003625590054608278,0.0,0.0011017325614426918,0.019292156473983555,0.0,0.033809787279709756,0.005418327036535436,0.0,0.013627160923339246,0.0,0.014438041935814548,0.008466103696802148,0.0,0.0032796570884764554,0.030656177977412276,0.0,0.0,0.029013112787953144,0.0,0.030719429059356373,0.0,0.0,0.018901880039088922,0.029199693176301496,0.0,0.0,0.021197847148017687,0.004370999992996563,0.0,0.02702780684378724,0.01864255245848896,0.0,0.055285887178631705,0.01091447395292764
LFQ intensity D7_4,0.0,0.011190331601753726,0.0,0.0,0.01584928069921386,0.08346218876860892,0.004706812924920838,0.007336369362692605,0.007523637169328756,0.006528800474018137,0.0,0.0,0.0,0.007731762248830318,0.05447080857509259,0.0,0.05565015247920116,0.0010739158149469595,0.0,0.0,0.018849845355422213,0.07891106420129236,0.0,0.0013669026075029838,0.0,0.018327065470282088,0.11242954803711921,0.03965499136584814,0.0,0.010417198374193531,0.044074465706336496,0.0,0.0,0.025733245876848325,0.0,0.0,0.004287644827085099,0.0,0.03059176070857497,0.0,0.015711551032559248,0.0,0.004872758698266792,0.01915785135392105,0.0,0.03473432542266282,0.004231070805553835,0.0,0.010473975234821105,0.0,0.02070409263071592,0.01278075318722245,0.0,0.0,0.011730966186104358,0.0,0.0,0.04277533065320058,0.0,0.0,0.0,0.0,0.010360468017062337,0.015982812331979103,0.012230195040388237,0.0044223684109585765,0.015187949198429064,0.0,0.01511075662560214,0.03402145073002451,0.018584168089241914,0.00048691067175222585,0.05627245303042045,0.0
LFQ intensity D7_5,0.0,0.009330833854629338,0.0,0.0026889570954780596,0.014615058581742833,0.08041286015892513,0.003258691752073835,0.006088001918928072,0.010336302436196647,0.009450400636422504,0.0,0.005740538721063714,0.0,0.009967581227757835,0.021181900929506853,0.0,0.05194888819316818,0.008678283142433504,0.0,0.0,0.0021983602073679686,0.06819361588332781,0.0,0.0,0.0,0.0,0.12910051202336684,0.031829210015567176,0.0,0.0,0.07332585174889289,0.0,0.0,0.02220642813799668,0.0,0.0,0.0024428615253527302,0.0,0.022440283262342643,0.0,0.021106588077385188,0.0,0.0,0.017452303577309234,0.0,0.04881283777193757,0.0,0.0,0.006967233773642546,0.0,0.03064633079307336,0.01596988513631482,0.0,0.0012811604685955113,0.012025484821492459,0.0,0.0,0.0432999277846285,0.0,0.028410743307530312,0.0,0.0,0.0198128203625736,0.024099990257228317,0.0062327324107565125,0.0,0.006642807397793225,0.013078844150208921,0.00015788168504924676,0.02591499320835953,0.019844128415840486,0.0,0.06314700374222103,0.009660881405518356
LFQ intensity D8_1,0.0036489110640611664,0.009359441151553159,0.0,0.023230858779730714,0.021737454335013656,0.06292475018630467,0.0,0.00829300407040118,0.006795976825698938,0.015318796799965185,0.0,0.005558591017306542,0.0,0.0013003732882502087,0.015068667086350785,0.0,0.05135346890083691,0.01290412063642626,0.0,0.0,0.0024738891895202558,0.08764868219091536,0.0,0.0004174360014320836,0.0,0.0,0.1079860602808861,0.032024991196956024,0.0,0.006671106622237187,0.0471036630689125,0.0,0.0,0.018245470785414344,0.0,0.0,0.001240277272272765,0.0,0.020627806521589537,0.0,0.024542571039178385,0.0,0.0,0.01940464543223629,0.0,0.03209150545991737,0.011346404496508974,0.0,0.007585118008242052,0.0,0.011320763056051446,0.04213737814153246,0.0,7.140685067612862e-05,0.01999285588654681,0.0,0.0,0.03238189618655844,0.0,0.0,0.0,0.0,0.016766575543893207,0.01812796484558506,0.0750146849375571,0.0,0.01663912306734285,0.004966133003700749,0.007847705565819745,0.013400141818581396,0.01741047158850937,0.0,0.05543851856806167,0.011580339231464832
LFQ intensity D8_2,0.011971253184101279,0.011406921866963788,0.0,0.003549419706262512,0.018505272807562256,0.06820604121649619,0.018193266816028474,0.0,0.016682930124430784,0.0,0.0,0.018085093989718557,0.0,0.007959243461612269,0.0,0.0,0.06406142928057758,0.0,0.0,0.0,0.02011018742029826,0.07233252586243458,0.0,0.0,0.00614439496776321,0.017236367046049875,0.0804884161549192,0.04147217675287055,0.0,0.002983319408518286,0.06012261549486607,0.0,0.0,0.011196811480090883,0.0,0.0,0.007510718537411539,0.0,0.036610469325682765,0.0,0.005869470797523543,0.0,0.0,0.022867676320957455,0.0,0.033775420692755374,0.021542480475856135,0.0,0.01655162448353208,0.0,0.00862026839701972,0.02745565508484188,0.0,0.018651786358053216,0.024679150947938336,0.0,0.0,0.03498901785238041,0.0,0.02957094807773015,0.0,0.0,0.017250870301380485,0.010926324427632722,0.01378699189665018,0.0,0.027048039254156053,0.000453940850223337,0.0015375549350735355,0.002997789160806774,0.0100055615898658,0.019601557576233112,0.05553811772851262,0.0014508778862181734
LFQ intensity D8_3,0.0,0.009175094522758874,0.0,0.012852079487235303,0.016604289825906712,0.06473011891977316,0.0,0.010952970411559178,0.015165678995077057,0.013711462894261568,0.0,0.001988394459940376,0.0,0.008529210660567733,0.033102531840214916,0.0,0.018277102092205278,0.04678124278356709,0.0,0.0,0.008995440768551896,0.08995011647345476,0.0,0.0,0.0,0.0,0.12132778456378983,0.03427940699822852,0.0,0.0,0.06266343243507047,0.0,0.0,0.02131981315359221,0.0,0.0,0.00602812596884972,0.0,0.030389923240044688,0.0,0.01198468190871862,0.0,0.0,0.022200480662394696,0.0,0.03675427750545313,0.005708016419166184,0.0,0.015203589967561604,0.0,0.0073975708709595476,0.0,0.0,0.015512931689939578,0.02937395355074041,0.0,0.0,0.030143230519679057,0.0,0.0,0.0,0.0,0.018488177197330542,0.028823974916887526,0.006851619238140462,0.01245540358613889,0.018631716080680375,0.004723113825530609,0.008762781051431343,0.028391354484421996,0.011953117056400968,0.0,0.05981578897377523,0.0
LFQ intensity D8_4,0.004384657667696739,0.00811530886798416,0.0,0.022883682134066913,0.013579503931401308,0.05122698737348467,0.0,0.008645005939515189,0.009028949600480209,0.006417738688564567,0.0,0.002300138413999445,0.0,0.005591865599990527,0.03253700089264246,0.0,0.02327986565152158,0.004822766653760182,0.0,0.0,0.021277274384748697,0.08446284110299293,0.0,0.0,0.0,0.010573832910046536,0.11967065730938928,0.029389116929713275,0.009264230394555454,0.004834711276415941,0.06134046640176054,0.0,0.0,0.01417354996108192,0.0,0.0,0.004816317992325976,0.0,0.02820338805796863,0.0,0.004813768527670411,0.0,0.0,0.016753435041621165,0.0,0.04245256192849338,0.0,0.0,0.009518652734603526,0.0,0.028415936891879594,0.0068232659379104865,0.0,0.03138411438032754,0.028650075887763044,0.0,0.0,0.020315101567691264,0.0,0.04382447473135569,0.0,0.0,0.017540088283447802,0.01740924531398586,0.026005438054222733,0.009395670467271841,0.02112916875205371,0.006840232629031288,0.003133827602833926,0.008678479043557065,0.0076248610822711085,0.0,0.05180213538619657,0.016669607619704752
LFQ intensity D8_5,0.00025787313989069824,0.006705173791278303,0.0,0.0,0.013364561690668126,0.07049705352684284,0.009670520799707516,0.0,0.015530800651632301,0.011834172917809431,0.0,0.0,0.0,0.00568032684960333,0.016533880977724288,0.0,0.05434132053206903,0.0,0.0,0.0,0.03232222863443616,0.07234210989389461,0.0,0.0,0.0,0.014668523270906272,0.12545686680463994,0.045409540200413115,0.0009196810690089648,0.011293811451048625,0.04216940703335698,0.0,0.0,0.015106117777487906,0.0,0.0,0.004981051570130644,0.0,0.030701729457115426,0.0,0.005396554334391273,0.0,0.0,0.01963464738570061,0.0,0.03751612654654334,0.0020974807134935985,0.0,0.009563548678113163,0.0,0.005664908715092989,0.0,0.0,0.017298648454407362,0.020451755364830033,0.0,0.0,0.026239649912878475,0.0,0.04783940152996036,0.0,0.0,0.012248609100810597,0.024097453302840823,0.01597212137238986,0.0,0.027014180172773287,0.0,0.006800666581089403,0.01778759197484377,0.01471221022547946,0.004848327850362246,0.06831303665735168,0.01671632908698322
LFQ intensity D8_6,0.0011931105209334204,0.01250615592664988,0.0004542526869505777,0.02730759715250823,0.023760241318654222,0.06598075812020932,0.0,0.005437621663511473,0.0,0.008795779531670987,0.0,0.0023220428440311695,0.0,0.006077827527265547,0.00340142983998963,0.0,0.04260236427957254,0.023595488236483924,0.0,0.004943200867890282,0.01978337422776767,0.08459748172153873,0.0,0.001620444845209561,0.0,0.0,0.11262859786209542,0.0323420468381492,0.0,0.0,0.0650545041930542,0.0,0.0,0.017345832269809184,0.0,0.0,0.005323062175087522,0.0,0.019798434820836687,0.0,0.0039063030110644435,0.0,0.0,0.018821042939046545,0.0,0.03770724462554919,0.0020921340460988928,0.0,0.007163707526582208,0.0,0.02596377765353269,0.04906887843177756,0.0,0.0,0.019060407044528375,0.0,0.0,0.021115744212040873,0.0,0.0,0.0,0.0,0.016000577764948173,0.024247103890185372,0.06794937641096838,0.0,0.01557669278095844,0.003761539676282865,0.0031602371586407327,0.01843240482863412,0.017343782184700497,0.0,0.061757396344591285,0.0
LFQ intensity D8_7,0.00907908383792646,0.007850448643176734,0.0,0.001863269628840309,0.013048049991859885,0.07547792508515389,0.002331332399723189,0.001479822188275443,0.009579475126464208,0.013812803572325692,0.0,0.006135548475067169,0.0,0.008865008594569443,0.02272355976794121,0.0,0.060332093612065346,0.0,0.0,0.0,0.024242902755125573,0.07759047660744098,0.0,0.0,0.0,0.0,0.11932518838869635,0.044610441860791,0.00953397131127141,0.0054668127742395715,0.052387066751106014,0.0,0.0,0.010349289241258679,0.0,0.0,0.0033050220196611086,0.0,0.020793486127923824,0.0,0.000977853386264669,0.0,0.0,0.020629589035911014,0.0,0.050151339435144764,0.0,0.0,0.016035443176920287,0.0,0.006569818861970952,0.007316773245116898,0.0,0.005680942060666858,0.028727864085775625,0.0,0.0,0.023312844761206878,0.0,0.04719010665641481,0.0,0.0,0.012376267609740378,0.022980026612701075,0.003643004483088893,0.0,0.031969683747767826,0.0,0.009055768642789114,0.02655598879844592,0.020151979586472937,0.0,0.06052381746460488,0.005967809588092899
LFQ intensity D9_1,0.0,0.009633411409166112,0.0,0.0,0.0,0.10265939002920003,0.0,0.0029057497002783427,0.011815373450685625,0.0020915750678575837,0.0,0.002728864397942908,0.0,0.005242962489079419,0.02985384753519365,0.0,0.04191384006621514,0.0,0.0,0.0,0.011432028618783606,0.09563365257564074,0.0,0.0,0.0,0.00965097139211413,0.11405205261753816,0.034728439524334825,0.0,0.020352336016979097,0.04972657242418869,0.0,0.0,0.021928379480094826,0.0,0.0,0.0029199342400409297,0.0,0.03102475033818653,0.0,0.015670284143688065,0.0,0.0,0.015279401001151324,0.0,0.03833689535502429,0.0,0.0,0.013967662992085383,0.0,0.01664148128639389,0.0,0.0,0.022579963588251012,0.02262809382850429,0.0,0.0,0.03875787073733647,0.0,0.027406956073539476,0.0,0.0,0.016550279038417836,0.0209857951565444,0.0,0.028917536356389478,0.011220562096029082,0.006202904465395432,0.0036019467520808208,0.024641425732097506,0.015621693442711098,0.0,0.05824960562676841,0.002445510954071391
LFQ intensity D9_10,0.001388950858306109,0.008825703295771188,0.0,0.0,0.0009875102830416128,0.09294377114277927,0.0,0.010189573482120504,0.01515716784123391,0.009426910450521154,0.0,0.0,0.0,0.0016096227904387353,0.03817251716991839,0.002490563745779483,0.0355949456758824,0.0,0.0,0.0,0.01020498491232974,0.10482281881892902,0.0,0.0,0.0,0.016622597676560304,0.11597325160811643,0.03765209381870493,0.0,0.013088721155111501,0.04363982555493824,0.0,0.0,0.01947312136659091,0.0,0.0,0.00482357757481496,0.0,0.029378842655447848,0.0,0.013697069892057183,0.0,0.0,0.014784441728519795,0.0,0.04308411519865285,0.0,0.0,0.0139080636066594,0.0,0.024106597196275045,0.0,0.0,0.0,0.016449278449238804,0.0,0.0,0.0458330412498947,0.0,0.027584300105505513,0.0,0.0,0.012102547531808724,0.016402113289168945,0.0,0.009182902961195548,0.01856246455879957,0.0,0.00859105905176666,0.035689307230060884,0.02629696370427685,0.0,0.05695455403518343,0.004304108333599542
LFQ intensity D9_11,0.0006912556841687184,0.008960375692279754,0.0,0.0,0.015700826787862127,0.08979787204706592,0.0,0.0018487659437170423,0.02002228860177051,0.008247439926497674,0.0,0.0,0.0,0.003780952069605737,0.040627408601061746,0.0005259054803927289,0.07430751159549649,0.004298310529020643,0.0,0.0,0.00899620021674521,0.05058293334047451,0.0,0.0,0.0,0.0,0.10661831638322608,0.02359140452674067,0.0,0.0,0.0839879100579851,0.0,0.0,0.010510698548867258,0.02818083947709763,0.0,0.00382208773552391,0.0,0.016604784457624328,0.0,0.0,0.0,0.0,0.01124997730597768,0.0,0.036749334207318615,0.0,0.0,0.012624064517394831,0.0,0.039153581589213386,0.0,0.0,0.03323525772010954,0.012565082327496247,0.0,0.0,0.04694848942880305,0.0,0.0,0.0,0.0,0.002854783553400415,0.013396338218935756,0.0,0.08322465221567611,0.0,0.013090011668497452,0.00014689725082825557,0.03133547383854616,0.009048072446262993,0.0,0.05267389600831565,0.0
LFQ intensity D9_12,0.0,0.008630427131046921,0.0,0.0,0.013167281120477894,0.10042321598917486,0.0,0.001130777879839549,0.0017122571267694216,0.008572707434985892,0.0,0.0,0.0,0.004335745322382915,0.04648132864152087,0.0,0.06814816219648405,0.0069794872109752845,0.0,0.0,0.01182998085065347,0.08413740660971716,0.0,0.0,0.0,0.0,0.09665083374981845,0.02926404603338064,0.0,0.009353591318619481,0.07638669907131969,0.0,0.0,0.019119047838633694,0.0,0.0,0.0031572478668939795,0.0,0.02692552263432477,0.0,0.01109452961598143,0.0,0.0,0.016764282864358174,0.0,0.04249556589250832,0.0,0.0,0.010752412913458785,0.0,0.03794969574937885,0.0,0.0,0.03195269922775337,0.02261047967378829,0.0,0.0,0.047797698303698816,0.0,0.0,0.0,0.0,0.0017698879463057078,0.01729085380641551,0.0,0.039241742814538495,0.0,0.011821190832764792,0.0,0.016464819679456073,0.0061028213740243805,0.0,0.06274757943169366,0.006737973846856322
LFQ intensity D9_2,0.0036618052125358064,0.00885163078968486,0.0,0.0,0.0,0.09041524157869943,0.0063253770446956795,0.0016256221805115584,0.017583596830323577,0.004648375206316124,0.0,0.0,0.0,0.0052645159764110215,0.05936782361033143,0.0,0.05123321012382571,0.0,0.0,0.0,0.006274120294456398,0.06541105012521632,0.0,0.0,0.0,0.0,0.10527540355289405,0.035620025760482565,0.0,0.010421719405623444,0.04793355437440571,0.0,0.0,0.01672829983360644,0.0,0.0,0.0037275260429324238,0.0,0.028598976265772586,0.0,0.012336880660410445,0.0,0.0,0.014444684477895273,0.0,0.04341943826148009,0.0,0.0,0.021469813681629896,0.0,0.014624581263966596,0.0,0.0,0.041101317103119796,0.023085512986182263,0.0,0.0,0.038351110361797586,0.0,0.026962496538480773,0.0,0.0,0.011397215445851561,0.02077904176144306,0.0,0.05163876227775291,0.011220299481575423,0.0022117300658110466,0.0,0.025578412861801333,0.0033574173726718935,0.004677918998404203,0.06437549219100062,0.0
LFQ intensity D9_3,0.0033851697390300116,0.006763088465488221,0.0,0.0,0.0036915685861879065,0.0882392222107759,0.0,0.017680675316791024,0.019872777751120025,0.006003889046154748,0.0,0.00956843396820355,0.0,0.008075024876169328,0.0065007601299443205,0.0,0.036438259124363284,0.0,0.0,0.0,0.01499362875902379,0.08205953817804064,0.0,0.0,0.0,0.009962524806291258,0.10788998207332122,0.02887771018486264,0.0,0.015128265117316412,0.05600131832390908,0.0,0.0,0.017435732508176732,0.0,0.0,0.00046254959538260046,0.0,0.021812247772030027,0.0,0.007063077930835073,0.0,0.0,0.012524470603942977,0.0,0.041937698103548825,0.0,0.0,0.011744645744022428,0.0,0.027939951536683612,0.0,0.0,0.04831687660157125,0.015506961146060512,0.0,0.0,0.03590617733119526,0.0,0.027471202138748176,0.0,0.0,0.019556312129390806,0.02992077862729044,0.0,0.048827238459081594,0.006968964402862882,0.0043225716384147515,0.0,0.015774506279430677,0.004915034164341557,0.0,0.06089839531061062,0.01956277131938567
LFQ intensity D9_4,0.0021982811788030313,0.00619699428280872,0.0,0.0,0.010072039160555882,0.08467754298284827,0.006190358934899005,0.011066858501152108,0.011374776188143637,0.00034621904589335085,0.0,0.005077832409045984,0.0,0.0,0.02324211409261289,0.0,0.048292178823873835,0.004457264504496275,0.0,0.0,0.012226626335787975,0.04959273533964323,0.0,0.0,0.0,0.010360778977845717,0.11081541869912785,0.027616878269882482,0.0,0.011074987264784515,0.045214547653491116,0.0,0.0,0.016779733475994242,0.0,0.0,0.003715409720196854,0.0,0.02729802410117257,0.0,0.011748302578012624,0.0,0.0,0.013458912646791726,0.0,0.04317976227847932,0.0,0.0,0.014296516146935116,0.0,0.006905525069821949,0.0,0.0,0.04502425805235382,0.0211235872365612,0.0,0.0,0.04778634288389345,0.0,0.034741218490296724,0.0,0.0,0.007931300555027082,0.031955482266971216,0.0,0.060803868209893454,0.0,0.014311279611276928,0.0,0.030967934107964317,0.004624363338610593,0.006115188747850053,0.06594513364046375,0.011193424195737127
LFQ intensity D9_5,0.0,0.008545271381394211,0.0,0.0,0.01166993270311534,0.09803065801817283,0.0,0.005488377868954126,0.007089662964895136,0.003047951661008127,0.0,0.002564299704937359,0.0,0.0060403988589612006,0.045451552660627254,0.0,0.05855373927456959,0.0,0.0,0.0,0.013237295202158345,0.061049399494411516,0.0,0.0,0.0,0.00898218213168348,0.11828778091235764,0.03421845325773261,0.0,0.0,0.07207632182548916,0.0,0.0,0.023067946343561668,0.0,0.0,0.002694015338854597,0.0,0.02840985284238468,0.0,0.010465182144169837,0.0,0.0,0.014966656419852873,0.0,0.03596918221035293,0.0010245543792810295,0.0,0.019183134180527934,0.0,0.03835850083566466,0.0,0.0,0.0330907740801531,0.022231715541599105,0.0,0.0,0.047491567928193465,0.0,0.02606320920264888,0.0,0.0,0.013291609349625588,0.016674654376091308,0.0,0.025723331556361497,0.004075878251107796,0.0022810612367197315,0.0064778967936835385,0.018328866907372936,0.0004628958435732789,0.0,0.05533423631775161,0.0
LFQ intensity D9_6,0.0035799894462110174,0.006655962638848692,0.0,0.0,0.004974312851750219,0.08507418564597877,0.0,0.015144781485698696,0.02901356933309771,0.00712433624776235,0.0,0.00306449899310203,0.0,0.008212831569664143,0.0004687753850907425,0.0,0.037097968136344174,0.0,0.0,0.0,0.023331811509167678,0.09033143965811022,0.0,0.0,0.0,0.006194369906311546,0.11709270267151363,0.03579884698128752,0.0009063756379447788,0.026651562178289262,0.01526452324253223,0.0,0.0,0.014193082884898523,0.0,0.0,0.003587993723568201,0.0,0.02654106500053107,0.0,0.0,0.0,0.0,0.015430478952571705,0.0,0.044139831524653186,0.0,0.0,0.013221158806269232,0.0,0.0,0.0,0.0,0.051004719738353,0.0165970566079244,0.0,0.0,0.038884124464924126,0.0,0.028048074248981873,0.0,0.0,0.003708302686175104,0.02950609659241952,0.0,0.06800001397149831,0.0,0.0192721551062363,0.0,0.024450458010710056,0.0,0.0,0.06541024346562824,0.022022300695951794
LFQ intensity D9_7,0.0,0.006001525597906938,0.0,0.0,0.004284167287195102,0.08989371829234259,0.0,0.009860299557970494,0.017106623652606928,0.007259600567380805,0.0,0.009661114934152336,0.0,0.005003935060339317,0.047235051740643255,0.0,0.07426212009713687,0.0,0.0,0.0,0.027941614961345538,0.10959844801696036,0.0,0.0,0.0,0.0067659860896343875,0.10271721206781537,0.03173319770412386,0.0,0.011747713513298666,0.043745963100944814,0.0,0.0,0.024060162998649708,0.0,0.0,0.001472858845005648,0.0,0.02871369270471852,0.0,0.008697278557326157,0.0,0.0,0.015627115551259393,0.0,0.038460904512082644,0.0003885531515482856,0.0,0.008010188782210912,0.0,0.01690491946336332,0.0,0.0,0.04893275827607567,0.01797785994812178,0.0,0.0,0.040288569211152966,0.0,0.0,0.0,0.0,0.0150233368679141,0.022154661929715994,0.0,0.021892764730907417,0.007749100581267835,0.003716701753072459,0.002358307244764784,0.016074743873527843,0.0,0.0,0.05498671113354299,0.0016905176419739702
LFQ intensity D9_8,0.0,0.005279692426703955,0.0,0.0,0.0008713226788342194,0.08465153912857849,0.0,0.014302044780107897,0.009851756071811123,0.011097554621308372,0.0,0.0019949559610864085,0.0,0.00913255456422168,0.02752176337004425,0.0,0.06141516555591286,0.0,0.0,0.0,0.0007411753280702047,0.09683652477235702,0.0,0.0,0.0,0.0002744973851276341,0.11451026265701246,0.02780818236247525,0.0,0.017610492812727703,0.032592271281751316,0.0,0.0,0.022602233047313073,0.0,0.0,0.005753370380196182,0.0,0.027317889709096065,0.0,0.03234685841829292,0.0,0.0,0.01728885510687665,0.0,0.0422667732859644,0.0,0.0,0.01710327254575946,0.0,0.0,0.0,0.0,0.02819348350053922,0.019223751821800604,0.0,0.0,0.04366451485719838,0.0,0.043545748868535454,0.0,0.0,0.02050730517662918,0.02351204331507249,0.0,0.0,0.02059208753876382,0.010048225058144978,0.0,0.030317878088831903,0.014955384162825209,0.0,0.05767462465024849,0.006593944709780841
LFQ intensity D9_9,0.00185204024180367,0.007384299214024663,0.0,0.0,0.009378256086437232,0.10077065638349353,0.0,0.009252311465455998,0.023437927033876878,0.006063733079571575,0.0,0.0017082564431908918,0.0,0.006924045575707226,0.04704762085050767,0.0,0.04024863885560271,0.0,0.0,0.0,0.007425630720438278,0.10024902639732,0.0,0.0,0.0,0.0,0.1179774481648924,0.02597173974868738,0.0,0.012225031433788624,0.04259854979479174,0.0,0.0,0.01815946924191688,0.0,0.0,0.003023984173477276,0.0,0.027074335892484962,0.0,0.018318105388751102,0.0,0.0,0.01499440875382619,0.0,0.03893505269103791,0.0005188946571675605,0.0,0.014272123074890244,0.0,0.008023300660721017,0.0,0.0,0.05603955070148622,0.022879859045372954,0.0,0.0,0.040591494986156995,0.0,0.027771591472620677,0.0,0.0,0.012163247460607934,0.024210884593721903,0.0,0.003909613741243689,0.0,0.01764288596417807,0.0,0.017464909585424942,0.0,0.0,0.06289577762366388,0.010595298801659145
