,ADF,ADL,AFD,AIA,AIB,AIZ,AS,ASE,ASG,ASH,ASK,AVA,AVB,AVD,AVE,AVF,AVJ,AVK,AVM,AWA,AWB,AWC,Amphid sheath,Amphid socket,Anal muscle,Apoptotic germ cells,Arcade cells,BAG,BDU,Body wall muscle anterior,Body wall muscle middle,Body wall muscle posterior,CAN,CEP_ADE_PDE,Cephalic and inner labial socket,Cephalic sheath,Coelomocytes,DA_VA,DB_VB,DVA,DVB,DVC,Differentiated germ,Distal tip,Dorsal uterine cell,Embryonic cells,Excretory cells,Excretory duct,Excretory gland,GLR,Glia_1,Glia_2,Glia_3,Glia_4,HSN,Hypodermis head,Hypodermis tail,I1,I2,I4,IL1,Intestinal-rectal valve,Intestine anterior,Intestine middle,Intestine posterior,LUA,M1,M2,M3,M4,M5,Marginal cells,Mature sperm,Meiotic germ cells,Mitotic germ cells,NSM,OLL,OLQ,Oocytes,PDA,PDB,PHC,PLM_ALM,PLN,PVC,PVD_FLP,PVM,PVN,PVP,PVQ,PVR,PVT,PVW,Phasmid sheath,Phasmid socket,RIA,RIB,RIC,RID,RIF,RIG,RIH,RIM,RIR,RIS,RIV,RMD,RMD_LR,RME,RMF,Rectal gland,SAA,SAB,SDQ,SIA,SIB,SMB,SMD,Seam cells (bus+),Seam cells (grd+),Seminal vesicle (male),Spermatheca bag distal,Spermatheca bag proximal,Spermatheca neck distal,Spermatheca neck proximal,Spermatheca-Uterine junction,Spermatids,Spermatocytes,Syncitial pachytene spermatocytes,URX_AQR_PQR,URY,Unassigned hypodermis/gonadal sheath,Unassigned sex-specific muscle,Unassigned sheath cells,Unassigned uterine cells,Uterine muscle,Uterine seam cells,Uterine toroid,Uterine-vulval cells,VC,VC_4_5,VD_DD,Vulval cells,cat-4(+)ptps-1(+) intestine anterior,e1_e3 (pharyngeal epithelium),e2 (pharyngeal epithelium),g1A (pharyngeal gland),g1P (pharyngeal gland),g2 (pharyngeal gland),hmc,hyp4_to_hyp6,hyp7 (hypodermis),pm1_pm2 (pharyngeal muscle),pm3_pm4_pm5 (pharyngeal muscle),pm6_pm7 (pharyngeal muscle),sh1 (gonadal sheath distal),sh2 (gonadal sheath distal),sh3_sh4 (gonadal sheath proximal),sh5 (gonadal sheath proximal),vm1 (vulval muscle),vm2 (vulval muscle)
LFQ intensity D1_1,0.0,0.004429696252281021,0.05110775541979597,0.0,0.0,0.0010938774149735978,0.0620213609442097,0.0,0.019790098256603227,0.0042340736153553835,0.0,0.0,0.015651737481519344,0.01904375305118784,0.020768866091698417,9.214150572340998e-19,0.0,0.0,0.0,0.0,0.0,0.028829688776503715,0.0,0.0,0.0,0.0077084942329322574,0.0,0.0,0.003656950521857757,0.021892853091603538,0.008023215993720485,0.0,0.006963534196853088,0.03389754553498384,0.0,0.013997858817007384,0.0,0.0,0.0,0.0,0.0,0.0,0.0,0.005785250540825644,2.895875894164314e-18,0.0,0.0,0.04770582422381562,0.0,0.0,0.012795679762778345,0.0030566216743391425,0.0,0.0,0.04129536475630776,0.020750836852514932,0.0,0.0,0.009043964153433415,0.0,0.0,0.0,0.0,0.00815199747686934,0.024880978730683137,0.0,0.06570061231413653,0.0,0.0,0.0,0.0,0.007287246371612763,0.01543139207370204,0.0,0.05482750030032269,0.0,0.0,0.01002730627647293,0.0,0.0,0.0008045298108068743,0.0,0.0,0.0,0.00937560856991235,0.0,0.0,0.0,0.008322997643503706,0.00795174564896083,0.0,0.0,0.0,0.0,0.0,0.0,0.0,0.0,0.007951745648960826,0.02156168035779801,0.0,0.0,0.010926140476141528,0.012033384524559584,0.0028916634365134678,0.0,0.0,0.004354086799115734,0.0,0.0,0.008624593085259907,0.0,0.0,8.28546008731174e-05,0.0,0.0,0.0,0.0,0.01839686160564863,0.0,0.01416375071200395,0.0007414496996700682,0.006070715356530928,0.0007387730770491291,0.0,0.006196928491228548,0.0,0.0,0.010158565604749757,0.0,0.00832535329039244,0.027403345867232844,0.0,0.010573278110949344,0.01211707110411751,0.004674517303054711,0.0037647403685717984,0.0,0.0070592406536091066,0.03279724948732883,0.0,0.0,0.0,0.0,0.0,0.0,0.004053543446316318,0.0,0.0,0.0,0.004072682283360015,0.0,0.0,0.03379200077215294,0.002175041784369113,0.00520656947821546,0.01941127291416763,0.0,0.0127184406543818,0.010655642131592487,0.0
LFQ intensity D1_10,0.0,0.005752378134789237,0.01124310860356621,0.0,0.0,0.003256275023114473,0.05112928475000015,0.0,0.01730086209365636,0.004830611191504854,0.0,0.0,0.0052548236534558715,0.019708254632184428,0.019681503656929902,0.0,0.0,0.0007340293298409646,0.0,0.0,0.0,0.02101775543393141,0.0,0.0,2.6137864100865077e-05,0.008428089583865225,0.0,0.0,0.0032517111654484293,0.0,0.01880947488306488,0.007862450373294088,0.0058407130147466405,0.03440699401733903,0.0,0.00894281873847801,0.0,0.004342411695078534,0.0,0.0,0.0,0.0,0.0,0.011630233059616668,2.560912703264814e-19,0.0,0.0058016623444942916,0.028873904901349806,0.00020466567268445196,0.0,0.01270881737086749,0.0,0.0,0.0,0.03849873690323577,0.025088026675548075,0.0,0.0,0.010005507398997096,0.0,0.0,0.0037993910822545583,0.0,0.008552022387165516,0.03150649334111621,0.0,0.07619995338497232,0.0,0.0,0.0016877122095283533,0.0,0.0024344735388280416,0.012322156845908703,0.0,0.04665455749161381,0.0,0.0,0.013718199740420439,0.0,0.0,0.0004771434467810312,0.0,0.0,0.0,0.005505826472820692,0.03838741433754439,0.0,0.0,0.013922401641678166,0.007429446474794016,0.0,0.0,0.0,0.0,0.0008008940596292735,0.0,0.0,0.0011582012753671691,0.00742944647479401,0.020532099833589345,0.0,0.0,0.012206243704320281,0.01285037626000147,0.0034940901027765057,2.560912703264814e-19,7.682738109794443e-19,0.0,0.0,0.002664183716721367,0.00835760300044957,0.0,0.0,1.0243650813059256e-18,0.0,0.0,0.0,0.0,0.01886121890617461,0.015973095193355318,0.012669803485664682,0.0,0.006385434902507245,0.0010252601007051374,0.0008354728662690597,0.006935164972815087,0.0,0.0,0.008026389661757118,0.0,0.02059360083564459,0.027224343202287754,0.0,0.002868553707582273,0.011123768960945277,0.006083819385959623,0.003830466925476111,0.0,0.005378735456712559,0.018947285464351,0.0,0.0,0.0,0.0,0.0,0.001333266090013002,0.0044207793091947355,0.0,0.0,0.0,0.002906984757924417,0.0,0.0,0.033801888448372626,0.0023453570809877336,0.019329902740209688,0.0025690512141238655,0.0,0.023040075555619266,0.02676870778708872,0.0
LFQ intensity D1_11,0.0,0.005009282231795058,0.011812888949087216,0.0,0.0,0.0006684545106405579,0.05133814786594414,0.0,0.01714407400120742,0.00463394966485412,0.0,0.0,0.0059632809597506276,0.018904292987634415,0.021961540718827447,0.0,0.0,0.0,0.0,0.0,0.0,0.024818327015566983,0.0,0.0,0.006102690623227615,0.0067833017369898305,0.0,0.0,0.003477705084337814,0.012909558934830057,0.007778506970667213,0.0,0.007593018415710193,2.8437359685176737e-19,0.0,0.014316585198845157,0.0,0.0,0.0,0.0,0.0,0.0,0.0,0.0072623978325703125,0.003003960404290203,0.0,0.0,0.04975641632208658,0.0,0.0,0.008625265840254281,0.0,0.0,0.0,0.03342209897134896,0.01558355308502868,0.0,0.0,0.009625955207188324,0.0,0.0,0.012555984828021123,0.0,0.008552635034875062,0.035692401087946427,0.0,0.06837115032033005,0.0,0.0,0.013052411996172988,0.0,0.00876934336377747,0.014378059463184401,0.0,0.05014167933598049,0.0,0.0,0.0,0.0,0.0,0.0007389058385989818,0.0,0.0,0.0,0.0007644009993808353,0.03850531015016049,0.0,0.0,0.015093286807601159,0.007601441827380027,0.0,0.0,0.0,0.0,0.0,0.0,0.0,2.8437359685176737e-19,0.007601441827380026,0.02325555225677168,0.0,2.8437359685176737e-19,0.012478787500546169,0.012419389930757783,0.003452256144751107,0.0020211488030222003,6.003442600203978e-19,0.0,0.0,0.0,0.009873587421136504,0.0,0.0,0.0,0.0,0.0,0.0,0.03479112914131263,0.017911653511963263,0.0,0.01319707140224014,0.001389167714993173,0.0067419809935847525,0.0012275648060522172,0.0,0.007026845518643644,0.0,0.0,0.014254926771476066,0.0,0.02427215735931844,0.019365130228222595,0.0,0.005976761633529031,0.006855526727314608,0.007829328200464,0.007364153700559313,0.0,0.009008376756226023,0.024790122992716556,0.0,0.0,0.0,0.0,0.0,0.0,0.00527752337658765,0.0,0.0,0.0,0.00026685098288568745,0.0,0.0,0.029976789057244876,0.004737226911753852,0.024539431964650738,0.0010832757354810945,0.0,0.0119643702697676,0.026338205772553955,0.0
LFQ intensity D1_2,0.0,0.005395958428140169,0.02357932669743124,0.0,0.0,0.00017602378463631068,0.05612753912528048,0.0,0.019042259529780666,0.004590576596755714,0.0,0.0,0.006092780883798113,0.018533345614546632,0.022736668782218597,0.0,0.0,0.0001735399146332356,0.0,0.0,0.0,0.028061591232523976,0.0,0.0,0.0,0.01087996426007277,0.0,0.0,0.0034825814746553114,0.012758015375305833,0.005590081100986312,0.0,0.007314793477746747,0.035189313665105616,0.0,0.011913017798241794,0.0,0.0,0.0,0.0,0.0,0.0,0.0,0.010460445330373283,0.0034420746011079484,0.0,0.0,0.04706644824251856,8.357696064848566e-05,0.0,0.004212150695468995,0.0,0.0,0.0,0.035087974685137774,0.025331049144974475,0.0,0.004807438614406779,0.010364505755001117,0.0004211749616847645,0.0,0.0,0.0,0.007102359550215482,0.03246913646867604,0.0,0.0629181029840303,0.0,0.0,0.00014188231695023715,0.0,0.006806845888603897,0.01595217805940389,0.0,0.048565520478618784,0.0,0.0,0.011105840092587518,0.0,0.0,0.0006054370612587634,0.0,0.0,0.0,0.003127058838273666,0.04467616582899085,0.0,0.0,0.013914441318808533,0.007814710779621712,0.0,0.0,0.0,0.0,0.0027620478370441667,0.0,0.0,0.0,0.007814710779621712,0.023066024220583625,0.0,0.0,0.013076996530346262,0.01368196197708096,0.0038370406048899627,0.002503828376488927,1.72609804778583e-18,0.0022819564973639217,0.0,0.0,0.010919996843859808,0.0,0.0,1.5933212748792276e-18,0.0,0.0,0.0,0.0,0.015015106086387727,0.008578798927889349,0.013412954485417768,0.0,0.005413625166459539,0.002785829203674783,0.0,0.01181641611372657,0.0,0.0,0.009438125267567134,0.0,0.04233197527134139,0.0,0.0,0.005049429761957428,0.01464213876645706,0.007388943480258872,0.0060308519109940955,0.0,0.003990913069708608,0.023592418680932224,0.0,0.0,0.007588561693635831,0.0,0.0,0.0,0.004684410989336958,0.0,0.0,0.005585115385324368,0.0,0.0,0.0,0.034488480769336756,0.0,0.004419448906888603,0.007976781153695609,0.0,0.009079258922232339,0.008631955920276239,0.0
LFQ intensity D1_3,0.0,0.004761211626197445,0.03989077450472883,0.0,0.0,0.053728499253290936,0.05080452800293216,0.0,0.01754861063996131,0.004161158618829906,0.0,0.0,0.0012261069110974037,0.01761262451891115,0.022643513349027065,0.0022236321803100955,0.0,9.280394834848969e-19,0.0,0.0,0.0,0.03588656249059218,0.0,0.0,0.0,0.010111166686168318,0.0,0.0,0.0,0.004106676197312722,0.010299140817205314,0.0,0.005942284326254927,0.0,0.0,0.005121009478541901,0.0,0.0,0.0,0.0,0.0,0.0,0.0,0.010535805114026898,0.00282649826703889,0.0,0.0,0.039328262624132096,0.0,0.0,0.015111599577882271,0.0,0.0,0.0,0.033179130565046726,0.02196340702300388,0.0,0.0,0.00870985312694416,0.0,0.0,0.0,0.0,0.007915994976088919,0.027219033684239047,0.0,0.05538645927313411,0.0,0.0,0.0,0.0,0.005523476856359387,0.012358801821807286,0.0,0.04482922207758847,0.0,0.0,0.015169587666521272,0.0,0.0,0.0,0.0,0.0,0.0,0.0,0.040123901024363445,0.0,0.0,0.01219558330852391,0.0019874602258124477,0.0,0.0,0.0,0.0,0.0,0.0,0.0,9.280394834848969e-19,0.0019874602258124494,0.02234780316242224,0.0,9.280394834848969e-19,0.009618990316447421,0.011500441071109709,0.002741626869950972,0.0007074215567617967,0.0,0.002884264356266819,0.0,0.0,0.008992031101290241,0.0,0.0,0.0,0.0,0.0,0.0,0.033153342444551814,0.016774615178367477,0.01517744379511085,0.011185801837867533,0.0,0.006120256426251666,0.001996354736311192,0.0,0.008508657054444821,0.0,0.0,0.008026739593690416,0.0,0.02910829937014249,0.012064785855718603,0.0,0.004831877086383169,0.008484290613359043,0.0035986389347126575,0.0045660139122495,0.0,0.00733963715307152,0.025634194052564473,0.0,0.0,0.0,0.0,0.0,0.0,0.004086060902430034,0.0,0.0,0.0035954167918549208,0.0,0.0,0.0,0.033762820910347394,0.0,0.018396790425305506,0.017228456854724114,0.0,0.015012417417981838,0.010135473178622382,0.0
LFQ intensity D1_4,0.0,0.00489295682605228,0.028630360240744904,3.6069105043180313e-19,0.0,3.6069105043180313e-19,0.051787488127893765,0.0,0.018049741261593175,0.004449499496634053,0.0,0.0,0.0009395630156859249,0.019501923625594966,0.025018332216856596,7.010695144700655e-19,0.0,0.002698200106101295,0.0,0.0,0.0,0.02684971113183211,0.0,0.0,0.00045205783857956127,0.008704893213220722,0.0,0.0,0.0,0.008717461889768095,0.008812748415500431,0.007224871865218108,0.006316685097540189,0.034079730266210626,0.0,0.013380126814392667,0.0,0.0010004004604848395,0.0,0.0,0.0,0.0,0.0,0.0005917821568556279,5.561386503340273e-19,0.0,0.0,0.04660269967593964,0.0,0.0,0.0,0.0,0.0,0.0,0.02922914822014804,0.02726922816894393,0.0,0.0,0.009465078250939302,0.0,0.0,0.004252946680394722,0.0,0.0,0.027755185270477774,0.0,0.07672475781647085,0.0,0.0,0.0,0.0,0.002612040064716427,0.011793754887685064,0.0,0.04320410462327766,0.0,0.0,0.028382096896397237,0.0,0.0,0.0,0.0,0.0,0.0,0.0,0.0432516482378191,0.0,0.0,0.010848923675112206,0.003090985637389745,0.0,0.0,0.0,0.0,0.015068925078806368,0.0,0.0,3.6069105043180313e-19,0.0030909856373897396,0.016224850757899274,0.0,3.6069105043180313e-19,0.011976327711055999,0.012415634734606749,0.003568225041613228,0.0,0.0,0.0029482340706315723,0.0,0.0,0.005356246647674892,0.0,0.0,1.7342601991942183e-18,0.0,0.0,0.0,0.0,0.01788313123946055,0.01464250008071895,0.012029846579740894,0.0,0.0021699508772698856,0.0034644263318826495,0.0,0.01453259268560337,0.0,0.0,0.007739983156081776,0.0,0.03219575119143195,0.016266086444638263,0.0,0.00011934742405421729,0.0043922106661409294,0.013901273351588667,0.004216831610401124,0.0,0.010726209398808579,0.027177277499381546,0.0,0.0,0.0,0.0,0.0,0.00026481225484143025,0.004401959634393664,0.0,0.0,0.0,0.0,0.0,0.0,0.03783667768092369,0.0026725070720327727,0.01844677722810017,0.007694683942284305,0.0,0.013358893888276963,0.026635707909794186,0.0
LFQ intensity D1_5,0.0,0.00601583696841366,0.012149061990739654,0.0,0.0,0.05351476505060173,0.05017900699394827,0.0,0.014535573091318076,0.004729474763144107,0.0,0.0,0.0031284329406134834,0.015241882766926411,0.020622170936503655,0.0,0.0,0.001026261569273226,0.0,0.0,0.0,0.02096864424769027,0.0,0.0,0.0,0.009032106245569915,0.0,0.0,0.0013762704262084363,0.004306399257642091,0.014334548280279396,0.004834771614621535,0.006036880724643743,0.02965987349821582,0.0,0.00857403706380273,0.0,0.0022350705237200426,0.0,0.0,0.0,0.0,0.0,0.013823585224079117,0.007855307706773161,0.0,0.0015945854985509997,0.035037942786090556,0.0,0.0,0.004606195426298833,0.0,0.0,0.0,0.02894949640203131,0.014619637289876627,0.0,0.0,0.009120937607820095,0.0,0.0,0.016779378501130475,0.0,0.010021421232557965,0.0375608250552471,0.0,0.06571390511261528,0.0,0.0,0.0,0.0,0.0031995461062707545,0.01479332937928206,0.0,0.041209010210249905,0.0,0.0,0.012088645956160443,0.0,0.0,0.0,0.0,0.0,0.0,0.002780463472972093,0.032611662857435025,0.0,0.0,0.01407514036549066,0.00494706489413822,0.0,0.0,0.0,0.0,0.01662676353288522,0.0,0.0,7.237744322993e-05,0.0049470648941382185,0.020180672316765284,0.0,0.0,0.010867622182185028,0.011961320977538811,0.0032927884962276814,1.915469961876586e-18,0.0,0.0032868018784332404,9.931785145370314e-05,0.0,0.009888555321142698,0.0,0.0,0.0,0.0,0.0,0.0,0.0,0.021047228571506565,0.011272200047944912,0.011039335752628625,0.0,0.005770905220252049,0.0002629263888660386,0.0,0.007076592397216647,0.0,0.0,0.007618208221728416,0.0,0.018731287165441167,0.024879920817931455,0.0,0.0073856495110013005,0.010834093984025754,0.003969940730410998,0.006895195778653681,0.0,0.004311594131746116,0.021369021873838424,0.0,0.0,0.0,0.0,0.0,0.00047336416988249733,0.006104041154849334,0.0,0.0,0.0,0.0031872894609109464,0.0,0.0,0.026240792258547817,0.0024562361291778833,0.01750200976679992,0.0,0.0,0.018295336723348946,0.028164394810343787,0.0
LFQ intensity D1_6,0.0,0.006649208025292277,0.009913651351549401,0.0,0.0,0.05189162481889169,0.040990729069011494,0.0,0.014678222129584471,0.005235118079665592,0.0,0.0,0.009477116465631723,0.024293769618388455,0.0,0.0,0.0,0.0009474708117723893,0.0,0.0,0.0,0.027624664610176916,0.0,0.0,0.003943658754482395,0.009919185415738666,0.0,0.0,0.0,0.0,0.017926820243211874,0.0,0.006297395815765119,0.006928128982481059,0.0,0.01793127677617118,0.0,0.003598630438807545,0.0,0.0,0.0,0.0,0.0,0.01847877977053817,0.0,0.0,0.0,0.05761081005421795,0.0,0.0,0.0,0.01721029951888427,0.0,0.0,0.037171467459032985,0.0,0.0,0.0,0.00957740277416985,0.0,0.0,0.008021651516091185,0.0,0.0,0.03538261440134153,0.0,0.06809254601384,0.0,0.0,0.0007559874595533841,0.0,0.005543851766324541,0.014649583841306638,0.0023845500804329255,0.03757093186062262,0.0,0.005228370391180818,0.0,0.0,0.0,0.0,0.0,0.0,0.0,0.004637587700982457,0.0324387786410146,0.0,0.0,0.0,0.0008303542411347677,0.0,0.0,0.0,0.0,0.0,0.0038715309764087054,0.0,0.0007367163989114655,0.0008303542411347687,0.01895031107983755,0.0,0.00040188735675963775,0.012835031029633409,0.01299709888857504,0.003905015690107906,0.0,0.0,0.02810667623469245,0.0,0.0,0.006396524545117266,0.0,0.0,0.0,0.0,0.0,0.0,6.504278799891424e-19,0.014350129362917472,0.0013955606052237486,0.013128936578067024,0.0,0.004946764564099279,0.000956735915801959,0.001986844684009349,0.0075847240461493146,0.0,0.0,0.010388662278136411,0.0,0.048412191345189426,0.012412020437737882,0.0,0.008206879690148399,0.013259126320456685,0.005355851356793955,0.0075214942091221745,0.0,0.006720288575051401,0.01777092333438945,0.0,0.0,0.0,0.0,0.0,0.0013566800862748862,0.006070002086667295,0.0,0.0,0.0036270292981135047,0.0,0.0,0.0,0.030757464990772122,0.0007619085315952236,0.02372162312399745,0.0,0.0,0.020866874474725308,0.035577898766091166,0.0
LFQ intensity D1_7,0.0,0.00492454657488417,0.026770988714957013,0.0,0.0,0.009520760396236052,0.05061630628593333,0.0006805302213192477,0.017762863290973277,0.004093509693516056,0.0,0.0,0.006005606053880785,0.01598398268562508,0.023340234436212005,1.9567980662069544e-19,0.0,6.811922243222302e-19,0.0,0.0,0.0,0.04111219427020832,0.0,0.0,0.0,0.004473608383450868,0.0,0.0,0.00675443472428658,0.008574525750210006,0.014953717207817569,0.0018855132215358312,0.006867134968713228,0.03458216914840302,0.0,0.005882295001880772,0.0,0.0057823773912697995,0.0,0.0,0.0,0.0,0.0,0.013889812485814154,0.0023195951216440245,0.0,0.0,0.018826596041527283,0.0,0.0,0.010043643810003066,0.0,0.0,0.0,0.034890295271366625,0.026205377552748134,0.0,6.811922243222302e-19,0.008981035091160073,5.8232347074993075e-05,0.0,0.003003408826090578,0.0,0.008489587601450807,0.031137674217198184,0.0,0.06346313596628139,0.0,0.0,0.0,0.0,0.009321924672133192,0.009817853427683682,0.00670455103902851,0.03274421378435806,0.0,0.0,0.018938282191221418,0.0,0.0,0.0,0.0,0.0,0.0,0.0,0.04248010838033715,0.0,0.0,0.011265053145481513,0.006756357548048906,0.0,0.0,0.0,0.0,0.0,0.0,0.0,0.0010661506915627245,0.006756357548048903,0.017044632908253574,0.0,6.811922243222302e-19,0.011168639188580552,0.012342373168675381,0.0037153317868608123,0.00011520437934185748,5.996793878830099e-19,0.0024895707444906527,0.0,0.0,0.009371125362207825,0.0,0.0,9.162390077395085e-05,0.0,0.0,0.0,0.0,0.015911418477145212,0.016827316450996648,0.01158882909311969,0.0,0.00882928259753113,0.00012580301465749745,0.0,0.010148284808080455,0.0,0.0,0.002606015173761438,0.0,0.04242828754843763,0.027487782316436168,0.0,0.0,0.010264588321044713,0.0006011483146681399,0.005408125297242238,0.0,0.001859371968697451,0.023849358939096257,0.0,0.0,0.0,0.0,0.0,0.0,0.005455647336992458,0.0,0.0,0.005619075523274965,0.0,0.0,0.0,0.031352374665399065,0.0,0.015500152560644733,0.01894842048933708,0.0,0.01903962699969221,0.012084043482983777,0.0
LFQ intensity D1_8,0.0,0.003732856240059886,0.016973293154383173,0.0,0.0,0.05833784122490631,0.05324306275763774,0.0,0.01676610647283293,0.0043741346201070066,0.0,0.0,0.005919765403959151,0.008082887924657797,0.010527952576986447,0.0,0.0028834575822824704,7.595490881147675e-19,0.0,0.0,0.0,0.026856058695927554,0.0,0.0,0.0,0.006764685283216956,0.0,0.0,0.006531032774982141,0.007404113492542434,0.013903776180299705,0.0,0.005970834265142855,0.0315832627788733,0.0,0.005333937866745365,0.0,0.0,0.0,0.0,0.0,0.0,0.0,0.010220482968944266,0.0025089296310674193,0.0,0.0,0.024766422750243766,0.0,0.0,0.005585536715668738,0.0,0.0,0.0,0.03496069326504059,0.00978756850855789,0.0,0.0,0.00991539101698537,0.0018811947610995632,0.0,0.015303514855970994,0.0,0.0076845667755156095,0.04413402069377238,0.0,0.07310604223032102,0.0,0.0,0.0003509635028369597,0.0,0.0025457598900622525,0.010331268548169778,0.0072895220295507365,0.03055368953273913,0.0,0.0,0.018435487376782016,0.0,0.0,0.0,0.0,0.0,0.0,0.0025316861870794596,0.03565918552586075,0.0,0.0,0.008686243854900135,0.006532892001627277,0.0,0.0,0.0,0.0,0.012683249190849824,0.0,0.0,0.00183131504228143,0.0065328920016272775,0.022933299843776705,0.0,7.595490881147675e-19,0.010694243393762069,0.01083399849432069,0.0033070180043506953,0.0007112155511063207,1.032986759836084e-18,0.00017188701651815413,0.0,0.00015861365243852535,0.007335201245682995,0.0,0.0,0.0,0.0,0.0,0.0,0.0,0.017055172814129847,0.008185301857966934,0.011631297551891085,0.0,0.0011475355226063099,0.002526851063638145,0.0016579270144466713,0.00886929956640239,0.0,0.0,0.004405238246241379,0.0,0.02878727448406212,0.03394702152306594,0.0,0.0008212369668861783,0.00998686666140684,0.0054728459008147245,0.0018546681234025298,0.0,0.006268825447807014,0.017621002393085162,0.0,0.0,0.0,0.0,0.0,0.0,0.01578142960204778,0.0,0.0,0.0,0.0,0.0,0.0,0.030409142992749893,0.004338717412792773,0.02010043297697971,0.0,0.0,0.018457475502234966,0.025521381020287642,0.0
LFQ intensity D1_9,0.0,0.004209664597116637,0.020852575849779748,0.0,0.0,0.05859638494329891,0.053149921505144686,0.0,0.018054215427687648,0.003598107580366314,0.0,0.0,0.014778750880892715,0.006266770227856117,0.011339886149606014,1.571457541490662e-18,0.0,2.8286235746831916e-19,0.0,0.0,0.0,0.03412679393600733,0.0,0.0,0.0,0.00167434665915417,0.0,0.0,0.003848690484113542,0.014082055066297458,0.010014008834190841,0.0019781009947705814,0.006444087053930023,0.0326466911313919,0.0,0.013155343715475871,0.0,0.0,0.0,0.0,0.0,0.0,0.0,0.0060805929293539715,0.0031312511686115846,0.0,0.0,0.0480246062718557,0.0,0.0008304747127902416,0.008641354456964637,0.0,0.0,0.0,0.044794512751332304,0.02508561619210371,0.0,0.0,0.009956941365154905,0.0,0.0,0.004690461177907993,0.0,0.0,0.027505467023934995,0.0,0.05848289716018142,0.0,0.0,0.0,0.0,0.008772487807929162,0.011769339796155354,0.006062029765990533,0.034086133963925555,0.0,0.0,0.013336144197500746,0.0,0.0,0.0011242362056362953,0.0,0.0,0.0,0.00960538442903092,0.002585097401277922,0.0,0.0,0.0105427058543032,0.007950623429489235,0.0,0.0,0.0,0.0,0.0,0.0,0.0,2.8286235746831916e-19,0.007950623429489231,0.019233163660101135,0.0,2.8286235746831916e-19,0.01141166310124584,0.012113323376682795,0.002949438217571062,0.005119326377284465,0.0,1.1000202790434635e-18,0.0,0.0,0.005056183073905343,0.0,0.0,0.0,0.0,0.0,0.0,0.0,0.02006738311737565,0.011365187814741851,0.01193569445147542,0.0,0.004482537516543278,0.0,0.003096933640754617,0.008918111481995667,0.0,0.0,0.006949320965288863,0.0,0.024761218693769963,0.01577818950728549,0.0,0.0019888132636068532,0.012699501806370252,0.007012886109426771,0.0031493045482653675,0.0,0.002648988013333621,0.021798987986349397,0.0,0.0,0.0,0.0,0.0,0.0,0.0,0.032739551263761865,0.0,0.0018879474298245486,0.0,0.0,0.0,0.030895437230132786,0.0006884249957347573,0.017701014651048046,0.019407041050731107,0.0,0.015285189018722917,0.009033861108670231,0.0
LFQ intensity D10_1,0.005507604554723655,0.0014652602623300202,0.008628684750646603,0.0,0.0011197087789525662,0.0,0.013810007947305185,0.006985177947930844,0.0,0.011260420322349095,1.0881213339485613e-18,0.0,0.004264486525081808,0.004395280864540921,0.01033638724833854,0.0,0.0,0.0,0.0,4.2436732023993887e-19,0.0,0.014916917461161111,4.2436732023993887e-19,0.0,0.0033820206081271588,0.00934848930718709,0.0,0.0,0.0007335075615273384,0.041950214966678785,0.0,0.007573459827069381,0.008792348465155557,0.03284459781555175,0.00100479252346929,0.0,0.0,0.012211910676024975,0.0,4.2436732023993887e-19,0.0,0.0,0.0,0.0,0.01642906875190231,0.0,0.0059594139619886305,0.025662147333347235,0.0,0.0,0.009296938653298059,0.0,0.0,0.00043428736828960427,0.003926469311869379,0.05952432240825553,0.0,0.0,0.01054110825718903,0.0,0.0,0.0,0.0,0.006897041777560363,0.0705399936938815,0.0,0.09479477449492593,0.0,0.0,0.0,0.0,0.015803419634471797,0.00719496844724704,0.0,0.046755037514526684,0.0,0.0,1.7736377743361548e-18,0.0,0.0,0.0,0.0,0.0,0.0,0.007184075117354856,0.007068289576707095,0.0,0.0,0.01843449590950057,0.006412786222007643,0.002218440459121575,0.0,0.001707630830005126,0.0,0.0,0.0,0.0,0.0030011203900103143,0.0064127862220076425,0.020848432489170985,0.0,0.0,0.011292692833701552,0.016864678925467013,0.0037228348631240062,0.0,0.0,0.015967270728306202,0.0,0.0,0.012696307605419371,0.0,0.0,0.0,0.0,0.0,0.0,0.03757428787729078,0.0,0.0,0.008025109122976213,0.0,0.03062287090330805,0.0,0.0,0.0036216007085689583,0.0,0.0,0.02226761757666977,0.0,0.020506052835556718,0.0,0.0,0.027248543162050498,0.0166512998744241,0.0,0.0,0.014411655411353457,0.0,0.0,0.0,0.0,0.020292367245480118,0.0,0.0,0.005405209344200118,0.0,0.0,0.0,0.012728816799058051,0.0,0.0,0.011868266823202208,0.011848738158371529,0.0,0.00037233453219659917,0.014786250182965095,0.0,0.00042201299750986484,0.032296960449467185,0.0009278938005420631
LFQ intensity D10_10,0.004097292672207109,0.002151779641344629,0.013913607512510867,0.0,0.00031482949765962247,4.236268329759965e-19,0.054003950480882267,0.006267074626760868,0.013830133165910518,0.006200748201341041,0.0,0.0,0.009973662823832719,0.0007607231615199035,0.00858365493414129,0.0,0.0,4.236268329759965e-19,0.0,0.0023645796536843704,0.0,0.014381779478782532,0.0,0.0,0.0,0.01000217102326156,0.0,0.0,0.007361682010865995,0.04051850584719274,0.0022121505017579056,0.0023379927381858116,0.008213485099271965,0.03648045894344355,0.0,0.014492579528528605,0.0,0.008495643084851337,0.0,0.0023645796536843704,0.0,0.0,0.0,0.0020165801933997264,0.008332279062635072,0.0,0.002823962792843268,0.021438225996927383,0.0,0.0,0.020363376640547014,0.0,0.0,0.0,0.011602507777564917,0.05411285122181528,0.0,0.0,0.00714742457995296,0.0,0.0,0.0,0.0,0.0,0.04466219113700508,0.0,0.07145187845522281,0.0,0.0,0.0,0.0,0.017183116033128946,0.012729599192774136,0.0,0.03581479697231631,0.0,0.0,0.011771621601927252,0.0,0.0,0.004299850451151452,0.0,0.0,0.0,0.0025320434007908964,0.012026630634435636,0.0,0.0,0.01528398453185439,0.011969970465560927,0.010887883689068022,0.0,0.005368167799084392,0.0,0.0,0.0,0.0,0.001306626142628627,0.011969970465560925,0.015658728058027562,0.0,4.236268329759965e-19,0.008118853559206699,0.013573833846160737,0.0031952017133478035,2.8241788865066435e-19,0.0,0.012422824627691901,0.0,0.0,0.01059383936173775,0.0027011148399425093,0.0,3.24780571948264e-18,0.0,0.0,0.0,0.0,0.0,0.0,0.004797167551095181,0.0,0.022225027636047202,0.0,0.0,0.008661374381150364,0.0,0.0,0.016280646869458057,0.0,0.02335182546088299,0.0,0.0,0.0030295718901224354,0.011173787437830311,0.0,0.0,0.010738005473232455,0.0,0.0,0.0,0.0,0.0,0.0,0.0,0.0,0.0,0.03336818849172858,0.0,0.00421062694798389,0.0,0.05113032478038901,0.0,0.0,0.01729589867553009,0.0,0.019006485218548953,0.009788202874761577,0.0042003992882386895,0.028059467497068225,0.0
LFQ intensity D10_2,0.0,0.0015781244432828037,0.028529731321548877,0.0,0.0013212910631806895,2.3108146594513962e-18,0.050768058851455494,0.0009726632192563896,0.010799998914244503,0.004008263004062278,0.0,0.0,0.0031051159033045144,0.005055606271839066,0.0,0.004542089900228882,0.0024074285081347627,2.3108146594513962e-18,0.0,0.0019400278500673938,0.0,0.00476921225745146,0.0,0.0,0.0,0.00912164514044337,0.0,0.0,0.0,0.039021807729226456,0.004758787694731731,0.0009139986911069932,0.008459453659344886,0.03810586759711082,0.0,0.01292754517533526,0.0,0.011812710000192505,0.0,0.0019400278500673938,0.0,0.005685696210480894,0.0,0.005519741186715715,0.007265534567439509,0.0,0.005267592693173233,0.021573591872549952,0.0,0.0,0.005780696801346598,0.0,0.0,0.0,0.01060610976119428,0.016587814549523072,0.0,0.0,0.009013194484325871,0.0,0.0,0.0,0.0,0.0005131670059953071,0.0552459747605938,0.003422551942786003,0.07299942173437647,0.0,0.0,0.00032345996827549934,0.0,0.01827120808206153,0.004801185093942126,0.0,0.05174129516426262,0.0,0.0,0.005101463541585742,0.0,0.0,0.0,0.0,0.0,0.0,0.009876831706342381,0.0,0.0,0.0,0.022273499785668057,0.004446616191241511,0.0,0.0,0.0,0.0,0.0,0.0,0.0,0.0008228224027237611,0.004446616191241502,0.008182850609982006,0.0,2.3108146594513962e-18,0.00797088428930569,0.0134181387682674,0.0021452903903539555,0.0,0.0,0.01239994876156684,0.0,0.0,0.01393122149889065,0.0,0.0,1.660898036480691e-18,0.0,0.0,0.0,0.0,0.0,0.0,0.0076435228086118795,0.0,0.022831963310452248,0.001031733685214267,0.0,0.007619907377947336,0.0,0.0,0.01907660607948718,0.0,0.03313576301191697,0.0,0.0,0.013920907484830018,0.01186341153507864,0.0,0.0,0.02787518572169014,0.04296929815870723,0.013448826383573292,0.0,0.0,0.013444212428942857,0.0,0.0,0.006551465859796988,0.0,0.04317978549501328,0.0,0.01237788831188665,0.0,0.008842362309406953,0.011553881907959427,0.0,0.0018160705985418419,0.005038702877151485,0.007938793568442322,0.005285250267161733,0.007163990680630705,0.02889659507572811,0.0
LFQ intensity D10_3,0.004376635983264925,7.96146023181011e-05,0.0,0.0,0.002578944466027968,0.0,0.014519461616703765,0.007744672119666329,0.0,0.008436081767876573,0.0,0.0,0.001571188722251821,0.008197669485547164,0.014264348062682383,8.75933693248111e-19,0.0,0.0,0.0,0.0006685935758889015,0.0,0.029306003664899907,0.0,0.0,0.0,0.0078118039023339384,0.0,0.0,0.0,0.05018185993273723,0.0,0.008991539361819362,0.003868728067522554,0.007185422266165063,0.0,0.005241796820738621,0.0038347184853057513,0.01701369972080434,0.0,0.0006685935758889015,0.0,0.0,0.0,0.00010356166100498774,0.015329684250083611,0.0,0.0033526132752355192,0.008563323807790355,0.0,0.0,0.011469867014273785,0.0,0.0,0.0,0.0062261335015785105,0.03212879679806861,0.0,0.0,0.009041799308402808,0.0,0.0,0.0,0.0,0.009674829941642654,0.0793235422713312,0.0,0.08745490385855673,0.0,0.0,0.00039443794179645124,0.0,0.00961718481706789,0.0010588839915526664,0.0,0.05222700451992062,0.0,0.0,0.0,0.0,0.0,0.0,0.0,0.0,0.0,0.006343739574805407,0.001594111147025183,0.0,0.0,0.0,0.004630719635351253,0.0018944094684452935,0.0,0.0,0.0,0.0,0.0,0.0,0.003971914108575002,0.0046307196353512605,0.02242230957744457,0.0,0.0,0.008465300778382711,0.015036451018327082,0.0004670081370810549,3.0657679263683887e-19,1.3139005398721664e-19,0.019942997607948466,0.0,0.0,0.011610372246863641,0.0,0.0,8.75933693248111e-19,0.0,0.0024041312367047707,0.0,0.0,0.0,0.0,0.004929925489327373,0.0,0.030813878886151048,0.0,0.0,0.005336162907497218,0.0,0.0,0.02018470806609853,0.0,0.0206300995108973,0.009455224463874173,0.0,0.023840603775691256,0.018198932122154187,0.0,0.001229855217539691,0.015934672983919575,0.0,0.005475267049001888,0.0,0.0,0.016324723085357644,0.0,0.0,0.008259774638198459,0.0,0.043958151756839446,0.0,0.020835565875546865,0.0,0.04823927590715816,0.006986445574239239,0.01693388243549951,0.0,0.0,0.014701432308057713,0.0,0.0,0.039062364041366426,0.0027469265745287425
LFQ intensity D10_4,0.0008128463883044395,0.002269474296510544,0.011312331985918888,0.0,0.006046147976810322,0.0011862979697825086,0.05922884477485268,0.0,0.01164941183629371,0.004796427877454633,0.0,0.0,0.0038802620763509817,0.0,0.008816449102649086,0.003793616816404779,0.0,1.2967351920599449e-18,0.0,0.001964871236811708,0.0,0.012587120853955922,4.0522974751873277e-19,0.0,0.0,0.013058344219531663,0.0,0.0,0.0011411743761156905,0.04297599127542424,0.007571578597602442,0.0,0.010093016694070298,0.029096069635030794,0.0012305907655626679,0.005055515750722403,0.0,0.00693279373291214,0.0,0.001964871236811708,0.0,0.0,0.0,0.007244071964203335,0.009466187221495385,0.0,0.0,0.01272387458758241,0.0,0.0,0.027726391740245132,0.0,0.0,0.0,0.001405365370555003,0.040847779193349,0.0,0.0,0.010248161295511742,0.0,0.0,0.0,0.0,0.0030666569196057393,0.03977339149809127,0.0,0.08797670927397132,0.0,0.0,0.0,0.0,0.023456668374770156,0.006154319763386917,0.0,0.06483472285431097,0.0,0.0,0.007429435545459845,0.0,0.0,0.0,0.0,0.0,0.0,0.009049888266757043,0.0009427979759105255,0.0,0.0,0.008954211463258716,0.00642888762551005,0.005215149036702078,0.0,0.004969466759659141,1.2967351920599449e-18,0.0,0.0,0.0,1.2967351920599449e-18,0.006428887625510048,0.00601045623762265,0.0,1.2967351920599449e-18,0.009764714596519725,0.016471941920738354,0.002400439038875966,0.002177226432203798,0.0,0.00581323659123504,0.0,0.0009081055627978126,0.015285448825402753,0.0,0.0,1.9451027880899173e-18,0.0,0.0,0.0,0.0348403665466279,0.0,0.0,0.008479750110669232,0.0,0.02004216752149287,0.007967083326445478,0.0,0.010442211162534814,0.0,0.0,0.025652700534478257,0.0,0.006731296687752315,0.0,0.0,0.02320827199898262,0.021804488225644188,0.0,0.0,0.005387190761459961,0.0015047723882701492,0.0,0.0,0.0,0.011014817708849201,0.0,0.0,0.0018973275533191803,0.0,0.04857080800958875,0.0,0.0088700052142503,0.0,0.0,0.007242055318336597,0.0,0.012503974444689503,0.01229478461214218,0.0,0.0,0.010855549022065729,0.030051735815274674,0.0
LFQ intensity D10_5,0.0054051429819448864,0.0022177733063785815,0.008757651245193145,5.292892116464356e-19,4.85181777342566e-19,0.008651917148434024,0.014083363629053502,0.007834743575296,0.002769332180764166,0.006400357172442652,0.0,0.0,0.007788732600274812,0.0060704786127397485,0.016216955065776282,0.0,0.0,5.292892116464356e-19,0.0,0.0006348050906186617,0.0,0.00793133370571176,0.0,0.0,0.0,0.00811495731222297,0.0,0.0,0.0005679052977248203,0.048661715256934336,0.0,0.00612129277740629,0.007268377826522468,0.007969160582188866,0.0,0.0,0.009234758214641765,0.011532474137117443,0.0,0.0006348050906186617,0.0,0.0,0.0,0.0011954373594855535,0.014813711017212723,0.0,0.0016375977216594837,0.020443847970008262,0.0,0.0,0.0,0.0,0.0,0.005311718284232046,0.0,0.06112331383977252,0.0,0.0,0.008601758413854148,0.0,0.0,0.0,0.0,0.0,0.08570906458863103,0.0,0.08532546029811024,0.0,0.0,0.0,0.0,0.013249532615333572,0.0,0.0,0.05654127236639466,0.0,0.008189569381834601,0.0,0.0,0.0,0.0,0.0,0.0,0.0,0.00284736046569733,0.0,0.0,0.0,0.00650693433115803,0.006323151267441363,0.004256289490798732,0.0,0.0,0.0,0.010117254205844054,0.002519377190199425,0.0,0.000699133294151266,0.006323151267441362,0.01999949139257946,0.0,5.292892116464356e-19,0.010746527812624217,0.01631077642368907,0.0017876597995715882,0.0,0.0,0.017399391694186094,0.0,0.0,0.017232622615778417,0.0,0.0,9.262561203812624e-19,0.0,0.0,0.0,0.0,0.0,0.0,0.007879605358768554,0.0,0.0253496650835966,0.00019663138020102497,0.0,0.006942328393256298,0.0,0.0,0.023988043256743766,0.0,0.02791613711943093,0.00588138609485943,0.0,0.022248352184272787,0.018752654408805892,0.0,0.0,0.004617363660077652,0.0,0.0010417600935137981,0.0,0.0,0.0,0.0,0.0,0.013187679341688161,0.0,0.04371352600688934,0.0,0.01506676069574507,0.0,0.027499021847726707,0.010361221908237407,0.012575604097721927,0.0,0.0,0.010720571190085657,0.0008133006730139079,0.0,0.03545584841567704,0.0057131008719929705
LFQ intensity D10_6,0.003436640618516371,0.0035280829921010095,0.02749230119053732,0.0,0.004636874233450581,0.0,0.05316610635958317,0.0,0.00845346173193277,0.005093776241390087,0.0,0.0,0.001159061480255549,0.0010328552454691282,0.014527324314001649,0.0,0.0,0.0,0.0,0.008121702863133563,0.0,0.014384472246181699,9.253497007921966e-19,0.0,0.0,0.005512222628573173,0.0,0.0,0.0,0.023436728401106565,0.008669978820330432,0.0009340210908924106,0.006088635861536678,0.02834505165532346,0.002970541235380479,0.011036836060400566,0.0,0.010471456685807642,0.0,0.008121702863133563,0.0,0.0,0.0,0.006788330234207081,0.01017709578485466,0.0,0.002564033945957101,0.021928235149284013,0.0,0.0,0.0,0.0,0.0,0.0,0.00459857285687958,0.04160245305614438,0.0,0.0,0.009627883879087674,0.0,0.0,0.0,0.0,0.009580167750395586,0.04280794636925037,0.002994506985064867,0.08406103479964595,0.0,0.0,0.0,0.0,0.02301965875560007,0.0,0.0,0.049614825685491394,0.0,0.0,0.013509566008565746,0.0,0.0,0.0,0.0,0.0,0.0,0.0024194359372951496,0.00738892808971258,0.0,0.0,0.00970256873684659,0.003882044628941638,0.005816381396902279,0.0,0.005640414770721238,0.0,0.0,0.0,0.0,0.0,0.003882044628941639,0.004609501746633988,0.0,0.0,0.012593589977915012,0.01643760829762995,0.0030565090946126686,0.0,9.253497007921966e-19,0.01065096039728226,0.0,0.0,0.014206599824311895,0.0,0.0,7.402797606337573e-19,0.0,0.0005024372356013322,0.0,0.03076384529844495,0.0,0.0,0.005604766650394178,0.0,0.017692048273611222,0.006772135666252069,0.0,0.015062814099879878,0.0,0.0,0.02189033692072869,0.0,0.03275975383528345,0.0,0.0,0.01515677879920487,0.021584716319132752,0.0,0.0,0.0008190455106980366,0.0024874273584283226,0.0,0.0,0.0,0.009698311230604785,0.0,0.0,0.006778082316325277,0.0,0.04386227041955427,0.0,0.011113273874188378,0.0,0.0028347672646781546,0.02260432725872299,0.0,0.004424662224892091,0.015150580792045521,0.0022908674297406183,0.0,0.016370442823257277,0.019995574791117597,0.0
LFQ intensity D10_7,0.005549527019887604,0.0,0.015059486936674908,0.0,0.001832983547475352,0.010522639548566907,0.01302504782640822,0.004070600256469587,0.0,0.009569047442328603,0.0,0.0,0.006428402277341562,0.0,0.008925507217677724,0.0,0.0,0.0,0.0,0.003918303421414358,0.0,0.010684670532841074,0.0,0.0,0.0,0.008871697528491079,0.0,0.0,0.0020672635685767345,0.051064463814656076,0.0,0.01034148167653067,0.005464092871946884,0.007943429343804813,0.0,0.008845732886987935,0.006250507911559195,0.016465542906386868,0.0,0.003918303421414358,0.0,0.0,0.0,0.0,0.01043438644394471,0.0,0.0056362228257693875,0.08148437210750721,0.0,0.0,0.00508981105235967,0.0,0.0,0.0,0.0012311512468821844,0.05278118413427237,0.0,0.0,0.009832693506404519,0.0,0.0,0.0,0.0,0.010218332672777776,0.06255729344873487,0.0,0.08845383508313905,0.0,0.0,0.0,0.0,0.01183411529272197,0.0,0.0029887883538231796,0.04218839307121071,0.0,0.0,0.0,0.0,0.0,0.0,0.0,0.0,0.0,0.013365089788997371,0.0,0.0,0.0,0.0019260978045411168,0.00792638768381868,0.010960192875067517,0.0,0.00255735733310493,0.0,0.0,0.0,0.0,0.004244320537428203,0.007926387683818675,0.02218115806193525,0.0,0.0,0.008734943307765286,0.013627839665030695,0.00023503121211748882,2.3348152669637554e-18,0.0,0.013136361208702195,0.0,0.002027752838439242,0.008541123071516119,0.0,0.0,0.0,0.0,0.0,0.0,0.0,0.0,0.0010971366747814977,0.006912278006979738,0.0,0.034218082525836475,0.0,0.0,0.006649885374003875,0.0,0.0,0.013095303510736036,0.0,0.011713042829521635,0.018959462973782766,0.0,0.0015790130244438187,0.020467273503192888,0.0,0.002338272239305772,0.01553678165190002,0.0,0.0,0.0,0.0,0.000893065056158478,0.0,0.0,0.002038472279636006,0.0,0.0435394212002322,0.0,0.011986124636123082,0.0,0.0,0.002670042890873494,0.014247028538087597,0.0041084307904711145,0.0,0.02551674814131829,0.01393448547191187,0.0,0.03556029441143244,0.0
LFQ intensity D10_8,0.003040358790646917,0.0001872597934352484,0.05742802628090271,2.4071989167392026e-18,0.0,0.004616455658928045,0.01316017392619659,0.004530819113461375,2.4071989167392026e-18,0.00809696013278609,0.0,0.0,0.0003621880159975113,0.00930126921753472,0.009494596288928925,1.660137183958071e-18,0.0,0.0,0.0,0.0,0.0,0.06683274227290467,0.0,0.0,0.0,0.005977124228480324,0.0,0.0,0.0,0.04848654882025248,0.0021443478920154632,0.00895719135668011,0.004363479254888192,0.006936257978987666,0.0,0.009973880109930663,0.0023484927501171786,0.013828536568236498,0.0,0.0,0.0,0.0,0.0,0.004179974996686724,0.013437186002800892,0.0,0.0019375414847149675,0.008443337136847199,0.0,0.0,0.006214541858178847,0.0,0.0,0.0,0.00732311031828675,0.057638805426369955,0.0,0.0,0.007523899384333768,0.0,0.0,0.0,0.0,0.012833883784462938,0.07144459198174996,0.0,0.08061400777885655,0.0,0.0,0.0009481073746311605,0.0,0.01284395440749239,0.001672235767287009,0.0021962004616561657,0.04626815656412289,0.0,0.0,0.0,0.0,0.0,0.0,0.0,0.0,0.0,0.0069812131388836225,0.0035396991514378565,0.0,0.0,0.0,0.0028748785038096632,0.0017654451990418746,0.0,0.0,0.0,0.0,0.0,0.0,0.0022182074306209506,0.002874878503809665,0.006525635320875581,0.0,2.4071989167392026e-18,0.005792023546199932,0.01266525974127826,0.0,0.0,0.0,0.017289605602444805,0.0,0.0,0.010822261493523784,0.0,0.0,0.0,0.0,0.00641308237502026,0.0,0.0,0.0,0.0,0.004516102800307996,0.0,0.028840638958318992,0.0,0.0,0.004728193993677517,0.0,0.0,0.02332077436965545,0.0,0.01950547513849153,0.0,0.0,0.01734153633409661,0.012114062008464184,0.0,0.0,0.015251696622904928,0.0,0.0,0.0,0.0,0.01679334943430646,0.0,0.0,0.0008776206474695107,0.0,0.042403289707641977,0.0,0.016104623136189728,0.0,0.01434280942556199,0.009325658404255732,0.008557063276040331,0.0007741193371087268,0.0,0.023399267371545015,0.010407428713822385,0.0031854101204716987,0.03286244701293334,0.0
LFQ intensity D10_9,0.005041632830924834,0.0009507284755340102,0.006862217067133325,0.00021218970427139573,0.0011253829962343195,0.0,0.024794486409269442,0.0017537167048500579,0.008897694831174443,0.003998549393740463,0.0,0.0,0.010699759156750433,0.0009337818836089963,0.01077743003189886,0.0,0.0,0.0,0.0,0.0,0.0,0.015885419008935205,0.0,0.0,0.0,0.00765705729973117,0.0,0.0,0.008057702075551091,0.041138529431485125,0.0,0.012182255656179272,0.008308515048373486,0.027216888041810397,0.00119552679966769,0.0065480143147301694,0.0,0.009728771791547615,0.0,0.0,0.0,0.0,0.0,0.0,0.013122314327679494,0.0,0.0,0.02111403947839795,0.0,0.0,0.007870617689778137,0.0,0.0,0.0,0.01042297688844983,0.056123043423866516,0.0,0.0,0.008467918053506378,0.0,0.0,0.0,0.0,0.00836377824311358,0.06058623391502347,0.0,0.07790985403021708,0.0,0.0,0.0,0.0,0.01756148751602273,0.0016944744137375523,0.0,0.043277958042071324,0.0,0.0,0.009961688684033585,0.0,0.0,0.0048362292425748205,0.0,0.0,0.0,0.00489399126711018,0.01357030887768079,0.0,0.0,0.01320922371460688,0.012906098333160152,0.012372245638054004,0.0,0.005012590780629485,0.0,0.0,0.0,0.0,0.002493699270262733,0.012906098333160154,0.01795942841549153,0.0,0.0,0.008411107535351283,0.013115251082227731,0.0019026462765936258,0.0009034953942802184,0.0,0.011470582923963317,0.0,0.0006290785898377666,0.01510623853062428,0.0030443589987978756,0.0,0.0,0.0,0.0,0.0,0.031833384506378674,0.0,0.0,0.00580379104661132,0.0,0.022077129990496585,0.0036241533265463804,0.0,0.006814159861242266,0.0,0.0,0.020307444346331076,0.0,0.01073518776582749,0.0,0.0,0.013473016493280409,0.010057977987434285,0.0,0.0,0.012740489275220776,0.0,0.0,0.0,0.0,0.015056684694312676,0.0,0.0,0.009515768123091605,0.0,0.040451742422394674,0.0,0.013369443222694132,0.0,0.010432963313234471,0.016255684002417364,0.0009265146433941176,0.0031561675267510227,0.0,0.011718217147914994,0.00813266565374894,0.0,0.028332107786970533,0.0
LFQ intensity D2_1,0.0,0.0035383143604083285,0.02268668188086298,3.1403088315952612e-19,1.3956928140423382e-19,0.0012938117221157912,0.06190715709149091,0.0,0.020443357833902866,0.001866534093650483,0.0,0.0,0.019328776248180975,0.021454547782000934,0.00855373022193097,0.0008245625936021543,0.0,3.1403088315952612e-19,0.0,0.0,0.0,0.02712777024042419,0.0,0.0,0.0,0.0023639056938051404,0.0,0.0,0.007324999697970485,0.020513674584307855,0.009284660633462768,0.0,0.0071776402242016615,0.02633473449784788,0.0,0.006523256877345676,0.0,0.0,0.0,0.0,0.0,0.0,0.0,0.0015931337341592582,0.005561358304642848,0.0,0.0,0.019923409399718886,0.0,0.0,0.019830736562824698,0.0,0.0,0.0,0.037598504404858596,0.036342726483020046,0.0,0.0,0.010402093672409332,0.0,0.0,0.0018168643025149834,0.0,0.004073254052461267,0.05699274729012629,0.0,0.06693394188579394,0.0,0.0,0.003356755030996052,0.0,0.009712521380603212,0.005833552810696681,0.005411141638535875,0.03770064586549804,0.0,0.0,0.015179090919757728,0.0006724396073423759,0.0,0.004298694643784265,0.0,0.0,0.0,0.014425412238986234,0.0,0.0,0.0,0.0055410293174367005,0.011879792404931273,0.0,0.0,0.0,0.0,0.0,0.0,0.0,3.1403088315952612e-19,0.01187979240493126,0.015821112053822126,0.0,3.1403088315952612e-19,0.013051282453539535,0.014024200537233075,0.0032408444443821805,0.003773190713712324,0.0,0.008071213709108465,0.0,0.0,0.010817786803161113,0.00243191199588073,0.0,0.0,0.0,0.0,0.0,0.029837354013325688,0.014184139910937525,0.024141273709678546,0.010546746479878863,0.0,0.009707313321359764,0.004150762381147804,0.0,0.00598986784422095,0.0,0.0,0.000758360879329193,0.0,0.03192327596272628,0.0,0.0,0.0031121873076015716,0.008998844352973557,0.0,0.0,0.007478496024061563,0.0,0.02710078571673762,0.0,0.0,0.005352184036443404,0.0,0.0,0.0,0.0007123053489918932,0.0,0.0,0.004078196260045569,0.0,0.0,0.0,0.02973383416225241,0.0,0.0,0.02135908447485037,0.0047850920262483805,0.011420511523224092,0.017890086919583614,0.0
LFQ intensity D2_2,0.0,0.005494584523777486,0.012886039633042686,0.0,0.0,0.06232761186155214,0.051971550165937415,0.0,0.02005520722925185,0.004594037440130919,0.0,0.0,0.017595703864234227,0.0229233057556444,0.022635936322889703,0.0,0.0,0.0,0.0,0.0,0.0,0.023390259965323644,0.0,0.0,0.004011897458117151,0.004033840856128751,0.0,0.0,0.003373413325020699,0.009830074865060571,0.006130378836700396,0.001986286778654008,0.006439754957827079,0.0,0.0,0.012417734024981909,0.0,0.0026237892726243884,0.0,0.0,0.0,0.0,0.0,0.006119575038319597,0.005735699724498852,0.0,0.0,0.01806315166615239,0.0,0.0,0.008022525741019389,0.0,0.0,0.0,0.026663630233484784,0.031052790801096842,0.0,0.0,0.00869579966476497,0.0,0.0,0.0,0.0,0.009122487113326716,0.03287161229223707,0.0,0.06364083072521318,0.0,0.0,0.0,0.0,0.01189406730685664,0.01044567809852467,0.0,0.044080481442582975,0.0,0.00392840551117168,0.0,8.136156670609481e-05,0.0,0.0005876108101455962,0.0,0.0,0.0,0.0,0.04000809634604684,0.0,0.0,0.0006115137596756624,0.0075680079873346375,0.0,0.0,0.0,0.0,0.0,0.005037733808803531,0.0,0.0,0.007568007987334633,0.022995460721222792,0.0,0.0,0.012108891444253094,0.014674142074252315,0.0037063490270877143,0.0,0.0,0.0067138981772954165,0.0,0.0,0.011636187400937937,0.0,0.0,0.0,0.0,0.0,0.0,0.035103103371413695,0.013738242572389498,0.023191296439583384,0.011802551070571645,0.0,0.00748294336803112,0.005935665099036502,0.0,0.009446486729410458,0.0,0.0,0.007406185315385218,0.0,0.040326289760759026,0.0,0.0,0.0005452930526607556,0.013513902850670736,0.0,0.0,0.0,0.0026156247751914067,0.03569735890764949,0.0,0.0,0.004148560510462236,0.0,0.0,0.0,0.003173365752362367,0.0,0.0,0.0069488967985817315,0.0022058552529086667,0.0,0.0,0.022117545413902515,0.0,0.0,0.01668793226898415,0.005725106663116524,0.007107764516851792,0.01672462590283169,0.0
LFQ intensity D2_3,0.0,0.007239748199504871,0.015157747956058735,0.0,0.0,0.0,0.060311599153154136,0.0,0.020986119703284473,0.0031077295658213603,0.0,0.0,0.00702480965735232,0.027214430726208542,0.021811475243990616,0.0,0.0,0.0,0.0,0.0,0.0,0.02806965296124306,0.0,0.0,0.003465151793303396,0.005865333408545126,0.0,0.0,0.0,0.006322065015424478,0.0076111684927848335,8.699755319210721e-05,0.0068537542841203575,0.04021790091525711,0.0,0.009913745592578117,0.0,0.00022931134949021433,0.0,0.0,0.0,0.0,0.0,0.007409157347840679,0.008550273511151597,0.0,0.003647919301267615,0.019541599462346793,0.0,0.0,0.011734842333546493,0.0,0.0,0.0,0.030802599692063847,0.03043682001696607,0.0,0.0,0.010069526002472672,0.0,0.0,0.0,0.0,0.0,0.04305259725423169,0.0,0.0749707443065959,0.0,0.0,0.0,0.0,0.0,0.006210535383779487,0.010462434808236155,0.03239669670170075,0.0,0.0,0.011789964104710495,0.0,0.0,0.0,0.0,0.0,0.0,0.0027909425663024856,0.04061115459842838,0.0,0.0,0.0006102908638433062,0.0,0.0,0.0,0.0,0.0,0.0,0.005357005208272558,0.0,0.0,0.0,0.017850182499403164,0.0,0.0,0.014353616025100888,0.01691338234792777,0.004088095316457051,0.0,0.0,0.010426569385772964,0.0,0.0,0.010100530618065845,0.0,0.0,0.0,0.0,0.0,0.0,0.0,0.01195732430112458,0.016092820740956703,0.013484117796289653,0.0,0.010090092207532696,0.0032382709567483846,0.0,0.012557420961147652,0.0,0.0,0.007498554153484598,0.0,0.04418944381538019,0.0,0.0,0.0,0.011904186358653665,0.0,0.0,0.0,0.006513035486587614,0.047397978289990594,0.0,0.0,0.0012723357155143028,0.0,0.0,0.0,0.002573169415874174,0.0,0.0,0.011379180879428956,0.0041919433033194104,0.0,0.0,0.044355021443706344,0.0,0.0,0.02003117409745905,0.005274127229616278,0.008918864227807233,0.019321633200541068,0.002093084191038303
LFQ intensity D2_4,0.0,0.004904165703904899,0.01727368829442011,0.0,0.0,0.0029606128589691307,0.05715419575040393,0.0,0.019952864211846232,0.0017640092631674574,0.0,0.0,0.017126090238386304,0.031059813329466203,0.0065080131080600566,0.0,0.0,4.286848522010195e-19,0.0,0.0,0.0,0.02030858955584855,0.0,0.0,0.0014026809237098546,0.004138689833927834,0.0,0.0,0.0024163242088362483,0.02503719054852525,0.010232288666833187,0.0,0.005788107880109544,0.0,0.0,0.007945814368778262,0.0,0.0,0.0,0.0,0.0,0.0,0.0,0.011281693362598256,0.004133980408789427,0.0,0.0,0.008308235071782036,0.0,0.0,0.009620826815297377,0.0,0.0,0.0,0.03350381671482464,0.029078998695917326,0.0,0.0,0.008281267151632302,0.0,0.0,0.0,0.0,0.00847142280460972,0.03607896537103489,0.0,0.0801127335877274,0.0,0.0,0.00033003070725647917,0.0,0.007524390513008669,0.002120940694668165,0.004583736939218976,0.03364873766933764,0.0,0.0,0.0021318285916071987,0.0,0.0,0.0,0.0,0.0,0.0,0.0,0.0451458741915066,0.0,0.0,0.005646329844937514,0.006719648795862964,0.0,0.0,0.0,0.0,0.0,0.0025840833954062716,0.0,0.0005025431775720007,0.006719648795862958,0.023668293002247317,0.0,4.286848522010195e-19,0.010270552323086367,0.013902105337034835,0.0028183050340885867,0.0,4.946363679242533e-19,0.02973322415944966,0.0,0.0,0.01088010802982474,0.0,0.0,0.0,0.0,0.0,0.0,0.03591828472688875,0.00786882108561077,0.01449707596511656,0.00714395338412869,0.0,0.0125669800213165,0.012117077580386182,0.0,0.007970057459887788,0.0,0.0,0.000552247138877364,0.0,0.03998134455030609,0.0,0.0,0.0,0.01877946246298656,0.0,0.0008764976808329641,0.0,0.0023277874109908746,0.028385264950638145,0.0,0.0,0.002109211528014692,0.0,0.0,0.0,0.0,0.036341624966307766,0.0,0.0,0.0047757607695367715,0.0,0.0,0.022562180176770696,0.013971014565764385,0.005383499254518703,0.00024387436409088907,0.00550118634952523,0.013716379892891224,0.032634953783229045,0.0
LFQ intensity D2_5,0.0,0.0040722404169239515,0.020562546328555,0.0,0.00010927432710937728,0.004211591360796193,0.06496209429527057,0.0,0.019783243459992852,0.004433994463022494,0.0,0.0,0.015997188642444163,0.025631640232227935,0.023355684681627634,0.0,0.0,0.0,0.0,0.0,0.0,0.01880437772758835,0.0,0.0,0.0,0.003969167092894641,0.0,0.0,0.00389765785757665,0.019273896012913252,0.010885371576738261,0.008322764089620007,0.006220316463026913,0.025399527357704503,0.0,0.0049307063602283645,0.0,0.0,0.0,0.0,0.0,0.0,0.0,0.0036336350180643704,0.00019674079391055713,0.0,0.0,0.014267674712628063,0.0,0.0,0.019188393271012655,0.0,0.0,0.0,0.031414230669042476,0.03797283939220127,0.0,0.0,0.01079540045937592,0.0,0.0,0.0,0.0,0.007020073765076229,0.037384657531366605,0.0,0.07187385546088652,0.0,0.0,0.0,0.0,0.006448827881535795,0.00917982991096801,0.0043915309985282916,0.03825964988676823,0.0,0.0,0.015334305923506715,0.0,0.0,0.0008676488174699022,0.0,0.0,0.0,0.0,0.042964569185097036,0.0,0.0,0.013043220289102724,0.00845983497155129,0.0,0.0,0.0,0.0,0.0,0.0,0.0,0.0,0.008459834971551283,0.01594009903101217,0.0,0.0,0.011937482053731295,0.014960726120416441,0.0036345231427280904,0.005229486482635972,0.0,0.006409615055932578,0.0,0.0,0.01068159895651891,0.0,0.0,0.0,0.0,0.0,0.0,0.030189537220454303,0.009754853708437573,0.018746987855672307,0.010398965448178728,0.0,0.009761459504451413,0.0022274992290889544,0.0,0.011334911389989204,0.0,0.0,0.004282767255833607,0.0,0.0286984350203699,0.0,0.0,0.0005730087527966468,0.005965613953434005,0.0,0.0,0.008144263177642745,0.00021832079633216998,0.030724348431195217,0.0,0.0,0.004593364019713308,0.0,0.0,0.0,0.0003602532447011684,0.0,0.0,0.005701338320226841,0.0,0.0,0.0,0.028596316440455464,0.0,0.0,0.023782911947398934,0.0031747430423121562,0.01194128508190924,0.01605524866052558,0.0
LFQ intensity D2_6,0.0,0.0049085872514638305,0.02724994747933567,0.0,0.0,0.011348507731097673,0.05484712383063798,0.0,0.02031264934299725,0.004772862086765507,0.0,0.0,0.007464476912836304,0.01720243393938401,0.024546980988173005,0.0,0.0,0.0,0.0,0.0,0.0,0.0446262597421927,0.0,0.0,0.0009520397303310536,0.006045731713741622,0.0,0.0,0.004375204140995575,0.00557267450192265,0.010755403673777413,0.002411892895602382,0.0065009710854655334,0.036059520062232175,0.0,0.007157275680672126,0.0,0.005091187327972634,0.0,0.0,0.0,0.0,0.0,0.001953237768992978,0.005624385896645708,0.0,0.0,0.020691133471166388,0.0,0.0,0.012895757955501502,0.0,0.0,0.0,0.035531572932897694,0.028099180061849333,0.0,0.0,0.00955343116173422,0.0,0.0,0.0,0.0,0.0,0.03225047939705103,0.0,0.06389746945809771,0.0,0.0,0.0,0.0,0.010711326700295568,0.007459219032736701,0.005158463856981243,0.0340503943310349,0.0,0.0,0.015410614980866679,0.0,0.0,0.001479900383872951,0.0,0.0,0.0,0.001446485076821772,0.032650768044649996,0.0,0.0,0.012919087976006495,0.008734217546258586,0.0,0.0,0.0,0.0,0.0,0.0,0.0,0.0019168586375951223,0.008734217546258577,0.013414363369075845,0.0,0.0,0.013431018528911738,0.01434547408279025,0.0037654119561994974,0.0,1.0019486296192925e-19,0.0028566915499509066,0.0,0.0,0.007868155368256044,0.0,0.0,0.0007551188295433623,0.0,0.0,0.0,0.0,0.00898467008852511,0.012882939618541043,0.009431941245282608,0.0,0.006127461554610135,0.0017480844251277579,0.0008094743269802667,0.01090343101668714,0.0,0.0,0.0030756333651144265,0.0,0.03393496198247218,0.0,0.0,0.0006151664348080277,0.00876653937568661,0.0,0.0,0.005258129417428318,0.004446767176955243,0.026659571779991096,1.0019486296192925e-19,0.0,0.0032714226012601484,0.0,0.0,0.0,0.0,0.037891025725426186,0.0,0.005265163392133517,0.0,0.0,0.0,0.029527780695336476,0.0,0.01852166205086626,0.03047722899098696,0.0,0.014878067377386972,0.01671671133875362,0.0
LFQ intensity D2_7,0.0,0.0037231316431961706,0.05238092329374771,0.000253046547071141,0.0014672570601122318,0.0007997964576252533,0.06219442808785508,0.0,0.020065055454820884,0.0046476011858576005,0.0,0.0,0.014319885259187625,0.011289556611735911,0.013713247769090647,0.0,0.0,1.2451367011234577e-18,0.0,0.0,0.0,0.03686254079268958,2.3220116858788805e-18,0.0,0.00039017491861558195,0.0026916784332264294,0.0,0.0,0.002692752323180809,0.018385096134165606,0.011618232514135027,0.0,0.0063843567328540525,0.0,0.0,0.007808923626558219,0.0,0.004129952027464245,0.0,0.0,0.0,0.0,0.0,0.0018869485928085209,0.0065867470280253524,0.0,0.0004402770224757964,0.01700633031740304,0.0010018516730806687,0.0,0.01894351107148584,0.0,0.0,0.0,0.030212583839671577,0.033599985059124066,0.0,0.0,0.009341488395186054,0.0,0.0,0.0,0.0,0.008076483847428878,0.03665387393166679,0.0,0.06786268108870103,0.0,0.0,0.0,0.0,0.011063007782153482,0.00350247204908369,0.011646362119087752,0.02709986454668541,0.0,0.0,0.01487371381294885,0.0,0.0,0.0,0.0,0.0,0.0,0.002728838895436315,0.030408024033927984,0.0,0.0,0.013043797463760507,0.00708443564299798,0.0,0.0,0.0006921106208574378,1.2451367011234577e-18,0.0,0.0,0.0,1.2451367011234577e-18,0.00708443564299798,0.011580147325529479,0.0,1.2451367011234577e-18,0.013052047346299833,0.014455609953727943,0.004101651515234761,0.0031910649767480474,0.0,0.0017492796503066842,0.0,0.0012265467055428048,0.012419748913022848,0.0,0.0,0.0,0.0,0.0,0.0,0.03749162556653022,0.01118554272841145,0.02322390630614104,0.011053878065734888,0.0,0.01063167608841477,0.0,0.0,0.007703922173424764,0.0,0.0,0.0006819760256147941,0.0,0.030529311112043996,0.0,0.0,0.0,0.010339379366537692,0.0,0.0,0.005503690667815535,4.3492921176716174e-05,0.020174479242103933,0.0,0.0,0.0054429766566860905,0.0,0.0,0.0,0.0,0.039134593290769765,0.0,0.002207504114451442,0.0,0.0,0.0,0.03057832491364342,0.0,0.0009106974266970636,0.01578557838621324,0.0030232497272698875,0.013184121002509012,0.02273651648121312,0.0
LFQ intensity D2_8,0.0,0.004554895177095975,0.022702119117184772,0.0,0.000539866378401609,0.013032060331560914,0.05977853858667113,0.0,0.020791254590988472,0.004911543073119747,0.0,0.0,0.017352316240272853,0.01000970360073747,0.010812713090422697,0.0,0.0,0.0,0.0,0.0,0.0,0.05163825011879861,0.0,0.0,0.00037753275753144635,0.0001754909843633699,0.0,0.0,0.007749134427843412,0.01689550829037875,0.009756752509210714,0.0,0.006262366150420161,0.025921240959697688,0.0,0.010949640003145576,0.0,0.0024776082088874218,0.0,0.0,0.0,0.0,0.0,0.009449644802241178,0.006345110195345418,0.0,0.0,0.010019991461760035,0.0,0.0,0.02131609902813433,0.0,0.0,0.0,0.0364139852383876,0.03355237547831751,0.0,0.0,0.00959534670100301,0.0,0.0,0.0003194682280084516,0.0,0.008042967594691584,0.040239359658098814,0.0,0.07342071100943291,0.0,0.0,0.0,0.0,0.01087254665411989,0.009387727953638337,0.01342656818541028,0.028144577176369576,0.0,0.0,0.01616985086015405,0.0,0.0,0.004672869174790648,0.0,0.0,0.0,0.012882949822706805,0.0,0.0,0.0,0.010785186859140419,0.01237896091666203,0.0,0.0,0.0,0.0,0.0,0.0,0.0,0.0,0.012378960916662024,0.013431512004224464,0.0,0.0,0.013665598331133802,0.014890507234895307,0.0038033083227349157,0.002655448184495319,1.276792559710226e-18,0.0016445995662276842,0.0,0.0015176012085277913,0.013361100349022114,0.0013800618159105547,0.0,0.0,0.0,0.0,0.0,0.030683014206961165,0.005967237982539637,0.018213542943046095,0.009758921982176802,0.0,0.010104854347889103,0.003489595041144308,0.0,0.00985374469917986,0.0,0.0,0.0,0.0,0.03198416821636386,0.0,0.0,0.0,0.013152290756148865,0.0,0.0,0.0001235277866436549,0.0023871620742071543,0.02474595994415147,0.0,0.0,0.0007014167891882857,0.0,0.0,0.0,0.0017764770830644052,0.0,0.0,0.00393722873296998,0.0006419980358211096,0.0,0.0,0.03291159616850359,0.00023765032065405282,0.0,0.016523250148861808,0.008668138403253723,0.012908922205925256,0.018375772602326156,0.0
LFQ intensity D2_9,0.0,0.0049533026745682135,0.032469645322312855,0.00034071063153414733,0.00105646094300317,0.0028483057483079375,0.060810008742622164,0.0,0.022181937348302167,0.004986409327985571,0.0,0.0,0.011157152624823351,0.011176932151218006,0.013332528595407117,0.0,0.0,8.182383113581456e-19,0.0,0.0,0.0,0.029141825953198322,0.0,0.0,0.0,0.002356174099578229,0.0,0.0,0.0052458792927555726,0.02980393644039341,0.0069003784231616945,0.0,0.006993855678263328,0.027244301274282453,0.0,0.0032583019271618784,0.0,0.0,0.0,0.0,0.0,0.0,0.0,0.005177033064572733,0.0046842803095781356,0.0,0.004632924367453187,0.01187632993320667,0.0,0.0,0.020450084889327126,0.0,0.0,0.0,0.03162316616769988,0.029366292753561667,0.0,0.0,0.010776886897063223,0.0009119787595762432,0.0,0.0014680797282778481,0.0,0.0018663066779954246,0.038369695006135136,0.0,0.06545930964106672,0.0,0.0,0.005144540305066894,0.0,0.00888661360185143,0.007360191571288748,0.008774209974890302,0.033525845060065534,0.0,0.0,0.01614423588466422,0.0,0.0,0.0021615104477991924,0.0,0.0,0.0,0.0028766172498408595,0.03621175944743648,0.0,0.0,0.010851860662899282,0.009889230848790972,0.0,0.0,0.0007559281652780281,0.0,0.0,0.0,0.0,0.0006780941793209041,0.009889230848790963,0.013463499330179065,0.0,8.182383113581456e-19,0.013152097490969279,0.015584224523255618,0.003855354716913862,0.0,2.8460463003761583e-19,0.0,0.0,0.004713815108418588,0.012298393255920345,0.0,0.0,0.00031930057946914737,0.0,0.0,0.0,0.030083770583342738,0.0065681318326963134,0.02205935123006877,0.008768903924047342,0.0,0.013403276707933648,0.00023648232899172548,0.0,0.011650248474541334,0.0,0.0,0.004437055979319241,0.0,0.035747230416642545,0.0,0.0,0.0,0.007602502874698465,0.0,0.0003350532385435799,0.010454295694832872,0.0,0.024894621182197013,0.0,0.0,0.0,0.0,0.0,0.0,0.0030687231567717087,0.0,0.0,0.007080000889273013,0.010201690874709318,0.0,0.0,0.02229066399417182,0.003897337339592574,0.0,0.022585326427858227,0.008013434428519104,0.009114251721129311,0.01805067805261614,0.0
LFQ intensity D3_1,0.0,0.0034657840124418444,0.01200025800386695,0.0,0.0,0.002854813257745308,0.06435494749959726,0.0,0.019274758039372297,0.003943782963294857,0.0,0.0,0.017642077314382634,0.007442989017241616,0.008048190261402103,0.0,0.0,0.0,0.0,0.0,0.0,0.023908739615036118,0.0,0.0,0.008419767051750736,0.0,0.0,0.0,0.005797176691531109,0.024600333109924235,5.834158658795502e-05,0.00028063809831856324,0.006495639011535175,0.02651506363417817,0.0,0.008038028893926692,0.0,0.00248330389155608,0.0,0.0,0.0,0.0,0.0,0.003050615650371645,0.009572820324667547,0.0,0.0,0.03101305614958584,0.0,0.0,0.01749429353029061,0.0,0.0,0.0,0.03434196077411474,0.041523734019363184,0.0,0.0,0.009843618435796852,0.0,0.0,0.0,0.0,0.0115821205060968,0.06034137292640185,0.0,0.06401297239988119,0.0,0.0,0.005054004042799044,0.0,0.011953529278027297,0.003272206830807043,0.00954699760943782,0.03002487658221757,0.0,0.0,0.014663981890796986,0.0007810843255355779,0.0,0.0028434983079675354,0.0,0.0,0.0,0.012911834099894114,0.0,0.0,0.0,0.016125521290217704,0.010243373393573136,0.0,0.0,0.0,0.0,0.0,0.0,0.0,0.0,0.010243373393573136,0.015445241555562544,0.0,0.0,0.012250381266689985,0.013840923334960063,0.004113017260006185,0.0048239547624236235,0.0,0.002410308949395422,0.0,0.002428293387714879,0.013871401476733287,7.929271384961534e-05,0.0,0.0,0.0,0.0,0.0,0.029048658552787137,0.009621916156091611,0.024867261488740307,0.010224934739641936,0.0,0.010900745505847484,0.00166843804524821,0.0,0.005674907082508102,0.0,0.0,0.0,0.0,0.027528292370417855,0.0,0.0,0.0048905297392103815,0.010335057116895922,0.0,0.0,0.0029247894033997135,0.0003587395375702605,0.019216948518421866,0.0,0.0,0.0049958518412589175,0.0,0.0,0.0,0.0,0.03816318208068516,0.0,0.0036685197192523854,0.0,0.0,0.0,0.02052681522225076,0.0020098022172238884,0.0,0.019633869820478492,0.006045320863192306,0.0033248610156666873,0.019042266540768158,0.0
LFQ intensity D3_10,0.0,0.004070197401766896,0.026404785445098486,3.157230442553723e-19,4.735845663830585e-19,0.002031346111153098,0.06473811891493064,0.0,0.023930738575652297,0.003894265639376943,0.0,0.0,0.0010695676963759502,0.01985610779696717,0.01774008243883357,0.0,0.0,3.157230442553723e-19,0.0,0.0,0.0,0.03052998464425294,0.0,0.0,0.0,0.00027219300772819867,0.0,0.0,0.0,0.028605111763629815,0.00411252863356137,0.0043317825335514575,0.0061760338656289835,0.04300353834019325,0.0,0.011730506432814234,0.0,0.0,0.0,0.0,0.0,0.0,0.0,0.005499880801273175,0.012721259803161319,0.0,0.0,0.01695179543821317,0.0,0.0,0.007270228468129067,0.0,0.0,0.0,0.0334957877913584,0.0432694159166678,0.0,0.0,0.010367751462507164,0.0,0.0,0.0,0.0,0.011566951213781504,0.046422727340270614,0.0,0.07945054414579863,0.0,0.0,0.00239463700096097,0.0,0.015451104652233153,0.0,0.014930799763784697,0.025526961109496173,0.0,0.0,0.017570911670183636,0.0052908364958462,0.0,0.0,0.0,0.0,0.0,0.014088365539928848,0.0,0.0,0.0,0.01424516227698517,0.0023374344022692797,0.0,0.0,0.0,0.0,0.0,0.0,0.0,6.652703016244518e-05,0.002337434402269278,0.016600307775081456,0.0,3.157230442553723e-19,0.014239789867300278,0.015958645132889214,0.004133910546880604,0.0,0.0,0.006429403136991793,0.0,0.0005489607327178844,0.014529261003661274,0.0,0.0,0.0,0.0,0.0,0.0,0.0,0.002475196650870725,0.0,0.011337156724576178,0.0,0.013465755515017908,0.0,0.0,0.007880772836364696,0.001717659634987371,0.0,0.00567766054238577,0.0,0.0338427428774562,0.0,0.0,0.004657144989481205,0.020674319677574757,0.0,0.0,0.0,0.0036861966769768245,0.03802358666615644,0.0,0.0,0.011771160217076493,0.0,0.0,0.0,0.0016086059136561045,0.0,0.0,0.011986579082124848,0.0,0.0,0.0,0.028794792227438994,0.0,0.0,0.020544287156446125,0.005679696518647475,0.008188606009993658,0.02179439592044964,0.0
LFQ intensity D3_11,0.0,0.004430172601042078,0.0254336248833092,0.0,0.0011447173334656413,0.0003856289261269967,0.065020250574044,0.0,0.02383485959260291,0.004353978893845207,0.0,0.0,0.005954968943749292,0.0062640568584741325,0.006994501862546932,0.0,0.0,0.0,0.0,0.0,0.0,0.03086684308337977,0.0,0.0,0.0,0.0,0.0,0.0,0.0011475621740603577,0.015798253084573645,0.0130387436209379,0.004079864778804135,0.007059972469697576,0.031556902355261575,0.0,0.012757633493918235,0.0,0.0,0.0,0.0,0.0,0.0,0.0,0.00032688728997020853,0.010600691476273315,0.0,0.0,0.019634440236579755,0.0009591716852751359,0.0,0.011766715350377845,0.0,0.0,0.0,0.01722733185123892,0.044916488539059676,0.0,0.0,0.010370022083963997,7.543051390860064e-05,0.0,0.0,0.0,0.007467616137736434,0.04777055879887222,0.0,0.07553685758826069,0.0,0.0,0.0011814412780666787,0.0,0.015721928082552062,0.0,0.012471960424020122,0.02761343664546684,0.0,0.0,0.018349030303359368,0.0,0.0,0.0,0.0,0.0,0.0,0.014521730334952472,0.0,0.0,0.0,0.01565800260814662,0.006332881737260322,0.0,0.0,0.0,0.0,0.0,0.0,0.0,0.0,0.00633288173726032,0.012712909727833786,0.0,0.0,0.015115461726864985,0.017336115195390845,0.004630690775422172,0.0,0.0,0.003481564891347106,0.0,0.002899740647301723,0.015516684959833871,0.0,0.0,0.0,0.0,0.0,0.0,0.03434635592667083,0.006253771778243213,0.01262370528690149,0.011936036587429585,0.0,0.011743526021100157,0.0029284739393659566,0.0,0.00438765424985461,0.0,0.0,0.0004123593219194065,0.0,0.041834073411068116,0.0,0.0,0.0023244859698180026,0.017775753500403252,0.0,0.0,0.002661239976902583,0.0,0.026710146535460683,0.0,0.0,0.014542317299864957,0.0,0.0,0.0,0.0009172390702097535,0.0,0.0,0.008035321402702961,0.0,0.0,0.0,0.030796292060825688,0.0,0.0,0.025899294268139604,0.0030685041238708143,0.01665469297945518,0.024984366200957963,0.002513181932399626
LFQ intensity D3_2,0.0,0.0054676850145583145,0.05503878287780159,4.855993929930472e-19,0.0005007063776941162,0.002453687365366278,0.055700259227213104,0.0,0.017788506357154163,0.004352935912359396,0.0,0.0,0.0007784004411642123,0.02738221801429344,0.015962436548136987,0.0,0.0,4.855993929930472e-19,0.0,0.0,0.0,0.03178316554922004,0.0,0.0,0.003453963755605439,0.004996579037189946,0.0,0.0,0.0,0.02355407048347842,0.0037002966142287703,0.0,0.0075681230239862925,0.006742813010824013,0.0,0.00805718636356196,0.0,0.0024615981917476956,0.0,0.0,0.0,0.0,0.0,0.011441478081810504,0.007108056366188087,0.0,0.0,0.02061987690018621,0.0,0.0,0.02181863119009808,0.0,0.0,0.0,0.01795420137789068,0.019270862033688618,0.0,0.0,0.00939880529980643,0.0,0.0,0.0,0.0,0.011136953936991963,0.042243952080994684,0.0,0.07722685670414908,0.0,0.0,0.0,0.0,0.018491528246820398,0.007060503899860022,0.004636395046765415,0.034027349635367875,0.0,0.0,0.017110283673700426,0.0,0.0,0.0,0.0,0.0,0.0,0.0,0.04048792883279033,0.0,0.0,0.019083557023738144,0.0012902321680526086,0.0,0.0,0.0,0.0,0.0,0.0,0.0,4.855993929930472e-19,0.0012902321680526077,0.013210143914601928,0.0,4.855993929930472e-19,0.013409406255102407,0.016319398823726742,0.004428752417072791,0.0,0.0,0.010872053183066194,0.0,0.0,0.013445692538648281,0.0,0.004226098584811971,0.0,0.0,0.0,0.0,0.0,0.00581301767230319,0.009676014970028015,0.007759250505644689,0.0,0.011590327357921213,0.005481633681725346,0.0,0.010600623883387228,0.0,0.0,0.0012224172969339771,0.0,0.03888252621536003,0.007387680128731062,0.0,0.0012645633948712637,0.009136394762254644,0.0,0.0,0.0038095904281763397,0.005206459514661778,0.026022066405520416,0.0,0.0,0.0,0.0,0.0,0.0,0.0,0.006957034565399698,0.0,0.012483610081769672,0.01958238538800437,0.0,0.0,0.014232471290935264,0.013202914524644203,0.0,0.020594811620807965,0.0040150172279861465,0.005352316514298621,0.024374228019068175,0.0
LFQ intensity D3_3,0.0,0.003902935995489173,0.018360431407090098,1.5677145290302916e-18,0.0007929743696774768,0.0009516184923201066,0.05837281589343155,0.0,0.02072642092182663,0.003938718427767591,0.0,0.0,0.01583053213185043,0.025913000950297263,0.01893802031689448,0.0,0.0,1.5677145290302916e-18,0.0,0.0,0.0,0.028389749005266942,0.0,0.0,0.0,0.0,0.0,0.0,0.0037274089680682555,0.031012967197978823,0.005704897520851707,0.0,0.006046075358865374,0.026609913698830787,0.0,0.008615742867139769,0.0,0.0,0.0,0.0,0.0,0.0,0.0,0.006113287987908376,0.009278722159305452,0.0,6.309679054571944e-05,0.021506404255717083,0.0,0.0,0.016962653191924495,0.0,0.0,0.0,0.034870746898504085,0.031089053549158543,0.0,0.0,0.009005697792800995,0.0,0.0,0.0,0.0,0.007015631375716815,0.04367248102007704,0.0,0.06829562922220142,0.0,0.0,0.000850067044356389,0.0,0.014751119596414076,0.0036856551924235787,0.010196411174335094,0.026030079662269345,0.0,0.0,0.01511045406565503,0.0,0.0,0.0007077380407733134,0.0,0.0,0.0,0.0008357002688649082,0.04111974297051645,0.0,0.0,0.013595551886613728,0.008274103007008102,0.0,0.0,0.0,0.0,0.0,0.0,0.0,0.0004914119517654493,0.008274103007008093,0.01205969727948063,0.0,1.5677145290302916e-18,0.012447094016468293,0.014137883083819426,0.004037962149909387,0.007235641602846095,0.0,0.006786593673563583,0.0,0.0,0.013336957349716369,0.0,0.0,0.0,0.0,0.0,0.0,0.029890291080425853,0.0043427485592163265,0.0025862904859304905,0.0077552058281889205,0.0005671266296005774,0.010452954560075618,0.0010249347862650734,0.0,0.004125976523843172,0.0,0.0,2.3475321617487428e-05,0.0,0.02165908222879015,0.0,0.0,0.0,0.014657017192005146,0.0,0.0,0.00232010824988036,0.0,0.02276485588767904,0.0,0.0,0.005551811710683453,0.0,0.0,0.0,0.0,0.03814150993299245,0.0,0.009301766668719326,0.0008832940825075158,0.0,0.0,0.023203171230786274,0.0,0.0,0.01871308517787621,0.008882654203457366,0.01007094858779233,0.02226969272590012,0.0011404035544529372
LFQ intensity D3_4,0.0,0.0036351514886008964,0.0241402048584923,0.0002522878520934463,0.0002714026495546921,0.00203951637430077,0.06228551795998316,0.0,0.022510529969591516,0.004054958580535392,0.0,0.0,0.02169188405958798,0.01990059697028276,0.020207833263740115,0.0,0.0,7.586295925095523e-19,0.0,0.0,0.0,0.030124331851852815,0.0,0.0,0.0015188306839113604,0.0,0.0,0.0,0.008560976884255842,0.017825850520533603,0.008625922645454703,0.004424129246387506,0.006092849151626232,0.005226761424492613,0.0,0.00452521453286094,0.0,0.0,0.0,0.0,0.0,0.0,0.0,0.0,0.00984270299963999,0.0,0.0,0.0312804364235381,0.0,0.0,0.011182160917037115,0.0,0.0,0.0,0.033180488541790655,0.03959476249609079,0.0,0.0,0.010168441434789864,0.0,0.0,0.0,0.0,0.012328039032691633,0.04831946602986355,0.0,0.07327037566661193,0.0,0.0,0.0,0.0,0.013277596058470783,0.0,0.012177880243672739,0.030909407586705358,0.0,0.0,0.016697788477772743,0.0011444973950724727,0.0,0.005270755291306529,0.0,0.0,0.0,0.014342808361548236,0.0,0.0,0.0,0.010420352163392928,0.013512667244084009,0.0,0.0,0.0,0.0,0.0,0.0,0.0,0.0013065572843720182,0.013512667244084009,0.015261541451691776,0.0,7.586295925095523e-19,0.013397446023485863,0.015931901506086102,0.004121211059379934,0.008054931219461487,0.0,0.004660227919823048,0.0,0.0004103193607195975,0.014483008078341268,0.002959399130342358,0.0,0.0,0.0,0.0,0.0,0.0,0.025035076605694363,0.01028692579604139,0.009308276792152983,0.0,0.016784186486370985,0.0,0.0,0.0024643486685963847,0.0012092989691768622,0.0,0.0026449535421152917,0.0,0.026547349485331752,0.0,0.0,0.0,0.010147072123874664,0.0,0.0,0.012582763189790768,0.0,0.03339128867654336,0.0,0.0,0.0019117504038438332,0.0,0.0,0.0,0.0002624473454986813,0.0,0.0,0.006548079797892481,0.0,0.0,0.0,0.02883163552608289,0.0,0.0,0.022121268239791055,0.008342179017913462,0.012074942576375512,0.020538865183491038,3.2703963416691674e-05
LFQ intensity D3_5,0.0,0.00468349359432476,0.017457031450582795,0.00035105533026923017,0.0001261825252528625,0.014526013304741112,0.05874753839354865,0.0,0.023937500545859882,0.003621565264351665,0.0,0.0,0.02245062496826872,0.021869738125203497,0.015171302351394557,7.70393707694775e-05,0.0,0.0,0.0,0.0,0.0,0.04511448297991659,3.6520023747022065e-19,0.0,0.0,0.0,0.0,0.0,0.009692520073178246,0.02120695562275158,0.008513878440142498,0.0,0.006702495052670409,0.039560025430634714,0.0,0.007223464573685521,0.0,0.0043154504524309635,0.0,0.0,0.0,0.0,0.0,0.0,0.00942418786520131,0.0,0.0,0.014170629567092358,0.0,0.0,0.017806740436001126,0.0,0.0,0.0,0.01595290533060984,0.02568225421350402,0.0,0.0,0.009206209941241479,0.0,0.0,0.0,0.0,0.00880053632641797,0.04264627281380044,0.0,0.07289283796806363,0.0,0.0,0.0,0.0,0.014186766803133879,0.0,0.011860058128578318,0.02506316913898456,0.0,0.0,0.015678126152746063,0.0026797231840069782,0.0,0.006523948824662842,0.0,0.0,0.0,0.012259838414844008,0.0015484719094367321,0.0,0.0,0.017697954635526904,0.014460367512179731,0.0,0.0,0.0,0.0,0.0,0.0,0.0,0.0010358509794616084,0.014460367512179726,0.016684593986435098,0.0,0.0,0.012987968902466363,0.015793706781493985,0.003941849162046367,0.007169765361438756,0.0,0.0058776806390854735,0.0,0.0,0.013774306813663054,0.00438875352266333,0.0,0.0,0.0,0.0,0.0,0.0,0.0024811796367864543,0.004720613262672379,0.00832425707496608,0.0,0.020260685711430762,0.01430224954493496,0.0,0.0036572373432179174,0.0,0.0,0.0046284861699202925,0.0,0.024098142095184544,0.0,0.0,0.0038966940520739667,0.020168083143239788,0.0,0.0,0.0016965158898780731,0.0,0.023818668802369367,0.0,0.0,0.0,0.0,0.0,0.0,0.0013760940492741115,0.0,0.0,0.004837578621575106,0.018365523544745615,0.0,0.0,0.024136655031882046,0.0002564149812841349,0.0,0.021017177217044915,0.005658794619133858,0.011082393026741565,0.02121235550470049,0.0
LFQ intensity D3_6,0.0,0.004797122292634442,0.011658344098266923,2.820561264244918e-19,0.00024713544764287426,2.820561264244918e-19,0.05573134947100729,0.0,0.017486869638795494,0.003940496895200838,0.0,0.0,0.009612311638053497,0.02357233559472344,0.0,2.291706027198996e-18,0.0,2.820561264244918e-19,0.0,0.0,0.0,0.024640290945204358,0.0,0.0,0.0003293677768826686,0.00015327846793635383,0.0,0.0,0.007455390542530367,0.014569447873625886,0.005075181863337988,0.004598643330700275,0.00667891311557294,0.02631405090835787,0.0,0.011633531573763149,0.0,0.004127800519439588,0.0,0.0,0.0,0.0,0.0,0.0073168676064721124,0.007094049896058188,0.0,0.0017293524954815052,0.02734323022371915,0.0,0.0,0.003046322686929744,0.013843270151771161,0.0,0.0,0.04266882601640484,0.021860074365495415,0.0,0.0,0.008469136477640572,0.0,0.0,3.399167137321377e-05,0.0,0.013002473916776745,0.06051287854556948,0.0,0.07283950107025877,0.0,0.0,0.0,0.0,0.015916905793235382,0.0,0.007884349229232089,0.03273251618026513,0.0,0.0,0.01531318501578491,0.0,0.0,0.004397425475838224,0.0,0.0,0.0,0.009761358101547777,0.0,0.0,0.0,0.014029165962890226,0.012057805386945506,0.0,0.0,0.0,0.0,0.0,0.0,0.0,2.820561264244918e-19,0.012057805386945501,0.01623215128684914,0.0,2.820561264244918e-19,0.01206576669096446,0.015026019270872716,0.004110845290342392,0.0,1.3750236163193975e-18,0.03310734425877365,0.0,0.0,0.014125943423603508,0.00420980263244537,0.0,0.0,0.0,0.0,0.0,0.030708696431131728,0.005745500724731336,0.0,0.007073241489464306,0.0,0.009788169132950662,0.004236664284132501,0.0,0.008373839297022397,0.0026611975947454353,0.0,0.0037149032684265565,0.0,0.026200026854618603,0.0,0.0,0.004388321697689882,0.013663077111090547,0.0,0.0,0.0,0.002793504118459804,0.013408463249304326,0.0,0.0,0.0,0.0,0.0,0.0,0.0023317765132080653,0.0,0.0,0.011030184720317358,0.04445610127212466,0.0,0.0,0.014851352549537632,0.012341345673101505,0.0,0.020230435468430584,0.003432115843794937,0.004553979485980878,0.01860687671557315,0.0
LFQ intensity D3_7,0.0,0.0043329245815803535,0.023638231411453443,4.4050863169641365e-19,1.321525895089241e-18,0.0006091801156409705,0.060609312403088506,0.0,0.022500739829943998,0.004199334930210537,0.0,0.0,0.02359815368161985,0.019718298855671033,0.020879812511145242,1.1746896845237699e-18,0.0,4.4050863169641365e-19,0.0,0.0,0.0,0.028773016214622405,0.0,0.0,0.006744720983841602,0.00036991588937971626,0.0,0.0,0.007172056033676256,0.014501099039622746,0.006789035331446771,0.008122213032976607,0.005260865785181641,0.02768214800432672,0.0,0.007413820290340936,0.0,0.004448433200087233,0.0,0.0,0.0,0.0,0.0,0.003201599341661984,0.00804519393910367,0.0,0.0,0.0,0.0,0.0,0.003212912060448074,0.0,0.0,0.0,0.03824782265427253,0.05099577412334427,0.008825966164211748,0.0,0.010197477936563488,0.0,0.0,0.0,0.0,0.010140349733570671,0.04540005223194183,0.0,0.06855465998217476,0.0,0.0,0.003738937511250734,0.0,0.014232806766813268,0.0006134892258800245,0.01132883986534779,0.026544626658639346,0.0,0.0,0.008631931152589046,0.004538951890535888,0.0,0.003988468675851276,0.0,0.0,0.0,0.01335223007941763,0.0,0.0,0.0,0.0,0.011963850217568944,0.0,0.0,0.0,0.0,0.0,0.0027775503824909974,0.0,0.00036948153982606716,0.01196385021756894,0.016644867105008027,0.0,4.4050863169641365e-19,0.013308081813686687,0.01550486297612255,0.0037879745748602657,0.0,0.0,0.006432037913754014,0.0,0.0,0.014048901077258475,0.0009049834943362125,0.0,0.0,0.0,0.0,0.0,0.03140889583552939,0.0,0.0,0.008847518211216219,0.0,0.01412653638250967,0.0,0.0,0.005376737280368116,0.0,0.0,0.0,0.0,0.04033159476436717,0.0,0.0,0.0,0.009664525272207116,0.0,0.0,0.008928639788936077,0.0,0.04070249247408828,0.0,0.0,0.0037414836623257492,0.0,0.0,0.0,0.0013988224067702005,0.0,0.0,0.005841925948578075,0.0,0.005030541254140709,0.0,0.02902840216703775,0.0033197152278041917,0.0,0.028219407336327603,0.00779642914545721,0.010616239943168487,0.016758249467212296,0.0
LFQ intensity D3_8,0.0,0.0035496957477805053,0.020598898050734834,0.0,0.0009945153615618218,0.004568359219682419,0.06921460944335366,0.0,0.018901063515617496,0.004295126182606539,0.0,0.0,0.009560220640011437,0.019395167066125107,0.014607155888294617,0.0,0.0,0.0,0.0,0.0,0.0,0.02024566581613007,0.0,0.0,0.005118207148994325,0.0005149558569726552,0.0,0.0,0.006812741705810204,0.01781961531656624,0.004198401027611557,0.003966250951602796,0.0062077451495608305,0.028701208563632476,0.0,0.010771145036082687,0.0,0.0039031984760562535,0.0,0.0,0.0,0.0,0.0,0.004100448832951582,0.008247972243337398,0.0,0.0,0.02537324192305392,0.0,0.0,0.009341297893755707,0.0,0.0,0.0,0.043105076578471825,0.03336978119758083,0.0,0.0,0.009883326363857725,0.0,0.0,0.0,0.0,0.013691652508264299,0.04569245015530336,0.0,0.07376138211626268,0.0,0.0,0.0007980538093518047,0.0,0.018821424162783977,0.0,0.01092411780208548,0.03126456352662015,0.0,0.0,0.01730500567675379,0.0,0.0,0.0035986782649531784,0.0,0.0,0.0,0.011710862431200944,0.0,0.0,0.0,0.010063965343921379,0.01165063251747059,0.0,0.0,0.0,0.0,0.0,0.0,0.0,0.00032727478750710115,0.011650632517470587,0.01498885971184347,0.0,0.0,0.013326340015282554,0.01563225060490276,0.004191086665196502,0.0,0.0,0.004026203457244299,0.0,0.001211017505182069,0.015644212332614982,0.00093223433402858,0.0,0.0,0.0,0.0,0.0,0.0313296778580932,0.0035611936038217645,0.00418244370372907,0.0108664343911961,0.0,0.010460013743137566,0.0030275344503074304,0.0,0.005488124889590093,0.0011950603564261566,0.0,0.0,0.0,0.03700163533658423,0.0,0.0,0.0009249773053901458,0.00993412327147846,0.0,0.0,0.0034182525089661454,0.0009692457697448863,0.027866470115733163,0.0,0.0,0.0,0.0,0.0,0.0,0.001555427381458961,0.0,0.0,0.007043218313620915,0.01025936172570195,0.0,0.0,0.02019188131879301,0.010256678639508535,0.0,0.02366070191443196,0.008958017680121862,0.0058982273696723325,0.021531478053450608,0.0018418288549995612
LFQ intensity D3_9,0.0,0.003483225148609364,0.0104916524169388,9.456494097352166e-19,3.026078111152693e-19,0.0047948523651655,0.06242269692909546,0.0,0.022162558293404643,0.0035318419191055685,0.0,0.0,0.009753151793338605,0.018469426428488263,0.018923781969295988,0.0,0.0,9.456494097352166e-19,0.0,0.0,0.0,0.02284147360982602,0.0,0.0,0.0,0.0,0.0,0.0,0.007527986006460785,0.02232592652586551,0.007475484686081539,0.0037757138453189897,0.006432737134325258,0.027725001208243786,0.0,0.008201775405290707,0.0,0.0035078045918981674,0.0,0.0,0.0,0.0,0.0,0.001080134781402268,0.010252943371181345,0.0,0.0,0.02795415897504361,0.0,0.0,0.0018045383439874447,0.0,0.0,0.0,0.049323776642478945,0.03777768179334738,0.0,0.0,0.009897547252806602,0.0,0.0,0.0,0.0,0.013811859944729304,0.04619064683803726,0.0,0.07531277774034385,0.0,0.0,0.0003266613402518306,0.0,0.014420924591767716,0.0,0.014796524543555406,0.025780857534858703,0.0,0.0,0.01788097195945768,0.0,0.0,0.004247459426065831,0.0,0.0,0.0,0.010539289532090218,0.0,0.0,0.0,0.012817709629719553,0.012465616365108245,0.0,0.0,0.0,0.0,0.0,0.0,0.0,9.456494097352166e-19,0.012465616365108248,0.01715131023047341,0.0,9.456494097352166e-19,0.013227570581654274,0.01549685294945332,0.004246223122481518,0.0,0.0,0.00607650029853196,0.0,0.0,0.013650011436181487,0.0020430031746532422,0.0,0.0,0.0,0.0,0.0,0.03286539225710131,0.0,0.007726990790184371,0.010742765933441964,0.0,0.011444347889498805,0.0,0.0,0.0017582874946467314,0.006156107576070598,0.0,0.00028721371310523857,0.0,0.0375918662324997,0.0,0.0,0.0005394930821768988,0.011871083092256937,0.0,0.0,0.0004280372143349155,0.004620793621404501,0.029682698832214208,0.0,0.0,0.0,0.0,0.0,0.0,0.0005933021273291586,0.0,0.0,0.009170652084053845,0.0059480875823549285,0.0,0.0,0.02820041906887817,0.0,0.0,0.027892435803003886,0.005227469991267767,0.010428792309629039,0.020170875912157046,0.0017666283508663422
LFQ intensity D4_1,0.0,0.004079846840963088,0.023092619390184817,0.0,4.207246400369576e-19,0.0027566959045472253,0.05764163960055976,0.0,0.017628103705032316,0.003876652072509366,0.0,0.0,0.009882292330024819,0.01839410126544873,0.016806452072943852,0.0,0.0,8.765096667436616e-19,0.0,0.0,0.0,0.027760796485219202,0.0,0.0,0.005996015639254212,0.001971049277422164,0.0,0.0,0.0078117493462523556,0.007588971189779076,0.005656616705275083,0.004000327185948952,0.006098808439002658,0.0,0.003887048522581745,0.012605945020112022,0.0,0.00450069566691792,0.0,0.0,0.0,0.0,0.0,0.004681051089068053,0.008998599993163221,0.0,0.001280943362122135,0.024828971721392354,0.0,0.0,0.014392516857519624,0.0,0.0,0.0,0.03415186713602507,0.0406590243009111,0.0,0.0,0.008972339722260303,0.0,0.0,0.0,0.0,0.01569759512604134,0.06544413319790587,0.0,0.0750767956145585,0.0,0.0,0.0,0.0,0.021583096746925278,0.0,0.0036811639125016358,0.027319213151606247,0.0,0.0,0.016253830229516025,0.0,0.0,0.00477062429000193,0.0,0.0,0.0,0.007671675303905212,0.0,0.0,0.0,0.012824176221185098,0.0123886097075751,0.0,0.0,0.0,0.0,0.0,0.0,0.0,8.765096667436616e-19,0.012388609707575092,0.015897317821557927,0.0,8.765096667436616e-19,0.01283597086873484,0.01566487237351075,0.004562256880237447,0.0,1.507596626799098e-18,0.009391654322711277,0.0,0.0,0.015548245185256375,0.002980690679132617,0.0,0.0,0.0,0.0,0.0,0.03924700392161061,0.0,0.002299567716821082,0.010570772971673028,0.0,0.008211960630987393,0.005734598306523868,0.0,0.007442311208538609,0.0,0.0,0.004446708334344624,0.0,0.029893556418573768,0.0,0.0,0.010671023323619976,0.013104288421649415,0.0,0.0,0.003398045151752965,0.0,0.027223314233736202,0.0,0.0,0.012628704713102578,0.0,0.0,1.134704369417916e-05,0.0019133861037499843,0.0,0.0,0.01066427464147575,0.0,0.0,0.0,0.012183933931468641,0.013788729444129667,0.0,0.018780999885091857,0.0043574506426983265,0.006300992698172853,0.019350652354007757,0.0057941057196971325
LFQ intensity D4_10,0.0,0.0038909109016899185,0.0010022770169267937,0.0,0.001195838288144758,0.006454716315703052,0.061329665456195136,0.0,0.017629213175605958,0.0037854994434567486,0.0,0.0,0.010663146603781166,0.020848514641183633,0.014080866864110428,0.0,0.0,0.0,0.0,0.0,0.0,0.01707004133166129,0.0,0.0,0.0031018416794761647,0.0,0.0,0.0,0.008455950246324789,0.02666070770349,0.0,0.011290896372282852,0.006260658407874681,0.027123487988770144,0.003992031732760873,0.01133018048460767,0.0,0.005973696555970896,0.0,0.0,0.0,0.0,0.0,0.0016125875190399648,0.009654763971477161,0.0,0.009280047485431056,0.030138952500068414,0.0,0.0,0.0,0.0,0.0,0.0,0.03781710615018805,0.04169816012546851,0.0,0.0,0.010567328317209976,0.002106723859726004,0.0,0.0,0.0,0.015577809535418439,0.04557109564976597,0.0,0.07717699482952446,0.0,0.0,0.0,0.0,0.016346781516805242,0.0,0.014828055095894122,0.01363058786103436,0.0,0.0,0.017386437584741513,0.0,0.0,0.005247008293840217,0.0,0.0,0.0,0.010745366513974338,0.0,0.0,0.0,0.01561365707597353,0.013285260983908325,0.0,0.0,0.0,0.0,0.0,0.0,0.0,0.0,0.013285260983908321,0.013951008321353197,0.0,0.0,0.013464862597792827,0.015397873488285058,0.004397717536620732,0.0,0.0,0.007500011735452362,0.0,0.0,0.010218052683778702,0.00319364707549233,0.0,0.0,0.0,0.0,0.0,0.03320786191463432,0.0,0.0,0.008160190862448485,0.0,0.01099978779604472,0.0,0.001824948704250902,0.0,0.014644347819511466,0.0,0.0,0.0,0.03510727073035862,0.010016333765446894,0.0,0.003945519307801971,0.014471289818593972,0.0,0.0,0.00072708037681522,0.0027111131828682195,0.021855209839309442,0.0,0.0,0.0,0.0,0.0,0.0,0.0,0.0,0.0,0.010055219277972037,0.027957248288052818,0.0,0.0,0.008454782799365191,0.01457106106117815,0.0,0.019717192365103144,0.00526642233228159,0.002745665928647591,0.017932043174342424,0.0037961101527826833
LFQ intensity D4_11,0.0,0.005221298183249976,0.009243247388483741,1.1184801556979062e-18,0.0015702310567504217,0.006319080564032328,0.06665452919919525,0.0,0.023333809664065834,0.00473097270245966,0.0,0.0,0.006901280291634051,0.008231366383210315,0.008670572263902828,0.0,0.0,0.0,0.0,0.0,0.0,0.0,0.0,0.0,0.010760112104733446,0.0,0.0,0.0,0.0008669465729327386,0.029351725652956656,0.006665022971389941,0.0007643385580635394,0.008355103346935929,0.03338073298482348,0.005438828552068041,0.010565879431011579,0.0,0.0,0.0,0.0,0.0,0.0068194081957397915,0.0,0.0,0.011398247509579717,0.0,0.0012074423425305415,0.02270849396027951,0.0,0.0,0.030808462813422137,0.0,0.0,0.0,0.01060107381363249,0.032284756676853724,0.0,0.0,0.01036281085578828,0.0,0.0,0.0,0.0,0.007210010539450994,0.05512813360064349,0.0,0.04189567689620402,0.0,0.0,0.0,0.0,0.029897945409179713,0.0,0.00639862655067952,0.02813300105859706,0.0,0.0,0.020627032631525325,0.0,0.0,0.006474857195770654,0.0,0.0,0.0,0.010097833190651762,0.0,0.0,0.0,0.03783502469470898,0.006480190613848486,0.0,0.0,0.0,0.0,0.0,0.0,0.0,1.1184801556979062e-18,0.006480190613848486,0.00156096163801358,0.0,1.1184801556979062e-18,0.01456138918032954,0.019017531412146002,0.005459426951793658,0.005310100708569005,0.0,0.008053303896087374,0.0,0.0005793588264307709,0.018006740482914917,0.0,0.0007238996326850228,0.0,0.0,0.0,0.0,0.03693416303670078,0.0,0.0,0.012633650590341553,0.00034725796744156735,0.017299154716541847,0.0,0.0,0.006902484708730103,0.004616064654869724,0.0,0.0,0.0,0.018691162308944104,0.008849441007758434,0.0,0.0056115138590543635,0.018996540219904743,0.0,0.0,0.0,0.007477353280225927,0.014050032904655245,0.0,0.0,0.0,0.0,0.0,0.0,0.0,0.04823234227096227,0.0,0.007033402808715155,0.010779336402083955,0.0,0.0,0.009240164669317208,0.013992557987550003,0.0,0.018250595408290677,0.0002493710170379821,0.003913533514106448,0.03275286690296351,0.0
LFQ intensity D4_12,0.0,0.003958020688037833,0.03029539888276947,0.0,0.0019982292018571337,0.006372078654338474,0.06277995025248842,0.0,0.022435224932898037,0.00430678175403999,0.0,0.0,0.0061547333143089555,0.006410397051723576,0.005486267840329462,0.0,0.0,0.0,0.0,0.0,0.0,0.007893313990382124,0.0,0.0,0.0,0.0,0.0,0.0,0.00389378845451301,0.0203617616189191,0.006875943529566054,0.016476024283735468,0.007372456038342715,0.03266566864700152,0.0050315952581639995,0.0076636075181485495,0.0,0.007951694376268841,0.0,0.0,0.0,0.0,0.0,0.0019885798373654737,0.012102685837841692,0.0,0.0,0.015410114845847233,0.0,0.0,0.031713152773320485,0.004483957055981046,0.0,0.0,0.017638470443074344,0.033707433368983505,0.0,0.0,0.010781709857139447,0.0,8.431795735771578e-20,0.0,0.0,0.008098958890841376,0.0582741874598685,0.0,0.04135925606093848,0.0,0.0,0.0,0.0,0.027625857343714418,0.0,0.007466501770349545,0.03209750221811722,0.0,0.0,0.020872543450417114,0.0,0.0,0.0002398961731831455,0.0,0.0,0.0,0.01385715655104039,0.0,0.0,0.0,0.034892926617542196,0.009395749105963112,0.0,0.0,0.0,0.0,0.0,0.0,0.0,0.0,0.00939574910596311,0.001986433216085136,0.0,0.0,0.015871585829311512,0.01868548840315464,0.0049540501295590456,0.0,0.0,0.006594448788060962,0.0,0.002184137030068411,0.01837614424631101,0.0,0.00015179995667873237,0.0,0.0,0.0,0.0,0.03581600781599081,0.0,0.0006412194912802632,0.011806830965492659,0.0,0.012996463791475609,0.00171233307685006,0.0,0.0045329381507965725,0.005587049806358767,0.0,0.0050036434274153135,0.0,0.015466374251637573,0.022598922277967844,0.0,0.0022560207036027105,0.020241543170428797,0.0,0.0,0.001210708779510894,0.0,0.012519320907093604,0.0,0.0,0.0,0.0,0.0,0.0,0.0,0.0,0.0,0.011859202489223397,0.02530549412253107,0.0,0.0,0.012675617111926427,0.010305851067754501,0.0,0.01634757190216561,0.0075545330371589725,0.007534693830755355,0.02439980843555336,0.005038438732475787
LFQ intensity D4_2,0.0,0.003468699526415886,0.022851858693535253,9.221388132292516e-19,0.0018577846709560755,0.003659899333154204,0.06316592613829908,0.0,0.01867349522408911,0.00418510385881808,0.0,0.0,0.020172125777668096,0.007619204245940018,0.00836828163414762,0.0,0.0,9.221388132292516e-19,0.0,0.0,0.0,0.02895794800957756,0.0,0.0,0.002907115752468525,0.0,0.0,0.0,0.007406420639182966,0.02264305897930665,0.002522230974142036,0.007085564365996163,0.006501703126338698,0.02851632625309793,0.004084547500597858,0.010977076771947562,0.0,0.0,0.0,0.0,0.0,0.0,0.0,0.000702285825944666,0.009936944387136173,0.0,0.0,0.04303000803259434,0.0,0.0,0.010106950151198718,0.0,0.0,0.0,0.04508254657789796,0.050472765707037126,0.0,0.0,0.009467967548905526,0.0,0.0,0.0,0.0,0.0010422028812715524,0.04718662035678389,0.0,0.07395211230159326,0.0,0.0,0.0,0.0,0.01722820863685048,0.0,0.012259281082660974,0.01618780242224327,0.0,0.0,0.01670050673923821,0.0,0.0008637369509853354,0.004207418699399009,0.0,0.0,0.0,0.012125696098866073,0.0,0.0,0.0,0.010427338303468396,0.012221311031361733,0.0,0.0,0.0,0.0,0.0,0.0,0.0,9.221388132292516e-19,0.01222131103136172,0.009413318503400617,0.0,9.221388132292516e-19,0.013986169062792406,0.01586624897611076,0.004239632195986053,0.007061969447129416,0.0,0.003249457880915421,0.0,0.0027373666893467565,0.014284273003361301,0.0008896902814210782,0.0,0.0,0.0,0.0,0.0,0.03132972244503818,0.0,0.011952214172540674,0.009919013315188784,0.0,0.013431524667215575,0.0,0.0005540205368786653,0.004194770497395438,0.0,0.0,0.0022487908297619693,0.0,0.0222873594648599,0.011215215247420394,0.0,0.0,0.014493668291253672,0.0,0.0,0.0,0.002345332510408584,0.02505863698065525,0.0,0.0,0.0,0.0,0.0,0.00024105620416741699,0.0,0.0,0.0,0.009344125170099348,0.0,0.0,0.0,0.022301752218403678,0.011425412269052167,0.0,0.023326962532426724,0.005870633032829333,0.0055869271330614674,0.020097350198401136,0.0
LFQ intensity D4_3,0.0,0.004131200837737946,0.002245459413874617,4.534977318762602e-19,0.0018310125725550875,0.0010733439576583075,0.061992881224745555,0.0,0.017982392212947125,0.003615089879149061,0.0,0.0,0.011423929840822822,0.011290750197565319,0.008006276903174736,0.0,0.0,4.534977318762602e-19,0.0,0.0,0.0,0.024590468700147333,0.0,0.0,0.007028001653531131,0.0,0.0,0.0,0.00919057074298541,0.01748938699115684,0.0032030495729087056,0.00448976059632472,0.006503969352789841,0.029024880999068654,0.00357761903453543,0.01309619128259324,0.0,0.00672275295244036,0.0,0.0,0.0,0.0,0.0,0.0027740282142139053,0.009617993505254099,0.0,0.0041055335742321885,0.022896851309305816,0.0,0.0,0.013159684799446103,0.0,0.0,0.0,0.03635968127793896,0.053901184699345815,0.0,0.0,0.009252241818127921,0.0,0.0,0.0,0.0,0.011119428697084389,0.04763883500688885,0.0,0.07558747839102015,0.0,0.0,0.0014722434160736575,0.0,0.020804294564747874,0.0,0.011639418584790968,0.02072706095841676,0.0,0.0,0.0174175348657673,0.0,0.0,0.005912136974091307,0.0,0.0,0.0,0.010129594257183992,0.0,0.0,0.0,0.014538407032797396,0.014124173046521532,0.0,0.0,0.0,0.0,0.0,0.0,0.0,4.534977318762602e-19,0.014124173046521521,0.012486960267498334,0.0,4.534977318762602e-19,0.013223144509588936,0.015881720284041636,0.00449127618845127,0.0,0.0,0.003437454624135814,0.0,0.003598133660018612,0.016472959702249632,0.0032726184797957814,0.0,0.0,0.0,0.0,0.0,0.03227994210084667,0.0,0.000527214465979627,0.01059233197943723,5.6924029426314466e-05,0.009657854703232478,0.002566759897772933,0.0,0.004786994952557924,0.014293406302052326,0.0,0.003113394834283402,0.0,0.03512907003538246,0.0,0.0,0.003161893847703196,0.01604120560329318,0.0,0.0,0.005817601880356852,0.0,0.024695305271910207,0.0,0.0,0.013301699123314565,0.0,0.0,0.0008142570254875511,0.0011972821873935645,0.0,0.0,0.00917525885326447,0.0,0.0,0.0,0.016074803533337758,0.009020967373024942,0.0,0.0164903047527216,0.007537051103112076,0.0053595903362864674,0.01963365113355955,0.0
LFQ intensity D4_4,0.0,0.003916091324158308,0.03397346607906454,0.0,0.0006218595521922794,0.0004475545386837844,0.06047737982728398,0.0,0.020481706905428863,0.0038858662604109983,0.0,0.0,0.010433645817710476,0.005618609531397559,0.009650869113898803,0.0,0.0,0.0,0.0,0.0,0.0,0.030229329505111244,0.0,0.0,0.0,0.0,0.0,0.0,0.008407082329401284,0.02357802776878817,0.0046567177489467764,0.009859868586400275,0.006510657344018531,0.0282675281275849,0.0,0.01154669488773358,0.0,0.008510451598613316,0.0,0.0,0.0,0.0,0.0,0.00017024783957826937,0.009574046404540326,0.0,0.002037146012695446,0.02195998751218407,0.0,0.0,0.007049103343024664,0.0,0.0,0.0,0.04132419430970233,0.04839378819902452,0.0,0.0,0.00963260681139263,0.0,0.0,0.0,0.0,0.013811125512714415,0.04450205000244316,0.0,0.07717307562713686,0.0,0.0,0.0,0.0,0.019364656066151294,0.0,0.007285428236063268,0.029629017830183936,0.0,0.003947595171060361,0.0,0.0,0.0,0.005166829653960293,0.0,0.0,0.0,0.010367923771690095,0.0,0.0,0.0,0.01216214872920763,0.013283583457800707,0.0,0.0,0.0,0.0,0.0,0.0,0.0,0.0,0.013283583457800707,0.015693296267172998,0.0,0.0,0.013090305499677156,0.015737492907411957,0.004691532314701024,0.0,0.0,0.004081975205643884,0.0,0.002857467051624434,0.009878263094313045,0.0028560893364708126,0.0,0.0,0.0,0.0,0.0,0.031701126080767215,0.0015983236204153953,0.005594994394129328,0.008192074387516955,0.0,0.012977425393090943,0.0,0.0,0.00682087702374089,0.002823918449833302,0.0,0.0,0.0,0.03379303870485109,0.0,0.0,0.0032283340816505186,0.015610772678833228,0.0,0.0,0.004107393387123506,0.0007933286140725113,0.02555830786436389,0.0,0.0,0.0,0.0,0.0,0.0,0.00018773986651889882,0.0,0.0,0.009379450779890943,0.005420948706193371,0.0,0.0,0.019383457274539797,0.01242996475331618,0.0,0.025872242731413763,0.003950301283385543,0.00999549603311474,0.020502517419040103,0.0
LFQ intensity D4_5,0.0,0.004315543907758541,0.025398949203441906,4.877343204057828e-19,3.6220744250018557e-05,0.0023583478000966927,0.056571768111948,0.0,0.020207068715264304,0.004504680507667697,0.0,0.0,0.01220661110415282,0.01056381482633626,0.004865090880726703,0.0,0.0,4.877343204057828e-19,0.0,0.0,0.0,0.028950350964255526,0.0,0.0,0.0016671046722185716,8.384407424373551e-05,0.0,0.0,0.0,0.02464831262576178,0.0005612321719303965,0.009832667670880662,0.007075357944086435,0.04064161195003982,0.004742321813932607,0.010332462430743043,0.0,0.0055506854999012745,0.0,0.0,0.0,0.0,0.0,0.0018771922098580855,0.010227691942226962,0.0,8.062582644592422e-05,0.019276812635483358,0.0,0.0,0.02182082803764773,0.0,0.0,0.0,0.03269118103518128,0.049913725812279715,0.0,0.0,0.010144855443800458,0.0002628384148843929,0.0,0.0,0.0,0.014900411558487136,0.048128340927583474,0.0,0.07690224796361772,0.0,0.0,0.0,0.0,0.019077410005125816,0.0,0.005316087663310462,0.025676455185128778,0.0,0.004947702701300357,1.2380948133377563e-18,0.0,0.0,0.0,0.0,0.0,0.0,0.013302089895827998,0.0,0.0,0.0,0.02023060042593889,0.004163162445793905,0.0,0.0,0.0,0.0,0.0,0.0,0.0,4.877343204057828e-19,0.004163162445793908,0.017047683592194433,0.0,4.877343204057828e-19,0.014801208448364075,0.016097980506895204,0.0046343290309052085,0.005027986073709656,0.0,0.0060157556565003925,0.0,0.0024117560679386063,0.010619598771242014,0.0,0.002567328111711476,0.0,0.0,0.0,0.0,0.0,0.0,0.004201090200722402,0.010974091564188953,0.0,0.018675978950417775,0.0,0.0,0.006130280146371806,0.0,0.0,0.0049200775210490955,0.0,0.026389876296797187,0.0,0.0,0.009582460280561773,0.015952217765566417,0.0,0.0,0.005181084172617209,0.0,0.022135196622015598,0.0,0.0,0.0038696921700878697,0.0,0.0,0.0,0.0,0.040399080834893096,0.0,0.00999910937408478,0.0,0.0,0.0,0.02110242052823809,0.014065506898544959,0.0,0.022917288357586628,0.002321244471755439,0.005287980549647308,0.01755485191745201,0.0008993749225872842
LFQ intensity D4_6,0.0,0.003413614283043507,0.02169023148953543,9.465896951163379e-05,0.0014475470770886317,0.004333181028212953,0.06570401133981417,0.0,0.018264245395343617,0.004092669611812845,0.0,0.0,0.016024179527302333,0.008264772297560405,0.00958224055333157,0.0,0.0,3.077468268008881e-18,0.0,0.0,0.0,0.0201209025030506,0.0,0.0,0.0,0.0,0.0,0.0,0.010336187589070702,0.02617049175382462,0.004778685630012722,0.005289042370137223,0.00686590786793752,0.0,0.0,0.012973971055016333,0.0,0.0,0.0,0.0,0.0,0.0,0.0,0.0,0.010480540901836664,0.0,0.00011819848890336592,0.01808350973117833,0.0,0.0,0.011034170753098874,0.0,0.0,0.0,0.01787950901343917,0.047960447447058456,0.0,0.0,0.00969782362154509,0.0,0.0,0.0,0.0,0.013640697424353438,0.048411035099166985,0.0,0.07923854302503384,0.0,0.0,0.0,0.0,0.020223430543091225,0.0008485192630192815,0.013441289446798984,0.014949530733843728,0.0,0.0008515986611619887,0.0,0.0,0.0,0.015283877708634942,0.0,0.0,0.0,0.009792100644140033,0.0,0.0,0.0,0.013838431110467623,0.015296467223307767,0.0,0.0,0.0,0.0,0.0,0.0,0.0,3.077468268008881e-18,0.015296467223307764,0.010266247588823212,0.0,3.077468268008881e-18,0.014082321092364581,0.01588385794112414,0.004543914830137531,0.0029219103842234298,0.0,0.003937824399470894,0.0,0.0036022681897369996,0.01687245389208952,0.003654005095015368,0.0,0.0,0.0,0.0,0.0,0.04242055155296589,0.0019090700517278133,0.0032693251778891617,0.008304531112105688,0.0,0.014274584147142345,0.0,0.0,0.004921621915144577,0.0,0.0,0.0031328267865684298,0.0,0.026119774024478817,0.0,0.0,0.0,0.017965853798308104,0.0,0.0,0.0012743948728545372,0.0,0.025059981706812794,0.0,0.0,0.012938789452161908,0.0,0.0,0.0019715700758217818,0.0,0.04389532022768666,0.0,0.009131239643068107,0.0,0.0,0.0,0.018821846014047225,0.007305462138946922,0.0,0.02062171062197038,0.009618242734292112,0.010554401619177492,0.02326081954364489,0.0016505509652042763
LFQ intensity D4_7,0.0,0.004532628975123861,0.0028737441540951387,0.0,0.0001966918760726777,0.0023967259893541877,0.06571214041696377,0.0,0.01849017785160048,0.0038182265694554018,0.0,0.0,0.0045854638755450546,0.013439426218370843,0.011639021738354202,0.0,0.0,7.745544237695773e-20,0.0,0.0,0.0,0.026143672189719896,0.0,0.0,0.008025284830666139,0.0,0.0,0.0,0.0,0.024230073979637036,0.0022592213135946967,0.0012255624642442623,0.007384284354519313,0.029360385777612248,0.0037660829105666373,0.009551243688801269,0.0,0.002732211401773633,0.0,0.0,0.0,0.0,0.0,0.0021168198121934096,0.008985658384129458,0.0,0.0012096127293424522,0.026247910662466123,0.0,0.0,0.014560713742298542,0.0,0.0,0.0,0.04001690074690127,0.04226261213909342,0.0,0.0,0.00982851739970964,0.0,0.0,0.0,0.0,0.0,0.04829838628545734,0.0,0.0822677482951489,0.0,0.0,0.0,0.0,0.018589235368710915,0.0,0.016928384859753134,0.018491745994502724,0.0,0.0,0.016951522270822365,0.0,0.0,0.0037622099300069394,0.0,0.0,0.0,0.010221917447915549,0.0,0.0,0.0,0.018956408412052816,0.0037653089077676273,0.0,0.0,0.0,0.0,0.0,0.0,0.0,7.745544237695773e-20,0.0037653089077676278,0.0161190985148914,0.0,7.745544237695773e-20,0.014464934055188464,0.016747284891033543,0.004534010974953635,0.0012138217586400396,0.0,0.007941844658758737,0.0,0.0004914988664838787,0.010341985489863228,0.0,0.0,0.0,0.0,0.0,0.0,0.0335527249049039,0.0,4.6286034440258815e-05,0.010763390359241145,0.0,0.013517354185928913,0.001477065084704049,0.0,0.007527273079628425,0.014946893120759192,0.0,0.0,0.0,0.030685819104718987,0.01143306507182527,0.0,0.004262630689962014,0.00999276850707724,0.0,0.0,0.0,0.004501062620661576,0.02589675182835515,0.0,0.0,0.0,0.0,0.0,0.0017673906547999365,0.0,0.042074940879504835,0.0,0.00564559914858925,0.008010226119048822,0.0,0.0,0.016940359986018814,0.012252689982520427,0.0,0.017708538009474827,0.00012564514807061167,0.0025256781735785894,0.022902175224263858,0.0
LFQ intensity D4_8,0.0,0.004337288653325567,0.0,4.880489701798737e-19,0.0,0.0037666413607139676,0.06222323736820179,0.0,0.021039050156998904,0.0037292223872496754,0.0,0.0,0.007266253131875149,0.006332407134251224,0.00800024418161457,0.0,0.0,4.880489701798737e-19,0.0,0.0,0.0,0.01696752668152382,0.0,0.0,0.0,0.0,0.0,0.0,0.0019848062344081374,0.03532822929903139,0.0021687853132267617,0.004769188217490318,0.0066630203447076,0.031146535208033562,0.005118040875366946,0.012001708870538298,0.0006001007542997128,0.004761248915295489,0.0,0.0,0.0,0.0,0.0,0.001543466250651321,0.008482251716370936,0.0,0.0003710350622708054,0.026278999996285156,0.0,0.0,0.0,0.031882817214752945,0.0,0.0,0.01638410641996718,0.0271206116572553,0.0,0.0,0.011047162180019297,0.0,0.0,0.0,0.0,0.017543785548265422,0.07635970466076741,0.0,0.036293560367074776,0.0,0.0,0.0,0.0,0.013628025710375774,0.0015171349725796991,0.011020900881427037,0.019358342065213995,0.0,0.0,0.020556075126470293,0.0,0.0,0.007286039256923938,0.0,0.0,0.0,0.013691450444742645,0.0,0.0,0.0,0.025817788903847543,0.007292040855463291,0.0,0.0,0.0,0.0,0.0,0.0,0.0,0.0024904673068405995,0.007292040855463288,0.018441205608380713,0.0,4.880489701798737e-19,0.016256250684531803,0.017847495248497085,0.004892004669473025,0.0009963361565604957,0.0,0.006409637185985719,0.0,0.0024914798690056886,0.01172275605317648,0.0,0.004523180873006643,0.0,0.0,0.0,0.0,0.03486921716257661,0.0,0.0,0.011195738972307337,0.0,0.01858231519651083,0.0,0.0,0.0053535182307665186,0.0,0.0,0.0003151637114224193,0.0,0.030765554504730102,0.0,0.0,0.009410536402391985,0.01632156464660961,0.0,0.0,0.011685159881574158,0.0,0.022350077086147422,0.0,0.0,0.0,0.0,0.0,0.002782104079421741,0.0,0.0,0.0,0.005775539664658729,0.038070839442293294,0.0,0.0,0.02793070559474238,0.014340557676550512,0.0019248053366335376,0.01229376797923931,0.00010769674332970221,0.009571086040924305,0.021312362757370255,0.0
LFQ intensity D4_9,0.0,0.003715668280816467,0.0039453483580217785,7.799476417830046e-20,1.5120261359937902e-06,0.004528166253521585,0.059684263198799006,0.0,0.01720564756474128,0.004052008469519803,0.0,0.0,0.0,0.0069205584747070266,0.003908222244671172,0.0,0.0,0.0,0.0,0.0,0.0,0.020235127933250947,0.0,0.0,0.004339738247754928,0.0,0.0,0.0,0.0,0.025776821994834193,0.0,0.008416198414376349,0.00617496905035693,0.028679621690153156,0.004373607909877114,0.014606386603224535,0.0,0.005094085111483708,0.0,0.0,0.0,0.0,0.0,0.006963283286858236,0.009526673862298848,0.0,0.0,0.05363601623179575,0.0,0.0,0.0017939518925978218,0.011313251101427276,0.0,0.0,0.041366523847839516,0.03144714103961563,0.0,0.0,0.010123962296046554,0.0,0.0,0.0,0.0,0.012500131516165722,0.06975071635493103,0.0,0.041538032363324914,0.0,0.0,0.0,0.0,0.013936797518895453,0.0,0.008489476457813299,0.021004109504838712,0.0,0.0,0.019910262936075753,0.0,0.0,0.0,0.0,0.0,0.0,0.013092427988702289,0.0,0.0,0.0,0.02399766345430789,0.0014639763993260129,0.0,0.0,0.0,0.0,0.0,0.0,0.0,0.001474538517485064,0.0014639763993260116,0.01768396003154055,0.0,7.799476417830046e-20,0.014259804300524589,0.016772475743245984,0.004776903515471751,0.0,0.0,0.004350841873103554,0.0,0.004582060645084621,0.01579503350935267,0.0,0.0,0.0,0.0,0.0,0.0,0.034059764565965434,0.0,0.0,0.010745413123886433,0.0,0.013875401233392762,0.0,0.0,0.0019886243636035726,0.0,0.0,0.0,0.0,0.021873014195756168,0.014614983429785906,0.0,0.008940925563940867,0.0202711496712755,0.006079253235584214,0.0,0.0,0.001619298222869642,0.020293726823161863,0.0,0.0,0.010525914338419828,0.0,0.0,0.004664461307343104,0.0,0.04293928332713494,0.0,0.012456672122887875,0.014582361521201402,0.0,0.0,0.014788865956723485,0.01812649783881364,0.0,0.011805866047415596,0.0008730961831279312,0.0004986877796163674,0.01799724145511737,0.0017075532787345059
LFQ intensity D5_1,0.0,0.003191664480715181,0.02585867020137847,1.0646712205140844e-18,0.0005203110358874762,0.001466778797503282,0.058099234335883584,0.0,0.012922744457181196,0.004585426309480342,0.0,0.0,0.006962819427453192,0.002178994761997889,0.010445703199820949,0.0,0.0,1.0646712205140844e-18,0.0,0.0,0.0,0.01978554661318825,0.0,0.0,0.009086549071552657,0.00494877897878897,0.0,0.0,0.0,0.022238078016187022,0.002599625495900253,0.014966945519133756,0.007098091585605421,0.028468536535770264,0.005107052822169285,0.004849978871498555,0.00239395514117862,0.0,0.0,0.0,0.0,0.0,0.0,0.0018537521972044689,0.012685719182592852,0.0,0.0,0.018250393273233186,0.0,0.0,0.004840284881126695,0.0,0.0,0.0,0.008200613837933666,0.05280650292759818,0.0,0.0,0.010257607804547373,0.0002735586547120749,6.3500033509232886e-18,0.0,0.0,0.00805386319788191,0.05285040315607947,0.0,0.084032245097013,0.0,0.0,0.0,0.0,0.025909429231811294,0.0,0.0,0.036000009531428706,0.0,0.0,0.01755119842639626,0.0,0.0,0.0,0.0,0.0,0.0,0.008967363286614646,0.0001164721356272311,0.0,0.0,0.01716689369316435,0.004458453278889079,0.0036750140365803905,0.0,0.0038659528228876007,0.0,0.0,0.0,0.0,0.0011274516067817254,0.004458453278889081,0.009416687887030897,0.0,1.0646712205140844e-18,0.013472923038345663,0.01722411917569832,0.003920989293783665,0.0,0.0,0.010213558602708107,0.0,0.0008946931212085529,0.017578150635796874,0.0,0.0017724725351945373,0.0,0.0,0.0,0.0,0.032287246157334415,0.0,0.0006731027604700879,0.009665091819399407,0.0,0.01928254636081338,0.0011003760258209087,0.0,0.0038080489902729575,0.0034714226770148674,0.0,0.007501716715079495,0.0,0.037622855272903384,0.0,0.0,0.0,0.01076555943538639,0.0,0.0,0.008930286580197984,0.0013221310053778636,0.0,0.0,0.0,0.023071056768346043,0.0,0.0,0.0,0.0,0.04322460786054114,0.0,0.01058412372171468,0.0,0.0,0.013791237646829279,0.0,0.008239492363789454,0.0005779134041079162,0.022734700827082593,0.00833392035929657,0.004239290343684376,0.024309723352154644,0.004792834065347582
LFQ intensity D5_10,0.0,0.002823816626868141,0.015064758771109493,0.0,1.747380266537034e-18,0.0,0.059303038040236906,0.0008133275031820408,0.012666466109116405,0.004036536094023747,0.0,0.0,0.0010003259952752856,0.0008690551976244462,0.010359239510255604,0.0,0.0,0.0,0.0,0.0,0.0,0.0167555655663,0.0,0.0,0.006847221447043662,0.0,0.0,0.0,0.0,0.03232935582406107,0.0,0.01590217475645842,0.006930966030740671,0.028624953984339018,0.005274060038855273,0.003422317779101713,0.0,0.0,0.0,0.0,0.0,0.0,0.0014029234182592737,0.002125343480354962,0.01223206748895469,0.0,0.0034623529674377386,0.0,0.0,0.0,0.018826341160944664,0.0,0.0,0.0,0.01711545015725076,0.04008657080021639,0.0,0.0,0.011684383703911422,0.0,0.0,0.0,0.0,0.007320857863145285,0.06794379947244349,0.0,0.0832898148927482,0.0,0.0,0.0,0.0,0.03029272990072802,0.0,0.01289035477471046,0.017631326577341275,0.0,0.0,0.016857740760133185,0.002978794412418114,0.0,0.0,0.0,0.0,0.0,0.01124525889214725,0.00040453927605368695,0.0,0.0,0.018189189454874417,0.0036118021624469486,0.0034016859948514844,0.0,0.0013519629739507948,0.0,0.0,0.0,0.0,0.002652285694559393,0.0036118021624469486,0.017224108416839863,0.0,0.0,0.013496826648435486,0.016900282996416858,0.003930170348433671,1.1395958260024136e-18,0.0,0.009791463624583155,0.0,0.0007887932128165696,0.015513341582048137,0.0,0.0,0.0,0.0,0.0,0.0,0.03241992011354432,0.0,0.005881531751650576,0.009665564629430114,0.0,0.018622957762165767,0.0011195550839173884,0.0,0.006462378459436062,0.027013293950366498,0.0,0.0034760273044279846,0.0,0.02164443458718592,0.015199303150988476,0.0,0.0021257126444935806,0.01397203133830174,0.0,0.0,0.011376232020769985,0.0,0.0,0.0,0.0,0.01401632637544789,0.0,0.0,0.0022152704381551438,0.0,0.04272620471205243,0.0,0.012579953615533658,0.0,0.006735237785086102,0.01263635731473278,0.0,0.005196257062899976,0.0,0.012571339287737312,0.007620952380933697,0.0,0.023031761398726317,0.0004138522855218784
LFQ intensity D5_11,0.0,0.002571894984209381,0.026365097525231432,0.0,0.0,0.0015421207707371114,0.058305034620748014,0.0,0.011152165468112187,0.004694887315825324,0.0,0.0,0.0,0.0008169154712860473,0.011609420458104402,0.0,0.0,0.0,0.0,0.0,0.0,0.025052089225453905,2.0121457678135742e-18,0.0,0.0,0.0,0.0,0.0,0.0,0.03996051788450761,0.003671488910124718,0.01477045424893162,0.00693954428477659,0.030016034872775824,0.003754221589862846,0.005316495604788802,0.0,0.010879578553222061,0.0,0.0,0.0,0.0,0.0,0.004170426420365362,0.014737105983640286,0.0,0.004140516118240373,0.0,0.0,0.0,0.021365164044741217,0.012583692082124034,0.0,0.0,0.01834496862518059,0.03914903481883759,0.0,0.0,0.011283406724501413,0.0,2.0121457678135742e-18,0.0,0.0,0.010113809753800183,0.07364556752779065,0.0,0.04260769055948649,0.0,0.0,0.0,0.0,0.030262926253433502,0.0,0.014111793083573104,0.018020206414552053,0.0,0.0,0.021323803518614175,0.0,0.0,0.0,0.0,0.0,0.0,0.010262653254169822,0.0,0.0,0.0,0.023983586603606364,0.003079655414885708,0.004677229834052957,0.0,0.002576896534434691,0.0,0.0,0.0,0.0,0.00011097666265892737,0.0030796554148857106,0.017889426524800148,0.0,0.0,0.016319850085198147,0.01764156407199166,0.00420542204415452,0.002773651075670043,0.0,0.011519705955213231,0.0,0.0,0.016464632176202466,0.0,0.0,0.0,0.0,0.0011713401807390822,0.0,0.034072954016572156,0.0,0.0,0.01035910140053863,0.0,0.01657933309208426,0.003941658050965772,0.0,0.006423158509719152,0.0033695993961303616,0.0,0.0,0.0,0.003925960943563206,0.015528872341966118,0.0,0.011056713904466999,0.015382485957340033,0.0,0.0,0.006768766998065476,0.0,0.0,0.0,0.0,0.017612555315233334,0.0,0.0,0.004177591755650817,0.0,0.0,0.0,0.015135575281539172,0.006488064802864249,0.024387909592522496,0.008318535340732909,0.006700848748394681,0.0,0.0,0.019462845778730607,0.004620104268525689,0.004726520318227553,0.027618150127589787,0.004308374508334045
LFQ intensity D5_12,0.0,0.0029196978591676174,0.011896847126695621,4.499063736943192e-18,0.0002147471957789462,0.00024241733765355467,0.0605727586877068,0.00014880372310222903,0.014079866690565823,0.004501021853844758,0.0,0.0,0.0022737425945691,0.00022499359995344895,0.012624924206118191,0.0,0.0,4.499063736943192e-18,0.0,0.0,0.0,0.02066798190067788,4.499063736943192e-18,0.0,0.006287885465248356,0.003046318511762668,0.0,0.0,0.0002150915794360786,0.02834935288456189,0.0030113968841486154,0.015224144883389842,0.00834179665204579,0.031701813722059304,0.004575103788700007,0.005296062508192421,0.0,0.008689056237083919,0.0,0.0,0.0,0.0,0.0,0.003946002501549617,0.013889493030818904,0.0,0.00012027815914173565,0.009257070024694102,0.0,0.0,0.03393471824137859,0.012270407983466331,0.0,0.0,0.010341434633485093,0.025745005859633276,0.0,0.0,0.012156400720013833,0.0006379738346669123,4.499063736943192e-18,0.0,0.0,0.008192212615994645,0.05995556594799123,0.0,0.04605137711220491,0.0,0.0,0.0,0.0,0.03313429971940088,0.0,0.0,0.03837506950446781,0.0,0.0,0.021336536354391727,0.0,0.0,0.0,0.0,0.0,0.0,0.007970289888602705,0.001992112989688426,0.0,0.0,0.024559398929916543,0.005600770756681097,0.0026677822047112758,0.0,0.00347666113484563,4.499063736943192e-18,0.0,0.0,0.0,0.0013791736259248946,0.005600770756681094,0.013518703406282764,0.0,4.499063736943192e-18,0.015743044311557843,0.017736339857080032,0.004571347608656183,0.0,0.0,0.009686168846057866,0.0,0.002139878632784474,0.018233658145064818,0.0,0.003854054661300692,0.0,0.0,0.0,0.0,0.035629816067119874,0.0,0.0,0.010521405075674265,0.0,0.020222097067496447,0.0019261368186928663,0.0,0.0037508786795788325,0.0005717380383626712,0.0,0.0037362193865504213,0.0,0.01863025433014555,0.039719165275152755,0.0,0.005091165874265828,0.01227522314621376,0.0,0.0,0.012177993138265019,0.002536809965947151,0.0,0.0,0.0,0.0,0.0,0.0,0.001017412356640419,0.0,0.0,0.0,0.015390850829284217,0.038266176368310645,0.0,0.016370244758971846,0.0,0.004501167392932482,0.0,0.012401591898333092,0.0028527392974797886,0.0004991012149008856,0.02803279396871516,0.0006991911593673668
LFQ intensity D5_2,0.0,0.0033306702752923132,0.004457392442943429,0.0,0.0,0.001760365790229606,0.05821101115743958,0.00013952336576275465,0.014771423776698319,0.005284046167836743,0.0,0.0,0.0,0.00787737873801749,0.015113202192204795,0.0,0.0,0.0,0.0,0.0,0.0,0.015373760287972844,0.0,0.0,0.0,0.0,0.0,0.0,0.0,0.026663614039587797,0.00579477612998682,0.015585107949040129,0.00702818293306664,0.028592774682771882,0.006084560638493786,0.0044107579016212425,0.0008364487943400301,0.0031316501259067175,0.0,0.0,0.0,0.0,0.0,0.005721952007233111,0.014061080748113236,0.0,0.0,0.0158596667854666,0.0,0.0,0.025549836335518876,0.0,0.0,0.0,0.009990497682885194,0.04045589779262625,0.0,0.014957261379968945,0.010964295557709527,0.0010905677054753346,0.00031156523533617067,0.0,0.0,0.012982601222281133,0.05507921767923576,0.0,0.08022095949695345,0.0,0.0,0.009557622806330148,0.0,0.02940748014040656,0.0,0.014495162425360177,0.018048459128402205,0.0,0.0,0.017513643097831943,0.0,0.0,0.010412383662339405,0.0,0.0,0.0,0.010638002987281986,0.002927270550030285,0.0,0.0,0.01826247701657821,0.0022081105149964492,0.004349012383742706,0.0,0.0,0.0,0.0,0.0,0.0,0.0005108688877292452,0.0022081105149964453,0.016285155709899017,0.0,0.0,0.015054759623043153,0.01758880719562467,0.0043756281512230205,0.0,0.0,0.013538846086120146,0.0,0.0,0.012338683378395504,0.0,0.0,0.0,0.0,0.0,0.0,0.033140857682310884,0.0,0.0,0.008369383229194687,0.0,0.019454789795008084,0.0009742854722394836,0.0,0.00890371829795655,0.014202917946974364,0.0,0.004869607819684917,0.0,0.014729568132519927,0.010265247114466318,0.0,0.0032918582425355567,0.019235031503389104,0.0,0.0,0.0072589699325446636,0.0,0.0,0.0,0.0,0.01781010843695237,0.0,0.0,0.0021895756527773205,0.0,0.0,0.0,0.016909378433247347,0.0,0.0,0.016432821268766645,0.0018785148372613843,0.0,0.0,0.017976722703064944,0.007355496729161792,0.006749796697582497,0.02921917801404391,0.007369640779969603
LFQ intensity D5_3,0.0,0.0034008658185448954,0.024969872451277228,8.799262321182899e-19,0.0,0.00160760973718996,0.057372218959028436,0.0,0.013193824718773247,0.0044637742313342705,0.0,0.0,0.000582202141709111,0.0011622190455920051,0.010453279211201243,0.0,0.0,8.799262321182899e-19,0.0,0.0,0.0,0.022817270916114206,2.1998155802957247e-18,0.0,0.007674790913825402,0.0014487171557485516,0.0,0.0,0.0,0.022345817870204236,0.003199540313620157,0.017623203866137003,0.007157466343925181,0.02730923575499034,0.005443480025360273,0.006049445796556831,0.0009944900164370477,0.0,0.0,0.0,0.0,0.0,0.0,0.001264691692631934,0.014247270511936482,0.0,0.004971016763227954,0.012774261909764389,0.0,0.0,0.012659771802486869,0.0,0.0,0.0,0.00467624250093283,0.04441169148209666,0.0,0.0,0.010589264761069098,0.0017946698716032549,2.1998155802957247e-18,0.0,0.0,0.010494897173081276,0.055112619469231454,0.0,0.07589270865323998,0.0,0.0,0.009803807940653718,0.0,0.02976534408681872,0.0,0.017756035125778127,0.012154690817217975,0.0,0.0,0.016941690287029448,0.0,0.0,0.011090164926407782,0.0,0.0,0.0,0.010008673832084251,0.0,0.0,0.0,0.018707250970259857,0.003137076295698146,0.0035731353752169164,0.0,0.002893362885714296,8.799262321182899e-19,0.0,0.0,0.0,0.0016757560300063859,0.0031370762956981478,0.013431799485589877,0.0,8.799262321182899e-19,0.015373052954601698,0.017224741323156295,0.004580900399405632,3.153068998423872e-18,0.0,0.010368284956549614,0.006550688012663538,0.00029866460165081557,0.015909329629787396,0.0,0.0,0.0,0.0,0.0,0.0,0.030636390268497134,0.0,0.0,0.009062648741743052,0.0,0.016222208487708955,0.0016115289824687696,0.0,0.005855805930763978,0.00657240607780872,0.0,0.0,0.0,0.021119392224130593,0.004092027266889646,0.0,0.006918260139341966,0.017755154839013444,0.0,0.0,0.005871887291671824,0.0,0.0,0.0,0.008353430972395963,0.016315144069183107,0.0,0.0,0.003130808464576988,0.0,0.041176894607553,0.0,0.014341639464322941,0.0,0.0,0.013054435059322175,0.0006093795432049337,0.004654129064777991,0.0,0.01566940019528172,0.005027849420628936,0.0041574064940359005,0.026743919289145563,0.008507894994672164
LFQ intensity D5_4,0.0,0.0032412462233932095,0.027815309969610597,8.674418181382982e-19,0.003586398594345731,0.013130587701844146,0.06049142942468361,0.0016190730875805981,0.012406211581362818,0.004876628656746483,0.0,0.0,0.00026254300898036957,0.0,0.012354568882788625,0.0,0.0,8.674418181382982e-19,0.0,0.0,0.0,0.024204817701873764,0.0,0.0,0.012636414446686306,0.0,0.0,0.0,0.0,0.021942062207550777,0.0016492580496968393,0.019298982957237754,0.007518456421425384,0.03115065032871966,0.007351854818017834,0.0014570052554361541,9.17034321856437e-05,0.00931027315723473,0.0,0.0,0.0,0.0,0.0,0.003772911139863666,0.012903300488736634,0.0,0.0,0.008588168408295108,0.0,0.0,0.0160098263828597,0.0,0.0,0.0005299945918032326,0.015990537112850103,0.046610172666045724,0.0,0.0,0.011723284866291372,0.0,0.0,0.0,0.0,0.006559724783481318,0.05605809318057347,0.0,0.08435787876658514,0.0,0.0,0.0,0.0,0.032421354816970456,0.0,0.017413923993284442,0.017331908229478814,0.0,0.0,0.018541848811385816,0.0,0.0,0.012054005982171233,0.0,0.0,0.0,0.013009694695781698,0.0,0.0,0.0,0.019305111613139116,0.00309335727902026,0.007785199944113008,0.0,0.0006748257944036537,0.0,0.0,0.0,0.0,0.002008087565937095,0.0030933572790202563,0.005010319326225311,0.0,8.674418181382982e-19,0.015396002206076233,0.017628112765749156,0.004672594695361487,1.0739755843617024e-18,0.0,0.008841632010358234,0.0,0.003041267384852778,0.016294679743284027,0.0,0.0011114059295426314,0.0,0.0,0.0,0.0,0.03579518619066944,0.0,0.0,0.010519731970116833,0.0,0.01711689588412254,0.0029346952221893535,0.0,0.005323760266987607,9.186462768155892e-05,0.0,0.0047752725703740125,0.0,0.022711510622148764,0.004966115782962388,0.0,0.0016909880527568944,0.013544590206284679,0.0,0.0,0.01017145732658539,0.003416490628940399,0.0,0.0,0.0,0.018088010684330903,0.0,0.0,0.0026217044944025006,0.0,0.0,0.0,0.009485679415556699,0.0,0.0,0.024811128233565828,0.0,0.0023179794248172863,0.005134506888891261,0.01357842949578778,0.007278343662527628,0.002228511172979906,0.02316908881437802,0.0
LFQ intensity D5_5,0.0,0.002644439555673883,0.06492890619551085,0.0,5.921970748978105e-05,0.012939374055610232,0.05735977558812968,0.0006886874151751258,0.019041834513555362,0.004757943976136333,0.0,0.0,0.0007623463760208641,0.0006602899208272324,0.012566057666136063,0.0,0.0,0.0,0.0,0.0,0.0,0.021883349393457492,0.0,0.0,0.009284068659617499,0.0,0.0,0.0,0.0,0.027374322578205813,0.006854565061657313,0.008742621777083293,0.007055031804974728,0.029414808790431676,0.002905797912929302,0.016559618380623104,0.0,0.0,0.0,0.0,0.0,0.0,0.0,0.0,0.011347591108954818,0.0,0.0,0.0,0.0,0.0007913435957764898,0.012784961204355768,0.0,0.0,0.0,0.012872901159646578,0.06115267523680559,0.0,0.0,0.010900742518588958,0.0,0.0,0.0,0.0,0.006823817106915861,0.04939313304711027,0.0,0.07560220068442997,0.0,0.0,0.0,0.0,0.019471574223748466,0.0007390417314375829,0.00965374993636013,0.01762760243184292,0.0,0.0,0.015191224013123172,0.0,0.0100236223622384,0.011210347580188167,0.0,0.0,0.0,0.009032408743168753,0.0,0.0,0.0,0.02379264732957986,0.0030869515113222585,0.003965619255201287,0.0,0.0,0.0,0.0,0.0,0.0,0.0006856825551697814,0.003086951511322259,0.007080606309954854,0.0,0.0,0.0139119982833913,0.01595812542171381,0.004099659955590823,0.0,0.0,0.007837590418364845,0.0,0.0019715911865037738,0.015053378311458036,0.0,0.0044449521906877515,0.0,0.0,0.0,0.0,0.03138560942182995,0.0,0.0,0.009358659989879501,0.0,0.01779395893944706,0.002266735549785328,0.0,0.00579478190403748,0.0,0.0,0.0019723180853109474,0.0,0.03381472703610088,0.0,0.0,0.007086976604300701,0.015920232796992305,0.0,0.0,0.006976289023149021,0.0,0.0,0.0,0.0,0.011488215017342547,0.0,0.0,0.0018041346228003937,0.0,0.0,0.0,0.00513532905067808,0.0,0.017317780167180694,0.0,0.008136103277603843,0.016818065892191925,0.0021187277438463794,0.02647129721021805,0.0,0.005563630930199909,0.026698676482906858,0.0
LFQ intensity D5_6,0.0,0.0025383133050751925,0.02509058785868136,1.8410349868444104e-18,0.0003452575014549226,0.0144574871421953,0.056248394656981546,0.00267796168749285,0.018748060665618,0.004066642623130265,0.0,0.0,0.0,0.019710624619239357,0.022064160147455488,0.0,0.0,1.8410349868444104e-18,0.0,0.0,0.0,0.05493846968376212,2.5173335534403165e-18,0.0,0.014880244745899959,0.006960608709597093,0.0,0.0,0.0,0.025372882303398556,0.0,0.014502959422068884,0.006923111532845119,0.02925110342200401,0.005547941659738499,0.006262497278329072,0.0,0.007238790875381083,0.0,0.0,0.0,0.0,0.0,0.0,0.011263665031965048,0.0,0.0,0.022785694709891818,0.0,0.0,0.013402269656268489,0.008101467696135567,0.0,0.0,0.014485826998905634,0.036636112375573904,0.0,0.0,0.010533529730037747,0.0,2.5173335534403165e-18,0.0,0.0,0.01298799225698489,0.046757796324916244,0.0,0.07941286166102778,0.0,0.0,0.0,0.0,0.0246846251514347,0.0,0.005402211607438724,0.023372163977038552,0.0,0.0,0.01719735751008641,0.0,0.0,0.009002859396179171,0.0,0.0,0.0,0.00827461818619535,0.0049088330727084075,0.0,0.0,0.008045934767195088,0.0008507419306571524,0.0009534527507432506,0.0,0.0,1.8410349868444104e-18,0.0,0.0,0.0,0.0018124532777679806,0.0008507419306571515,0.017379434561134142,0.0,1.8410349868444104e-18,0.013604645748918781,0.01601272804352075,0.00382108896770409,2.066467842376379e-18,0.0,0.013062822535373126,0.0,0.0,0.015807220001140893,0.0,0.0,0.0,0.0,0.0,0.0,0.03163712217448558,0.0,0.0,0.008054158573303256,0.0,0.01873523380145996,0.0009417383560389444,0.0,0.004400327646798831,0.009942187846975852,0.0,0.004822100105972873,0.0,0.01814690208653525,0.022570535057770055,0.0,0.003421418036596936,0.008782535496456958,0.0,0.0,0.00864177152039668,0.0017501172874962024,0.0,0.0,0.0,0.0,0.0,0.0,0.001290779107923919,0.0,0.0,0.0,0.006129032012906424,0.016298663477246945,0.0,0.0,0.0070397093859603105,0.012018532310231535,0.0,0.01259918198659155,0.0012901100280915277,0.0,0.022250594002810792,0.0
LFQ intensity D5_7,0.0,0.004028020142938028,0.015241842793605413,0.0,0.0,0.001353016529471289,0.06139691453607995,0.0010262965085903939,0.01331216798752164,0.005274672637324249,0.0,0.0,0.0008158833225765155,0.002991150627412812,0.011959929762727773,0.0,0.0,0.0,0.0,0.0,0.0,0.02316027633505897,4.376693112839942e-19,0.0,0.0028735445507212004,0.0,0.0,0.0,0.0,0.025630905158276214,0.00324375524898703,0.018408069606786207,0.007164631518512406,0.030796988458066072,0.005812821498112249,0.009030194423737746,0.0,0.0,0.0,0.0,0.0,0.0,0.0,0.005097951866614114,0.014930139594888436,0.0,0.0008918531168643733,0.0,0.0,0.0,0.023325380228947982,0.0,0.0,0.0,0.023460648580324026,0.046434531291914216,0.0,0.0,0.011588118150054609,0.0015475959137022704,4.376693112839942e-19,0.0,0.0,0.010033360684737515,0.056996269965385725,0.0,0.04194745322416246,0.0,0.0,0.0,0.0,0.028933079489368047,0.0,0.014173478488986996,0.018405845114115037,0.0,0.0,0.022275512774568025,0.0,0.0,0.001919326975703331,0.0,0.0,0.0,0.01407812847766175,0.0,0.0,0.0,0.021361350124284383,0.00192090794851555,0.005687868891136238,0.0,0.0008153193878535374,0.0,0.0,0.0,0.0,0.0015281910524330613,0.0019209079485155486,0.017758132111095747,0.0,0.0,0.01587701942479298,0.0193218258986196,0.0043241367758019,0.0,0.0,0.013069739076649012,0.0,0.0,0.018416204840249643,0.0,0.0005214291137187468,0.0,0.0,0.0,0.0,0.034298369163883735,0.0,0.00652538753778181,0.010505640052142247,0.0,0.019642598767681412,0.0,0.0,0.004745802721221894,0.015762228791498398,0.0,0.0,0.0,0.04500324479494107,0.014201103679106056,0.0,0.006226200885028196,0.019517344192166226,0.0,0.0,0.007150089573305096,0.0,0.0,0.0,0.0,0.0,0.0,0.0,0.0042775143914698475,0.0,0.0,0.0,0.017405051498620573,0.0,0.0,0.01808251050007346,0.0006714705345020153,0.001635763166488495,0.0,0.022175414650035984,0.007201883574162239,0.003258499302097719,0.02763458101982831,0.011996513025794136
LFQ intensity D5_8,0.0,0.0034079941117824263,0.026916499057394763,2.8153113446115447e-19,1.4076556723057722e-18,2.8153113446115447e-19,0.06280010027677478,0.0,0.012359841270333549,0.004928699980893931,0.0,0.0,0.0006690350038971058,0.004186420524527616,0.012091909467414997,0.0,0.0,2.8153113446115447e-19,0.0,0.0,0.0,0.02460078316083346,1.1663432713390684e-18,0.0,0.00018775376589160258,0.0014991475381611536,0.0,0.0,0.0,0.029215535985758646,0.004797306687894187,0.017845631370414016,0.007663502513322375,0.03058528171233919,0.0052205525711436045,0.003860307008961786,0.0,0.0,0.0,0.0,0.0,0.0,0.0,0.0,0.014358806597434163,0.0,0.0013637495249116394,0.026181202528396282,0.0,0.0,0.019669640376192742,0.005954948592212097,0.0,0.0,0.02273310080709763,0.0468086336352073,0.0,0.0,0.011646238261400012,0.0007574949820986392,1.1663432713390684e-18,0.0,0.0,0.013765955483252488,0.06040387220087577,0.0,0.045454305905159455,0.0,0.0,0.0,0.0,0.031003050601216685,0.0,0.010389394335805827,0.02457108708666988,0.0,0.0,0.021264581164052308,0.0,0.0,0.0,0.0,0.0,0.0,0.0126187968333272,0.0,0.0,0.0,0.024312035595334056,0.003888053070354891,0.005941647612500024,0.0,0.0,2.8153113446115447e-19,0.0,0.0,0.0,0.0023025423212223034,0.003888053070354892,0.016463229128925005,0.0,2.8153113446115447e-19,0.01379505695937811,0.017965272051307803,0.004387783734842689,0.0025014133024481447,0.0,0.014910617295519714,0.0,0.0,0.019441484594805557,0.0,0.0,0.0,0.0,0.0,0.0,0.034509091460612255,0.0,0.0,0.009837705426884311,0.0,0.021132605745226952,0.0,0.0,0.005405047456247132,0.0010160195776562375,0.0,0.0025662047237916498,0.0,0.008750166187065828,0.013238890548871866,0.0,0.0,0.018510585562080826,0.0,0.0,0.011222296123280328,0.0,0.0,0.0,0.0,0.016129431051954163,0.0,0.0,0.0037563147757238235,0.0,0.0,0.0,0.014664587413026491,0.0,0.0011465168512073487,0.013526465932160298,0.00478410953193927,0.001503875009135398,0.0,0.02056375600986104,0.01223400583113379,0.005246759764962311,0.028677215357136243,0.0
LFQ intensity D5_9,0.0,0.0039445858697863085,0.027053163955431034,0.0,0.0008131201975096666,0.0023289223644321877,0.060142677140728164,0.0,0.014077154285610917,0.0038673211380088166,0.0,0.0,0.0009466123954648825,0.006524063520236143,0.013577595286818862,0.0,0.0,0.0,0.0,0.0,0.0,0.030954307219661123,0.0,0.0,0.0034795338281584966,0.0,0.0,0.0,0.0,0.03505286647763593,0.0013764357951893866,0.013725414178404312,0.007439932771648757,0.031230415165279034,0.004619884148250426,0.003652228498528678,0.0012444929575274953,0.008803629696665786,0.0,0.0,0.0,0.0,0.0,0.0,0.013626091970814573,0.0,0.0,0.018824532465973362,0.0,0.0,0.03179702657570774,0.003406403947497352,0.0,0.0007125354868314402,0.008020406124635207,0.03810156197697573,0.0,0.0,0.012315295609528902,0.0,0.0,0.001418539890906035,0.0,0.01715004285128021,0.07071675898982152,0.0,0.03994877020657942,0.0,0.0,0.0,0.0,0.02920116973621666,0.0,0.010706989826400653,0.02006433641311845,0.0,0.0,0.021264112769376745,0.0,0.0,0.0,0.0,0.0,0.0,0.008939683989229178,0.0025439144605533676,0.0,0.0,0.01185386505618177,0.004218027187390515,0.00014173393579603716,0.0,0.0,0.0,0.0,0.0,0.0,0.0016794023689440554,0.004218027187390513,0.018763526413854998,0.0,0.0,0.015365433586836681,0.017320443463639448,0.00442867769702001,0.003705514118803556,0.0,0.01159921834862265,0.0,0.0,0.012717579882783811,0.0,0.0,0.0,0.0,0.0008615643021343183,0.0,0.03436869069556049,0.0,0.0,0.010039030245417536,0.0,0.018771393758112313,0.0011887320334376386,0.0,0.005356681923418476,0.02874813791014972,0.0,0.0026373355779415572,0.0,0.0060221715692763906,0.029215217241608433,0.0,0.0009401951078091814,0.010439017757875885,0.0,0.0,0.010331770329529002,0.0024800882052312943,0.0,0.0,0.0,0.0,0.0,0.0,0.003299100033497207,0.0,0.0,0.0,0.01183905851714715,0.02229701026037283,0.0,0.011607505288706351,0.002784455876925277,0.003512596391172227,0.0,0.019856909062140455,0.0046321482012214145,0.0,0.027779973591026134,0.0013672366906019213
LFQ intensity D6_1,3.36941664198529e-05,0.0028223632942801676,0.01312307440758321,3.9944200150956565e-18,0.0006151902586399194,0.013700641753397323,0.0553333203029214,0.0039191789140097,0.012591298087583995,0.005586986049449195,0.0,0.0,0.0008391657361221138,0.004958839116806876,0.012235215521844126,0.0,0.0,3.9944200150956565e-18,0.0,0.0,0.0,0.04586384583836358,0.0,0.0,0.0069932531907852275,0.007224525865556272,0.0,0.0,0.0,0.03414451166485072,0.0010322960871290315,0.015319258598022243,0.007237239878230136,0.02924018721449353,0.003778017339442539,0.008152162661712588,0.0,0.009439264062309093,0.0,0.0,0.0,0.0,0.0,0.0006045626520821,0.013337867536313362,0.0,0.0,0.022140558857234215,0.0,0.0,0.025010713214523115,0.018869404605040413,0.0,0.0,0.01138792728492939,0.031233247399459808,0.0,0.0,0.011454700507706425,0.0,0.0,0.0,0.0,0.007783726423703024,0.05552602073275445,0.0,0.038125841694478524,0.0,0.0,0.0,0.0,0.028335735399043147,0.0,0.0,0.040055186071525174,0.0,0.0,0.020053826989416976,0.0,0.0,0.0,0.0,0.0,0.0,0.011794611805006221,0.0,0.0,0.0,0.010239132363379538,0.003952154303045613,0.003146999832076506,0.0,0.0,0.0,0.0,0.0,0.0,0.0024522667319976546,0.003952154303045614,0.01769813373575521,0.0,3.9944200150956565e-18,0.013248544477278733,0.016212647899788348,0.004053882214689159,0.002721619159488011,0.0,0.010594129949659217,0.0,0.0005341639239584824,0.016540013955301584,0.0,0.0,0.0,0.0,0.0015754793090039993,0.0,0.03269595982203708,0.0,0.0,0.009522955608340435,0.0,0.01893982401894328,0.002370327451418262,0.0,0.005557867165916553,0.007634480265689845,0.0,0.005241355689932705,0.0,0.00808449484734525,0.028612807212283143,0.0,0.0023284157920584535,0.01487624515382277,0.0,0.0,0.009299831480672519,0.0,0.0,0.0,0.0,0.0,0.0,0.0,0.004272268834444894,0.0,0.0,0.0,0.01143802686139425,0.03340368248822006,0.0009437370553017293,0.01148911828401656,0.0016757780541712076,0.0034916160564799487,0.0,0.016609886227219515,0.0068253015067944196,0.0,0.027788864909565964,7.837187229429231e-05
LFQ intensity D6_10,0.0,0.002813894829067505,0.0,0.0,0.0005764625839195633,0.0,0.06168269204199091,0.003067441342001405,0.020206611742264322,0.004423135243917707,0.0,0.0,0.0012245816427500264,0.00294509763647249,0.011984944213955738,0.0,0.0,0.0,0.0,0.0,0.0,0.015264621607720234,8.440758427637167e-20,0.0,0.010409936093097795,0.0034761274920118864,0.0,0.0,0.0,0.03676085611130685,0.0018961775890386403,0.017535195556056253,0.0073496733921812815,0.03234478875636625,0.003196913838265827,0.007241607130835967,0.0,0.012710844203918962,0.0,0.0,0.0,0.0,0.0,0.0,0.01569396895317247,0.0,0.0,0.025512605717473536,0.0,0.0,0.018834303650894998,0.018547679911036865,0.0,0.0,0.014270737466017853,0.039221357092932105,0.0,0.0,0.012347674238149727,0.00020968387459183087,0.0,0.0,0.0,0.01485203508364301,0.060518633138811354,0.0,0.043172242625552394,0.0,0.0,0.0,0.0,0.02983205134539482,0.0,0.006622907765069725,0.0280294970385304,0.0,0.0,0.021661468612668898,0.0,0.0,0.0,0.0,0.0,0.0,0.011166545226613537,0.0,0.0,0.0,0.0176194845539301,0.00462050581737245,0.003512146192212325,0.0,0.0,0.0,0.0,0.0,0.0,0.0026344695534637605,0.004620505817372451,0.016492772036428814,0.0,0.0,0.01436427756300985,0.017772803070076663,0.004243101027652308,0.005758482287159343,0.0,0.011057835114234386,0.0,0.0015429050210528158,0.017569994907576974,0.0,0.0,0.0,0.0,0.0,0.0,0.0363009962544031,0.0,0.0,0.010583479191621645,0.0,0.02066440457786934,0.002546791371098784,0.0,0.0037783344683471496,0.00321827781008775,0.0,0.0022485593838608665,0.0,0.0011070086690551375,0.02773340069270428,0.0,0.0,0.02609957374930111,0.0,0.0,0.0,0.0,0.0,0.0,0.0,0.0159873244837793,0.0,0.0,0.004057906194590065,0.0,0.0,0.0,0.0111135081646447,0.014443184093198906,0.005853695981544834,0.0016914775094363343,0.006437714426707666,0.007827032680296706,0.0,0.022067228317801817,0.008152265633776508,0.0,0.028673558596638695,0.0
LFQ intensity D6_11,0.00021257602496208626,0.002972237771865254,0.0,0.0,0.0008537805458616843,0.013153119917129967,0.05681885839558115,0.00420276457213878,0.012260785722001292,0.00400684860314223,0.0,0.0,0.0013141962644564202,0.005046785338545788,0.011649471480836896,0.0,0.0,0.0,0.0,0.0,0.0,0.03577327689662222,0.0,0.0,0.0,0.007693713933020334,0.0,0.0,0.0,0.03510159653747346,0.0,0.012434643343786193,0.007279583928764117,0.029389514539068833,0.003315232001085667,0.006533035906350068,0.002831714310482044,0.007381826034498019,0.0,0.0,0.0,0.0,0.0,0.0,0.01302037737442167,0.0,0.0,0.010020636912105772,0.0,0.0,0.02230721091613822,0.0,0.0,0.0,0.007398947885990153,0.041592346389155085,0.0,0.0,0.011178905611602948,0.0,0.0,0.0,0.0,0.00954830844017625,0.06261400999359788,0.0,0.03948832722513793,0.0,0.0,0.0,0.0,0.027807803598681475,0.0,0.0,0.044143728343776355,0.0,0.0,0.020176264736786093,0.0,0.0,0.0,0.0,0.0,0.0,0.011827894147401402,0.0,0.0,0.0,0.010859904433118388,0.004436926647096517,0.0007459517241905776,0.0,0.0,0.0,0.0,0.0,0.0,0.0014655796240313618,0.004436926647096514,0.01799443448091874,0.0,0.0,0.012871225106009083,0.01635675225814009,0.0040006687626724,0.0020725395203126567,0.0,0.011740411735488484,0.0,0.00026273877954400166,0.016169243584656066,0.0,0.0009973808868262268,0.0,0.0,0.0013752693469479555,0.0,0.03196717127869015,0.0,0.0,0.010009091337832773,0.0,0.01692234282969786,0.003282007421285751,0.0,0.0030415809453412795,0.022843804019112148,0.0,0.015462025384732635,0.0,0.01117521934534367,0.008569162677896123,0.0,0.01066804604877456,0.01798047839126018,0.0,0.0,0.013353637339579689,0.0,0.0,0.0,0.0,0.01671120614425389,0.0,0.0,0.004156251990127638,0.0,0.04399404838170152,0.0,0.013474402991004285,0.0,0.00011285882746509305,0.01157390356875113,0.002849001459152763,0.003794543400234465,0.0,0.014932650151544203,0.0034027564254343204,0.0015087972441734073,0.025563178980732182,0.00551555623618551
LFQ intensity D6_12,0.000668859834623384,0.002945535299631262,0.052962310613211334,0.0,0.0015068696656356227,0.009493224812137465,0.05485658778086682,0.003380506085312427,0.01716900065274438,0.00364818580373346,0.0,0.0,0.0005848382403103707,0.0,0.0,0.0,0.0,0.0,0.0,0.0,0.0,0.05862002760406942,1.957742107614204e-18,0.0,0.0067855997500431645,0.0,0.0,0.0,0.0,0.03852869904555755,0.0,0.009885031087462358,0.00578079617088579,0.027574597916667547,0.003486182937790011,0.003909125673869107,0.0015786942760047484,0.00820477182369019,0.0,0.0,0.0,0.0,0.0,0.0,0.012410717455461533,0.0,0.0,0.021774203802171828,0.0,0.0,0.018748603546331982,0.015070831874539158,0.0,0.0,0.01207367866750987,0.026339492018770724,0.0,0.0,0.010497622376426976,0.0,0.0,0.0,0.0,0.00830085677411603,0.06233615782053566,0.0,0.03501522384199061,0.0,0.0,0.0,0.0,0.02370171962171271,0.0,0.014740340519090225,0.007968426967255516,0.0,0.0,0.004920657128144941,0.0,0.0,0.0,0.0,0.0,0.0,0.01179816351063159,0.0011296427870628944,0.0,0.0,0.01647811888726834,0.0036164348520389723,0.0012852826174631067,0.0,0.0,0.0,0.0,0.0,0.0,0.0027662642705590396,0.003616434852038972,0.01809036076794844,0.0,0.0,0.01122594027119153,0.015154233946164764,0.0038049418668797464,0.0014714074504713775,0.0,0.0002426653137597731,0.0,0.010998018230957848,0.015399088754487962,0.0,0.0,0.0,0.0,0.0,0.0,0.03155861526947935,0.0,0.00037839441339172027,0.009211175504701071,0.0,0.01647880088461864,0.004504413561488412,0.0,0.010592741939798382,0.007364037484256002,0.0,0.0,0.0,0.014404601939196588,0.037153761637551005,0.0,0.008484451946387164,0.022352499831248852,0.0,0.0,0.0023462634594457452,0.0,0.0013533591782895775,0.0,0.0,0.0,0.0,0.0,0.000983733404786252,0.0,0.03427943114238028,0.0,0.008843530645988801,0.028186980065954853,0.0,0.0,0.005589664170181042,0.011361313305377157,0.0,0.016349536894967754,0.0,0.0,0.024651934873315337,0.0010257825799674367
LFQ intensity D6_2,3.254384774162905e-05,0.0032124958788182323,0.014483718305943789,4.440992558550873e-19,0.00031086855353592836,0.018047103538468477,0.05718660360747809,0.0027792383484919777,0.011490026067241352,0.0038077719547716707,0.0,0.0,0.0028527815005381313,0.0,0.011676418762441477,0.0,0.0,4.440992558550873e-19,0.0,0.0,0.0,0.025926525948427242,1.4534157464348313e-18,0.0,0.0,0.0,0.0,0.0,0.0009095146431856306,0.039198708306459794,0.005980360469278509,0.013854082240198417,0.007002369603518278,0.03043064854533353,0.003540975745512564,0.004832451414950252,0.003982900014560238,0.011198265565481026,0.0,0.0,0.0,0.0,0.0,0.0,0.014995128548479182,0.0,0.0,0.031659013717425105,0.0,0.0,0.02907986358284411,0.00451330273838538,0.0,0.0,0.008037803781223407,0.04139385331189538,0.0,0.0,0.012040321276221039,0.001596157059999173,0.0,0.0,0.0,0.005197287210041486,0.056144750934819895,0.0,0.04068860558579865,0.0,0.0,0.0,0.0,0.02795222257978477,0.0,0.007420682472661252,0.025606841174823307,0.0,0.0,0.0011332749452492208,0.0,0.0,0.0,0.0,0.0,0.0,0.010429859047470739,0.0,0.0,0.0,0.024107098773949537,0.006177549009779793,0.0045037634023010606,0.0,0.003091264081437161,4.440992558550873e-19,0.0,0.0,0.0,0.0013798648689043918,0.006177549009779793,0.013107357759639475,0.0,4.440992558550873e-19,0.015110370990625987,0.01801786988723795,0.004198698608571687,0.003941139969667298,0.0,0.010608100664459247,0.0,0.0020205717339568594,0.016389124199072017,0.0,0.0038127301329250085,0.0,0.0,0.0,0.0,0.03433123224051194,0.0,0.0,0.009253619903373781,0.0,0.020337566707600837,0.001721108007555274,0.0,0.0050866354234948485,0.011945313401674443,0.0,0.003754584731331383,0.0,0.005211356679127666,0.034866397292697526,0.0,0.006586817146812781,0.016592677781984033,0.0,0.0,0.0033971387454774177,0.006481308053373341,0.0,0.0,0.0,0.0,0.0,0.0,0.004612612917958744,0.0,0.0,0.0,0.012731809074567179,0.012543243057861718,0.007473482107924168,0.006025024559876095,0.007018608266781171,0.00302744009685798,0.0,0.018624048773909028,0.0043560240765319605,0.007240680997517808,0.03240153844324324,0.0011113375901500248
LFQ intensity D6_3,9.474829826700638e-05,0.0030334062899722383,0.02594431514969027,5.57798759055555e-19,0.0008839738218982742,0.00028433850464732504,0.057035852954198094,0.0,0.01033164110628693,0.004258713701400235,0.0,0.0,0.000478811762727467,0.0061918376736415474,0.011864521101995555,0.0,0.0,5.57798759055555e-19,0.0,0.0,0.0,0.029358900091465436,1.561836525355554e-18,0.0,0.0,0.0,0.0,0.0,0.0,0.03543273007240657,0.0006597137473790498,0.01401616209143452,0.007163129113554513,0.028799880898248618,0.003568030720118094,0.004090559683332704,0.0,0.008563524850669585,0.0,0.0,0.0,0.0,0.0,0.00471831387607636,0.013910218512365862,0.0,0.00043238893167872177,0.038808352216920264,0.0,0.0,0.025613204177283928,0.008799948372058167,0.0,0.0,0.006726615850509096,0.03269236637019475,0.0,0.0,0.011186304171921827,0.0,0.0,0.0,0.0,0.004952916162068421,0.0637062353676294,0.0,0.039324494501609575,0.0,0.0,0.0,0.0,0.02255935777114048,0.0,0.011963778751993363,0.01731729759342843,0.0,0.0,0.019790219446726477,0.0,0.0,0.0,0.0,0.0,0.0,0.009869171509769601,0.0027261224099659337,0.0,0.0,0.01056201337799202,0.0035223219104508112,0.0006580031305273769,0.0,0.0,5.57798759055555e-19,0.0,0.0,0.0,0.0009051514336613578,0.003522321910450814,0.0177401481074604,0.0,5.57798759055555e-19,0.013250505331198455,0.016843655640613683,0.004030167039533395,0.004416303694788584,0.0,0.012639861858533614,0.0,0.0,0.0160427080200265,0.0,0.0,0.0,0.0,0.0033857144269026107,0.0,0.031547751913427145,0.0,0.0,0.008405214729676548,0.0,0.019329103015348882,0.0,0.0,0.00917892541008083,0.009938866444029032,0.0,0.0027176640013030886,0.0,0.0,0.01805135020446559,0.0,0.013689410731164827,0.01929355947900816,0.0,0.0,0.0,0.004857650056169385,0.0,0.0,0.0,0.015891625124177303,0.0,0.0,0.007360080746699219,0.0,0.04444205936047222,0.0,0.016650641285696318,0.00909727377160959,0.008508601178297485,0.009913649548632495,0.0010898517433195211,0.005050209571193183,0.0,0.011185809640814906,0.003023421817794761,0.002258460093960703,0.02573223433185399,0.008115612291990617
LFQ intensity D6_4,3.382033303080517e-05,0.0032777110161974193,0.026771544333476126,0.0,0.0022430984671932453,0.013684212551510635,0.05661936749058893,0.0032780236072460136,0.011188184100688883,0.0044916653654727,0.0,0.0,0.006529842096647259,0.00973723564994745,0.014690040546267501,0.0,0.0,0.0,0.0,0.0,0.0,0.05521746409314527,0.0,0.0,0.007207053655216167,0.005540834242592069,0.0,0.0,0.0,0.03082932720295413,0.0009896621445921884,0.013832142893952716,0.007001454492344067,0.029140186147115776,0.004726687603434626,0.004775665569032771,0.0013736139612172407,0.00786636919126292,0.0,0.0,0.0,0.0,0.0,0.002648688439462476,0.012460924440375026,0.0,0.0,0.006180013618143987,0.0,0.0,0.01844037950819492,0.0,0.0,0.0,0.007024099828302803,0.042267768187652974,0.0,0.013618804072771894,0.011089598392026286,0.0,0.0,0.0,0.0,0.010992668673517463,0.05234818586467444,0.0,0.03945259980377726,0.0,0.0,0.0,0.0,0.02234444614889421,0.0,0.0,0.042260245868306255,0.0,0.0,0.02101689082231201,0.0,0.0,0.0,0.0,0.0,0.0,0.009196261235476236,0.0014225424227914364,0.0,0.0,0.010745583092328152,0.0035800430251969645,0.0021676363206896854,0.0,0.0,0.0,0.0,0.0,0.0,0.0009398024376395172,0.0035800430251969662,0.016426527121481006,0.0,0.0,0.013928948729128624,0.016676204265286182,0.0038812667393394672,6.031549574666068e-05,0.0,0.013239535880836135,0.0,0.0,0.01680055113662123,0.0,0.0,0.0,0.0,0.0006045440608499104,0.0,0.03282687736131149,0.0,0.0016932818428294389,0.010125500899075334,0.0,0.017552786252507786,0.0035040957217278342,0.0,0.007866248115541244,0.010796783345154298,0.0,0.011557677362277868,0.0,0.026419404152225327,0.02130721103212157,0.0,0.0,0.007101045227301778,0.0,0.0,0.00904808763805618,0.0037664162037033054,0.0,0.0,0.0,0.0,0.0,0.0,0.005248884138677448,0.0,0.0,0.0,0.012076017975209062,0.016930742022423652,0.0,0.009883850635800096,0.00022287270702675915,0.0064634085064165,0.0,0.016558330863497485,0.00489403190037266,0.0,0.02676955679117759,0.0009465638934180964
LFQ intensity D6_5,0.0003673806871415688,0.003401339784791917,0.026223379499842554,0.0003031297540945204,0.0,0.0016371400594908051,0.056201593184096434,0.0,0.011158552614259546,0.004927900977141532,0.0,0.0,0.00018921708994320877,0.007067949582123644,0.01207291553875927,0.0,0.0,0.0,0.0,0.0,0.0,0.030092799177663086,0.0,0.0,0.0,0.0,0.0,0.0,0.0,0.031646931045802525,0.0014600955975330552,0.0161332958520334,0.007114430424987123,0.029145877346048826,0.0023494769894732218,0.00670501174072044,0.0,0.010958768119073006,0.0,0.0,0.0,0.0,0.0,0.0,0.01525632879933076,0.0,0.004603851881331362,0.00020741714050969654,0.0,0.0,0.028165236771257467,0.006707877562730548,0.0,0.0,0.011211071202946562,0.0409189198970819,0.0,0.0,0.010697157782442079,0.0,0.0,0.0,0.0,0.012073880764803204,0.05620104853390582,0.0,0.044266707342738215,0.0,0.0,0.0,0.0,0.029942621797037355,0.0,0.013296088513569962,0.017769799067734755,0.0,0.0,0.02064108963842796,0.0,0.0,0.0,0.0,0.0,0.0,0.008306127899439908,0.0065537298812572585,0.0,0.0,0.010630682319572508,0.0033462735936627087,0.0005133397528747399,0.0,0.0,0.0,0.0,0.0,0.0,0.0015737288343797378,0.0033462735936627065,0.01594899408626812,0.0,0.0,0.014696238815204998,0.017346848449722868,0.004357511049313161,0.006809722723215385,0.0,0.01414337153119918,0.0055424079182054605,0.0,0.011726283351607232,0.0,0.0009922697437011806,0.0,0.0,9.995675760257372e-05,0.0,0.03373172585824256,0.0,0.0,0.009833059087842724,0.0,0.01912290971086188,0.0005820675709242319,0.0,0.007784273483021897,0.010794121043881864,0.0,0.0,0.0,0.0,0.006943037015619597,0.0,0.0006968825297859652,0.018613526919249862,0.0,0.0,0.008117022430342853,0.0,0.0,0.0,0.00881122078449049,0.01746383998241194,0.0,0.0,0.004453280376090363,0.0,0.0,0.0,0.019265225650813803,0.01180228578191519,0.026335081006964488,0.01680068408675955,0.0034605811563955488,0.0,0.0,0.023219361203617665,0.007792091249651864,0.0038765889136270076,0.030696953130097224,0.012754138965634175
LFQ intensity D6_6,0.0004103328548439147,0.003061330594024229,0.025706832211816577,0.0,0.0006449552257943211,0.0022379297241636367,0.053482585971471416,0.0003726385409541015,0.009636785594832541,0.0044632141645081684,0.0,0.0,0.0,0.006871004181450641,0.012322395185868,0.0,0.0,0.0,0.0,0.0,0.0,0.028921907279768476,4.403834004171025e-19,0.0,0.0,0.0,0.0,0.0,0.0,0.022668464182133374,0.004239735759730951,0.0178997959911377,0.007300010592036173,0.027829977545678772,0.0034462717379155337,0.007550285385420084,0.0,0.010097680658318786,0.0,0.0,0.0,0.0,0.0,0.0017908230654805682,0.01486429947341885,0.0,0.0,0.02075407240929923,0.0,0.0,0.024999936082904833,0.016770210391621253,0.0,0.0,0.018185550672010085,0.030679654791019355,0.0,0.0,0.01045710047302728,0.0,0.0,0.0,0.0,0.010969688706457533,0.05265316510750879,0.0,0.04305191679373863,0.0,0.0,0.0,0.0,0.027253638231754685,0.0,0.009109975182231153,0.01895423554854877,0.0,0.0,0.01952815075195016,0.0,0.0,0.0,0.0,0.0,0.0,0.00722087611781171,0.00649194494876221,0.0,0.0,0.01136458255731053,0.0021823878333613574,0.0013737654641619507,0.0,0.0,0.0,0.0,0.0,0.0,0.0025562855409788955,0.002182387833361356,0.01728128308395612,0.0,0.0,0.01319638479705144,0.015698881860797955,0.004130401380170375,0.002430997531571559,0.0,0.012554007558065952,0.0,0.0,0.016313417707008355,0.0,0.0012903798490433989,0.0,0.0,0.0,0.0,0.03165039895648282,0.0,0.0003101365067346087,0.009586337308259404,0.0,0.021627403358308633,0.0,0.0,0.005179534388913022,0.007258025523362255,0.0,0.0,0.0,0.008702429328089055,0.03350702540894917,0.0,0.005504935678350058,0.021368852632794016,0.0,0.0,0.0020050779894578382,0.0,0.0,0.0,0.0,0.0,0.0,0.0,0.005571888972971265,0.0,0.03864371699148817,0.0,0.01551387245762638,0.03255836881883327,0.00565969949698629,0.013043547397637613,0.002581996222206416,0.001868180722408389,0.0,0.011584805929673248,0.005913096650167112,0.004445992538578841,0.026345208218730806,0.004114933376739611
LFQ intensity D6_7,0.0002806295013845536,0.0030876003832203307,0.024808394094331613,0.0,0.003841324419193992,0.0009615471769077685,0.052712801953528426,0.0,0.010699306095363922,0.0074086841999876476,0.0,0.0,0.002239215455015591,0.0,0.010624225967351825,0.0,0.0,0.0,0.0,0.0,0.0,0.02154561780296243,1.931923637779194e-18,0.0,0.0,0.0038835435766958275,0.0,0.0,0.0005631664743318873,0.023326826416724334,0.00360328531826679,0.01936868968079284,0.007129119366327723,0.02828531997279046,0.005208212498818831,0.010004634341422921,0.0,0.011595131365113701,0.0,0.0,0.0,0.0,0.0,0.003883048421905742,0.014704073065137279,0.0,0.003138270491616163,0.019685201707631744,0.0,0.0,0.028806728094047097,0.0,0.0,0.0,0.008967462054918445,0.04231703020737194,0.0,0.015389440487964692,0.011308767313459138,0.0,0.0,0.0,0.0,0.009682759317891351,0.05424517854586428,0.0,0.03937150137499985,0.0,0.0,0.0,0.0,0.024477858778172715,0.0,0.0,0.04227492895134475,0.0,0.0,0.004383168678339235,0.0,0.0,0.0,0.0,0.0,0.0,0.013891917755267255,0.0,0.0,0.0,0.017494421746598935,0.0053647561844116735,0.0067708391144434285,0.0,0.0,0.0,0.0,0.0,0.0,0.0028459031140364403,0.005364756184411672,0.005153179396415835,0.0,0.0,0.013643031871875884,0.016367618511552058,0.004286318842034852,0.00020167702894541178,0.0,0.00941526238241929,0.0,0.001755549266154554,0.015235229632826109,0.0,0.0011477410646171238,0.0,0.0,0.0,0.0,0.031328701755388634,0.0,0.004801986539659577,0.00941221554051486,0.0,0.0164867285689594,0.0022987791983100003,0.0,0.0073401674521103005,0.014838443543353381,0.0,0.009944457885497844,0.0,0.010543860457514695,0.017996547738753678,0.0,0.0,0.02040895580514436,0.0,0.0,0.0013828533272297054,0.0,0.0,0.0,0.0,0.0,0.0,0.0,0.007252057553665451,0.0,0.04254842401883674,0.0,0.015326998680528118,0.005305391477411902,0.004910514281266598,0.017005473886146347,0.0,0.0011703297006574135,0.0,0.014062286786741684,0.011654315824361139,0.004723082771049014,0.02761878107412054,0.008887750485570228
LFQ intensity D6_8,0.0002791097681575662,0.00258175492500899,0.012957868919805497,0.0,0.0,0.06543390985451908,0.05372903491162545,0.0,0.012038326116009097,0.004347499890672467,0.0,0.0,0.0014541744153252836,0.0061935853948184745,0.011997476339132996,0.0,0.0,0.0,0.0,0.0,0.0,0.02827569320010392,2.7992120968263943e-19,0.0,0.0037699671019033555,0.0056312325033818725,0.0,0.0,0.0,0.03375318544740092,0.0,0.010613164987595288,0.007077981113178777,0.027187248203053502,0.0027224224740268125,0.006191398574676509,0.000553859404416262,0.007027502938583526,0.0,0.0,0.0,0.0,0.0,0.0017139466504689123,0.01270508342413688,0.0,0.0038084525345541123,0.025670322533407765,0.0,0.0,0.02041749728077289,0.014983226392405125,0.0,0.0,0.0017747943296751584,0.026177611486304757,0.0,0.0,0.010364765700576295,0.0,0.0,0.004374987735008019,0.0,0.0,0.0634941452256138,0.0,0.07365496778315549,0.0,0.0,0.0,0.0,0.02559651761800179,0.003676719652770084,0.0021078843498437035,0.024598065008496716,0.0,0.0005270392327463814,0.0,0.0,0.0,0.0,0.0,0.0,0.0,0.006664408427354721,0.0067683901640689095,0.0,0.0,0.007681925547538744,0.00403283832085914,0.0,0.0,0.0,0.0,0.0,0.0,0.0,0.0009896417432706034,0.00403283832085914,0.013882623301130456,0.0,0.0,0.011953009141533426,0.01361928179975077,0.0033584603284520956,0.0017268480206131518,0.0,0.008143304338675385,0.005788260677639267,0.0002749325973072797,0.011293796921408266,0.0,0.0,0.0,0.0,3.6748531258354977e-05,0.0,0.02983000284199222,0.0,0.0,0.009235330336072975,0.0,0.015536258260116939,0.004247799056799815,0.0,0.008886686808064504,0.0,0.0,0.0030057525400702186,0.0,0.0075609669529357265,0.02790860883649622,0.0,0.00814529669763548,0.019235760340273023,0.0,0.0,0.0032361059649938058,0.0,0.0,0.0,0.007565099157404658,0.0,0.0,0.0,0.0036886354542099253,0.0,0.03901622953767228,0.0,0.010559943533702154,0.03227892220682226,0.0,0.010541540781289367,0.0,0.004372268462600027,0.0,0.011886362763672862,0.0,0.0,0.02355269786412236,0.0
LFQ intensity D6_9,0.0,0.003124630023517887,0.02469904011985224,2.01592822125221e-18,0.001395738489397099,0.017336952765594278,0.059048660932235465,0.002200448988914431,0.012017445810455033,0.004289760505606532,0.0,0.0,0.0011425781229083237,0.0047162652171443996,0.013994632068885354,0.0,0.0,2.01592822125221e-18,0.0,0.0,0.0,0.053882013242859864,0.0,0.0,0.012660935015046542,0.004161775003057231,0.0,0.0,0.0,0.02716068370800306,0.0,0.012918014200810266,0.007302545446688968,0.02954342739911578,0.0030093805736875175,0.015535017396131666,0.0,0.0,0.0,0.0,0.0,0.0,0.0,0.0,0.012479889182063181,0.0,0.0003497654209956005,0.027803919681483463,0.0,0.00014918599790391155,0.0033476653011327204,0.00912924571741651,0.0,0.0,0.00790970015228228,0.04233440401502235,0.0,0.0,0.011603400860398946,0.0,0.0,0.0,0.0,0.008702642790349319,0.06390624380570072,0.0,0.03538561528765454,0.0,0.0,0.0,0.0,0.020673041595635974,0.0,0.0,0.03772049449685215,0.0,0.0,0.02029627798643635,0.0,0.0,0.0,0.0,0.0,0.0,0.010516880543480522,0.0,0.0,0.0,0.01240226974893419,0.00431842913368509,0.0006030956153706111,0.0,0.0,2.01592822125221e-18,0.0,0.0,0.0,0.0005763627935281513,0.004318429133685086,0.018473028454557058,0.0,2.01592822125221e-18,0.013542598520977068,0.016667427126858928,0.004793551446322828,2.9767912052135436e-18,0.0,0.007936773889555928,0.0,0.002031958576371653,0.014847749882438763,0.0,0.0,0.0,0.0,0.0014640350620812672,0.0,0.03267593735531938,0.0,0.0,0.010244364911438986,0.0,0.019708383412239697,0.0,0.0,0.004193300674414525,0.008045550775536639,0.0,0.013962789818944108,0.0,0.026848525896969046,0.01962694326753979,0.0,0.013216734320505734,0.01844101477684177,0.0,0.0,0.0,0.01145868912175596,0.0,0.0,0.0,0.0,0.0,0.0,0.0067505059397479856,0.0,0.0,0.0,0.0074096119795073615,0.0159644523729613,0.0078261245013767,0.008607112058881053,0.0014438264549344248,0.009381613777074325,0.0,0.01653347707342209,0.0,0.0,0.022993187812624705,0.00024382644887731977
LFQ intensity D7_1,0.0033773953601651855,0.0035091999421802992,0.017238017898952643,0.0,0.0,0.0005184987554417517,0.0549330184602894,0.0009489154712608663,0.01628728889597338,0.003858780157161054,0.0,0.0,0.00476237105967347,0.0073798574752317785,0.011867796998607695,0.0,0.0,0.0,0.0,0.0,0.0,0.01318455237334232,2.3880573272421326e-18,0.0,0.004818690221160506,0.005483470317743351,0.0,0.0,0.0015860036437708024,0.03362557374481185,0.0012803390096180441,0.003520643974776704,0.007998617933949275,0.028788905597690557,0.0034501253532591763,0.007946682852920394,0.00510495668149021,0.005283065298460498,0.0,0.0,0.0,0.0,0.0,0.0,0.010863419953494382,0.0,0.00466911250847092,0.03368860229075021,0.0,0.0,0.012526625303341978,0.010135210546068899,0.0,0.0,0.0,0.0391235509909062,0.0,0.0,0.007777556755196154,0.0,0.0,0.0,0.0,0.008323610278242315,0.07035593097100849,0.0,0.07894227434283324,0.0,0.0,0.0,0.0,0.01839040085604559,0.0,0.0,0.0333631057168371,0.0,0.002533694073573155,0.0,0.0,0.0,0.0,0.0,0.0,0.0,0.003744721945882959,0.0,0.0,0.0,0.02283454815631166,0.00645506156513792,0.003722718148477068,0.0,0.0,0.0,0.0,0.0,0.0,0.0014790335717514004,0.006455061565137916,0.016862994451677042,0.0,0.0,0.0113804894596223,0.015072519434812625,0.004314926359908484,0.002238488012841845,0.0,0.01543525570835843,0.0,0.0,0.017697288698757665,0.0,0.004083023585628336,3.3955190121724074e-18,0.0,0.0,0.0,0.03190216544992222,0.0,0.0,0.007148896091499731,0.0,0.026175694848348766,0.0,0.0,0.004298828335109078,0.005884841582497605,0.0,0.0016855376478786363,0.0,0.008209265223449582,0.01592275311200357,0.0,0.021793652592544024,0.013112546460374712,0.0,0.0,0.00729048192987852,0.0,0.0,0.0,0.0,0.01647000728401973,0.0,0.0,0.005870140991726756,0.0,0.04504591463786443,0.0,0.008768449654025063,0.007632877866353261,0.004512192553803443,0.0021491824387002067,0.0006847230131267404,0.011274057705911587,0.0,0.00861783950719769,0.002155093410210401,0.0,0.03321883846728802,0.0009540264672608673
LFQ intensity D7_2,0.001331750228720558,0.004367209608953537,0.014712914047205086,0.0,0.0005920795283028331,0.010890297719204831,0.058206643105360625,0.004998187335784586,0.017379786748572733,0.004349218356832746,0.0,0.0,0.002958196519241656,0.008265906194062393,0.012662235884180488,0.0,0.0,0.0,0.0,0.0,0.0,0.045909599221744944,1.321596327319112e-18,0.0,0.011545591434761157,0.008531402828965109,0.0,0.0,0.0008273029735854509,0.028282235904622807,0.00017372516048525367,0.00948948575939698,0.008863490079775193,0.02982947545187121,0.003055954848555772,0.007696163268622415,0.005015657523502417,0.006533992798482854,0.0,0.0,0.0,0.0,0.0,0.0,0.01163054504240549,0.0,0.0,0.0012277897533027769,0.0,0.0,0.012057066608541004,0.0037890508981621657,0.0,0.0,0.0,0.031347269553680744,0.0,0.0,0.009453504617898572,0.0,0.0,0.0,0.0,0.009050746185077063,0.06294875304568315,0.0,0.08307476161511088,0.0,0.0,0.0,0.0,0.022608179836327673,0.0,0.002848440348050126,0.028126231195016314,0.0,0.003692634044502375,0.0,0.0,0.0,0.0,0.0,0.0,0.0,0.004009923368692515,0.007806087270619236,0.0,0.0,0.009997763893313355,0.005899311397165108,0.0,0.0,0.0,0.0,0.0,0.0,0.0,0.00024384522047191657,0.005899311397165106,0.01821350057749834,0.0,0.0,0.011968416952803223,0.016609900479663868,0.004625748957913457,0.0006963831157667123,0.0,0.012735275275302261,0.0,0.0,0.012016012478335347,0.0,0.0008431654108724041,0.0,0.0,0.0011739921862432146,0.0,0.03389979812510704,0.0,0.0,0.010971368694712743,0.0,0.02316470803686348,0.0,0.0,0.00831449383983827,0.00551467808982147,0.0,0.005243563393651829,0.0,0.01749584728617138,0.016018089242660356,0.0,0.00517857972819769,0.025557429046495713,0.0,0.0,0.0,0.0,0.0,0.0,0.0,0.01563169744489469,0.0,0.0,0.004421573094814837,0.0,0.03952804280808881,0.0,0.008960740393378755,0.0,0.0,0.004113650176818152,0.010341952335745612,0.007632689009512795,0.0,0.017659126806669916,0.009457855891469472,0.0001590284745930778,0.029146425819727973,0.0005265490043879922
LFQ intensity D7_3,0.0016544394980482614,0.003880941454936033,0.02722200880838026,1.1481342463580244e-18,0.0015708287918685417,0.0032345216120360258,0.05613130169470729,0.0007140670519484161,0.008095613342279036,0.0041722397620605894,0.0,0.0,0.0009087810082660477,0.008097025541648137,0.012394626860032579,0.0,0.0,1.1481342463580244e-18,0.0,0.0,0.0,0.02856304946135215,7.654228309053496e-20,0.0,0.0,0.006244129497258738,0.0,0.0,0.0,0.04135714869553294,0.0,0.004128308995364228,0.007524860530984718,0.029671888217328656,0.004468412469000852,0.009556509367613765,0.0017610257487235348,0.00795526463854312,0.0,0.0,0.0,0.0,0.0,0.001391559994519099,0.013008159159229952,0.0,0.0,0.004521746890002593,0.0,0.0,0.0056886017651715925,0.0,0.0,0.0,0.0076047814486384785,0.03994643279364485,0.0,0.0,0.008760623696919089,0.0,0.0,0.0,0.0,0.002063962112527835,0.06444304761502656,0.0,0.0829996588963097,0.0,0.0,0.0,0.0,0.022632207652553225,0.0,0.0,0.041471188980134646,0.0,0.0,0.00012634521373037458,0.0,0.0,0.0,0.0,0.0,0.0,0.0034623996225249,0.009425546738954871,0.0,0.0,0.01051265881441043,0.0038624109513934212,0.0,0.0,0.0,1.1481342463580244e-18,0.0,0.0,0.0,0.00013329842685752807,0.003862410951393424,0.018914715873005826,0.0,1.1481342463580244e-18,0.012830779140884397,0.01594656252763604,0.004490854104848514,0.0,7.654228309053496e-20,0.01259284612076342,0.0,0.0,0.01663706085250944,0.0,0.0007668107724972037,0.0,0.0,0.0,0.0,0.03303085282306115,0.0,0.0,0.00830231290948624,0.0,0.01801468390145002,0.0029675057259840707,0.0,0.006820397327489512,0.005599101620926665,0.0,0.006908740366213302,0.0,0.03339851921628204,0.012594960963125486,0.0,0.014506538448315917,0.02288300577559409,0.0,0.0,0.001912100626520921,0.0,0.0,0.0,0.0,0.016339279896400476,0.0,0.0,0.007415358454179499,0.0,0.04511417033386074,0.0,0.014488568972080014,0.0,0.0,0.014173899736240657,0.0,0.0058697096398247165,0.0,0.01750571958732422,0.004747544043676537,0.0,0.02587162972650549,0.004131735741457074
LFQ intensity D7_4,0.0018927921274263107,0.0032217771614437593,0.02867367354319965,8.46416807599252e-19,0.0011208978211150313,0.00018368036035840547,0.06143197057044817,7.8535229920072e-05,0.011859382986756187,0.004260305349723789,0.0,0.0,0.002316272339700359,0.005858485672885432,0.01358299826331255,0.0,0.0,8.46416807599252e-19,0.0,0.0,0.0,0.038187355533411564,3.30308998087513e-19,0.0,0.0025966782753977626,0.008908025773707012,0.0,0.0,0.0004797577509731247,0.037465824364474105,0.0,0.006785417915872629,0.008528462830888723,0.045292788366718004,0.00517770798679332,0.005912069269644856,0.0019859459820061325,0.006509785159973371,0.0,0.0,0.0,0.0,0.0,0.0,0.01411240119547396,0.0,0.004178457260783026,0.030847833371409717,0.0,0.0,0.01784428650131004,0.0,0.0,0.0,0.0022190191679952254,0.04185808438422277,0.0,0.0,0.010604803779634346,0.0,0.0,0.0,0.0,0.010546495772596386,0.06585714410406196,0.0,0.04166301147782824,0.0,0.0,0.0,0.0,0.029750004142646124,0.0,0.0031873510580386864,0.029552321416286855,0.0,0.0,0.0017289578317814967,0.0,0.0,0.0,0.0,0.0,0.0,0.011234967480876696,0.0,0.0,0.0,0.014371227321695317,0.005867183791641699,0.0,0.0,0.0,8.46416807599252e-19,0.0,0.0,0.0,0.001611690758989136,0.005867183791641697,0.0198356486063299,0.0,8.46416807599252e-19,0.013164110823141617,0.016532894754799663,0.004159946680996207,0.0,0.0,0.01074680510065353,0.0,0.0006560049889128465,0.017949205665166387,0.0,0.0009381374171925265,0.0,0.0,0.0017242805931203858,0.0,0.0,0.0,0.00185468378635453,0.008538753783597839,0.0,0.0205032419329795,0.0023027286228616975,0.0,0.005021828028499706,9.235512810988421e-05,0.0,0.01002088540883783,0.0,0.0219318510135886,0.015609167910026742,0.0,0.010506785947523113,0.015408278309843903,0.002388656088805511,0.0,0.010388702735548904,0.0,0.0,0.0,0.0,0.0,0.0,0.0,0.005954058237952884,0.0,0.048324482332300536,0.0,0.012351463458066028,0.009029712397797015,0.0,0.02066563104392342,0.0,0.004920946130411514,0.0,0.013278240319279412,0.004931232621623132,0.0,0.025056264886691514,0.0
LFQ intensity D7_5,0.002591659778075938,0.0032661257616220947,0.027208689391505277,2.316859643446752e-19,0.0,2.316859643446752e-19,0.05645498599200636,0.000213498605106788,0.011576833754599761,0.004475014478887227,0.0,0.0,0.002682211504564789,0.009732253800412798,0.017269441890254335,0.0,0.0,2.316859643446752e-19,0.0,0.0,0.0,0.023612606745412847,1.4673444408496094e-18,0.0,0.0,0.00802569959881148,0.0,0.0,0.0008486585572918341,0.03829469677910389,0.0,0.005273330139729189,0.007794417454530527,0.029519491397015544,0.005596927676462128,0.01148932483563184,0.0,0.008105873345089904,0.0,0.0,0.0,0.0,0.0,0.0035435562780092725,0.01279848676562062,0.0,0.005255089968487963,0.011291693827842583,0.0,0.0,0.008750091466202438,0.0,0.0,0.0,0.004835049504549299,0.03543946898373767,0.0,0.0,0.009273800512652877,0.0,0.0,0.0,0.0,0.0,0.06964120585426953,0.0,0.04341264864572708,0.0,0.0,0.0,0.0,0.020974278868034414,0.0030288635887165947,0.0,0.04198209214645807,0.0,0.0,0.0,0.0,0.0,0.0,0.0,0.0,0.0,0.009026472789009492,0.0028523155533676497,0.0,0.0,0.028228494301688264,0.005887250551767871,0.0044110173261345375,0.0,0.0,2.316859643446752e-19,0.0,0.0,0.0,0.0009728522545682324,0.005887250551767868,0.017475471149480476,0.0,2.316859643446752e-19,0.012781941629322332,0.01623063135179999,0.004323886824843313,4.78817659645662e-18,0.0,0.015007176845967881,0.0,0.0,0.012311265573582407,0.0,0.000519219568019574,0.0,0.0,0.0,0.0,0.03350272910049437,0.0,0.0,0.0076335138776070025,0.0,0.027499864713673213,0.0,0.0,0.004368854628522466,0.0,0.0,0.01655693240737551,0.0,0.0282016684373224,0.015852417978865205,0.0,0.00735782436603333,0.01364719847841357,0.0,0.0,0.008775039089248602,0.0008245911529413681,0.0,0.0,0.0,0.01537778840757729,0.0,0.0,0.009228718335501818,0.0,0.045345530778423626,0.0,0.01463432444465645,0.0,0.0,0.012528437141941491,0.0006439129050760606,0.003986384499919647,0.0,0.014755025621675666,0.008040960491257469,0.0,0.029512163170511717,0.0015528058052188846
LFQ intensity D8_1,0.003093196250550112,0.0036161011510220677,0.027231491188199126,1.137670530802213e-18,0.0012359404533323717,0.015288851622113695,0.05351932677449213,0.0031739201514553368,0.009027798960815198,0.004098063604152302,0.0,0.0,0.002932282824529528,0.014034554820270892,0.01593817206802912,0.0,0.0,1.137670530802213e-18,0.0,0.0,0.0,0.05205402507485287,0.0,0.0,0.009792085480890637,0.011034724274094182,0.0,0.0,0.0010413964394517562,0.02170234145284682,0.0,0.007792238480835196,0.006329715320668946,0.02729855995002416,0.00462762619602074,0.005634482328758885,0.0019807283688034953,0.006534924741805519,0.0,0.0,0.0,0.0,0.0,0.0029511991417067807,0.011304942411595032,0.0,0.0005753998793380638,0.013617920285886239,0.0,0.0,0.005066079106308761,0.0,0.0,0.0,0.0,0.038922982682999575,0.0,0.013470109431543593,0.007764617227553854,0.0,0.0,0.0,0.0,0.0,0.05472701480060843,0.0,0.07505583028165697,0.0,0.0,0.0,0.0,0.019169800438239612,0.0,0.004089185161378386,0.02306929496708057,0.0,0.0,0.0,0.0,0.0,0.0,0.0,0.0,0.0,0.006020052557484504,0.0003878140146050102,0.0,0.0,0.010040787330391408,0.005680501183088005,0.0,0.0,0.0,1.137670530802213e-18,0.0,0.0,0.0,0.000794917614331893,0.005680501183088008,0.017348965429329306,0.0,1.137670530802213e-18,0.00944386576327508,0.014249177909235864,0.004084727010174793,0.0,0.0,0.013967910600233982,0.0,0.0,0.01064237582931395,0.0,0.0,0.0,0.0,0.0014500609988603696,0.0,0.03025849725468642,0.0,0.0,0.007234527632574915,0.0,0.01700024809123688,0.005053344346306182,0.0,0.00688401638794038,6.755609810497332e-05,0.0,0.005697242478487511,0.0,0.03052813185756326,0.026296787044982773,0.0,0.005790232439562222,0.016319586923334146,0.0,0.0,0.003800436302108145,0.0012068469390269796,0.0,0.0,0.0,0.0,0.0,0.0,0.007759048121891384,0.0,0.042536915265014755,0.0,0.011538548589929157,0.03671323729781192,0.0,0.01654570109629112,0.0,0.006694860515446905,0.0,0.008017548140528095,0.005955419526496736,0.0,0.02285933071712169,0.006653355716230406
LFQ intensity D8_2,0.0,0.004161024645985954,0.03101184829380185,0.0,0.00648844739041938,0.0006717492817978746,0.05875283362434407,0.0,0.011644271166245649,0.004386414847771045,0.0,0.0,0.0008160113124562619,0.011066585653018974,0.015410704999461504,0.0,0.0,0.0,0.0,0.0,0.0,0.036857489821589,0.0,0.0,0.0,0.009330519095787514,0.0,0.0,0.0,0.03650171709153127,0.004156902038919045,0.0,0.00822722309777415,0.03122245952892845,0.0030654983778878415,0.008759765685816318,0.0,0.0078510141450503,0.0,0.0,0.0,0.0,0.0,0.00869391535821602,0.008205795242654615,0.0,0.004451683713386036,0.0,0.0,0.0,0.011700650196421896,0.0,0.0,0.0,0.007767630647266086,0.03565822168743394,0.0,0.0,0.008785750755150548,0.0,0.0,0.0,0.0032530026547536407,0.008767106272004783,0.04177047624399276,0.005649454299708397,0.0897910219086407,0.0,0.0,0.0,0.0,0.02407373281033403,0.0,0.003571091564113313,0.028380325255555366,0.0,0.0,0.0011448278300447777,0.0,0.0,0.0,0.0,0.0,0.0,0.0005446101142060385,0.012433729194954272,0.0,0.0,0.009437360392583671,0.003914333653075425,0.0,0.005633447136292811,0.0,0.0,0.0,0.0,0.0,0.0,0.003914333653075425,0.006450144660668129,0.0,0.0,0.010537851887281239,0.018068449955238534,0.0051081069855274195,0.0,0.0,0.011045557828380742,0.0,0.0,0.019027669585563727,0.0,0.0019459494631298316,0.0,0.0,0.0,0.0,0.03509085257331765,0.0,0.0,0.010361391922383898,0.0,0.018031315063995888,0.010623829249280008,0.0,0.014331630264536807,9.717157391422946e-05,0.0,0.0041372026636914494,0.0,0.02882653991071419,0.01462395552695051,0.0,0.017862458570499437,0.020416547523631253,0.0,0.0,0.004252226869597172,0.0,0.0,0.0,0.0,0.015194536145081419,0.0,0.0,0.006022777667585641,0.0,0.04279608899563348,0.0,0.009179342586584083,0.0073725784141562235,0.0,0.010197357326264589,0.0004762709819551705,0.006343313536782039,0.0,0.00024573189466495747,0.0017354981623046927,0.0069553082603124455,0.024717363267922236,0.0
LFQ intensity D8_3,0.003871146618049948,0.00394642671263689,0.014336656890935322,0.0,0.0014574012440496933,0.01180652633503268,0.05283010241502468,0.004684761720572949,0.006829346938981372,0.0038070520710127382,0.0,0.0,0.0007162542726765057,0.0069318463926488,0.011032224042847554,0.0,0.0,0.0,0.0,0.0,0.0,0.038616998680307525,0.0,0.0,0.012522339843204989,0.007985162875143467,0.0,0.0,0.0,0.027140531945382473,0.0,0.007794577156938733,0.008245242877386596,0.02696047392481669,0.00350960109039136,0.011000592483108012,0.001981585950750033,0.005103597120314433,0.0,0.0,0.0,0.0,0.0,0.00010369910918620143,0.012086787101986695,0.0,0.004117069438735149,0.013063829689250423,0.0,0.0,0.0,0.009177141741106593,0.0,0.0,0.0053104789117319655,0.03715147901421987,0.0,0.0,0.007691953599233342,0.0,0.0,0.0,0.0,0.0,0.0588573472816847,0.0,0.07453612090987091,0.0,0.0,0.0,0.0,0.018696688881334175,0.0,0.0,0.029296549230249193,0.0,0.001388509974495303,3.842143218224223e-19,0.0,0.0,0.0,0.0,0.0,0.0,0.0066685526552294405,0.010608145621671658,0.0,0.0,0.009104855170673463,0.0034521124333201634,0.0,0.0,0.0,0.0,0.0,0.0,0.0,0.0010053618376568007,0.0034521124333201595,0.01728634863561797,0.0,0.0,0.0099819314818947,0.015470265198421975,0.004308193771280503,0.0,0.0,0.011720083167206435,0.0,0.0,0.014817698534006787,0.0,0.0,0.0,0.0,0.0,0.0,0.0300696925995558,0.0,0.0,0.008627693761278622,0.0,0.018139408932176204,0.0025328752187405816,0.0,0.007240517269451536,0.021802754282064123,0.0,0.003460228656847712,0.0,0.04544136630791946,0.009323183348914773,0.0,0.016400735644982838,0.02196780685725003,0.0,0.0,0.001907995400824835,0.0,0.0,0.0,0.0,0.0,0.0,0.0,0.009032275525740334,0.0,0.03345952245657748,0.0,0.018139973016569718,0.006922401118077491,0.0012542922106633862,0.030707874014954364,0.005339674603382366,0.0014817031767207832,0.0,0.0215164770157673,0.0022404825623702556,0.0,0.03052730059357197,0.0
LFQ intensity D8_4,0.002761453612146609,0.0035763189314671627,0.014887705777267153,0.0,0.001983563686585787,0.0008136270974809114,0.011770479373334794,0.002436544239150625,0.008154429649918455,0.0040469548076156455,0.0,0.0,0.002270728813552837,0.01441851210943773,0.010707241573073345,0.0,0.0,0.0,0.0,0.0,0.0,0.02802559370686691,9.057508736758445e-19,0.0,0.016162145163201087,0.007304167034359557,0.0,0.0,0.00025392261350106534,0.023440324034115827,0.0,0.0076894589971247835,0.00735846265400388,0.028025021315124538,0.00288769580881246,0.008208617536183684,0.0021048893627729033,0.006629175774471489,0.0,0.0,0.0,0.0,0.0,0.0,0.012537961701922831,0.0,0.00305494486852764,0.02190669631830903,0.0,0.0,0.0,0.0,0.0,0.0,0.0,0.04866194761821063,0.0,0.0,0.00805632671758851,0.0,0.0,0.0,0.0,0.005997633297783554,0.06962825622777087,0.0,0.07935076891112515,0.0,0.0,0.0,0.0,0.018029855684036453,0.010426164037374114,0.0,0.03573303397377604,0.0,0.0,0.0,0.0,0.0,0.0,0.0,0.0,0.0,0.0033376400418309027,0.008137637464391619,0.0,0.0,0.009733087186283013,0.005178214511824283,0.0,0.0,0.0,0.0,0.0,0.0,0.0,0.0006784680463065441,0.005178214511824279,0.019084008086995327,0.0,0.0,0.010029105204073437,0.01635042315020637,0.004075358272316731,0.0,0.0,0.02027513358385068,0.0,0.0,0.016431716859215222,0.0,0.002280418928308837,0.0,0.0,0.0,0.0,0.03287719611358113,0.0,0.0,0.0070566131034689675,0.0,0.024834724543199158,0.0,0.0,0.005357690426433082,0.0,0.0,0.016390643795629403,0.0,0.029276838054770698,0.014399753847964037,0.0,0.019350571028957528,0.02419895397966375,0.0,0.0,0.0,0.000491841547355459,0.0,0.0,0.0,0.025499399597966616,0.0,0.0,0.011593674047042028,0.0,0.04164422239053302,0.0,0.01195356089278124,0.008836618322117993,0.007908082329517344,0.021635036947052287,0.002277387515486269,0.0,0.0,0.008668736215816613,0.004226146650997616,0.0,0.02590581323699467,0.0055464465372498176
LFQ intensity D8_5,0.0027742452669630296,0.004363544548446709,0.015201552428547769,0.0010103214474363443,0.001922115819311654,0.012341289266809613,0.014157382828063886,0.004831301206438254,0.009809670521431463,0.0038360883941288564,0.0,0.0,0.0034741252116376876,0.023087108660821684,0.00959296555800897,0.0,0.0,0.0,0.0,0.0,0.0,0.04215380584544312,1.5982721456396883e-18,0.0007034675055632452,0.0,0.006770135398081936,0.0,0.0,0.0005505743637256138,0.03095159684643424,0.0,0.002189085069864023,0.007512131265450559,0.028823820001811534,0.006235866697588358,0.00589174664427567,0.006473744882280972,0.006055683083173177,0.0,0.0,0.0,0.0,0.0,0.0011704900928605863,0.012307260916202456,0.0,0.0025661650508891293,0.00926654964913575,0.0,0.0,0.023807530529521167,0.0,0.0,0.0,0.005502141510473778,0.03771369431328091,0.0,0.0,0.008356857349759075,0.0,0.0,0.0,0.0,0.007523917056234605,0.06749898545753005,0.0,0.08186047668970983,0.0,0.0,0.0,0.0,0.02633968925280171,0.0,0.008275571676202546,0.019308413547637373,0.0,0.0,0.012965894012902868,0.0,0.0,0.0,0.0,0.0,0.0,0.0046686546570972615,0.0,0.0,0.0,0.015859723925916572,0.005515983544445108,0.0,0.0,0.0,0.0,0.0,0.0,0.0,0.0003347696770433206,0.005515983544445108,0.019165516142670782,0.0,0.0,0.010118578612860453,0.015478782800383626,0.004410710996434585,0.0017889273643790695,1.5982721456396883e-18,0.013247953104068599,0.0,0.0,0.016454422229650406,0.0,0.0,4.718708239507651e-18,0.0,0.0,0.0,0.03318525683115745,0.0,0.0,0.00812678562244525,0.0,0.018607304121239947,0.0028761589765994963,0.0,0.003581685778940961,0.006544658586978312,0.0,0.0009707760215724271,0.0,0.008803690996189339,0.003526767518190254,0.0,0.02013551969632859,0.014058428186091822,0.0013051215504896504,0.0,0.0025970535372514983,0.003990335948116426,0.029062038828396967,0.0,0.0,0.025555954158660053,0.0,0.0,0.006281704421918867,0.0,0.037985399674757094,0.0,0.015511190753097294,0.006181901558282628,0.0,0.018927703153760803,0.0,0.003694850332509844,0.0,0.005666109936237121,0.0032827530440557476,0.0,0.027662730129902648,0.0041411081705544145
LFQ intensity D8_6,0.002616087868052349,0.0033184416374295055,0.025677106818298778,1.5640226659879562e-18,0.0025478597217343086,0.011223376513093495,0.05210523603543094,0.004074194707673648,0.011044722139839749,0.003684453921014387,0.0,0.0,0.0016612707929437027,0.006965027828840214,0.01089336205070899,0.0,0.0,1.5640226659879562e-18,0.0,0.0,0.0,0.05230752000849352,2.073239347937523e-18,0.0,0.015537956898198578,0.012453439569504919,0.0,0.0,0.0,0.03677890053223985,0.0,0.00206624083142825,0.008096579706326806,0.03964485733590073,0.004168855167793014,0.0,0.0034102045983853873,0.0067107996388831555,0.0,0.0,0.0,0.0,0.0,0.0008182315193182024,0.011132281855031331,0.0,0.0029416920368221817,0.0017529043836435228,0.0,0.0,0.012812290652375906,0.002443890113632379,0.0,0.0018958763985996816,0.0029277201537939433,0.03783775007747026,0.0,0.0,0.007880961910040287,0.0,0.0,0.0,0.0,0.0,0.06251655107808045,0.0,0.07842121608098743,0.0,0.0,0.0,0.0,0.020185789937542786,0.0,0.0,0.03141865192120601,0.0,0.0,0.0016601557967091262,0.0,0.0,0.0,0.0,0.0,0.0,0.005563760216268984,0.0067858828808210455,0.0,0.0,0.009084245482342044,0.004409128145554351,0.0,0.0,0.0,1.5640226659879562e-18,0.0,0.0,0.0,0.0017690962985711619,0.004409128145554351,0.01902513874914727,0.0,1.5640226659879562e-18,0.008509607166435429,0.015132332350678571,0.004042728163742256,0.0,0.0,0.011667614576755183,0.0,0.0,0.010292792145709514,0.0,0.0037303431371634404,0.0,0.0,0.0,0.0,0.0,0.0,0.0,0.0073858496776355136,0.0,0.018761198470398678,0.002854127158128553,0.0,0.00646479225453633,0.0025617350665932343,0.0,0.01344356661677928,0.0,0.021153046803003988,0.03791491067148741,0.0,0.0,0.01798772211180536,0.0,0.0,0.0,0.002242701484329624,0.0,0.0,0.0,0.0,0.0,0.0,0.0035879342125233267,0.0,0.04143797893347416,0.0,0.015476374733394258,0.0334983931459877,0.0,0.01525543076857054,0.0,0.007095865233166116,0.0,0.01667206794576569,0.005632804049791643,0.0,0.03251924496641725,0.0
LFQ intensity D8_7,0.0037966091695389175,0.004362706797857745,0.01623426709060964,0.0007701246670400438,0.0011759826413426603,0.012512035217737628,0.01362795146307323,0.005410803136144171,0.00990462798294077,0.0038742959044612453,0.0,0.0,0.004362668606533242,0.022649322095512823,0.0,0.0,0.0,5.216016505817122e-19,0.0,0.0,0.0,0.04491358489090244,0.0,0.0,0.0,0.006857884981461766,0.0,0.0,0.0,0.03610627536748516,0.0,0.003008655610025519,0.007825150308258425,0.029967576846810215,0.004137477026227915,0.00604416094357916,0.0,0.007812588613147103,0.0,0.0,0.0,0.0,0.0,0.006107845481938761,0.013518967098853401,0.0,0.0046378664997163924,0.012925613368775514,0.0,0.0,0.016130731138816103,0.0,0.0,0.0,0.006912249846616276,0.03964894960128105,0.0,0.0,0.008023723268933778,0.0,0.0,0.0,0.0,0.0,0.06491406243755629,0.0,0.044323799959924186,0.0,0.0,0.0,0.0,0.02838931811388603,0.019853136853339733,0.0018296925598824123,0.030000410620497242,0.0,0.00683083835049209,0.0,0.0,0.0,0.0,0.0,0.0,0.0,0.0,0.014314412265756714,0.0,0.0,0.0,0.0036538767462906438,0.0,0.0,0.0,5.216016505817122e-19,0.0,0.005721211428550744,0.0,5.216016505817122e-19,0.00365387674629064,0.019361975230005133,0.0,5.216016505817122e-19,0.011279384854956706,0.016424436527952987,0.004383564843791487,0.0,0.0,0.03959821682453156,0.0,0.0,0.011344481001040296,0.0,0.0,0.0,0.0,0.0,0.0,0.03681123146427784,0.0,0.0,0.007490233429952787,0.0,0.02771923897490503,0.0,0.0,0.01128575061771872,0.0,0.0,0.003337711287384719,0.0,0.02396054393718467,0.010644531754555068,0.0,0.011081771841308825,0.025014344237388197,0.0,0.0,0.0,0.00038995585186213524,0.0,0.0,0.0,0.02570003731595549,0.0,0.0,0.005617826116443118,0.0,0.03846258844747478,0.0,0.020217927763255945,0.0010389643296788255,0.0,0.019378741018445764,0.0,0.0033223188811962816,0.0,0.010321018867810887,0.007680108710615715,0.0,0.027448492850532323,0.003939271271686879
LFQ intensity D9_1,0.0021946603024844383,0.0022434064745604195,0.027834528627557788,0.0,0.0,0.0,0.017129400510412243,0.0,0.013882606307639846,0.01087274685525486,0.0,0.0,0.0026538663576655998,0.005480948912354585,0.012669684518527744,0.0,0.0,0.0,0.0,0.0,0.0,0.017998861831405023,0.0,0.0,0.0,0.0,0.0,0.0,0.0,0.044184727378192554,0.0,0.005868640833260631,0.007711383768061907,0.029360549548155895,0.00442859533263059,0.007993783442280727,0.0,0.008370401086365645,0.0,0.0,0.0,0.0,0.0,0.0012638156865219644,0.015592358968442436,0.0,0.0028463475794149426,0.016464189373029695,0.0,0.0,0.013680766327667014,0.0,0.0,0.0,0.005053909748706843,0.0542719602817008,0.0,0.0,0.009215898339776657,0.0,0.0,0.0,0.0,0.005174448352528716,0.06301166126333137,0.0,0.08990635932174638,0.0,0.0,0.0,0.0,0.031057094832461996,0.0,0.011299345469950957,0.02909676855564283,0.0,0.0,0.0,0.0,0.0,0.0,0.0,0.0,0.0,0.008339286109112332,0.005548142500334735,0.0,0.0,0.0214002231526587,0.0038345732916914145,0.001706625563152137,0.0,0.0,0.0,0.0,0.0,0.0,0.002502602992287946,0.003834573291691414,0.018071814961658026,0.0,0.0,0.010889257944799675,0.01519768177969157,0.003535911198739896,0.0,0.0,0.014689766337757981,0.0,0.0,0.01771943663302877,0.0,0.0,0.0,0.0,0.002197383505886716,0.0,0.03440296116137649,0.0,0.0,0.007798589277125894,0.0,0.021787433983530523,0.0,0.0,0.007539685518957033,0.0,0.0,0.008462174738168191,0.0,0.01416871794072644,0.0,0.0,0.01647254261716405,0.021195949748025238,0.0,0.0,0.006605839637129086,0.0,0.0,0.0,0.0,0.015584072008625393,0.0,0.0,0.0065036519276394245,0.0,0.03500472611163543,0.0,0.018301721748421002,0.0,0.018238402008565267,0.027185663944166206,0.0,0.0,0.0,0.011804474837846123,0.006094230504663476,0.0,0.024568166836010295,0.0
LFQ intensity D9_10,0.0037173372881586213,0.002730105375925591,0.006483632515455071,0.0,2.86565133595258e-20,0.01053403628203756,0.05618831065698791,0.002680434080530778,0.008386791580955793,0.006212337070384652,0.0,0.0,0.004025291859980821,0.0,0.00822094784281652,0.0,0.0,0.0,0.0,0.0,0.0,0.022843672310697772,0.0,0.0,0.0,0.0006180850807006981,0.0,0.0,0.0012932327260031867,0.04263617298994032,0.0,0.005729331759852755,0.002269192746970996,0.028327989916502858,0.003205293272269372,0.012427728734111907,0.003220815077459744,0.001753067364666208,0.0,0.0,0.0,0.0,0.0,0.0012879821572315073,0.01355273668754627,0.0,0.0004069792026659068,0.02113865143627664,0.0,0.0,0.006192571723061808,0.0,0.0,0.0,0.002489969157891734,0.05684512224701266,0.0,0.0,0.009724527821378757,0.0,0.0,0.0,0.0,0.009150781996785292,0.06295328183902851,0.0,0.08201223097504975,0.0,0.0,0.0,0.0,0.02235353521553434,0.002573492749598563,0.003823108411937369,0.029190772096165406,0.0,0.0,0.014624562036142038,0.0,0.0003264554978007081,0.0,0.0,0.0,0.0,0.009417001842136653,0.0,0.0,0.0,0.02289981867468145,0.006279023486994864,0.0047560327918276845,0.0,0.0039831362230286285,0.0,0.0,0.0,0.0,0.0030539816320535105,0.006279023486994864,0.01732484032288996,0.0,0.0,0.011774951368563226,0.015464602907598268,0.003720227667546058,0.0,0.0,0.012299802748097834,0.0,0.0,0.01658296766696981,0.0,0.0,0.0,0.0,0.0,0.0,0.032934475661289195,0.0,0.0,0.007132613908023229,0.0,0.023062886221926395,0.0,0.0,0.006676798588066298,0.0,0.0,0.011576844801811014,0.0,0.02408270478899606,0.0,0.0,0.006900653195721581,0.011934509400781798,0.0,0.0,0.01312601908664734,0.0,0.0,0.0,0.0,0.015364180263295193,0.0,0.0,0.008744630063047215,0.0,0.037499411936032845,0.0,0.015662644241594,0.0,0.002394687846432797,0.022421333399691087,0.0,0.0025536897975482475,0.0,0.015978728440475796,0.006245163179015777,0.0,0.026392049935597815,0.0033299966411070286
LFQ intensity D9_11,0.002902772823520458,0.001517008761844106,0.025556323560494275,1.6556876334555008e-18,0.0,0.004034464318707252,0.05224578986696809,0.00490550075879408,1.6556876334555008e-18,0.004154013335069398,0.0,0.0,0.0012365210591794532,0.004731531397558783,0.0115569442632179,0.0029439697526116534,0.0010384925897511475,1.6556876334555008e-18,0.0,0.0022398889476450234,0.0,0.01782175076814094,0.0,0.0,0.0,0.009132807978526341,0.0,0.0,0.0,0.0423268024634722,0.0007971214793417714,0.0021058680430087033,0.007299705002342182,0.03850723663708173,0.0,0.013213343164463869,0.0,0.008490790168236229,0.0,0.0022398889476450234,0.0,0.0,0.0,0.0002654359220635358,0.011919084895514949,0.0,0.0023520727104153023,0.020632633725631868,0.0,0.0,0.01253317197407302,0.0,0.0,0.0,0.01079668191638879,0.019439118182180998,0.0,0.0,0.009296609902438866,0.0,0.0,0.0,0.0,0.0,0.06181026902627123,0.0,0.07157029855931904,0.0,0.0,0.0,0.0,0.014909262800290432,0.00459313269798093,0.0,0.050402532421936735,0.0,0.0,0.008140929676179803,0.0,0.0,0.0,0.0,0.0,0.0,0.0,0.04271733936093491,0.0,0.0,0.008891710404553589,1.6556876334555008e-18,0.0,0.0,0.007312697006517087,0.0,0.0,0.0,0.0,0.0024007552222895553,1.4397283769178267e-18,0.016278748324321326,0.0,1.6556876334555008e-18,0.0091342003486196,0.013382429932446534,0.0024482463536336825,0.0,0.0,0.010430926903500698,0.0,0.001288732255712293,0.009588007817554265,0.0,0.0,0.0,0.0,0.0,0.0,0.0,0.0,0.0,0.006407394494281804,0.0,0.021434640319935798,0.0,0.0,0.01064036148715619,0.0,0.0,0.022414300666350064,0.0,0.0460809330625697,0.0,0.0,0.008657400752645643,0.012093643087492006,0.0,0.0,0.01471250736336568,0.0,0.0,0.0,0.0,0.0,0.0,0.0,0.0014936835091331846,0.0,0.03914884962976521,0.0,0.010079222116370322,0.0,0.04934383027459439,0.010187960226462631,0.00538452900105319,0.0003650226594330353,0.0,0.019664217743604554,0.00948171338488001,0.0035678467195533604,0.02530837907296358,0.0
LFQ intensity D9_12,0.0018720678959886022,0.0013402848361884325,0.007604506260102134,0.0,0.0003482138088271622,0.0,0.05734804759611139,0.006456958777239004,0.0005913376974251641,0.004097828662415528,0.0,0.0,0.002959671846744564,0.0005215391840129121,0.008189483063106157,0.0027735828266655317,0.0,0.0,0.0,0.002285318023805748,0.0,0.018970178807395464,0.0,0.0,0.0,0.007166735046568817,0.0,0.0,0.0005125273878822101,0.0488281387214551,0.0,0.0037962897902304314,0.007586673728081377,0.030108092229571705,0.0019327673310541936,0.004772383364825142,0.004778386205541994,0.00904123861056012,0.0,0.002285318023805748,0.0,0.0,0.0,0.0,0.012848382514880713,0.0,0.003974940521444765,0.0249860836692717,0.0,0.0005464042590878449,0.010356673073829717,0.0,0.0,0.0,0.00491173202200602,0.047774730085036174,0.0,0.0,0.009221227741647589,0.0,0.0,0.0,0.0,0.0,0.054690084568184215,0.0,0.07467007405706284,0.0,0.0,0.0,0.0,0.015243263423803605,0.004094276344773093,0.006777470264359475,0.04182544503512299,0.0,0.0,0.014656912549879964,0.0,0.0,0.0,0.0,0.0,0.0,0.009118664879325954,0.0,0.0,0.0,0.020483390268109834,0.005556988416442613,0.0036324539173168855,0.0,0.0034945652459537333,0.0,0.0,0.0,0.0,0.00160531302368147,0.005556988416442611,0.01787565590846957,0.0,0.0,0.009193152719210033,0.013816264519593398,0.0021697791217207517,0.0,0.0,0.013181879405230607,0.0,0.0,0.015402502617879198,0.0,0.0,0.0,0.0,0.0,0.0,0.03226306589104131,0.0,0.0,0.007359572299051986,0.0,0.024340483237366168,0.0,0.0,0.005646867977264717,0.0,0.0,0.021633344226272232,0.0,0.038806441613631025,0.0,0.0,0.012437727679770454,0.01972299452547298,0.0,0.0,0.01241772151812547,0.0,0.0,0.0,0.0,0.0,0.0,0.0,0.0003999609784555761,0.0,0.04105682414138636,0.0,0.007288323871456587,0.0,0.024151553056413633,0.005028221413836858,0.009325740467785443,0.00250125303444005,0.0,0.012831894788449734,0.00823433195945418,0.0,0.0294629158156942,0.0012578931892591025
LFQ intensity D9_2,0.0,0.002112015436253388,0.005469509039833887,0.0,0.001680537427496607,0.0,0.05658278750658007,0.002073546928871222,0.014141996123241077,0.004443521969732937,1.1060644366726536e-18,0.0,0.0026729695628630802,0.0053941955833984884,0.013027343564261431,3.476202515256911e-18,0.0,0.0,0.0,0.0029704654149104305,0.0,0.01784632062972974,0.0,0.0,0.0033742587249707863,0.0,0.0,0.0,0.00038092727440396416,0.04298490690256866,0.0,0.0056695844443307155,0.008981462863089597,0.02917207979997629,0.0021736463620237656,0.01440876196481534,0.000568715672788238,0.010414132624335201,0.0,0.0029704654149104305,0.0,0.0,0.0,0.0,0.009315833268018804,0.0,0.002831311888289099,0.0347380671104585,0.0,0.0,0.009114958750851897,0.0,0.0,0.0,0.0,0.02969130016595855,0.0,0.0,0.009474011038638782,0.0,0.0,0.0,0.0,0.0,0.06549942963243477,0.0045838450140879726,0.08467410156037343,0.0,0.0,0.0,0.0,0.020601053632521415,0.0,0.0058424084889800165,0.027388828994919883,0.0,0.0,0.0012487497287724514,0.0,0.0,0.0,0.0,0.0,0.0,0.005909062503804446,0.00836239849003343,0.0,0.0,0.022664450020744,0.005535247872434478,0.0015105992911800903,0.0,0.0005656015780795475,0.0,0.0,0.0,0.0,0.0026377241195534216,0.005535247872434481,0.016661576811776838,0.0,0.0,0.010735992874103015,0.014816437962544464,0.0034099355994437553,0.0,0.0,0.01287449189581165,0.0,0.0,0.016290309684958506,0.0,0.0011669332028931031,3.16018410477901e-18,0.0,0.0,0.0,0.03413500400594153,0.0,0.0,0.008062188994208283,0.0,0.024298428617780386,0.0,0.0,0.01422779313257414,0.0,0.0,0.005902280027441668,0.0,0.030800579227550754,0.0,0.0,0.00745401897882565,0.017351812413609783,0.0,0.0,0.006866476922824043,0.004459067672166862,0.0,0.0,0.0,0.015282721809702323,0.0,0.0,0.00839796075014736,0.0,0.0,0.0,0.013660447258181545,0.0,0.028672891937243736,0.03140177776619928,0.0006228478081681475,0.0038632338047335495,0.0,0.021461033875305895,0.008255457230422198,0.0,0.03162991747748682,0.0
LFQ intensity D9_3,0.0037613748048266832,0.0007112626942404786,0.01396962924852527,0.0003428201829012248,2.9200623934704763e-18,0.0,0.014679488197798674,0.006265822263560455,0.009730760972904515,0.006575969173381498,0.0,0.0,0.003164963919121857,0.0,0.0076983801036888885,0.0,0.0,0.0,0.0,0.0010609952488074266,0.0,0.016080319140626465,0.0,0.0,0.0,0.001774124800102235,0.0,0.0,0.0,0.04688476235675588,0.0,0.01498040094874116,0.009377246999711628,0.006862447713793037,0.0,0.011839652389445864,0.00023866074429492365,0.01050203281381363,0.0,0.0010609952488074266,0.0,0.0,0.0,0.0024082551226257513,0.01527997963875441,0.0,0.004974527802742999,0.0025783120897272115,0.0,0.0,0.0184974366261719,0.0,0.0,0.0,0.005836977860087931,0.053329055602476416,0.0,0.0,0.011053785973862872,0.0011432960905204646,0.0,0.0,0.0,0.006293844032256336,0.07774212759946741,0.0,0.08848399001904285,0.0,0.0,0.0,0.0,0.023169465967722534,0.0031459127212959794,0.010630288829668556,0.03571757280383059,0.0,0.0,0.010530276036477201,0.0,0.0,0.0,0.0,0.0,0.0,0.008568846140022518,0.0024522501084158553,0.0,0.0,0.01843806303158022,0.005343960724826043,0.0039031547432460244,0.0,0.006734651526974028,0.0,0.0,0.0,0.0,0.0044267011864107635,0.0053439607248260395,0.019471094914479646,0.0,0.0,0.010815863259067183,0.015068045485729835,0.0023828097238503478,0.0,0.0,0.01302311916840641,0.0,0.0024347964557194447,0.013058055899673428,0.0,0.0,1.717683760864986e-18,0.0,0.00016588157610016946,0.0,0.0,0.0,0.0,0.008679325470103348,0.0,0.027430328681523994,0.0,0.0,0.0066605460926301655,0.0,0.0,0.017227861074892947,0.0,0.018495618162103378,0.005689758987847237,0.0,0.022965813946333243,0.01950039896508297,0.0,0.0,0.012284320193126547,0.0,0.0,0.0,0.0,0.017862896316252482,0.0,0.0,0.010524337326774248,0.0,0.0,0.0,0.019985310095618748,0.0,0.03445514062826397,0.022140141385511656,0.0,0.001418653344477651,0.0,0.015407341335700667,0.0067159981418866395,0.0,0.03809604499554383,0.004451695404417691
LFQ intensity D9_4,0.0018234023176142515,0.0013876485511604758,0.007556113241533372,0.0,0.0022339669661401874,0.0,0.059969005355116255,0.005695589862222075,0.0,0.00864834367934962,0.0,0.0,0.001922899140674796,0.00746565072513198,0.012076814055486199,0.0,0.0,0.0,0.0,0.001691682256093448,0.0,0.024188104009030223,0.0,0.0,0.0,0.005860564764555048,0.0,0.0,0.0,0.041732114899093814,0.001098811295569587,0.009417255239196844,0.008738894119020218,0.04355914034645407,0.0016008206618265822,0.009302575260047458,0.0,0.01082339615649303,0.0,0.001691682256093448,0.0,0.0,0.0,0.0,0.012298409269717923,0.0,0.0,0.014538071280531228,0.0,0.0,0.008558065902295008,0.0,0.0,0.0,0.0033515096684550083,0.028907347832736296,0.0,0.0,0.009765942701928649,0.0,0.0,0.0,0.0,0.005986002075745058,0.06837873279567286,0.0,0.08986378201095573,0.0,0.0,0.0,0.0,0.01371211276304435,0.005218181966733163,0.006275130666498238,0.02668395671407831,0.0,0.0,0.0,0.0,0.0,0.0,0.0,0.0,0.0,0.007085754272249293,0.0018073224300398528,0.0,0.0,0.0077569211411773,0.0049642217588334306,0.002713008449384962,0.0,0.0,0.0,0.0,0.0,0.0,0.00313296838527791,0.004964221758833425,0.020657035651559255,0.0,0.0,0.011157304072326969,0.015756364461071353,0.003191799353684028,0.0,0.0,0.014246498137959291,0.0,0.0,0.015951703643307693,0.0,0.0,0.0,0.0,0.001625346210063506,0.0,0.0,0.0,0.0,0.006726910673076813,0.0,0.025294142172185646,0.0,0.0,0.008074094542347122,0.0,0.0,0.00391932679137454,0.0,0.024501842809691945,0.0,0.0,0.01439281784090813,0.020989933265309946,0.0,0.0,0.013037573514210253,0.0,0.0,0.0,0.0,0.020285887103139725,0.0,0.0,0.004045348924296161,0.0,0.0440324658928701,0.0,0.01722002975751167,0.0,0.034377920160387,0.006584272131527852,0.012611080092038075,0.0,0.0005348899876483587,0.01727464639733061,0.007474058990940062,0.004498546813980911,0.03541976914383551,0.0016722524633264364
LFQ intensity D9_5,0.0021436526351383163,0.0017876292602568536,0.0064809650436199046,0.0,0.0019067997697722282,0.0,0.05746497395650896,0.0059848083037738215,0.012331226957689382,0.010403973287436778,0.0,0.0,0.0012166636098444293,0.006631865751313708,0.01252625135155562,1.0917988293695192e-18,0.0,0.0,0.0,0.0020905111393420407,0.0,0.02204443659980985,5.848922300193853e-19,0.0,0.0,0.006892339529262447,0.0,0.0,0.0,0.04352397128417318,0.0,0.003613167690060578,0.007008428500181741,0.029955448196594982,0.0021523454791320673,0.005146667601003326,0.0,0.009706905507809194,0.0,0.0020905111393420407,0.0,0.0,0.0,0.0,0.014484979548208331,0.0,0.0031933536486351464,0.026782362664603064,0.0,0.0,0.023235096129544514,0.0,0.0,0.0,0.004091309686448434,0.03530458791461636,0.0,0.0,0.010807081706160153,0.0,0.0,0.0,0.0,0.004992049820082771,0.07067800034428698,0.0,0.04290936194412671,0.0,0.0,0.0,0.0,0.028734424219095375,0.002351469053995771,0.0,0.04640529852720999,0.0,0.0,0.003602265868418874,0.0,0.0,0.0,0.0,0.0,0.0,0.009686425920585119,0.004130701606768747,0.0,0.0,0.01160042740840415,0.004517800656837888,0.0,0.0,0.0,0.0,0.0,0.0,0.0,0.003093630696471009,0.0045178006568378885,0.019575929754496277,0.0,0.0,0.011031237599736093,0.014967445730693583,0.0030310857215047372,0.0009048577773511697,0.0,0.013336792051312558,0.0,0.0,0.01652762216051023,0.0,0.0,0.0,0.0,0.0008145362539962688,0.0,0.03328281517441623,0.0,0.0,0.00840463026176159,0.0,0.020094793297510294,0.0015966324679916244,0.0,0.009965390076068831,0.0,0.0,0.02144692845358195,0.0,0.014434768572838935,0.002958971342878252,0.0,0.010454147676424401,0.018661223172893617,0.0,0.0,0.012793428154161937,0.0,0.0,0.0,0.0,0.015001494078937506,0.0,0.0,0.006707591714125139,0.0,0.03797156923661484,0.0,0.015562895703334384,0.0,0.015327382596021951,0.021250837776203964,0.0015093392768830234,0.0,0.0,0.013638878074510594,0.00356975467813935,0.0,0.02563286807771117,0.001322182472430875
LFQ intensity D9_6,0.003735049679742155,0.0018442113456776457,0.004719830545278405,9.925562483435367e-19,0.0020670715348866807,0.07232061563557814,0.034130052091799756,0.005542442587603862,0.001734544740852716,0.008429332488223756,0.0,0.0,0.009137345444862137,0.007506120218711286,0.014034770557783363,0.0,0.0,9.925562483435367e-19,0.0,0.001089629060685168,0.0,0.02018637747389135,0.0,0.0,0.0,0.002072166139431486,0.0,0.0,0.007092044488200976,0.03910119650271571,0.0029177925384328003,0.009830780039471099,0.008344185945091124,0.0,0.0,0.016045729973912536,0.002509918826038111,0.008600331097384853,0.0,0.001089629060685168,0.0,0.0,0.0,0.0009355579826892435,0.012476746930306546,0.0,0.004244198631602209,0.0,0.0,0.0,0.019743560109606834,0.0,0.0,0.0,0.004223256118903176,0.04924655533628466,0.0,0.0,0.009140188867142325,0.0,0.0,0.0,0.0,0.0031650456601385432,0.06898258989523685,0.0,0.08144265715198112,0.0,0.0,0.0,0.0,0.019682173758822252,0.0,0.018212838478480316,0.00513460759784345,0.0,0.0,0.0,0.0,0.0,0.0037814995903572668,0.0,0.0,0.0,0.003461213013053492,0.009852406872923667,0.0,0.0,0.005493858494370503,0.012075122277214792,0.008678364820256152,0.0,0.0,0.0,0.0,0.0,0.0,0.002540084117544222,0.012075122277214792,0.019364545003906837,0.0,9.925562483435367e-19,0.012069714085330481,0.013656078733161664,0.0030289187426473176,0.005224649163472603,6.871543257762947e-19,0.012927917994894173,0.0,0.0004156866857233045,0.014560623804457988,0.002020930587933874,0.0,0.0,0.0,0.0,0.0,0.042515493225124795,0.0,0.0,0.008099709600519076,0.0,0.023754282345602864,0.0,0.0,0.007197961194019907,0.0028901719177000236,0.0,0.0,0.0,0.0,0.0,0.0,0.01571117667350991,0.017309344922356293,0.0,0.0,0.009606342278893988,0.0,0.0,0.0,0.0,0.015269701451610558,0.0,0.0,0.0005805961957402525,0.0,0.0,0.0,0.01609567481768157,0.0,0.03911785100320656,0.0054746565470963175,0.013724747163665953,0.0,0.0,0.021645527793541904,0.0,0.003343312022715162,0.03242098828630658,0.003304581760267409
LFQ intensity D9_7,0.003770309375736977,0.0025490040233115646,0.0033770363294356033,0.0,0.0016421717905277652,0.0,0.05308980951655436,0.004940775528903405,0.008555234734540432,0.009571751294355361,0.0,0.0,0.002388635651001293,0.012464634359428408,0.002989588588481777,0.0,0.0,0.0,0.0,0.0013317740522446866,0.0,0.01951984919003165,1.2558470717292918e-18,0.0,0.0,0.0022372505934647145,0.0,0.0,0.00025568314939803223,0.0450220698006885,0.0,0.006427096929483995,0.007494604750881707,0.02709100524920208,0.0025238895563233026,0.013808927004695161,0.0019898892108760344,0.011176713290752007,0.0,0.0013317740522446866,0.0,0.0,0.0,0.005214614198730355,0.011748384280311504,0.0,0.002732376259040232,0.022813595315669788,0.0,0.0,0.012809889106131536,0.0,0.0,0.0,0.004736764040208757,0.05639487871174771,0.0,0.0,0.008469913660932648,0.0,0.0,0.0,0.0,0.004888637905246708,0.0586346105159991,0.0,0.08044673115410941,0.0,0.0,0.0,0.0,0.021852643857927914,0.002089207511752105,0.00762275523331489,0.023728103097341698,0.0,0.0,0.001081821760564577,0.0,0.0,0.0,0.0,0.0,0.0,0.008299965285077392,0.002535759611506668,0.0,0.0,0.021996144592405658,0.005075208764899443,0.0,0.0,0.0,0.0,0.0,0.0,0.0,0.0032844782655669317,0.00507520876489944,0.018380556488699643,0.0,0.0,0.010272736758169688,0.013765765909731806,0.0029873410832858835,0.0,0.0,0.012340268879308903,0.0,0.0007830216059301216,0.016489815777435746,0.0,0.0,5.355818394139627e-19,0.0,0.0,0.0,0.031924294845242965,0.0,0.0,0.006840465281404793,0.0,0.022201386681630245,0.0,0.0,0.0042113886104895035,0.0,0.0,0.00849308878080515,0.0,0.03814910937824457,0.0,0.0,0.01776452734211292,0.016551976752100253,0.0,0.0,0.011235013194870741,0.0,0.022235796152414514,0.0,0.0,0.0,0.0,0.0,0.006992084438576135,0.0,0.03765870047199398,0.0,0.014445500557593445,0.0,0.008606192999633961,0.014827976411183096,0.0,0.004312505020864822,0.0,0.011294356111329862,0.0,0.0005954594823438357,0.02916809066526196,0.0003914104033935765
LFQ intensity D9_8,0.00434913514835905,0.0024476096732201497,0.06373569308412683,0.0001969539173742344,0.002148453643634215,3.9482603323526997e-20,0.012923556827899649,0.001183095925510815,0.012815109904243538,0.006907780668151033,0.0,0.0,0.003018477662554389,0.00661214294980348,0.011603761037616286,0.0,0.0,3.9482603323526997e-20,0.0,0.0,0.0,0.03344004065756565,0.0,0.0,0.0009226897340672999,0.00037916649074239334,0.0,0.0,0.000679619363717407,0.031506509546825504,0.0,0.014503275427040762,0.004356639825733542,0.03086441485302299,0.004111100976329725,0.007510694514660464,0.0023211843070817524,0.006297932766544916,0.0,0.0,0.0,0.0,0.0,0.0002557253946311695,0.01501465228282587,0.0,0.005036187993140292,0.016963198980643114,0.0,0.0,0.019762953842487555,0.0,0.0,0.0,0.0,0.05438574310712746,0.0,0.0,0.010343409136135552,0.0,0.0,0.0,0.0,0.001160565012263647,0.0658665109797813,0.0,0.08469388448084277,0.0,0.0,0.0,0.0,0.01538944226433916,0.0,0.00964315776545837,0.019297968021533433,0.0,0.0,0.017796128638750623,0.0,0.0,0.0,0.0,0.0,0.0,0.008734314649544979,0.0005248160659940375,0.0,0.0,0.007627007604544081,0.005831454822895377,0.0,0.0,0.0,3.9482603323526997e-20,0.0,0.0,0.006956959972728684,0.004001362720335508,0.005831454822895373,0.020038240077415184,0.0,3.9482603323526997e-20,0.011883765861595102,0.015010567198892955,0.002980109103843763,1.539821529617553e-18,0.0,0.012267125626437182,0.0,0.00029052456706491376,0.015794119539037223,0.0,0.0,0.0,0.0,0.005241763693786588,0.0,0.033107687634781044,0.0,0.0,0.009731246934941509,0.0,0.025004657955365855,0.0,0.0,0.009132295083491417,7.702947897040876e-05,0.0,0.0,0.0,0.02263126890130959,0.0,0.0,0.021915852590063296,0.018410397666229483,0.0,0.0,0.011453882125379535,0.0,0.0,0.0,0.0,0.023437456117837294,0.0,0.0,0.006761703914152754,0.0,0.0,0.0,0.01798467492201113,0.0,0.0,0.022413493140245145,0.006747144894223859,0.0,0.002058108253198776,0.01227333212781243,0.0,0.0007030884531009045,0.02850582984499874,0.004192696829089533
LFQ intensity D9_9,0.003415699171051499,0.0025071825570472887,0.009498459699827674,4.650035942705907e-19,0.0016158365624413312,0.008345590032327746,0.013863481594127562,0.0045087585427540265,4.650035942705907e-19,0.006304971766225375,0.0,0.0,0.002489187435519804,0.004249126847474094,0.008673642971264169,0.0,0.0,4.650035942705907e-19,0.0,0.001025715644699339,0.0,0.014471176160626955,0.0,0.0,0.0013993487012702816,0.0055181762300781576,0.0,0.0,0.0,0.04747473600746588,0.0,0.009599417101693533,0.00815332638976001,0.03168625074514476,0.005485948014842607,0.016066268207717383,0.0012062958179797356,0.0006228844557663448,0.0,0.001025715644699339,0.0,0.0,0.0,0.0,0.01543890854382784,0.0,0.003721634296147853,0.02877526651535272,0.0,0.0,0.01394555716690303,0.0,0.0,0.0,0.0058671047258948604,0.060758424438671334,0.0,0.0,0.010016552124525124,0.0,0.0,0.0,0.0,0.0,0.07467517781110841,0.0,0.09122647750014228,0.0,0.0,0.0,0.0,0.016617720829650497,0.006276554981205248,0.0067093521766425435,0.026546442494599084,0.0,0.0,8.339124533096184e-07,0.0,0.0,0.0,0.0,0.0,0.0,0.008301395319447827,0.0,0.0,0.0,0.01798968114077983,0.005509439048040827,0.0034332537435348277,0.0,0.0022054249183395287,0.0,0.0,0.0,0.0,0.0027251617867843146,0.005509439048040825,0.02077403219518251,0.0,4.650035942705907e-19,0.011642293132408022,0.01644694108788797,0.00354303533616831,1.395010782811772e-18,0.0,0.01699146236424146,0.0,0.0,0.016409902460656878,0.0,0.0,3.2127521058695353e-18,0.0,0.001238220962227726,0.0,0.03449069476574238,0.0,0.0,0.0071855467250209176,0.0,0.022256183571152242,0.001961239440970611,0.0,0.007152920377474962,0.0,0.0,0.004167816986919695,0.0,0.020876989789428667,0.0,0.0,0.022601160108118166,0.018806752776861314,0.0,0.0,0.009132486151427286,0.0,0.0,0.0,0.0,0.016600681775862648,0.0,0.0,0.004006935504740389,0.0,0.04199227455846694,0.0,0.013909791464012222,0.0,0.003258230533707617,0.014034313223493517,0.008973356183627147,0.0006505872581953064,0.0,0.01519436792272119,0.0,0.0,0.026863605910714305,0.003381178608672655
