,ADF,ADL,AFD,AIB,AIZ,ASE,ASH,AVA,AVB,AVE,AVJ,AVM,AWB,AWC,Amphid sheath,Amphid socket,Anal muscle,Apoptotic germ cells,Arcade cells,BAG,Body wall muscle anterior,Body wall muscle middle,Body wall muscle posterior,CAN,Cephalic and inner labial socket,Cephalic sheath,Coelomocytes,DB_VB,DVB,Distal tip,Embryonic cells,Excretory cells,Excretory duct,Excretory gland,GLR,Glia_1,Glia_2,Glia_3,Glia_4,HSN,Hypodermis head,Hypodermis tail,I1,I2,I4,IL1,Intestinal-rectal valve,Intestine anterior,Intestine middle,Intestine posterior,M2,M3,M4,M5,Marginal cells,Mature sperm,Meiotic germ cells,Mitotic germ cells,NSM,OLL,OLQ,Oocytes,PDA,PDB,PHC,PLM_ALM,PLN,PVD_FLP,PVM,PVN,PVP,PVR,PVT,Phasmid sheath,Phasmid socket,RIA,RIC,RIF,RIH,RIM,RIV,RMD,RMD_LR,RME,RMF,Rectal gland,SAA,SAB,SIA,SIB,Seam cells (bus+),Seam cells (grd+),Seminal vesicle (male),Spermatheca bag distal,Spermatheca bag proximal,Spermatheca neck distal,Spermatheca neck proximal,Spermatheca-Uterine junction,Spermatids,Spermatocytes,Syncitial pachytene spermatocytes,URX_AQR_PQR,Unassigned sex-specific muscle,Unassigned sheath cells,Unassigned uterine cells,Uterine muscle,Uterine seam cells,Uterine toroid,Uterine-vulval cells,VC,VD_DD,Vulval cells,cat-4(+)ptps-1(+) intestine anterior,e1_e3 (pharyngeal epithelium),e2 (pharyngeal epithelium),g1A (pharyngeal gland),g1P (pharyngeal gland),g2 (pharyngeal gland),hmc,hyp4_to_hyp6,hyp7 (hypodermis),pm1_pm2 (pharyngeal muscle),pm3_pm4_pm5 (pharyngeal muscle),pm6_pm7 (pharyngeal muscle),sh2 (gonadal sheath distal),sh3_sh4 (gonadal sheath proximal),sh5 (gonadal sheath proximal),vm1 (vulval muscle),vm2 (vulval muscle)
LFQ intensity D1_1,0.0,0.00010554626478360095,0.09372550141507327,0.006077528623583787,0.003569699657494881,0.0,0.011053726438352075,0.0,0.026507862468399767,0.0,0.007110213869904911,0.004796360618725898,0.003569699657494881,0.009479403679635288,0.0,0.0,0.025006111570243725,0.008268529213436526,0.0,0.0,0.011858772721981924,0.0,0.013796654300031545,0.013434698643611583,0.002223804660164193,0.015878480743581124,0.0,0.0,0.0,0.014137020181853999,0.0,0.0,0.0,0.001188658653011147,0.01688412333129663,0.03615874099637747,0.0,0.0,0.0,0.02649100736567541,0.05517241674017324,0.0,0.0,0.007748139817288641,0.0,0.0,0.016010719794519963,0.0,0.013145293448083569,0.0486063181476236,0.0,0.0,0.0,0.0,0.00397254560400205,0.031726494752615395,0.01635265299847246,0.03260188645400419,0.0,0.0,0.0,0.0,0.0,0.0,0.0,0.00940752909937087,0.0,0.0,0.0,0.0,0.007998975394908694,0.0,0.007830989893640377,0.0,0.0,0.0,0.0,0.006077528623583779,2.880355280022432e-05,0.005985751953762507,0.0,0.0,0.0012627352650817782,0.0029243411438726117,0.0012627352650817778,0.011057849460027762,0.0,0.0,0.02772688783903038,0.0,0.02762919591204416,0.010245979684744375,0.010328744476899578,0.00749764347479469,0.023720788470356448,0.0,0.0,0.006419280827194681,0.0,0.0,0.018451464936678146,0.0,0.0,0.018397342926116958,0.00796984099583306,0.01034963011557256,0.012700016014015027,0.0,0.007508174462585283,0.007075293764645435,0.0,0.0,0.0,0.0,0.0,0.011028847637769495,0.0,0.0,0.0,0.004037672841065986,0.0,0.0,0.03988496042776055,0.008185497726276409,0.06237914226588645,0.0,0.004458076365888896,0.023132454453710965,0.020377211897503335
LFQ intensity D1_10,0.0,0.0006699004721826281,0.015251249686927077,0.014151091183810752,0.0035348929632041098,0.0,0.012196385195025425,0.0,0.03233298192720646,0.003369675221153715,0.007793463409719696,0.0,0.0035348929632041098,0.011063069607269365,0.0,0.0,0.02722306367403061,0.008459243042993577,0.0,0.0,0.0022105405022474663,0.0,0.01852015224443756,0.011071484623523722,0.0,0.020935839020809057,0.0,0.0,0.0,0.0056313752280955556,0.0,0.0007309274482425261,0.0006118677973573254,0.003932650232821106,0.0,0.03538807226038331,0.0,0.0,0.0,0.032111901979606776,0.047665202443749666,0.0,0.0,0.009379225394569259,0.0,0.0,0.014902145098787898,0.0,0.013577465483557425,0.05644390410120565,0.0,0.006272650931423369,0.0,0.0,0.0,0.032511977280489726,0.01345079014940906,0.026282290121650672,1.0229815827553582e-18,0.000746524632718258,0.000746524632718258,0.0,0.0,0.0,0.0,0.0,0.0,0.005610277622899369,0.0,0.0,0.009781426788729583,0.0,0.015824363008347865,0.0,0.023461182231965676,0.0,0.005126237948637758,0.01415109118381074,0.0008169521547856803,0.0,0.0,1.0229815827553582e-18,0.001923775526245951,0.00481325534944202,0.0019237755262459493,0.01112749237814729,0.0,0.0,0.0,0.0,0.027567776329293848,0.04111640449656672,0.015506032429967646,0.010750185415046807,0.025154817079127183,0.0,0.007363170346276328,0.0,0.0,0.0,0.021058531923380416,0.0,0.0,0.02356614656779864,0.012963867693096764,0.006056116420328878,0.014962101303208032,0.0012142215794415483,0.0,0.0,0.0,0.0,0.0,0.0,0.0,0.011665839850060764,0.0,0.0,0.0,0.0,0.0,0.0,0.03144933063441159,0.023320286682401686,0.06665980221365528,0.0,0.0,0.03321804691411887,0.039144071448030046
LFQ intensity D1_11,0.0,0.0027594014923501475,0.012960397083041843,0.006190109384017831,0.003532070322688631,0.0,0.011694541650063664,0.0,0.026886220068567734,0.0015617401371592328,0.008341828880137134,0.0,0.003532070322688631,0.010982037125401693,0.0,0.0006414429410442063,0.03132137919812506,0.006174835233555763,0.0,0.0,0.009206523854177726,0.0,0.009529617397494817,0.01344995030095797,0.009134799938098284,0.022515068793472683,0.0,0.0,0.0,0.0,0.0,0.0,0.0005624736770495722,0.0,0.0,0.03846589581426974,0.0,0.0,0.0,0.02445468540620267,0.04396192205621505,0.0,0.0,0.008918492075245922,0.0,0.0,0.024441731415002187,0.0,0.013244546700070378,0.06772638635647842,0.0,0.014536922970648885,0.0,0.0,0.0,0.03542437890292489,0.011907796068826273,0.022383534273500778,0.0,0.0007251530008411905,0.0007251530008411905,0.0,0.0,0.0,0.0,0.0,0.0,0.023780623480563222,0.0,0.0,0.010226444067378548,0.0,0.007728440776109752,0.0,0.0,0.0,0.0032868771457353037,0.006190109384017827,0.0018493061493947017,0.006096632633798991,0.0001450365857730066,0.0009925598653411384,0.0,0.008647889022770576,0.0,0.013616943256760564,0.0,0.0,0.0,0.0,0.030300639702548107,0.023320967926764438,0.011592077081885784,0.001197255352993617,0.024530075271056415,0.0,0.0014419521621310588,0.016284955630063002,0.0,0.0,0.016973625787034863,0.0,0.006678047335903016,0.026909622513455845,0.0130616900397,0.01768890839172746,0.020656661940023982,0.0,0.0,0.008062475779048174,0.0,0.0,0.0,0.0,0.0,0.012067269285474065,0.0,0.0,0.0,0.0004940415381057304,0.0,0.0,0.027044005714420217,0.03229355991236782,0.055914757784575594,0.0,0.0,0.03622546279517954,0.0368079798467375
LFQ intensity D1_2,0.0,0.0028821913372491905,0.08397085610408193,0.014067119943775238,0.004068255220010789,0.0,0.011196022962338851,0.0,0.027660161251799528,0.0010336113806322345,0.00705051065146236,0.0,0.004068255220010789,0.01093401988921521,0.0,0.0,0.028956954474508436,0.011192281893502113,0.0,0.0,0.015997361333770832,0.0,0.007776874390278407,0.013276940377425491,0.0,0.023355317057698263,0.0,0.0,0.0,0.005070517939448025,0.0,0.0,0.0005871920812108445,0.003687814226606811,0.019829197324701262,0.033083952095666454,0.0,0.0,0.0,0.027450139241045512,0.04312339314359086,0.0,0.0,0.009140227422556628,0.0,0.0,0.020461696936417497,0.0,0.012154814390791956,0.05462490339672509,0.0,0.00829743868143471,0.0,0.0,0.0,0.03967602451340491,0.014186830272869332,0.02607750580681107,0.0,0.0008767624173753909,0.0008767624173753909,0.0,0.0,0.0,0.0,0.0,0.0,0.02287106871271402,0.0,0.0,0.009977155054061777,0.0,0.015672901400579038,0.0,0.002167880288558571,0.0,0.0,0.01406711994377523,0.0015353182972109396,0.0,4.2097656542011146e-05,0.0,0.0019184758641742987,0.008782842748300402,0.001918475864174301,0.014791893835030488,0.0,0.0,0.0,0.0,0.025373522904455242,0.025935945603515743,0.015125745025652471,0.0,0.019841550373695387,0.0,0.0016813100284368248,0.0168477253030167,0.0,0.0,0.02230105558139411,0.0,0.00763530233737322,0.015497884632045957,0.01333455056705622,0.010267799829373616,0.01806408483235844,0.0002199462609732929,0.0,0.004682781080684175,0.0,0.0006731672269070051,0.0,0.0,0.0,0.011453858617010117,0.0,0.0,0.0,0.0,0.0,0.0,0.031303907944088244,0.01510551948034966,0.012752980989264659,0.0,0.0,0.024449854531978843,0.02701437138945748
LFQ intensity D1_3,0.0,0.0,0.08532190197145888,0.006441040045484258,0.002618255858704428,0.0,0.011942945113636383,0.0,0.012440207172901289,0.0013210107442355931,0.007285860813636633,0.0,0.002618255858704428,0.011127194327369777,0.0,0.0,0.026102006148705937,0.010978490596467693,0.0,0.0,0.020227368939861594,0.0,0.00500931331515903,0.013269941045212959,0.0,0.02575318401054099,0.0,0.0,0.0,0.012038213889557125,0.0,0.0,0.0006221947488608383,0.0,0.017703955395246905,0.03859031001172313,0.0,0.0,0.0,0.009709232084988365,0.043226524560513645,0.0,0.0,0.008853909689146984,0.0,0.0,0.01343395291691469,0.0,0.013950710225035301,0.05533100287061442,0.0,0.0,0.0,0.0,0.0,0.03522557851132379,0.012092112466165551,0.02858370463225315,0.0,0.000922083377504154,0.000922083377504154,0.0,0.0,0.0,0.0,0.0,0.0,0.017492574265267385,0.0,0.0,0.01021454360375822,0.0,0.008142713135619461,0.0,0.0008683843933382035,0.0,0.0038587866609592434,0.006441040045484254,0.0013189047731114846,0.006343773995059398,0.00037253110779273416,1.0402472098072125e-18,0.0018396395617841347,0.008463285238091634,0.0018396395617841332,0.013816269335726154,0.0,0.0,0.0,0.0,0.02642686072490354,0.02514460321446861,0.013705278776841051,0.0,0.0236226564052578,0.0,0.0,0.017563841444418814,0.0,0.0,0.02274838144011489,0.0,0.0,0.023637087262955398,0.012205777188755661,0.007766254551665401,0.017167970633035774,0.0002695919152381759,0.0,0.006673856636652308,0.0,0.0,0.0,0.0,0.0,0.011978912125578998,0.0,0.0,0.0,0.0,0.0,0.0,0.03778555676171722,0.011346661781250518,0.0731271822553386,0.0,0.0,0.029912138171507396,0.02424275831309109
LFQ intensity D1_4,0.0,0.0022574924844416164,0.05555395682456269,0.014024279764151366,0.003905764020823008,0.0,0.01208066464292346,0.0,0.01429505067158895,0.0019710170407611907,0.007599942837715623,0.0,0.003905764020823008,0.011386038526637545,0.0,0.0,0.028604552738372452,0.010174220015666433,0.0,0.0,0.0,0.0,0.021285920484435852,0.012282196861380735,9.019990076251532e-20,0.024331838333692728,0.0,0.0,0.0,0.0,0.0,0.0,0.0005934560023850099,0.0,0.0,0.03830614885093669,0.0,0.0,0.0,0.014091474097649256,0.0474160132806916,0.0,0.0,0.00924285641790822,0.0,0.0,0.013954200187285107,0.0,0.0,0.05096896025670269,0.0,0.007905590711842273,0.0,0.0,0.0,0.03305284676706151,0.014781838423042416,0.025583368633225363,0.0,0.0017119834091003604,0.0017119834091003604,0.0,0.0,0.0,0.0,0.0,0.0,0.0011178832418641906,0.0,0.0,0.009386101004018819,0.0,0.015647194918188116,0.0,0.02654649042747013,0.0,0.003919900699593401,0.014024279764151354,0.0024298118274563426,0.0,0.0016512140787586635,0.0,0.0017703700045863231,0.010385716245187176,0.0017703700045863236,0.012750956238584524,0.0,0.0,0.0,0.0,0.025081238246605433,0.03439452040154922,0.014806585099674714,0.0,0.016725008599694884,0.0,0.0031095429778817945,0.018837441169820814,0.0,0.0,0.024109343571154955,0.0,0.0,0.0210836297351847,0.010471884559205728,0.027657102136779372,0.016012632677324324,0.0,0.0,0.008577902667293087,0.0,0.0,0.0,0.0,0.0,0.01209952412230862,0.0,0.0,0.0,0.0,0.0,0.0,0.03548402497074157,0.02392129443086636,0.06935750408613259,0.0,0.0023850890440687074,0.02210951565428316,0.02939650768007716
LFQ intensity D1_5,0.0,0.004114745933021447,0.010520832993601733,0.011676261363428498,0.004685148744161484,0.0,0.012629293589443128,0.0,0.01155644649253851,0.0029216948231561525,0.00857086991427307,0.0,0.004685148744161484,0.010278172402876292,0.0,0.0,0.026472573056844643,0.010637529391277161,0.0,0.0,0.0012894438319529104,0.0,0.019536468400288214,0.01199546882638808,0.0011731705771847257,0.02085083628930566,0.0,0.0,0.0,0.009818892556673243,0.0,0.0,0.0,0.0,0.0,0.021436255640910208,0.0,0.0,0.0,0.011458282412124607,0.038718627308930484,0.0,0.0,0.009911075533798656,0.0,0.0,0.037413233901114666,0.0,0.015435962823241426,0.06338244595876327,0.0,0.015297326455327226,0.0,0.0,0.0,0.03758481517114358,0.01403377404216072,0.029125301666374222,0.001662659875287144,0.0024218514640427713,0.0024218514640427713,0.0,0.0,0.0,0.0,0.0,0.0,0.004217463611198902,0.0,0.0,0.008949889887018466,0.0,0.012978408852373037,0.0,0.03085501090937956,0.0,0.00441127585712992,0.01167626136342849,0.0031577080849790784,0.0,0.0035784634392560816,0.0018739973964938127,0.0028800997932610763,0.009818653033408993,0.002880099793261073,0.01503484888121266,0.0,0.0,0.006582622736644975,0.0,0.026206294565226013,0.030630729488168713,0.017432737708861026,0.0,0.019323275156213647,0.0,0.0005827374682477017,0.01924439953457264,0.0,0.0,0.03273535639138737,0.0,0.0,0.023989935869395698,0.014967291404291271,0.0033307438610920516,0.021213364415646946,0.0,0.0,0.007332324151148939,0.0,0.0,0.0,0.0,0.0,0.014280183991224627,0.0,0.0,0.0,0.0,0.0,0.0,0.024843039890050402,0.02536185000791776,0.04828413000981799,0.0,0.0,0.0345711764569451,0.03305916434290778
LFQ intensity D1_6,0.0,0.009508976951458106,0.004132081039525013,0.008415397267430293,0.006369974059167415,0.008822058987987639,0.015857119451101555,0.0,0.007631037720510861,0.0,0.012321273109886096,0.0,0.006369974059167415,0.013978176782245971,0.0,0.012840850999365416,0.024705361914872947,0.015473260029504766,0.0,0.0,0.0,0.0,0.0,0.014438130081977661,0.0,0.03368595251522311,0.0,0.0,0.0,0.01340522528786311,0.0,0.0,0.00029671240092431667,0.0,0.0,0.03073606381860102,0.018376481935245763,0.0,0.0,0.006723110767938994,0.0,0.0,0.0,0.013213593146129105,0.0,0.0,0.02314782221044951,0.0,0.0,0.06289931413471817,0.0,0.01203377070130262,0.0,0.0,0.0,0.04203594073574693,0.016661179199304762,0.03451178137044991,0.0,0.005342547522208805,0.005342547522208805,0.0,0.0,0.0,0.0,0.0,0.0,0.006824030066644529,0.0,0.0,0.012818330076297457,0.0,0.009226783893824602,0.0,0.0,0.0,0.00896730315816151,0.008415397267430286,0.009844854622026108,0.0,0.009888450954800001,0.0,0.005106359360997637,0.009022445173772228,0.005106359360997636,0.012493842157717993,0.0,0.0,0.0,0.0,0.025914310901303823,0.03266628903407385,0.02725479544237409,0.0,0.016587555067867316,0.0036794777963994373,0.0010138533165304291,0.026029496895001464,0.0,0.0,0.030831328655213798,0.0,0.0034475045060092732,0.028410797440590805,0.030021398681247334,0.00810651471630712,0.025802841121204397,0.0,0.0,0.0,0.0,0.0,0.0,0.0,0.0,0.011591181002587742,0.004452511108525956,0.0,0.0,0.0,0.0,0.0,0.025529479093673847,0.034301441066176275,0.02255541408160416,0.0,0.0,0.03730714520772652,0.027506793050396265
LFQ intensity D1_7,0.0,0.0,0.05777755560734721,0.014037802511890483,0.003382984584837548,0.0,0.01072779470035042,0.0,0.031319590666969765,0.0006638963742878723,0.006131498918688084,0.0,0.003382984584837548,0.009227701796830797,0.0,0.0,0.030222423482807362,0.0019909465124726706,0.0,0.0,0.01356947176599533,0.0,0.004499681065285316,0.013245039709010963,0.0,0.02269798513760488,0.0,0.0,0.0,0.006515230149557493,0.0,0.0,0.0032950447896897142,0.002609849534597424,0.019491114977318067,0.0379808387029213,0.0,0.0,0.0,0.031095684500942165,0.044208207618085506,0.0,0.0,0.007836464671121762,0.0,0.0,0.013599317032154466,0.0,0.013415129391782077,0.0557046226293173,0.0,0.009885701461887395,0.0,0.0,0.002583533909958209,0.02526523272164566,0.010863003033549616,0.023569966784654242,0.0,0.0013710074135569012,0.0013710074135569012,0.0,0.0,0.0,0.0,0.0,0.0,0.013526911183353172,0.0,0.0,0.00823535420545027,0.0,0.01574004229496052,0.0,0.0,0.0,0.005929320252493325,0.014037802511890468,6.149515245226041e-19,0.0,0.0,0.0,0.0014329351263770143,0.0,0.0014329351263770154,0.012621785369479235,0.0,0.0,0.0,0.0,0.0276130540149249,0.02533908613857466,0.02503895953363972,0.0,0.02398231809619649,0.0,0.0,0.018210047892416568,0.0,0.0,0.016338761848976643,0.0,0.0,0.023095271095970007,0.011484955411963068,0.015837286807506547,0.017980150652459656,0.007128318978947433,0.0,0.007819142671236562,0.0,0.0,0.0,0.0,0.0,0.01289880925855877,0.0,0.0,0.0,0.0,0.0,0.0,0.037159351433966675,0.002261358443009447,0.06999934491837784,0.0,0.0,0.025760878194505336,0.02555750438287618
LFQ intensity D1_8,0.0,0.0016070736848349035,0.05821889951837707,0.00650716169677708,0.004845747208470614,0.0,0.011753745160435545,0.0,0.035428773369908274,0.0025710369925836057,0.007403235183895746,0.0,0.004845747208470614,0.010609598379914782,0.0,0.0,0.025797426501169597,0.006059528643908097,0.0,0.0,0.01759855280533816,0.0,0.0023204343951304697,0.011928451555319361,0.0027306460973860456,0.0011382666478010552,0.0,0.0,0.0,0.008825297332084977,0.0,0.0,0.0072722725987217065,0.002407389618908476,0.0,0.020819857471980747,0.0,0.0,0.009321590662540055,0.024695152345151183,0.0431794366102646,0.0,0.0,0.009934145150489768,0.0002183997784708091,0.0,0.04213857992491922,0.0,0.013044648611323807,0.06677976949310462,0.0,0.0030864180752645776,0.0,0.0,0.0,0.020482641496132267,0.015601504093608366,0.02605331701144736,2.794175297721266e-19,0.0012042752440671479,0.0012042752440671479,0.0,0.0,0.0,0.0,0.0,0.0,0.004267024550123329,0.0,0.0,0.009043352612753037,0.0,0.008183122268443296,0.0,0.024466331608024954,0.0,0.005321275544941785,0.006507161696777077,3.1201624157887467e-18,0.006408897144274387,0.0,2.794175297721266e-19,0.0018112278018371222,0.005418148244077574,0.001811227801837123,0.009915788839786683,0.0,0.0,0.0,0.0,0.024988185072673978,0.029491167165253296,0.010131618354175455,0.0,0.01388623925214248,0.0,0.007394376962579003,0.016318117013101655,0.0,0.0,0.019710152062835405,0.0,0.0,0.02631211729813536,0.007074048176447351,0.005589724821646704,0.01143613729236292,0.005323187979371155,0.0,0.0,0.0,0.0,0.0,0.0,0.0,0.03295215192551399,0.0,0.0,0.0,0.0,0.0,0.0,0.035881391395413846,0.02271756889460697,0.060248026567543814,0.0,0.0,0.027590925444982865,0.03216801039606945
LFQ intensity D1_9,0.0,0.00037549543394750336,0.08130033921421458,0.012309884980576384,0.0032962901906892017,0.0,0.009468847101128663,0.0,0.04078320535985738,0.0020506554231648814,0.007703429265025878,0.0050105772273083505,0.0032962901906892017,0.009604622677741833,0.0,0.0022803797933260723,0.021345387622252642,0.005092468630911692,0.0,0.0,0.01958324362143435,0.0,0.005919179474682829,0.012270084443344775,0.0012095467446504983,0.0200912444412463,0.0,0.0,0.0,0.0,0.0,0.0,0.0005569173625577925,0.0,0.01377907493240627,0.04105934289636621,0.0,0.0,0.0,0.04057476063425174,0.04946161385993572,0.0,0.0,0.008880917427635028,0.0,0.0,0.014215318568321795,0.0,0.0,0.04818260001637026,0.0,0.0023308271450981845,0.0,0.0,0.007505310649721831,0.02958084256514978,0.013013955356160364,0.022281486578439293,0.0,0.00080083039086521,0.00080083039086521,0.0,0.0,0.0,0.0,0.009558577312580266,0.0,0.0,0.0,0.0,0.00791693185858193,0.0,0.013832895618632888,0.0,0.0,0.0,0.003017260040449564,0.01230988498057638,0.0005234466199257135,0.0,0.0006001911501427518,0.0,0.0009842850681324909,0.005037209035771883,0.0009842850681324883,0.011032277305289957,0.0,0.0,0.007843190556079991,0.0,0.022094118149377402,0.02769363577893146,0.010911390257505926,0.0,0.016177278144120427,0.0,0.004435735317249365,0.016410065400968534,0.0,0.0,0.020832945916318225,0.0,0.001113989960063395,0.01932970599519665,0.006942996021420464,0.01620711261250087,0.013102514449753426,0.00617256703277119,0.0,0.004055319663850332,0.0,0.0,0.0,0.0,0.0,0.0,0.04220440727140529,0.0,0.0,0.0,0.0,0.0,0.03279683312231311,0.008309476103769841,0.06657743125389248,0.0,0.0,0.027433778444641812,0.007542463879315911
LFQ intensity D10_1,0.010455185318926708,0.0,0.009532599882059832,0.008264987997480405,0.0,0.004471863501857379,0.020031586020824037,0.0,0.005806838706879382,0.0,0.0017950282134972715,0.0,0.0,0.007271445426529857,0.0,0.0,0.028854606312497255,0.0,0.0,0.0,0.04604997362207578,0.0,0.0,0.0032043949807768267,0.0,0.002235038906265933,0.00013160585954946462,0.0,0.0,0.0,0.0,0.0001022959340446274,0.017488616777929816,0.0,0.01175853716777313,0.04378298764067167,0.0,0.0,0.0,0.0,0.08121608905797986,0.015414094720639437,0.0,0.004287475347760948,0.0,0.0,0.0,0.0,0.019118107261324225,0.1021545431117865,0.0,0.020217163594337128,0.0,0.0,0.0071402183653316385,0.0009078868208178716,0.005602087950935923,0.016791267032445985,0.0,0.0,0.0,0.0,0.0,0.0,0.0,0.0,0.0,0.0,0.0,0.0,0.004271700718034059,0.0,0.0059769138443768865,0.0,0.0,0.0,0.010048796187907327,0.008264987997480395,0.0,0.008140178536019694,0.0,0.0,0.012063992294846277,0.0,0.012063992294846277,0.02283790155820212,0.0,0.0,0.012247803288205798,0.01015839468340483,0.0,0.0,0.0,0.0035520437653598675,0.05633674306458187,0.0,0.0,0.006893677918271646,0.0,0.0,0.029687687615493126,0.0,0.0,0.043736859607634605,0.021505550768264443,0.0,0.00352137851273251,0.03644661940667579,0.0,0.0,0.0,0.033505090634471116,0.0,0.0,0.006530826439712399,0.0,0.0,0.0,0.0016055686430138541,0.0,0.0,0.0,0.016384751502817693,0.010464848285015942,0.022902367928498223,0.006143885748007812,0.0,0.05368432122165926,0.046936592001467325
LFQ intensity D10_10,0.009882611136987603,0.0,0.003157736444437962,0.0073690467797260665,3.3502910785620262e-18,0.004120805705305035,0.015026500144084609,0.0,0.026066582370099584,2.8881819642776086e-19,0.0023105098871288353,0.0,3.3502910785620262e-18,0.007790835276990681,0.0,0.0023201745682216632,0.024350468139027772,0.0060855491686566164,0.0,0.0,0.045011473861746525,0.0,0.0,0.005626740569889,0.0,0.011006165808706595,0.0,0.0,0.0,0.0017202324218091813,0.0,0.00504967438373669,0.004233027649699859,0.0,0.01638378617511184,0.06022171565854807,0.0,0.0,0.0,0.012904098726340846,0.0626669212983733,0.014932414633221374,0.0,0.002775872297588725,0.0,0.0,0.0,0.005969624057623594,0.0,0.08079212243829055,0.0,0.02020012338707781,0.0,0.0,0.025879594436414164,0.013512968979383656,0.010262783688413305,0.0181274957103244,0.0,3.3502910785620262e-18,3.3502910785620262e-18,0.0,0.0,0.0,0.0,0.0,0.0,0.0,0.0,0.0,0.005300588807625479,0.0,0.005289920094734809,0.0,0.0,0.0,0.00691171463757556,0.007369046779726061,9.242182285688348e-19,0.007257766913338261,1.2130364249965957e-18,2.8881819642776086e-19,0.011590748677607152,0.0,0.011590748677607152,0.02009671882488884,0.0,0.0,0.0,0.0,0.009517288002741492,0.0,1.7906728178521172e-18,0.0,0.045427691650692596,0.0,0.0,0.015940896660682838,0.0,0.0,0.03380177112309825,0.0,0.0,0.04044773019981353,0.01757147610658671,0.0,0.0,0.03657824828403782,0.0,0.0,0.0,0.0,0.0,0.0,0.0,0.0,0.0441316839574167,0.0,0.0,0.0,0.0,0.0,0.016060483488381183,0.015033587803139641,0.011214620135964082,0.013795553660840336,0.0,0.058867523814152174,0.040446535896383466
LFQ intensity D10_2,0.0,0.0,0.0959609434084211,0.0065106659830033945,9.535803436883763e-20,0.002766949000817555,0.007700748172073249,0.0,0.017526788987972924,0.0,0.003692660073050412,0.0,9.535803436883763e-20,0.007858333289614525,0.0,0.0,0.024230965248841073,0.002965837368213657,0.0,0.0,0.03104648052457735,0.0,0.0,0.004654416246884959,0.0019116301802637728,0.0,0.0,0.0,0.0,0.0,0.0,0.002332808906125043,0.0,0.0,0.010544267563572452,0.05111082384135236,0.0,0.0,0.0001673708410782213,0.0067017934498563685,0.024231540731270013,0.006517670309322773,0.0,0.004611364347097885,0.0,0.0,0.0,0.0,0.01016091554918263,0.0735920096293108,0.0,0.0093820604594674,0.0,0.0,0.010777053023196656,0.009407452618466221,0.0043421011092706924,0.025351657839776054,0.0,9.535803436883763e-20,9.535803436883763e-20,0.0,0.0,0.0,0.0,0.0022315221895961457,0.0,0.0,0.0,0.0,0.0036361442986885405,0.0,0.004794513458746874,0.0,0.0,0.0,0.005322896915295217,0.006510665983003385,0.0,0.006412348512326244,0.0,1.4303705155325644e-19,0.009180528772726505,0.0,0.009180528772726508,0.016412847566754915,0.0,0.0,0.03216581584157506,0.0,0.0,0.0,0.0,0.0,0.03739036425624739,0.001915663271750829,0.0,0.01980321540136404,0.0,0.0,0.03217192763111475,0.0,5.5538332384561914e-05,0.0361879019178858,0.014506696779954757,0.0,0.0,0.06984380641416968,0.02293971791161085,0.0,0.0,0.022303381525899592,0.0,0.0,0.01866028736726425,0.0,0.04734308608895941,0.0,0.0,0.0,0.0,0.0,0.01224565311439548,0.007384703108387745,0.00900216980147858,0.007679974199669387,0.0,0.04517803575493118,0.043482756109012796
LFQ intensity D10_3,0.008419255240699529,0.0,0.0,0.007101422271113067,0.0,0.004017936626193532,0.016895402500436724,0.0,6.991026765590658e-19,0.0,0.0023735420076018057,0.0,0.0,0.007711397656621822,0.0,0.0,0.028965624191573284,0.0024812837210542536,0.0,0.0,0.038047919572946114,0.0,0.0,0.005407869999688781,0.0,0.0038271473378462696,0.003923058495498641,0.0,0.0,0.0,0.0,0.005292142279230069,0.0,0.0,0.015149972103408316,0.04066163544240688,0.0,0.0,0.0,0.0,0.06121051734852634,0.0,0.0,0.0026071246782736024,0.0,0.0,0.0,0.0,0.020982863014289973,0.08683433963520712,0.0,0.019490589402586744,0.0,0.0,0.0,0.004428828666557874,0.006596451950550538,0.02144019082350323,0.0,0.0,0.0,0.0,0.0,0.0,0.0,0.0015739118112218498,0.0,0.0,0.0,0.0,0.0,0.0,0.005004488358499619,0.0,0.0,0.0,0.0105427199508238,0.007101422271113058,0.0,0.006994183798470038,0.0,0.0,0.012610298357799032,0.0,0.012610298357799036,0.01714687284815419,0.0,0.0,0.016871345532603024,0.02441437277360221,0.0,0.0,0.0,0.0005751756777124811,0.047870744413127914,0.0,0.0,0.013615950534962552,0.0,0.0,0.03838429572030632,0.0,0.0073088164830997565,0.0417561736949271,0.02878047007781975,0.0,0.011287586024787199,0.031543943778182634,0.0,0.005628719818494965,0.0,0.02584566744092482,0.0,0.0,0.01440612176660819,0.0,0.04831423188729255,0.0,0.0,0.0,0.0,0.0,0.02176540957317987,0.0,0.009409264420360896,0.016587582767868234,0.0,0.06415029047494474,0.04403312641949975
LFQ intensity D10_4,0.0029704059651139356,0.0,0.014575370119987538,0.00925428612304969,9.129496706800552e-19,0.0,0.010617359777288235,0.0,0.004307929988908058,0.0,0.004448834815482098,0.0,9.129496706800552e-19,0.01205859189696543,3.2605345381430546e-19,0.0,0.030546020742380366,0.0,0.0,0.0,0.04111572057991146,0.0,0.0,0.007195029968721094,0.009213695442696835,0.0,0.0,0.0,0.0,0.0,0.0,0.0,0.0,0.0,0.008879595004863608,0.038800994980044835,0.01530463801256761,0.0,0.006387583271295624,0.0,0.07213242494501061,0.003765353216358346,0.0,0.006159032241111081,0.0,0.0,0.004103838016528793,0.0,0.012677550966723156,0.04502253343882952,0.0,0.0,0.0,0.0,0.0176237664949339,0.014762737610996128,0.010036432059701932,0.028842926297378158,0.0,9.129496706800552e-19,9.129496706800552e-19,0.0,0.0,0.0,0.0,0.0018478444791015245,0.0,0.0,0.0,0.0,0.0018502895562665161,0.0,0.006907093707109583,0.0,0.0,0.0,3.2605345381430546e-19,0.009254286123049685,3.2605345381430546e-19,0.009114537285232467,2.2823741767001384e-18,0.0,0.0067959063114004965,0.0,0.006795906311400492,0.020455845363006205,0.0,4.303905590348832e-18,0.004261300756852981,0.012969231699794881,0.0,0.0,0.0,0.0,0.05494598104168829,0.0,0.0,0.01896583527116798,0.0,0.0,0.04652867167097243,0.0,0.0,0.05036295286894136,0.022452406989395744,0.0,0.0,0.03668889755154979,0.0,0.0,0.0,0.022404408765909968,0.0,0.0,0.023949621880153423,0.0,0.06545618303330103,0.0,0.0,0.0,0.0,0.0,0.025700137524278594,0.02150454204038538,6.49164810283564e-05,0.009534063803399204,0.0,0.05118799175813741,0.039198495749628026
LFQ intensity D10_5,0.00992168595609229,0.0,0.005118105190506572,0.006875800812718134,1.799187643234883e-18,0.0043359210572240375,0.013189499884832213,0.0,0.002401384883534388,6.350074034946646e-19,0.0028714371753030266,0.0,1.799187643234883e-18,0.00846443287676475,0.0,0.0,0.024446602983458084,0.0,0.0,0.0,0.04021852210208365,0.0,0.0,0.005603681556214581,1.2700148069893291e-18,0.002433389435500618,0.004352002749810583,0.0,0.0,0.0,0.0,0.0,0.011514230982757341,0.0,0.01318218186080182,0.02450569907407822,0.0,0.0,0.0,0.0,0.07471563303335518,0.0,0.0,0.0027218545759677038,0.0,0.0,0.0017171850177574415,0.0,0.008738741680969456,0.09618434518441868,0.0,0.018632442836675256,0.0,0.0,0.003952397464519659,0.0017882849886735118,0.01224186291901449,0.024648251640579166,0.0,1.799187643234883e-18,1.799187643234883e-18,0.0,0.0,0.0,0.0,0.0,0.0,0.0,0.0,0.0,0.0034807463892421917,0.0,0.00497110984481173,0.0,0.03734970355419464,0.0,0.005430771619935985,0.006875800812718126,0.0,0.006771969446380017,2.1166913449822152e-19,6.350074034946646e-19,0.010958660243047915,0.0,0.010958660243047908,0.019309129550146378,0.0,0.0,0.018027588208134642,0.013593677456041906,0.0,0.0,0.0,0.0,0.0486252275561341,0.0,0.0,0.014511562390222277,0.0,0.0,0.037020018415691414,0.0,7.119168743086294e-05,0.041798749689842284,0.024633167890764304,0.0,0.004694343722981357,0.023970020328954303,0.0,0.0024010126169258144,0.0,0.010908731591584205,0.0,0.0,0.033740551859412875,0.0,0.043812440630143605,0.0,0.0026338231493539094,0.0,0.0,0.0,0.013730681755580697,0.012347365146745755,0.007441607937333381,0.012583483326469982,0.0,0.0558808138642688,0.04669181114884758
LFQ intensity D10_6,0.006950805587105391,0.0,0.10989160843307313,0.002781700948075616,0.0010581225245992914,0.0,0.009781999803133497,0.0,0.0017654863976330145,0.0,0.004099730263887111,0.0,0.0010581225245992914,0.009648920269739984,0.0,0.0,0.027771503924335108,0.0,0.0,0.0,0.03358475951963731,0.0,0.0,0.004693766915270185,0.006962441840730653,0.011549529044237929,0.0,0.0,0.0,0.0,0.0,0.0,0.0,0.0,0.013059841397397343,0.05965466250253873,0.0,0.0,0.0,0.0017587320568175806,0.04208773145712273,0.0032631240081798917,0.0,0.005191743542125631,0.0,0.0,0.01114781402149682,0.0,0.016836049683650607,0.04879224731949433,0.0,0.0,0.0,0.0,0.019197932441610662,0.00015566014305757375,0.016105052862088517,0.025224736390567097,0.0,0.0,0.0,0.0,0.0,0.0,0.0,0.004265593652871388,0.0,0.0,0.0,0.0,0.00497520732345294,0.0,0.002781644885422272,0.0,0.0,0.0,0.0,0.0027817009480756143,0.0,0.02663582607266539,0.0,0.0,0.007240235732060544,0.0,0.007240235732060539,0.018961491930910915,0.0,0.0,0.0017463766917795594,0.011778727658087965,0.0,0.0,0.0,0.0,0.040235410750897496,0.0021297729630434933,0.0,0.025895453751288038,0.0,0.0,0.03200506894782099,0.0,0.0,0.02793210700425193,0.012494896131213691,0.0,0.0,0.03556768717882192,0.0,0.0020031947963839217,0.0,0.017615152572705683,0.0,0.0,0.023867297967635134,0.0,0.05216194263125918,0.0,0.0,0.0,0.0,0.0,0.020775828867314182,0.01760850732380444,0.02808149671464144,0.0,0.0,0.03064826352296771,0.04849705242635855
LFQ intensity D10_7,0.009580616174912725,0.0,0.007374041160405043,0.007347439295467451,2.305580409170715e-18,0.004148883469777711,0.01574873918141925,0.0,0.009257874112886446,0.0,0.0034551041302144153,0.0,2.305580409170715e-18,0.007164217765520185,0.0,0.0,0.032705871421179054,0.0,0.0,0.0,0.034188142235613256,0.0,0.0,0.0035858658543370127,0.0,0.003359962366604525,0.003076039067724619,0.0,0.0,0.0,0.0,0.0,0.0,0.0,0.009050933463568257,0.03312825356318699,0.002910729846566257,0.0,0.0,0.0,0.06543233116576763,0.0,0.0,0.003086790820232562,0.0,0.0,0.0,0.0,0.021340768621771526,0.09162502226586984,0.0,0.020132260194522147,0.0,0.0,0.0,0.0,0.0070434988970658405,0.021186259131272835,0.0,0.0,0.0,0.0,0.0,0.0,0.0,0.003070081065384413,0.0,0.0,0.0,0.0,7.094093566679123e-19,0.0,0.005219588009802945,0.0,0.0,0.0,0.010841891527634637,0.007347439295467441,0.0,0.007236485723379725,0.0,0.0,0.01192051503573873,0.0,0.011920515035738731,0.014629581847443871,0.0,0.0,0.008670211948519933,0.018863618301518705,0.0,0.008149945987139178,0.0,2.9069186015649314e-05,0.05500836904045466,0.0,0.0,0.014354635044352259,0.0,0.0,0.02923507526339162,0.0,0.011112764746032589,0.04318202740777687,0.03216519480370813,0.0,0.012670831006323394,0.028725391903306204,0.0,1.182348927779854e-19,0.0,0.0017440784069333022,0.0,0.0008993488147139313,0.03740407053240858,0.0,0.04641915346878377,0.0,0.00106230401635444,0.0,0.0,0.0,0.008757476328806319,0.018265705616265414,0.010694524097141972,0.009573386534369585,0.0,0.061104224445107325,0.05379285135409994
LFQ intensity D10_8,0.005046225114862589,0.0,0.100301621216682,0.0,0.0,0.004249928416848969,0.013717806330543765,0.0,0.0,0.0,0.002080788867257575,0.0,0.0,0.006728096918847372,0.0,0.0,0.02344215168766892,0.00717668191612845,0.0,0.0,0.03739384675144805,0.0,0.0,0.004992575927372196,0.0,0.0017706629773746737,0.00406032140841811,0.0,0.0,0.0,0.0,0.002634919921723968,0.0,0.0,0.01287494370152997,0.03962925286120584,0.0,0.0,0.0,0.0,0.06380386577910982,0.0,0.0,0.0006535601603923718,0.0,0.0,0.0,0.0,0.021797395397363507,0.08109751556200916,0.0,0.01738615410306782,0.0,0.0,0.005372756265643193,0.00290072509230895,0.012202527560378134,0.02197728040422267,0.0,0.0,0.0,0.0,0.0,0.0,0.0,0.0017558558778271107,0.0,0.0,0.0,0.0,0.0,0.0,0.0,0.0,0.0,0.0,0.00804539379031464,0.0,0.0,0.0,1.717383460530548e-18,0.0,0.011126286738632071,0.0,0.011126286738632068,0.013164484145529998,0.0,0.0,0.01499958352690784,0.025671181521939274,0.0,0.0,0.0,0.0,0.04112781688264312,0.0,0.0,0.014255626923136058,0.0,0.0,0.03457330178546605,0.0,0.0,0.038291429912733606,0.01694418575229357,0.0,0.005363947662172191,0.029075815799009093,0.0,0.0,0.0,0.02416335409807606,0.0,0.0,0.026363096240204654,0.0,0.043891048347162835,0.0,0.002097864800527909,0.0,0.0,0.0,0.012644602564270004,0.011689406449615398,0.010376489909060278,0.013861086957269706,0.0,0.05485359621788335,0.04124665301628528
LFQ intensity D10_9,0.009820627122207173,0.0,0.009171614287438698,0.00720191170176799,0.0,0.0040939211748394575,0.01837770441682651,0.0,0.003067141445411474,2.895206997436616e-18,0.0018363717774726824,0.0,0.0,0.006557036622430949,0.0,0.0,0.03240548578432745,0.0,0.0,0.0,0.0333729193263717,0.0,0.0,0.004046566926057144,1.1580827989746465e-19,0.0,0.0006948027496185835,0.0,0.0,0.0,0.0,0.0,0.0,0.0,0.015171076548905182,0.03913396358285039,0.0,0.0,0.0,0.0,0.08087746068705151,0.0,0.0,0.003330808392236648,0.0,0.0,0.0,0.0,0.020568131806142625,0.10333049522709273,0.0,0.018503742305849866,0.0,0.0,0.005509618854643124,0.004709976088224407,0.005960792119812886,0.018823708417264027,0.0,0.0,0.0,0.0,0.0,0.0,0.0,0.0005168463408230349,0.0,0.0,0.0,0.0,0.0008625171786389612,0.0,0.007201766553785985,0.0,0.0,0.0,0.008786979993144225,0.007201911701767986,1.5055076386670404e-18,0.007093155739719493,1.2738910788721111e-18,2.895206997436616e-18,0.011610976180894187,0.0,0.011610976180894192,0.019053227551099297,0.0,0.0,0.00649477043347145,0.016863692456363214,0.0,0.0,8.106579592822525e-19,0.0,0.04377539824950069,0.003508043520323043,0.0,0.0154157620025755,0.0,0.0,0.03413002713451656,0.0,0.01907906701592005,0.04220797529205533,0.016395542588447626,0.0,0.004014585721420062,0.03456329975770498,0.0,0.0,0.0,0.0116779173023583,0.0,0.0,0.01985741470880099,0.0,0.05180811487968207,0.0,0.0003771012082404539,0.0,0.0,0.0,0.006815962233005004,0.01630730748448395,0.011123903876152695,0.011863619252376516,0.0,0.0615555363780785,0.05166072371891256
LFQ intensity D2_1,0.0,0.0,0.09935602872597614,0.014154687390326437,0.002173983842774788,0.0,0.008961906189010823,0.0,0.047748013524579656,0.0,0.0036513759203338383,0.0,0.002173983842774788,0.009081824503090771,0.0,0.0,0.031106693149699653,0.009267967914063709,0.0,0.0,0.013517007021200527,0.0,0.001994425363505047,0.012125661487990106,0.0,0.014256315906967345,0.0,0.0,0.0,0.005520965651599239,0.0,0.0,0.0,0.0005172194450699688,0.011593583515365834,0.0659912007332167,0.0,0.0,0.0,0.04771765280900705,0.05226614534276507,0.0,0.0,0.007412423130216478,0.0,0.0,0.0158030245448961,0.0,0.006669295289118077,0.0793103061993809,0.0,0.0,0.0,0.0,0.003311312646364354,0.014152574119127135,0.005968587840652436,0.025288817602784723,1.3636145779886384e-18,0.0,0.0,0.0033014481038753283,0.0,0.0,0.0,0.0005954590232755873,0.0,0.0,0.0,0.0,0.0062491551084436405,0.0,0.014154402115472253,0.0,0.0,0.0,0.0027501922112520977,0.014154687390326432,1.755022466115007e-18,0.0,2.2726909633143975e-19,1.3636145779886384e-18,0.002990528803255616,0.0,0.002990528803255616,0.012771269174043174,0.0,0.0,0.017864933500515916,0.0,0.020590526412718687,0.03643305191804428,0.00829341865315031,0.0006460703560687352,0.02924695425720241,0.0,0.0001918151968572423,0.007846035254560981,0.0,0.0,0.009699837261318954,0.0,0.007196517886994613,0.0287547088130565,0.008873309740404864,0.006645373024981476,0.007292984192808199,0.0256590278860183,0.0,0.0,0.0,0.00017853403043961597,0.0,0.0,0.0,0.0034245644157250487,0.0,0.0,0.0,0.0,0.0,0.0,0.03114626369842323,0.014777022363980062,0.010041295426430223,0.004384537185405359,0.0,0.023546475724706594,0.02621608841513114
LFQ intensity D2_2,0.0,0.0,0.017954615828199058,0.014037604893475001,0.002915828763946616,0.0,0.010868024622117212,0.0,0.03554352835573914,0.0,0.00493274932163753,0.0,0.002915828763946616,0.009354349240803032,0.0,0.0,0.033691813576655884,0.011222514553518349,0.0,0.0,0.019388366656966256,0.0,0.0069847682240301865,0.012404374365297406,0.0,0.018262545541707188,0.0,0.0,0.0,0.009282627394783385,0.0,0.0,0.0,0.0,0.018707116232717695,0.07057393063413701,0.0,0.0,0.0,0.032436120375372475,0.05956311771042198,0.0,0.0,0.006525590114283008,0.0,0.0,0.0017781097721944715,0.0030071532220536557,0.01368150093966481,0.05863664131682671,0.0,0.018417112166150603,0.0,0.0,0.00575714667607438,0.01954080777835039,0.009688331338322049,0.022119930098620087,0.0,0.000589740393349533,0.000589740393349533,0.002700361409336454,0.0,0.0,0.0,0.0,0.0,0.010378736979139998,0.0,0.0,0.009221865304091095,0.0,0.015878476769642564,0.0,0.0,0.0,0.002447252032190062,0.014037604893474992,0.0,0.0,0.0,0.0,0.003982418532104943,0.0,0.003982418532104941,0.016381306989918232,0.0,0.0,0.0,0.0,0.02165289601832531,0.04082002104417591,0.028595331757746714,0.005194564534846578,0.027507437269755287,0.0,0.0,0.006163992111921602,0.0,0.0,0.01795311536138762,0.0,0.004880376189066098,0.022158488469726824,0.014259053215099961,0.0,0.0024496248299454627,0.020755989823961134,0.0,0.00852671887348073,0.0,0.004576064331332525,0.0,0.0,0.0,0.008449237972064634,0.0,0.0,0.0,0.0,0.0,0.0,0.016974423717143913,0.020705821727366812,0.0151365243745471,0.008439851314485656,0.0,0.030967725637864676,0.043450670719040886
LFQ intensity D2_3,0.0,0.0,0.02102006248321935,0.017063473095396842,0.0029070604394542663,0.0,0.01248418888468413,0.0,0.013692927064439418,0.0,0.00527362154493918,0.0,0.0029070604394542663,0.012152617255383696,0.0,0.0,0.04057021910115691,0.010535786538908753,0.0,0.0,0.009627563235835282,0.0,0.0,0.01369707160793378,0.0,0.019194907931162176,0.0,0.0,0.0,0.007821299176396162,0.0,0.003596186274860188,0.0007828906548623618,0.0011717149131810756,0.017195828982004877,0.08857419883426802,0.0,0.0,0.0,1.6658913673425716e-18,0.061411536227684554,0.0043182456089022395,0.0,0.007606642671389713,0.0,0.0,0.008009167656804792,0.0,0.0,0.06783325259263033,0.0,0.0,0.0,0.0,0.0,0.01953118076028954,0.01297424259084433,0.024225079201493995,0.0,0.0018629705778535589,0.0018629705778535589,0.0,0.0,0.0,0.0,0.0,0.0,0.0,0.0,0.0,0.010829837100804584,0.0,0.019204461298755804,0.0,0.0,0.0,0.0006777548109575296,0.017063473095396825,2.0823642091782145e-18,0.0,0.0,0.0,0.004595011698747498,0.0,0.004595011698747498,0.020895935343648454,0.0,0.0038283129715807104,0.020326282425909413,0.0,0.024992666947185157,0.04072387331788851,0.01267167014521291,0.0016160697752380408,0.03214544354630447,0.0,0.0,0.00741853420442518,0.0,0.0,0.01915299613347128,0.0,0.013775402490916196,0.024412898384111,0.014161074204259062,0.0,0.0,0.02139907511600572,0.0,0.009418060082728583,0.0,0.0,0.0,0.0,0.0,0.007754848698250097,0.0,0.0,0.0018507727072667125,0.0,0.0,0.0,0.032756853724810485,0.011197838355069968,0.02922180304125775,0.0,0.0,0.036042207457639176,0.047367864300123984
LFQ intensity D2_4,0.0,0.0,0.017490956299980313,0.013947575422986276,0.0028535189680409033,0.0,0.010557254841604392,0.0,0.03987784257503604,0.0,0.005513697187025555,0.0,0.0028535189680409033,0.008765027258579465,0.0,0.0,0.031704357124941025,0.008272944083611955,0.0,0.0,0.02723864645043838,0.0,0.0,0.01094363514483596,0.0,0.01874111682657927,0.0,0.0,0.0,0.009241296266830606,0.0,0.0,0.0,0.0,0.0,0.07497656840739053,0.0,0.0,0.0,0.025603775308523247,0.0520142653549139,0.021978062830691182,0.0,0.0064021732178804365,0.0,0.0,0.001472532776555419,0.004070578340194693,0.013307186984275127,0.055015967778330496,0.0,0.007065884109502975,0.0,0.0,0.0025247582712235677,0.00595531975843313,0.009985643182786892,0.02510487657771689,0.0,0.0012313366755196651,0.0012313366755196651,0.0,0.0,0.0,0.0,0.0,0.0,0.0015532868730093914,0.0,0.0,0.010554086933658417,0.0,0.015741738129850642,0.0,0.0,0.0,0.003608148441245685,0.013947575422986273,1.7450285065606884e-18,0.0,0.0,0.0,0.0051757065950821775,0.0,0.005175706595082179,0.015025369990505657,0.0,0.0,0.0014190023149848342,0.0,0.02350711522326977,0.025388200407743103,0.00882173900316498,0.0,0.043069650780356614,0.009890064224501276,0.0,0.01870069672084497,0.0,0.0,0.014704467239377465,0.0,0.003684977391146486,0.02216198654235915,0.015742584744689137,0.0,0.010571091191241673,0.011971030936390112,0.0,0.008591627271939182,0.0,0.0005577797912833227,0.0,0.0,0.0,0.0,0.05047620630418006,0.0,0.0,0.0,0.0,0.0,0.0278733380957891,0.019348831425393218,0.015091138317185292,0.010248196513450481,0.0,0.03534410925727892,0.03611289365402138
LFQ intensity D2_5,0.0,0.00037468093264727724,0.06762485763672918,0.015543778794189386,0.002842438704486951,0.0,0.011045599421576843,0.0,0.025117644863703752,0.0,0.005036771776808049,0.0,0.002842438704486951,0.010935787608732964,0.0,0.0,0.0323958884916077,0.010895437274283335,0.0,0.0,0.014983184681669204,0.0,0.01757825160004102,0.012444907459351466,0.001995918466889969,0.014463830875014953,0.0,0.0,0.0,0.010185416102751322,0.0,0.0,0.0030305867840574865,0.001428241071687713,0.01847056394862045,0.0759767642171034,0.0,0.0,0.0,0.012176571506087532,0.05014323663636145,0.01232102435479671,0.0,0.009288587763748288,0.0,0.0,0.005675469605230408,0.0,0.01160029675212718,0.07116473346976435,0.0,0.0,0.0,0.0,0.00015252320409867124,0.019444503109457202,0.010756017652672855,0.02342379008699136,0.0,0.00037639878420085644,0.00037639878420085644,0.0023833564133681753,0.0,0.0,0.0,0.0,0.0,0.0,0.0,0.0,0.007599321113304909,0.0,0.017562969694095428,0.0,0.0,0.0,0.0041861099915642555,0.015543778794189372,0.0,0.0,7.715286735206774e-19,0.0,0.0035917066221760993,0.0,0.0035917066221760976,0.015868844066636766,0.0,0.0,0.014206590795902444,0.0,0.02623741393408662,0.021632977283869044,0.006632838562475813,0.0005970262025706899,0.02866190017822018,0.0,6.0171013575033096e-05,0.011661922721945899,0.0,0.0,0.017257715340661877,0.0,0.003210927915160253,0.020781655306393743,0.013177438584238059,0.0008484525213119418,0.0001986430423778464,0.0165502210809773,0.0,0.006700359593856409,0.0,0.011160769823129952,0.0,0.0,0.0,0.0035967781473372636,0.0,0.0,0.0,0.0,0.0,0.0,0.04097729479832906,0.017951091919810286,0.018366066422085298,0.01058835758800501,0.0016918435797391921,0.0304327642175038,0.02437844498274877
LFQ intensity D2_6,0.0,0.0,0.056786905205630345,0.013422512542323307,0.0027904385610301842,0.0,0.01072737643445077,0.0,0.03528399899657481,0.000634180418418499,0.0037081795573251043,0.0,0.0027904385610301842,0.010065417186236365,0.0,0.0005855442081230387,0.03400251696565376,0.005134959614007402,0.0,0.0,0.010738335016607045,0.0,0.011885392029791124,0.01141892580115017,8.592794822016861e-19,0.0,0.0,0.0,0.0,0.0010962057375863898,0.0,0.0,2.8543611863394906e-06,0.0014407393298367084,0.015359634129118232,0.07207954259192201,0.0,0.0,0.010967079210106213,0.024281790849293865,0.043976881535143675,0.0,0.0,0.007251853201077705,0.0,0.0,0.004288294584783101,0.0,0.0,0.05747492788986783,0.0,0.0011786234067386158,0.0,0.0,0.0018918742197745495,0.02248533197756058,0.00914188581552389,0.021009946106948493,0.0,0.00074329187909558,0.00074329187909558,0.0,0.0,0.0,0.0,0.0,0.0,0.008929964535154168,0.0,0.0,0.009641629892978948,0.0,0.015140377155813574,0.0,0.0,0.0,0.0071031963837817095,0.013422512542323298,0.0,0.0,0.0,0.0,0.002178759999351588,0.0,0.0021787599993515865,0.015267027757243735,0.0,0.0,0.0,0.0,0.020229360655522128,0.029164134389824556,0.0072092812665181995,0.0,0.023039655489264618,0.0,0.005794185059115529,0.01367057219361793,0.0,0.0,0.01669441115885613,0.0,0.007892456932603166,0.029616365589187517,0.006246205284813078,0.002079116718259309,0.0,0.0290990383417814,0.0,0.008135893755374095,0.0,0.0,0.0,0.0,0.0,0.0,0.047724181601703095,0.0,0.0,0.0,0.0,0.0,0.02559944586526484,0.016796141505030435,0.05789376881751045,0.0,0.0,0.030118139250226855,0.04374624805651651
LFQ intensity D2_7,0.0,0.0,0.09988364914327469,0.014606471207438042,0.0017663529423123932,0.0,0.010457986039943239,0.0,0.022274962604685193,1.4684811465798308e-18,0.0026550102856705434,0.0,0.0017663529423123932,0.009579600036959235,3.0382368549927533e-19,0.0,0.030543813938113624,0.008250631348917507,0.0,0.0,0.011515752872633,0.0,0.006833000366641795,0.011778621954587228,0.0,0.02034590030562953,0.0,0.0,0.0,0.0056941424349646495,0.0,0.0,0.0,0.003959703146063671,0.015075654979143953,0.07157259637700437,0.0,0.0,0.0,0.007675952150128568,0.057616556623901014,0.0,0.0,0.006815416548958778,0.0,0.0,0.003676065223631938,0.0,0.011912128189034525,0.060746753451844375,0.0,0.011205423675868693,0.0,0.0,0.003812138434391142,0.014170971239063527,0.00908597444317859,0.018280884799198184,0.0,0.0002575915861840973,0.0002575915861840973,0.0,0.0,0.0,0.0,0.0,0.0,0.0,0.0,0.0,0.009383413072854466,0.0,0.016428669364855163,1.4684811465798308e-18,0.0,0.0,0.002922750135114644,0.014606471207438028,3.0382368549927533e-19,0.0,0.0,1.4684811465798308e-18,0.0034221915202541256,0.0,0.003422191520254121,0.016328639744893066,0.0,0.0,0.012706219694914927,0.0,0.01744877427373879,0.04152208370953556,0.01443002829226363,0.0,0.029461276445952568,0.0,0.0034943292535624957,0.008086873709288908,0.0,0.0,0.014834057931091256,0.0,0.0067361232649617315,0.019448190373140883,0.008252108998789906,0.0031985597852169797,0.0,0.025406493281741493,0.0,0.0,0.0,0.0,0.0,0.0,0.0,0.0,0.04815082651412362,0.0,0.0,0.0,0.0,0.0,0.03231781786512322,0.015787731977417428,0.016195056296093663,0.0032414926923088265,0.0,0.031327481709885446,0.027366496487322475
LFQ intensity D2_8,0.0,0.0,0.10088626422653908,0.005908614406431912,0.002415156101066584,0.0,0.010795211018990395,0.0,0.05403353044543168,0.0,0.00365674476813646,0.0,0.002415156101066584,0.009650562432012316,0.0,0.0,0.031100709908824117,0.00883555120436886,0.0,0.0,0.01193309004592777,0.0,0.011121242926698454,0.011391647943943957,0.0010782086241750437,0.019359541674073267,0.0,0.0,0.0,0.016207110180436145,0.0,0.0,0.0,0.0,0.015431983283436377,0.07573396835313533,0.0,0.0,0.0,0.04197972960724549,0.0461852532973927,0.010953591792436126,0.0,0.006637479382459681,0.0,0.0,0.0035375194167274523,0.0,0.011623989080424973,0.0644515488034547,0.0,0.00400713542698733,0.0,0.0,0.001366331543935312,0.01642444491200269,0.007997789861293934,0.01786251796610819,0.0,0.0008509397175885828,0.0008509397175885828,0.0031055874816448776,0.0,0.0,0.0,0.0006235826477689213,0.0,0.0,0.0,0.0,0.008593475733396149,0.0,0.00778275064058547,0.0,0.0,0.0,0.0029251564472351516,0.005908614406431904,0.0,0.0058193885077045815,0.0,0.0,0.0038004184184165786,0.0,0.003800418418416577,0.017278101520177048,0.0,0.0,0.011948525953476466,0.0,0.021039691100834517,0.02113238883082488,0.006498372905646789,0.002587991374667064,0.028681037161212133,0.0,0.0,0.007328059636854692,0.0,0.0,0.010598617960923807,0.0,0.008339519537430241,0.018711455599143993,0.007470029039445542,0.0029532114421792137,0.0,0.02747682783152137,0.0,0.0,0.0,0.0017697612940968971,0.0,0.0,0.0,0.005660835743219953,0.0,0.0,0.0,0.0,0.0,0.0,0.03388773124347548,0.019630441841009198,0.020413574152994704,0.004323472395672475,0.0,0.02706023579597383,0.026167220767279512
LFQ intensity D2_9,0.0,0.0,0.06247559692212254,0.01473004070028326,0.0027361487537578737,0.0,0.010807462214652128,0.0,0.04104689536602739,0.00015107577748080443,0.0037030577693182094,0.0,0.0027361487537578737,0.009894838369386573,0.0,0.0,0.035356763283624644,0.008730386345941267,0.0,0.0,0.024657369276495228,0.0,0.0,0.012399368139722984,2.0732398859820195e-18,0.015052028749858917,0.0,0.0,0.0,0.0059600900428547834,0.0,5.700751131313791e-05,0.0006820277208283437,0.00024742752278956944,0.016322755033388165,0.08234486677334095,0.0,0.0,0.0031366717776499854,0.02709119609616413,0.045071184691222704,0.016774168266841243,0.0,0.00811468005626825,0.0,0.0,0.00521030347066403,0.0,0.004486356515515591,0.06369676953096903,0.0,0.005697709011441772,0.0,0.0,0.00013319948439025433,0.011765697458431137,0.007608644625104457,0.02226935914139714,3.628169800468534e-19,0.00025039834421491995,0.00025039834421491995,0.007036774622808518,0.0,0.0,0.0,0.0,0.0,0.0021827523445147497,0.0,0.0,0.007614776856247974,0.0,0.016595199553428933,0.0,0.0,0.0,0.005238830216149647,0.014730040700283253,1.3994369230378631e-18,0.0,6.219719657946059e-19,3.628169800468534e-19,0.0042648029788386254,0.0,0.004264802978838621,0.016135000194044114,0.0,0.0,0.0014861094971643112,0.0,0.020542293193464296,0.03255799206069286,0.006045764495667355,0.003849222211637198,0.035693616927134346,0.0,0.002120969500711209,0.004629671760116249,0.0,0.0,0.018630212716160756,0.0,0.012138201687425883,0.02101013966770693,0.010451285532066893,0.0036786212147328287,0.009501976878800058,0.029085045746294523,0.0,0.002551716850208513,0.0,0.0,0.0,0.0,0.0,0.007865854950558892,0.0,0.0,0.0,0.0,0.0,0.0,0.017699674321432535,0.020521120815309185,0.014796117816395912,0.009964463812440693,0.0,0.029527157646323885,0.03594169841096605
LFQ intensity D3_1,0.0,0.0,0.05019618161035122,0.006119917179945155,0.0020920159212561287,0.0019083050122094597,0.008514505579643795,0.0,0.023700563060716974,6.656422360281643e-19,0.002761141336177517,0.0,0.0020920159212561287,0.010003231607678879,0.0,0.0,0.036784205969276104,0.009611768185237079,0.0,0.0,0.022619942452809204,0.0,0.0,0.010818913789457573,0.0,0.017368767514840948,0.0,0.0,0.0,0.0020299435952476066,0.0,0.0,0.000648813032801469,0.0,0.011607773076781068,0.06685421860620064,0.0,0.0,0.000913304974963668,0.02368549298762112,0.05662165645247033,0.0,0.0,0.006785006030612536,0.0,0.0,0.019389896014645608,0.0,0.015079353186499415,0.08562853117405314,0.0,0.013082174219169814,0.0,0.0,0.008743744929049117,0.012958303394303709,0.0034100340324486607,0.025981765236269428,6.656422360281643e-19,0.00021120802828197358,0.00021120802828197358,0.0072343646936681985,0.0,0.0,0.0,0.0024712599560858706,0.0,0.0,0.0,0.0,0.00875751791036033,0.0,0.0061197938385789356,0.0,0.0,0.0,0.004280520814968594,0.006119917179945153,2.4653416149191274e-18,0.0060275004011614485,0.0,6.656422360281643e-19,0.004866596970552839,0.0,0.00486659697055284,0.01738962694259184,0.0,0.0,0.024505227763775922,0.0,0.0,0.03995545545820847,0.00629471501512541,0.0029948693215265955,0.03323822545496941,0.0,0.00217663342397921,0.003934734939742917,0.0,0.0,0.0015021495198451506,0.0,0.010730092556874444,0.02574566800704397,0.006760303817934622,0.011055748973889114,0.003008049724336824,0.02263900885787115,0.0,0.0,0.0,0.0,0.0,0.0,0.0,0.0,0.04625400079827304,0.0,0.0,0.0,0.0,0.0,0.01991107437929945,0.012314811124598923,0.019535827570199036,0.004417843991546715,0.0,0.024394021064351838,0.05206394041758435
LFQ intensity D3_10,0.0,0.0,0.10118131083297502,0.014599933473635085,0.0016159449412667826,0.00040371813549858264,0.007917217530309521,0.0,0.01644475327249574,0.0,0.00438791750660225,0.0,0.0016159449412667826,0.00973965624004637,0.0,0.0,0.033005420314301884,0.00921083983457997,0.0,0.0,0.019561975410191928,0.0,0.0,0.009957365895301792,0.0,0.01611399191734567,0.0,0.0,0.0,0.007273111815186837,0.0,0.0,0.0063540941070845056,0.0,0.017212852593842694,0.05931804766412938,0.0,0.0,0.0,0.01643429682750643,0.061823638391616906,0.030116949468517486,0.0,0.005911767183163446,0.0,0.0,2.9261440520625643e-05,0.0,0.01397090439870417,0.07143065918937228,0.0,0.009793690839633553,0.0,0.0,0.009211913459372617,0.0063036591108602685,0.005931166359965311,0.018463157529366822,0.0,0.00016021678915262118,0.00016021678915262118,0.006406175267065962,0.0,0.0,0.0,0.0012137327066003235,0.0,0.0,0.0,0.0,0.006722253884146339,0.0,0.014599639225250928,0.0,0.0,0.0,0.004880626289068545,0.01459993347363508,0.0,0.0,0.0,0.0,0.005872262830031952,0.0,0.005872262830031951,0.01594569175529101,0.0,0.0,0.03167101465170892,0.0,0.003383940738368939,0.0,0.009056860785665291,0.0,0.031064541912432284,0.0,0.0004667035910398394,0.015069007591497825,0.0,0.0,0.01387314917310186,0.0,0.0,0.025175601896179352,0.011257145354032544,0.012382799123783738,0.0,0.018797501248596495,0.0,0.006053242036057102,0.0,0.02091380421523923,0.0,0.0,0.0,0.004842771055324885,0.0,0.0,0.0,0.0,0.0,0.0,0.031177154862977376,0.014110605340569005,0.022362799352739198,0.0019619625591659937,0.0,0.025873955571256713,0.03873726647617545
LFQ intensity D3_11,0.0,0.0,0.10716502309136612,0.0021486431729349988,0.001915449798624433,0.0,0.008808987333153639,0.0,0.017901271173325108,0.0,0.0025525307826097313,0.0,0.001915449798624433,0.010179847883231447,0.0,0.0,0.025415332634187247,0.009391378224684742,0.0,0.0,0.018260256805640432,0.0,0.004178275341265781,0.011591555076659609,0.0,0.01510521301344962,0.0,0.0,0.0,0.002819933016656861,0.0,0.0,0.002036368880199622,0.003199515895674816,0.006922372174870754,0.07153725790529929,0.0,0.0,0.0,0.017889888597122185,0.0580172353870115,0.02232073291573884,0.0,0.005899000600299072,0.0,0.0,0.0,0.0,0.00993331833223609,0.07718568599678734,0.0,0.016440361501981804,0.0,0.0,0.00973783499192931,0.0040894525449493,0.00558246842652702,0.022025236668901466,0.0,0.000695908394457645,0.000695908394457645,0.0,0.0,0.0,0.0,0.0021432837122062095,0.0,0.0,0.0,0.0,0.008247764813978724,0.0,0.0021485998689855057,0.0,0.0,0.0,0.003363736601238278,0.002148643172934998,5.491260332871988e-19,0.02041339778896514,0.0,0.0,0.00556608729247655,0.0,0.005566087292476553,0.018534676256796508,0.0,0.0,0.03398866349887135,0.0,0.00926980704060909,0.014745803888275778,0.007617979203297364,0.0,0.03357033740888903,0.0,0.0010026381568860718,0.005547663951488743,0.0,0.0,0.01315036367662342,0.0,0.0,0.02598814001276474,0.008610885033391124,0.014878176177856733,0.0,0.02641169624649161,0.0,0.0,0.0,0.018077354129718753,0.0,0.0,0.0,0.003541745508546755,0.0,0.0,0.0024895438639139754,0.0,0.0,0.0,0.03330093641910864,0.0069688417271106555,0.017986998988013713,0.006179354527595602,0.0,0.029818102695896444,0.04516499628973407
LFQ intensity D3_2,0.0,0.0,0.0975987667445559,0.01457832755042089,0.002871997946699956,0.0020706431918484825,0.00987699501113433,0.0,0.016579307935743456,2.0743325628995471e-19,0.002672165040713326,0.0,0.002871997946699956,0.009004104766311074,0.0,0.000561342350028451,0.06255364161692266,0.008758209742642213,0.0,0.0,0.007419856238312481,0.0,0.0,0.012937361000652708,0.0,0.008953281127989704,0.0,0.0,0.0,0.024187850383211466,0.0,0.0,0.005082935945734599,0.0010565782611062853,0.026362607367971292,0.055960693526274384,0.0,0.0,0.0008106741804936692,0.0019781054710725355,0.05203081831219442,0.0,0.0,0.006320883092235807,0.0,0.0,0.0022799157156449664,0.008565777473611695,0.015095638044664277,0.0657072098071031,0.0,0.01572790998031301,0.0,0.0,0.015336895083358093,0.01450893413416538,0.0052742437600226295,0.022190083408260838,0.0,0.001835557218043375,0.001835557218043375,0.0,0.0,0.0,0.0,0.0,0.0,0.005475347425816783,0.0,0.0,0.009296069505766844,0.0,0.016444472627903755,0.0,0.0,0.0,0.0036394707319244886,0.01457832755042087,0.0,0.0,0.0,2.0743325628995471e-19,0.007224217566580145,0.0,0.007224217566580139,0.0170468438223448,0.0,0.005919384504637284,0.017442522638185964,0.0,0.009572778087099837,0.0,0.006150400153156074,0.0018628924731098658,0.03416325762608176,0.0,0.0,0.01821198630028612,0.0,0.0,0.010075917949011772,0.0,0.0,0.023888643494053133,0.004979603298302629,0.0,0.0,0.026623631435301533,0.0,0.0,0.0,0.0,0.0,0.0,0.0,0.0,0.013264583762305585,0.0,0.0,0.012390707518893884,0.0,0.0,0.022802951287651002,0.02211985427855338,0.023028481103297006,0.01039536278509668,0.0,0.0312062520504091,0.023514955863028687
LFQ intensity D3_3,0.0,0.0,0.06318126476629679,0.015485246816290505,0.0018298842302050576,0.002193858343077291,0.009264980167970142,0.0,0.03566082416739254,9.91652218362319e-19,0.0031364670701955694,0.0,0.0018298842302050576,0.010483948755668967,0.0,0.000533997638179612,0.035357021284036026,0.009025603824718903,0.0,0.0,0.015345885902055807,0.0,0.0,0.011367987658571941,1.5008790331970234e-18,0.015802975475809045,0.0,0.0,0.0,0.01018511922758774,0.0,0.0,0.0007053426124916976,0.00039006191686120835,0.014273891593414311,0.06345267281530317,0.0,0.0,0.0,0.035638149126909976,0.058211783725603164,0.0022629357388070717,0.0,0.006051371483363183,0.0,0.0,0.0,0.0,0.010724533481966215,0.07497188317173742,0.0,0.006928898663375668,0.0,0.0,0.009505567211845117,0.013304157793300651,0.004425606231985397,0.02466736042667994,9.91652218362319e-19,0.00032047556504628664,0.00032047556504628664,0.0,0.0,0.0,0.0,0.0,0.0,0.0,0.0,0.0,0.007324167636104145,0.0,0.0154849347252209,0.0,0.0,0.0,0.005569936778953956,0.015485246816290495,0.0,0.0,0.0,9.91652218362319e-19,0.006230030301481703,0.0,0.006230030301481702,0.01805857415588164,0.0,0.0,0.005326988894027197,0.0,0.0008536433144944744,0.012481841431157636,0.0053236550470586366,0.002441958549652543,0.03117907123087257,0.0,0.0,0.009009111749725204,0.0,0.0,0.008608064762882749,0.0,0.0,0.025985589826859275,0.0076712634657639285,0.015040965141572637,0.0,0.030168025467104672,0.0,0.0,0.0,0.008937897423966888,0.0,0.0,0.0,0.0,0.050518939309273564,0.0,0.0,0.0,0.0,0.0,0.031795897326407335,0.01592673340396147,0.01912142238685691,0.006057428826334743,0.0,0.027653379886565545,0.04467508515804962
LFQ intensity D3_4,0.0,0.0,0.10031777008835073,0.014746511013602092,0.0018991464247210203,0.0019918686951007976,0.008359696905503162,0.0,0.04623039335962011,1.3083058307894379e-18,0.003186722519210988,0.0,0.0018991464247210203,0.011048548767777668,0.0,0.0,0.03450313658339852,0.009138052118937586,0.0,0.0,0.01708731510042333,0.0,0.009113178953059261,0.009829677482387233,0.0,0.014935819732366415,0.0,0.0,0.0,0.008256068957947884,0.0,0.0,0.0006751209099194131,0.0013252334845382282,0.009343906870118313,0.04433433617883732,0.0,0.0,0.0,0.04310462517281441,0.08651819422727416,0.0,0.0,0.006114755429163979,0.0,0.0,0.0,0.0,0.015122347122699538,0.07158899936842653,0.0,0.009835396317834475,0.0,0.0,0.0,0.005460109996243885,0.004129219590272044,0.024072870019597046,0.0,0.0002856963553398498,0.0002856963553398498,0.004037357034792271,0.0,0.0,0.0,0.0027916150911946125,0.0,0.0,0.0,0.0,0.006913952148340732,0.0,0.014746213811080893,0.0,0.0,0.0,0.006294297003161399,0.014746511013602085,3.976223603379664e-19,0.0,9.363365259571467e-19,1.3083058307894379e-18,0.005117739473954036,0.0,0.0051177394739540345,0.016454243328380313,0.0,0.0,0.016139991055632102,0.0,0.0,0.0012323909818211937,0.004777586045166272,0.0,0.035669332293360535,0.0,0.0011438027959886495,0.00894298171344099,0.0,0.0,0.0146907917688065,0.0,0.0,0.022910009053229218,0.011905321533124921,0.014026396219978433,0.0010369196962142966,0.028732710674323342,0.0,0.0054545984834025035,0.0,0.012270158558945757,0.0,0.0,0.0,0.002759362590005097,0.0,0.0,0.0016547284659051752,0.0,0.0,0.0,0.02774857748805848,0.004734788490211265,0.020250897149682496,0.007018028502826691,0.0,0.018154732288847113,0.04778666524702173
LFQ intensity D3_5,0.0,0.0,0.06641301538071549,0.006712213865003157,0.0023576124265728563,0.0,0.00838290952582721,0.0,0.04938254053326291,0.0,0.004991816128346248,0.0,0.0023576124265728563,0.010517964466195988,1.8115239522210417e-18,0.0,0.02386419944884195,0.011529601741491266,0.0,0.0,0.012535287724181422,0.0,0.0002726236316756004,0.011917514347347079,0.0,0.017356387558910613,0.0,0.0,0.0,0.006333838646152654,0.0,0.0,0.007158510082568099,0.0,0.004853401312455165,0.06362879633068709,0.0,0.0,0.00012110988453078028,0.049351140498859136,0.060921174386537144,0.00877941777104623,0.0,0.005656283876623626,0.0,0.0,0.0,0.0,0.018362036128599848,0.07558740528424082,0.0,0.014724076411613492,0.0,0.0,0.01003886190357854,0.001349501076048793,0.0039390724713398596,0.025206989504290036,0.0,0.0006963719695376372,0.0006963719695376372,0.0,0.0,0.0,0.0,0.0013421987711166154,0.0,0.0,0.0,0.0,0.008646807048498536,0.0,0.006712078586435792,0.0,0.0,0.0,0.006861250983313329,0.006712213865003156,1.8115239522210417e-18,0.006610852822742045,0.0,0.0,0.006539290944781915,0.0,0.006539290944781915,0.018084929208822185,0.0,0.0,0.01634911170832773,0.0,0.0006303544493626733,0.01620814688475848,0.0055744722217977655,0.0,0.05106638076906554,0.0082488900797663,0.0,0.010226252302410206,0.0,0.0,0.014181979151830254,0.0,0.0,0.026502014502726993,0.01613400823016018,0.009479581840865994,0.002731106345610095,0.025083164264997945,0.0,0.0,0.0,0.0033497559905717395,0.0,0.0,0.0,0.004658723714975482,0.0,0.0,0.002342357220927359,0.0,0.0,0.0,0.03001883402310941,0.008076356182726991,0.020747228263389973,0.004727502234315934,0.0,0.024427793589017928,0.04519141414059823
LFQ intensity D3_6,0.0,0.0,0.020371462216994103,0.006822348923551365,0.0025070426406176246,0.0,0.01001600998217484,0.0,0.0457306727967178,0.0,0.0030239440598836963,0.0,0.0025070426406176246,0.011304671519069795,0.0,0.0,0.03486224585751707,0.009046117385363515,0.0,0.0,0.0011314334011805385,0.0,0.009034288883908401,0.013429227294781085,1.4244347884368498e-18,0.016209641558931533,0.0,0.0,0.0,0.008212806313757351,0.0,0.0008268286203859271,0.0018890855210505863,0.0,0.014268810569671754,0.028469523457445193,0.028128441148734033,0.0,0.0,0.045701594813211524,0.0549620294962172,0.0,0.0,0.005868446688264772,0.0,0.0,0.022645847144188616,0.0,0.018736568567523676,0.09154040664694653,0.0,0.019157313335996462,0.0,0.0,0.01456523252249707,0.006347496219625473,0.006803470335017339,0.023396883128651357,4.930735806127557e-19,8.550884618977318e-05,8.550884618977318e-05,0.0,0.0,0.0,0.0,0.0010486159187157724,0.0,0.0,0.0,0.0,0.008563141434865348,0.0,0.006822211425312041,0.0,0.0,0.0,0.00280526594112256,0.006822348923551364,1.5887926486411016e-18,0.006719324733400684,5.47859534014173e-19,4.930735806127557e-19,0.007930360558690204,0.0,0.007930360558690203,0.01954029611574675,0.0,0.0,0.014331141441787166,0.0,0.006670154147333026,0.007319730443633822,0.006152113174594842,0.007189560347343857,0.03588670149398829,0.0,0.0,0.013055555687025898,0.0,0.0,0.01547989261224995,0.0,0.011887333441342168,0.028581090873447356,0.004761505463425962,0.0,0.0007363561065289837,0.024790386786452,0.0,0.0,0.0,0.0,0.0,0.0,0.0,0.007566540613095087,0.0,0.0,0.0,0.012176389158922826,0.0,0.0,0.02966776128069493,0.026396234917531715,0.019710736613476505,0.007723998522123279,0.0,0.039288981438099994,0.03475795844393397
LFQ intensity D3_7,0.0,0.0,0.09493499921784188,0.013358605623803872,0.0016861220314405762,0.0,0.008228128566020324,0.0,0.023648903101192213,1.9368953527378936e-18,0.003861891117110456,0.0,0.0016861220314405762,0.009884722680713094,0.0,0.0,0.0343360744837763,0.010439587981321222,0.0,0.0,0.013786156666897599,0.0,0.013931842810312805,0.007951227421540419,0.0,0.013278832300053587,0.0,0.0,0.0,0.011487225272491172,0.0,0.0,0.003520065876913523,0.0,0.011525552737875311,0.07271938211291294,0.0,0.0,0.0,0.02363386587623436,0.056798773229496634,0.04057391632873948,0.0,0.006125825998653978,0.0,0.0,0.0,0.0,0.012336560488404702,0.06524163288891614,0.0,0.0012368546658578933,0.0,0.0,0.008586902731914313,0.007890959099733417,0.004378942544034416,0.021399619639240912,1.9368953527378936e-18,0.0002484300267690035,0.0002484300267690035,0.004150633066630376,0.0,0.0,0.0,0.0024103532894415485,0.0,0.0,0.0,0.0,0.007351049158258655,0.0,0.01335833639325385,0.0,0.0,0.0,0.005172547591670572,0.013358605623803865,9.200252925504994e-19,0.0,1.3558267469165257e-18,1.9368953527378936e-18,0.004985183854027065,0.0,0.004985183854027068,0.01582303414046773,0.0,0.0,0.02437323585741958,0.0,0.0047020264291677,0.0,0.00491179719773692,0.003780613331059119,0.032177118537461614,0.0,0.0,0.004151163326861791,0.0,0.0,0.006749535070398021,0.0,0.0,0.022123011924740497,0.007341346537331499,0.022715599035574314,6.348962019186689e-06,0.029546190238167385,0.0,0.006545748607826942,0.0,0.0345075989057035,0.0,0.0,0.0,0.004098640314903606,0.0,0.0,0.0,0.0,0.0,0.0,0.02753220608448686,0.00995957236817228,0.019721775718699888,0.004144028048857781,0.0,0.014236385184825718,0.046114975768582936
LFQ intensity D3_8,0.0,0.0,0.06489682652887795,0.00668815091246753,0.0020239224409907192,0.0024281767571016715,0.009567162332810767,0.0,0.027290084688355323,2.788723755829462e-19,0.0016406741299563145,0.0,0.0020239224409907192,0.010063806178638316,0.0,0.0007138617176678888,0.03501557243450574,0.009101802791460816,0.0,0.0,0.01671548340461479,0.0,0.00896196210714476,0.011344773187009731,0.0,0.01695222567021524,0.0,0.0,0.0,0.008960067749361963,0.0,0.0,0.008494770903973227,0.00140355656874446,0.012936923707644073,0.0673323839541491,0.0,0.0,0.0,0.02727273220731966,0.0666353986111311,0.016985152421258906,0.0,0.006525105181682364,0.0,0.0,0.0,0.002483610338466056,0.01826709611935487,0.07269978738490263,0.0,0.0024598460376779804,0.0,0.0,0.01386848451719783,0.014605805529052487,0.005338821717197883,0.025897995395328898,2.788723755829462e-19,0.0004322481477070491,0.0004322481477070491,0.0,0.0,0.0,0.0,0.002508031798712621,0.0,0.0,0.0,0.0,0.0090741749634006,0.0,0.00869540203783107,0.0,0.0,0.0,0.005715517456647079,0.006688150912467526,1.4780235905896148e-18,0.006587153244496621,1.3664746403564362e-18,2.788723755829462e-19,0.005600050088558829,0.0,0.005600050088558831,0.02041253037672378,0.0,0.0,0.028059100393270798,0.0,0.0005709425907271823,0.014915806079819674,0.021758208274277973,0.0,0.030937439761277316,0.0,0.0,0.005679170020026705,0.0,0.0,0.0014344827826143546,0.0,0.002647087207977353,0.027322374552101597,0.0063700431166295495,0.0052233144102214,0.0019747662878111145,0.024494126938377013,0.0,0.0,0.0,0.005037756048430309,0.0,0.0,0.0,0.005182318909716653,0.0,0.0,0.0,0.0,0.0,0.0,0.03054619714248084,0.014104120958162313,0.021936067418868256,0.006968679004617037,0.0,0.030414648124211175,0.04508184664831869
LFQ intensity D3_9,0.0,0.0,0.02172778369395575,0.015855670945570565,0.0023973712361576595,0.0,0.009074758440983755,0.0,0.04846835045259837,2.2532880998056354e-18,0.002283571626867579,0.0,0.0023973712361576595,0.010694441920959976,0.0,0.0,0.03788398210116213,0.010737084987988964,0.0,0.0,0.01747486833879483,0.0,0.007587076555035344,0.012477973574561594,1.0703118474076768e-18,0.01727575407233255,0.0,0.0,0.0,0.009196377962067518,0.0,0.0,0.007144599744264199,0.0,0.0190336288926813,0.05667696242060899,0.0,0.0,0.0001222187602709351,0.04843753170866032,0.06507327542814331,0.0084296617926709,0.0,0.007078611404988532,0.0,0.0,0.00017649502681910288,0.0,0.01907849946198177,0.08112638594946214,0.0,0.009266622265969866,0.0,0.0,0.006787796397992265,5.15220841584513e-06,0.004006613768934828,0.028271601928609953,2.2532880998056354e-18,0.0015933620339228349,0.0015933620339228349,0.0,0.0,0.0,0.0,0.0037942220219396275,0.0,0.0,0.0,0.0,0.008023996989728211,0.0,0.01585535138893944,0.0,0.0,0.0,0.004432981398382663,0.015855670945570555,9.576474424173951e-19,0.0,1.2956406573882403e-18,2.2532880998056354e-18,0.005809341039054089,0.0,0.005809341039054089,0.017231091956765542,0.0,0.0,0.01569543396988782,0.0,0.0,0.020001324732805463,0.004397324869034227,0.0036205595971177305,0.030848528814186343,0.0,0.0,0.008770855371564178,0.0007926625468022456,0.0,0.012190071674850792,0.0,0.0023258335839904318,0.027665687388272193,0.0009002098280139343,0.01068399914145939,0.0,0.026669740978293666,0.0,0.007740973443625843,0.0,0.0050263082543698994,0.0,0.0,0.0,0.004299320997361975,0.0,0.0,0.0,0.0,0.0,0.0,0.03309284379433097,0.01797414007751882,0.02557583043000699,0.0028918139423644664,0.0,0.029040805180906556,0.043548916230287615
LFQ intensity D4_1,0.0,0.0,0.09238151707138996,0.013103272477534005,0.0021626557749370562,0.0020649982211097206,0.007829079385131376,0.0,0.0238634608669688,5.670174863934815e-19,0.002338398247082394,0.0,0.0021626557749370562,0.009820340225979461,0.0,0.005058697257888974,0.03031023238128823,0.007589944671946365,0.0,0.0,0.015417659409727485,0.0,0.007763847385611128,0.010129710469424133,0.0013062415577243345,0.01123621069445913,0.0,0.0,0.0,0.004821264157890109,0.0,0.0037275061246719076,0.009592776535377599,0.0,0.014120747815989836,0.07863978530296957,0.0,0.0,0.0,0.021066331744999087,0.044597467797351124,0.012436691213848931,0.0,0.005030720152221436,0.0,0.0,0.013071712968829008,0.0,0.01835331980899317,0.08192807728506295,0.0,0.008802888739478348,0.0,0.0,0.02713168742468353,0.00023861755861548646,0.00757916118724593,0.01512145981800719,0.0,0.0006045283867713317,0.0006045283867713317,0.0,0.0,0.0,0.0,0.0,0.0,0.0,0.0,0.0,0.008183552718080881,0.0,0.01480364133726281,0.0,0.0,0.0,0.0027856939639635675,0.013103272477534,0.0,0.0,0.0,5.670174863934815e-19,0.006921411846911401,0.0,0.006921411846911397,0.018335851793680986,0.0,0.0,0.02459526967115277,0.0,0.0,0.009823040580685371,0.0015251388780624976,0.0,0.026551007638585793,0.0,0.0,0.018070414241765562,0.0,0.0,0.013367201383167186,0.0,0.0,0.02795942693605329,0.004688889767950982,0.0065463140000396915,0.0,0.02510262472880926,0.0,0.006239637868405862,0.0,0.013719629995622883,0.0,0.0,0.0,0.004485125064390022,0.0,0.0,0.0,0.0,0.0,0.0,0.02771316978329729,0.014953112918432527,0.018287586202241007,0.004770608198023631,0.0,0.02986277644890548,0.03867599542714641
LFQ intensity D4_10,0.0,0.0008206966521590948,8.413315745772842e-19,0.014828684827512371,0.001872088102033446,0.0023742151333135666,0.008832710727041653,0.0,0.029237803671033978,8.413315745772842e-19,0.0025394304601796223,0.0009780124683861236,0.001872088102033446,0.009451071198828423,0.0,0.0,0.04026801930560317,0.009396140827528116,0.0,0.0,0.031548413376776614,0.0,0.005414435685386881,0.011078553594726042,8.141918463651137e-19,0.015521262574273836,0.0,0.0,0.0,0.0,0.0,0.00361183990641512,0.01168005815125372,0.0012677174394780174,0.013259061054064053,0.04792720955815777,0.0,0.0,0.0,0.022558196227691476,0.06838619109542564,0.0,0.0,0.007579096245296612,0.0,0.0,0.0,0.005724063930416582,0.02029004346695463,0.07281189448004131,0.0,0.018695178907660294,0.0,0.0,0.017713926111415094,0.0,0.005810136600335732,0.02234450785911691,8.413315745772842e-19,0.0014858216004142524,0.0014858216004142524,0.0,0.0,0.0,0.0,0.006423140360220136,0.0,0.0,0.0,0.0,0.009254467835510564,0.0,0.016781964488192826,0.0,0.0,0.0,0.002296411549274388,0.014828684827512364,4.342356513947274e-19,0.0,7.0563293351643195e-19,8.413315745772842e-19,0.007381223636916463,0.0,0.007381223636916463,0.01955415720661902,0.0,0.0,0.030001490495710697,0.0,0.0,0.0,0.002040050039760452,0.0007740032473862395,0.02971521629668848,0.0,0.007722710559879819,0.0,0.018433201903334372,0.0,0.011679138495139409,0.0,0.0,0.03447375556795591,0.006227691535705486,0.013370865313032396,0.0,0.02197159160581903,0.0,0.0,0.0,0.031601653322209454,0.013275318601366328,0.0,0.0,0.0,0.0,0.0,0.0,0.0,0.0,0.0,0.017652347213175663,0.024669809854650348,0.01167854172589473,0.010609197916942127,0.0,0.042129822043263966,0.05940792977955495
LFQ intensity D4_11,0.0,0.0,0.0038182199258291025,0.01695470295981573,0.0026573449946483596,0.002776324321637419,0.009502403205982068,0.0,0.016674052107877622,0.0,0.002776418435138125,0.0,0.0026573449946483596,0.010558414029719552,0.0,0.0006513410513271778,0.036233209023201145,0.008769673865653865,0.0,0.0,0.020060433027123264,0.0,0.003244169131623295,0.013181377610178418,0.001216253360868667,0.009571020770266935,0.0,0.0,0.0,0.0047122851693989515,0.0,0.0027020584646730026,0.011155443669037889,0.0,0.007680556086114395,0.04915684840251918,0.018238554730039245,0.0,0.0,0.016663449862545896,0.05245969770478723,0.02020532545388334,0.0,0.005339061435037275,0.0,0.0005241796785412204,0.0,0.007093753861482402,0.019530383757194545,0.07915403950324036,0.0,0.011434826321708277,0.0,0.0,0.038052695117072724,0.0,0.006496054801951237,0.020041407854523997,0.0,0.00019357751978489767,0.00019357751978489767,0.0,0.0,0.0008889924337140288,0.0,0.0,0.0,0.0,0.0,0.0,0.009531758128620192,0.0,0.01695436125319365,0.0,0.0,0.0,0.0015588386788331326,0.016954702959815722,0.0,0.0,0.0,0.0,0.007504786563460158,0.0,0.007504786563460162,0.021470195270427327,0.0,0.0,0.03482218561472971,0.0,0.0,0.004368793685643626,0.0011459663765090468,4.721753071231011e-05,0.040722042908436604,0.0,0.0,0.016412846198755854,0.0037427857113446475,0.0,0.0067742844567800446,0.0,0.0,0.03200238429449857,0.01087365383671167,0.006836845684776365,0.0,0.023571039388580725,0.0,0.0,0.0,0.00032235851529939925,0.0,0.0,0.0,0.0,0.0534019483983473,0.0,0.0,0.0,0.0,0.0,0.03310986771256991,0.006704719248959216,0.021368874250154477,0.009751731424836154,0.0,0.03326453830040754,0.04605701488156241
LFQ intensity D4_12,0.0,0.0,0.10391115166324821,0.006805671988357884,0.0011984209767580026,0.0024926846221997507,0.008012168943695988,0.0,0.026737637647128398,9.098339369575286e-19,0.002722240273123879,0.0,0.0011984209767580026,0.01090896543782751,0.0,0.0009600203872583191,0.029531947333948688,0.008936989126397534,0.0,0.0,0.01656359901607231,0.0,0.024061586559542505,0.010800850584190036,0.00027470260036941037,0.010522055594396684,0.0020216275523571785,0.0,0.0,0.0006178881619328987,0.0,0.0,0.007897903000866943,0.0,0.0038467558380338514,0.045401222390274616,0.019305745072499093,0.0,0.0,0.026720636441177288,0.04972437984559277,0.0033976281721867533,0.0,0.005454199768590659,0.0,6.957553635557572e-19,0.0,0.006214472169783959,0.018752521253733414,0.07700209567898426,0.0,0.015770798111071925,0.0,0.0,0.03117511105308222,0.0,0.0050466105288425964,0.02339925777971989,9.098339369575286e-19,0.0004795561873811025,0.0004795561873811025,0.0,0.0,0.0,0.0,0.00037297748681357716,0.0,0.0,0.0,0.0,0.00901475663592959,0.0,0.006805534826227022,0.0,0.0,0.0,0.003892564776258287,0.006805671988357878,6.957553635557572e-19,0.006702899636358802,0.0,9.098339369575286e-19,0.007090632077305033,0.0,0.007090632077305033,0.020122215081087788,0.0,2.1407857340177145e-18,0.026448228229226385,0.0,0.0,0.010543307675412249,0.0002588276042568203,0.00048111441820682696,0.029010598561336243,0.0,0.0012197964490745436,0.01026177297142309,0.0034469413196202545,0.0,0.0105428844622626,0.0,0.006459687254882424,0.029676467117783413,0.010355353014500863,0.01427824295148432,0.0,0.022940306880804562,0.0,0.0,0.0,0.0,0.0,0.0,0.0,0.0005027694155472219,0.0,0.0,0.0054734753005184515,0.007104088916431633,0.0,0.0,0.016886251662734608,0.007186195569014688,0.02430033697284945,0.0024479661425845962,0.0,0.0276361504532919,0.05629427314634435
LFQ intensity D4_2,0.0,0.0,0.1029258206593893,0.015187501337461162,0.0016072889309374431,0.0023953769848976273,0.0086873802395576,0.0,0.026742322680237286,0.0,0.0018701405223577614,0.0,0.0016072889309374431,0.009609738512234596,0.0,8.839781966548283e-05,0.038923968485385714,0.006827781037873693,0.0,0.0,0.014038763635993629,0.0,0.007533062213312959,0.010600223153066333,0.0009022800533130329,0.010826184572758673,0.0,0.0,0.0,0.00661595833111591,0.0,0.0,0.008460295290062996,0.0,0.013593955055109238,0.05282762894929007,0.0,0.0,0.0,0.026725318495294022,0.08956918484855682,0.0,0.0,0.005453355763720054,0.0,0.0,0.0,0.0,0.002920443439557892,0.07926813809153473,0.0,0.014585802312383631,0.0,0.0,0.020316883815930917,0.0,0.00720928806561989,0.014926416325757433,0.0,0.0008091294046565667,0.0008091294046565667,0.0,0.0,0.0,0.0,0.0020807757623711397,0.0,0.0,0.0,0.0,0.008291512415859757,0.0,0.015187195247180959,0.0,0.0,0.0,0.0014688786860670472,0.015187501337461148,1.0141088927091604e-18,0.0,0.0,0.0,0.005792204195067551,0.0,0.0057922041950675485,0.018386671019117253,0.0,0.0,0.027050263457053646,0.0,0.0,0.008090485833446312,0.000850137509632893,0.0,0.030413213296428678,0.0,0.004042020099819033,0.010732513040864663,0.0,0.0,0.009768813218563724,0.0,0.0011339757862978087,0.027096877886693217,0.003583132691189138,0.015306361747008149,0.0,0.024297923993706127,0.0,0.0,0.0,0.010399772165164328,0.0,0.0,0.0,0.0010231558057935957,0.0,0.0,0.0,0.0,0.0,0.0,0.02523948656139999,0.016540582817205784,0.017007667050685335,0.007335434928502395,0.0,0.030038247580602685,0.05339854430912373
LFQ intensity D4_3,0.0,0.0,0.00030014041959851225,0.005978210495161777,0.0014814335137166353,0.0024604754527731264,0.007865632749456349,0.0,0.026407074560587343,0.0,0.004057727679306143,0.0,0.0014814335137166353,0.010066011438945404,0.0,0.0003362461201138593,0.03841526353610344,0.009361712436901867,0.0,0.0,0.01527489132053469,0.0,0.0088496036730637,0.011147053801894216,0.0009304421874737355,0.013042173421372314,0.0,0.0,0.0,0.0,0.0,0.0029397321183945732,0.007500830875041023,0.0,0.013171656483274499,0.0882536762691418,0.0,0.0,0.0,0.02639028354415215,0.061577852063706334,0.03809727880724137,0.0,0.005092613825262442,0.0,0.0,0.0,0.0016588718220570842,0.014503163475804812,0.07561197619460056,0.0,0.017533179537963156,0.0,0.0,0.02569381412460747,0.0,0.002555112203530025,0.028824145925552432,0.0,0.0004647382240095813,0.0004647382240095813,0.00041179031339666234,0.0,0.0,0.0,0.0,0.0,0.0,0.0,0.0,0.007755518574802329,0.0,0.0059780900097649425,0.0,0.0,0.0,0.003778893970326267,0.0059782104951617765,0.0,0.0058879336269282885,0.0,0.0,0.0068229714485310185,0.0,0.006822971448531018,0.020748060057030362,0.0,0.0,0.026701373694035406,0.0,0.0,0.0,0.0009647527644574232,0.0,0.029042970153720902,0.0,0.0,0.012584819029178317,0.018693616101683054,0.0,0.012021309992613692,0.0,0.008330609769534567,0.029137982425814102,0.007875703906345805,0.018947695147315213,0.0,0.029026230009338527,0.0,0.0,0.0,0.02484658264392628,0.0,0.0,0.0,0.003926557097747054,0.0,0.0,0.0,0.0,0.0,0.0,0.027204213540174063,0.019445594575027533,0.016852159336307553,0.006500196711159264,0.0,0.03275971350645245,0.04316428961162744
LFQ intensity D4_4,0.0,0.0,0.061824809264936074,0.014385665274988512,0.0018735397007523403,0.0021422125112778375,0.008639292586606775,0.0,0.026138711242748466,3.8603249652272857e-20,0.002157474107245478,0.0,0.0018735397007523403,0.010365697114547509,0.0,0.0,0.035438841849777546,0.008426628782627192,0.0,0.0,0.015502066276932484,0.0,0.0072549865966793,0.01110611179509886,0.0014047850828947045,0.017355549833712455,0.0,0.0,0.0,0.006657605791130215,0.0,0.004215213046747013,0.009836991839387514,0.0,0.010642111642268007,0.05585184474454475,0.0,0.0,0.0,0.026122090865922376,0.06806912005742907,0.024086129302682033,0.0,0.006025698893265428,0.0,0.0,0.0,0.0,0.017331302424584888,0.07242913401571961,0.0,0.011415544420985819,0.0,0.0,0.021689330402132726,0.0054784092169449135,0.004958030558656934,0.024674614745521073,3.8603249652272857e-20,0.0011763158334216716,0.0011763158334216716,0.0,0.0,0.0,0.0,0.004878837334428359,0.0,0.0,0.0,0.0,0.009059372355039513,0.0,0.016237874350817343,0.0,0.0,0.0,0.0025041855047173256,0.0143856652749885,0.0,0.0,5.533132450159109e-19,3.8603249652272857e-20,0.0067667486718401525,0.0,0.006766748671840146,0.01767437309306353,0.0,0.0,0.026677176370811687,0.0,0.0,0.004490583926006252,0.0016639280809340488,0.0,0.031668892382164054,0.0,0.0025651972826190527,0.004889270725135641,0.0,0.0,0.00616682711235767,0.0,0.0034005388083476746,0.02850113272037958,0.006707140288445475,0.0071303358298470875,0.0,0.0302207807729232,0.0,0.006663086717027711,0.0,0.01157663839694823,0.007334818409100468,0.0,0.0,0.002953625430635812,0.0,0.0,0.0,0.0,0.0,0.0,0.02785639095085862,0.013828966364145337,0.01840060914228643,0.007588468368392828,0.0,0.032662583140594455,0.041053488166960334
LFQ intensity D4_5,0.0,0.0,0.09060496064624339,0.013216749378341521,0.001993097724926297,0.0020759899675703614,0.008295639669568335,0.0,0.02649787544274785,0.0,0.0021747589280497,0.0,0.001993097724926297,0.008791260731877805,0.0,0.0,0.03563665710894708,0.006231953487154197,0.0,0.0,0.009625228481643749,0.0,0.006682502101416067,0.010179267258760548,0.001029157973771969,0.015936831167296217,0.0,0.0,0.0,0.0,0.0,0.0,0.009131698856952539,0.0010075165558568158,0.01108745835464001,0.06899067879431711,0.0,0.0,0.0,0.0159341405017602,0.05080554252032094,0.032995780421613635,0.0,0.00566955862147487,0.0,0.0,0.0,0.006440260702718629,0.01634007070271413,0.06389719684342655,0.0,0.0049593552813632655,0.0,0.0,0.02200735775585194,0.00023928390397011018,0.00548962919961268,0.015927611821167198,0.0,0.0010522601264348673,0.0010522601264348673,0.0,0.0,0.0,0.0,0.002080174003157353,0.0,0.0,0.0,0.0,0.00866726275367469,0.0,0.013216483006775142,0.0,0.0,0.0,0.00332737705453226,0.013216749378341512,3.7385467628232605e-19,0.0,3.7385467628232605e-19,0.0,0.006615710574449087,0.0,0.006615710574449087,0.016546943147342664,0.0,7.477093525646521e-19,0.026211061221957876,0.0,0.0,0.002317280667484023,0.0015272058900760274,0.0018859669225511498,0.03536931948815776,0.0,0.0,0.008873766117,0.0,0.0,0.010445676755429002,0.0,0.0004966023527058963,0.026337452303677615,0.00940520844901523,0.016391733935338514,2.962529178094734e-05,0.021209717011318123,0.0,0.0,0.0,0.007697369240558362,0.004502194645877578,0.0,0.0,0.0,0.04274634207834118,0.0,0.0,0.0,0.0,0.0,0.022993834503632172,0.013747828728264829,0.010990004538731456,0.011996956167394553,0.0,0.028440331166130765,0.05210542314798345
LFQ intensity D4_6,0.0,0.0,0.06072094956226565,0.006579331914135973,0.0020394036770693623,0.002152054972007468,0.008187408941515551,0.0,0.026298931970540514,1.0347659331726178e-18,0.0017744770367560923,0.0,0.0020394036770693623,0.00928215146330031,0.0,0.0,0.02640272250198664,0.00584152330579283,0.0,0.0,0.010536393108502658,0.0,0.005264090518025961,0.010958419367001362,0.0,0.01056881452380953,0.0,0.0,0.0,0.0,0.0,0.0,0.009676269203407866,0.0,0.005696293258967796,0.06220202072708633,0.0,0.0,0.0,0.023049654032579282,0.061334100918487656,0.036680604022983974,0.0,0.0052807492735263,0.0,0.0,0.0,0.0,0.01670037649497119,0.0770904527224606,0.0,0.016135411475463664,0.0,0.0,0.02394969104672954,0.005791970775538444,0.0031742948391661864,0.02435026887008124,0.0,0.0007747149093827098,0.0007747149093827098,0.0034061107705686145,0.0,1.0347659331726178e-18,0.0,8.130073878092471e-05,0.0,0.0,0.0,0.0,0.00731512665353831,0.0,0.00657919931368351,0.0,0.0,0.0,0.0025241337144632503,0.00657933191413597,1.6556254930761886e-18,0.004359794585411061,0.0,1.0347659331726178e-18,0.006897212917887027,0.0,0.006897212917887022,0.019934352217623134,0.0,0.0,0.02624399136687161,0.0,0.0,0.0,0.012924447769863586,0.00359104039607746,0.033972849813852464,0.0,0.0,0.0020877964460431844,0.0,0.0,0.010520298192791966,0.0,0.0,0.028211438743645286,0.010009587104952773,0.011962958618307113,0.0,0.02158422821547392,0.0,0.0,0.0,0.02436844851164993,0.0,0.0,0.0,0.0,0.049107693981733896,0.0,0.0,0.0,0.0,0.0,0.026696715041613008,0.013682044709040525,0.018692069047767847,0.004888527595340996,0.0,0.03150784743855263,0.04406657724244825
LFQ intensity D4_7,0.0,0.0,0.0017468121345090772,0.015136380672785908,0.002169985412607156,0.0027175765364637217,0.00860839998895545,0.0,0.021024400492820193,1.2291880868396171e-18,0.0022132114734212606,0.0,0.002169985412607156,0.009999118697810424,0.0,0.0009593722016449596,0.032843961637400894,0.007512804804189914,0.0,0.0,0.020107648377869138,0.0,0.003401447833034697,0.01273982971539715,0.000861756427414286,0.010656200721830355,0.0,0.0,0.0,0.011535532265580595,0.0,0.0,0.007985404892867707,0.0,0.015013309211099243,0.06268815644745444,0.0,0.0,0.0,0.021011032065605544,0.06506483782390833,0.03253207519915696,0.0,0.00603877399613389,0.0,0.0,0.0,0.006444045330472074,0.0,0.07348179491409608,0.0,0.01878649212321349,0.0,0.0,0.025296256050608916,0.0,0.0077000709384203135,0.016657436984476456,1.2291880868396171e-18,0.0005227717994442233,0.0005227717994442233,0.0,0.0,1.2291880868396171e-18,0.0,0.0,0.0,0.0,0.0,0.0,0.00885343569219638,0.0,0.017102291522391434,0.0,0.0,0.0,0.0015725185829082594,0.015136380672785898,1.8028091940314388e-18,0.0,0.0,1.2291880868396171e-18,0.00767740227166529,0.0,0.007677402271665292,0.017581511937179262,0.0,0.0,0.021298825704467724,0.0,0.0,0.0,0.0008119557341671059,0.0015446407685939685,0.036413122788759626,0.0,0.0,0.009454760827737947,0.019423599007182792,0.0,0.012764904949812306,0.0,0.01104437509167162,0.03161480083672151,0.009558743322045232,0.0008871110392208083,0.0059978033636227885,0.02683757257664686,0.0,0.0,0.0,0.011747971354551964,0.0,0.0,0.0,0.0,0.05170868743746855,0.0,0.0,0.0,0.0,0.0,0.03146065790771917,0.016857329845605472,0.014257213358209125,0.01510051135446581,0.0,0.03890718574860623,0.03055762964918733
LFQ intensity D4_8,0.0,0.0,0.0,0.01688649340249856,0.0021904797118464854,0.0007190861691534492,0.007901105268470097,0.0,0.029899886809689694,0.0,0.0012480274083997796,0.0,0.0021904797118464854,0.008870278184503961,0.0,0.000514477782068996,0.028310389894039025,0.0048616292296491765,0.0,0.0,0.020008314475263734,0.0,0.0,0.01054357175948394,0.0,0.014716113138138353,0.0033095350065521297,0.0,0.0,0.0024917315868781434,0.0,0.0,0.006326891953849698,0.00041105307563218317,0.0065654616369465795,0.03873980168144848,0.03594544997180723,0.0,0.0,0.029880874878258978,0.04965295851068848,0.0,0.0,0.0066498214361548165,0.0,0.0,0.017024021301435294,0.0,0.02167451669878922,0.10098986587807772,0.0,0.015203797573829066,0.0,0.0,0.013748475232344123,0.009274472910734148,0.0019145417879411662,0.019918185049335076,0.0,0.00019306478434615506,0.00019306478434615506,0.0,0.0,0.0,0.0,0.000978528770396562,0.0,0.0,0.0,0.0,0.008880749964475012,0.0,0.016886153070578107,0.0,0.0,0.0,0.008421392596834124,0.016886493402498544,0.0,0.0,0.0,0.0,0.007976168923102976,0.0,0.007976168923102975,0.020576594647648078,0.0,0.0,0.02957624906161595,0.0,0.0,0.0,0.019850397594057816,0.0,0.038026279188453846,0.0,0.001389221389172996,0.002168426717270785,0.0,0.0,0.0035946935008283575,0.0,0.0,0.03146673947549603,0.01162149921169364,0.018794419635483058,0.004999960956680597,0.034104973783191835,0.0,0.0,0.0,0.0,0.006788565307447996,0.0,0.0,0.0,0.0,0.0,0.0,0.010583714048354722,0.0,0.0,0.03146816423897102,0.022154077584416523,0.026457710966521737,0.0,0.0,0.03098787996154216,0.05841685839571792
LFQ intensity D4_9,0.0,0.0,0.0016208064167765345,0.006698259876301947,0.0014384325329852025,0.0014039576673229017,0.008366069611885033,0.0,0.017222447542667475,2.2802170837199715e-18,0.003303985597976028,0.0,0.0014384325329852025,0.010471771341293512,0.0,0.0003977219445410687,0.03962261621466617,0.009045237046584413,0.0,0.0,0.034048608773685256,0.0,0.0,0.010299380437553863,0.00138092964872818,0.010376619181160094,0.0,0.0,0.0,0.00320320990447575,0.0,0.0,0.010106810583359408,0.0,0.013047796288321324,0.03604805895880705,0.02670721627728726,0.0,0.0,0.017211496598477132,0.048956206139748576,0.0,0.0,0.0057855938728211985,0.0,0.0,0.022126651063778594,0.0,0.01571286940314007,0.1018123773135228,0.0,0.018077707178873064,0.0,0.0,0.014280681442342645,0.0013165319668977755,0.002744947923067151,0.02709590657149949,2.2802170837199715e-18,0.0007684092001646907,0.0007684092001646907,0.0,0.0,0.0,0.0,0.0,0.0,0.0,0.0,0.0,0.00870484002186485,0.0,0.0066981248789645354,0.0,0.0,0.0,0.006174104139153325,0.0066982598763019405,0.0,0.006597109553017746,3.3369030493463e-19,2.2802170837199715e-18,0.007482360833822843,0.0,0.007482360833822837,0.01883240357371851,0.0,0.0,0.03444257881197717,0.0,0.0,0.0,0.0013011260619552936,0.0,0.033317384591501416,0.0,0.0,0.012051210866355218,0.0,0.0,0.006976855514202612,0.0,0.010343519649073865,0.0319375896517145,0.011068257364341553,0.01030112840898415,0.0023610792081342055,0.021225655422656732,0.0,0.0,0.0,0.02295886577778516,0.0,0.0,0.0,0.0,0.05101765820643006,0.0,0.0,0.0047794483589323235,0.0,0.0,0.011931609760687661,0.03430322294353281,0.022092721618017973,0.0051301956119191045,0.0,0.03295081824437458,0.04793335396289534
LFQ intensity D5_1,0.0,0.0,0.09382814068365707,0.006123494623582027,0.0005890042934244876,0.0026187807531375803,0.009092853291784189,1.2056689131713147e-18,0.0034314200745248005,0.0,0.002262611432178177,0.0,0.0005890042934244876,0.009226393586919087,0.0,0.0,0.038434645746985574,0.002240269769527964,0.0,0.0,0.025734703290864868,0.0,0.011726226861188054,0.008441943219986873,0.00011908768588363058,0.010621455304469674,0.0,0.0,0.0,0.0,0.0,0.0,0.0070830667056475055,0.0,0.0061543956728331685,0.06507840783699322,0.0,0.0,0.0,0.0033798994315622165,0.06454693870178384,0.04575348786733243,0.0,0.004845503539558947,0.0,1.2056689131713147e-18,0.0,0.0,0.016925137799281374,0.07497596411776276,0.0,0.013962388660853182,0.0,0.0,0.017501509832296445,0.0,0.0038017412050462044,0.017205964004411302,0.0,0.00014986490683628736,0.00014986490683628736,0.0,0.0,0.0,0.0,0.0,0.0,0.0,0.0,0.0,0.004384625890998969,0.0,0.006123371210115684,0.0,0.0,0.0,0.0040245304534931225,0.006123494623582025,1.2056689131713147e-18,0.006031023821874889,0.0,0.0,0.008344824399275898,0.0,0.008344824399275901,0.018894861542878887,0.0,0.0,0.0028405850837545767,0.01007480113930245,0.0,0.0,0.00011220563763247826,0.0,0.030146896222148268,0.00119762233833308,0.0,0.010828927666474955,0.0031013553177579338,0.0,0.006570567367306783,0.0,0.009407793870416858,0.029722640660456778,0.012483796536474573,0.003968634609899419,0.0,0.02815642830689258,0.0,0.0,0.0,0.03522297846418069,0.0,0.0,0.007952243097165879,0.0,0.04398125018019117,0.0,0.00379595040922341,0.0,0.0,0.0,0.0049209963038433875,0.010504455846481516,0.014273109114104574,0.011581862944924883,0.0,0.03363372943089526,0.056655443010069396
LFQ intensity D5_10,0.0,0.0,0.052592721273775074,0.007263808140946088,0.0008036808745157483,0.002765136844571433,0.009217183399955973,0.0,0.003019951726642756,0.0,0.005179639642770675,0.0,0.0008036808745157483,0.009522558112255223,0.0,0.000974432728123314,0.03773868302793576,0.009236809149096213,0.0,0.0,0.03232630715591087,0.0,0.007649842113714746,0.006534413377424767,0.00019634689826618698,0.009476285332717192,9.587560041715905e-05,0.0,0.0,0.0,0.0,0.0,0.008047079697868094,0.0,0.005772800491521007,0.05613225109531169,0.0007643345163251786,0.0,0.0,0.003018031481408504,0.051711929194635534,0.01272023102452231,0.0,0.007420290734957682,0.0,0.0,0.014077839390402802,0.0,0.017881311272783758,0.0954154412377297,0.0,0.005741818323784553,0.0,0.0,0.023269925063957118,0.0,0.0034292821700336222,0.019482303238705048,0.0,7.271938682841902e-05,7.271938682841902e-05,0.006005932444403171,0.0,0.0,0.0,0.0,0.0,0.0,0.0,0.0,0.003415531566855173,0.0,0.007263661745497637,0.0,0.0,0.0,0.007261577742110841,0.007263808140946083,0.0,0.005108125132498431,4.651745740755896e-19,0.0,0.008727905982496925,0.0,0.008727905982496929,0.017408202119074286,0.0,0.0,0.0027506459997466235,0.011972615287130972,0.0,0.0006841474922921648,0.00018500005902075288,0.0,0.03446073585812841,0.0,0.0,0.011118951832613834,0.029903908316906654,0.0,0.011063662894250004,0.0,0.016017281862255414,0.028488372798280787,0.012757567844770537,0.0,0.0012667933040188164,0.03403845988686502,0.0,0.0,0.0,0.0162241826031639,0.0,0.0,0.012152101842748508,0.0,0.04674531920869543,0.0,0.006544765803669775,0.0,0.0,0.0,0.009566117458274065,0.01001835451178679,0.02358156100501372,0.00828157120429072,0.0,0.03470076889445595,0.045866799194083194
LFQ intensity D5_11,0.0,0.0,0.10427678220540469,0.007845244697993348,0.001192048914499245,0.002990526646836348,0.010811493026958384,0.0,0.00342857477343131,0.0,0.0002918133616918539,0.0,0.001192048914499245,0.010025753568225718,0.0,0.002291422321217146,0.028323588530176292,0.0,0.0,0.0,0.018830881238966302,0.0,0.0,0.007872455930350044,0.00027130361137857903,0.007927703517603463,0.002819262224969592,0.0,0.0,0.0013670441268212653,0.0,0.0,0.012469164112868643,0.0,0.0058894703523320316,0.038781452064153774,0.045256667955874734,0.0,0.0,0.003426394704024612,0.043374575991244516,0.0,0.0,0.006318232730106388,0.0,0.0,0.01181065294565805,0.0,0.020884864285660908,0.09964858179278492,0.0,0.01501828980086377,0.0,0.0,0.023934764593375343,0.0,0.013654687662208651,0.0163914608614009,0.0,0.0017610911482325911,0.0017610911482325911,0.0,0.0,0.0,0.0,0.0015927894993007544,0.0,0.0,0.0,0.0,0.0070103972182247775,0.0,0.00784508658421976,0.0,0.0,0.0,0.004060473813206324,0.00784524469799335,0.0,0.005616064749281095,0.0,0.0,0.009071286475909133,0.0,0.009071286475909135,0.01790746184912896,0.0,0.0,0.002768266385356202,0.012185993398650122,0.0,0.0,0.0002556250420087456,0.0,0.03962272495174243,0.0,0.0,0.011500452666892393,0.0035005927395375834,0.0,0.0063541198991936285,0.0,0.0,0.031816916665250265,0.003439798939317952,0.00993433458598922,0.0,0.03223778728527654,0.0,0.0,0.0,0.03434403233466529,0.0,0.0,0.01093844110485642,0.0,0.0,0.0,0.0054858563475376106,0.003078218807945972,0.0,0.0,0.01839868797610682,0.004950664472272391,0.018141927265995547,0.012674419313484873,0.0,0.03386930177177554,0.062342356922926015
LFQ intensity D5_12,0.0,0.0,0.0026379835072817995,0.008043850485635906,0.0016501331519701583,0.003563046943799983,0.008712301377514246,1.778746161410758e-18,0.0070138703344885265,2.159906053141635e-18,0.0006680247350184165,0.0,0.0016501331519701583,0.010695765914874525,1.778746161410758e-18,0.003187972674495742,0.04764768664584132,0.0,0.0,0.0,0.040633174055632965,0.0,0.016395399462986262,0.009376867338252177,2.668119242116137e-18,0.011471016088897373,0.0,0.0,0.0,0.0,0.0,0.0,0.006469402068787618,0.0,0.00825843522811901,0.051218234859721254,0.04672383728300352,0.0,0.0,0.007009410544298952,0.041076372160838426,0.0,0.0,0.007513921496626592,0.0,1.778746161410758e-18,0.0,0.0007697717005541776,0.0213243329661007,0.0954598881884693,0.0,0.019144585912298034,0.0,0.0,0.01718510766357847,0.004380782602964842,0.0067455055762982215,0.017398232274569245,2.159906053141635e-18,0.0,0.0,0.0,0.0,0.0,0.0,0.00014049818346431462,0.0,0.0,0.0,0.0,0.0060383601980020084,0.0,0.008043688369143253,2.159906053141635e-18,0.0,0.0,0.005122929859465473,0.008043850485635905,1.778746161410758e-18,0.007922380418469599,0.0,0.0,0.01057556125346048,0.0,0.010575561253460476,0.023281617099687745,0.0,0.0,0.006861051653123254,0.0033266916525946655,0.0,0.0,3.303385728334265e-18,0.0,0.04302032985695391,0.0,0.0,0.011977985295345538,0.0,0.0,0.001965215256858119,0.0,0.018149465791774275,0.0396828158157321,0.008416851113211445,0.0,0.0,0.04316449421873477,0.0,0.0,0.0,0.0,0.0,0.0,0.015647774927144455,0.0008329249693837541,0.0,0.0,0.0031573746436688492,0.029813589963054214,0.0,0.0,0.00825279980927121,0.017787896178487844,0.027207060609783874,0.007048096807722831,0.0,0.05201542334953801,0.057902664571939697
LFQ intensity D5_2,0.0,0.0,0.0009871557812362024,0.009791587112249393,0.0007931190799659864,0.0030117747792649838,0.013291643217664583,0.0,0.004350109297837268,3.4583188093150477e-19,0.0018049521253863821,0.0,0.0007931190799659864,0.01055970680492853,0.0,0.0,0.0436551404916332,0.0047171348747154385,0.0,0.0,0.036401871397124405,0.0,0.0,0.008637305796307778,0.0,0.0,0.0,0.0,0.0,0.006009542091988201,0.0,0.0,0.00868679294883851,0.0,0.008255214969522874,0.04047370388724556,0.028708920678165432,0.0,0.012045915441245322,0.0043389523405990334,0.05931763332924758,0.038363794492978845,0.0019798101643739518,0.006311846011128658,0.0,0.0009385332876654923,0.0,0.0008576338091858071,0.02421669353710327,0.08919711290496914,0.0,0.01105809890489246,0.0,0.0,0.023560896190628716,0.0,0.006586071073911621,0.01596878541587782,0.0,0.00041007075093235315,0.00041007075093235315,0.0,0.0,0.001985295571942308,0.0,0.00018776146715099635,0.0,0.0,0.0,0.0,0.006357284707566537,0.0,0.009791389771714157,0.0,0.0,0.0,0.003790379667161098,0.00979158711224939,0.0,0.00033663012799956796,0.0,0.0,0.01014936290721488,0.0,0.010149362907214883,0.02148096204805411,0.0,0.0,0.003660436663688442,0.013677922797095374,0.0,0.0,2.766655047452038e-18,0.0,0.03854839600727236,0.0,0.0,0.014060614142185629,0.02153257344741696,0.0,0.009123687928679514,0.0,0.0,0.03299862904620208,0.01101634265246412,0.0036733577764510184,0.00253080340513168,0.03331332673831232,0.0,0.0,0.0,0.03199729100654217,0.0029757309242823614,0.0,0.012710484322921744,0.0,0.0,0.0,0.004373360870675238,0.0,0.0,0.0,0.01592058558396922,0.0,0.02230487247197484,0.01119858801716222,0.0,0.039275713450314845,0.07459655363927674
LFQ intensity D5_3,0.0,0.0,0.09643747479381495,0.0014441965952852356,0.0012749256114712479,0.0028219280007456215,0.010195311409477952,0.0,0.0045176252198197734,0.0,0.0008636517339865796,0.0,0.0012749256114712479,0.008854024912670778,0.0,0.0007787989836740168,0.04048181840187661,0.005281434094103144,0.0,0.0,0.029982222409113995,0.0,0.008780299686915119,0.005993678341717518,0.0,0.0,0.0,0.0,0.0003424331395657272,0.0,0.0,0.0015161242755365866,0.009918573236165662,0.0,0.009936740020067537,0.03392725071817775,0.023037238355468982,0.0,0.010774276187875432,0.004428029961737229,0.06307526035965096,0.033547305932768376,0.0,0.005593367925745827,0.0,0.0,0.0,0.0009597450080945298,0.019980155799315946,0.07925946001356632,0.0,0.009225933169948426,0.0,0.0,0.022240136116910947,0.0,0.003245963265400424,0.014377537470689683,0.0,0.0004695505444694868,0.0004695505444694868,0.0,0.0,0.0015822985780555162,0.0,0.001031944130083693,0.0,0.0,0.0,0.0,0.006344748016122996,0.0,0.0014441674888159943,0.0,0.0,0.0,0.005369993873495987,0.0014441965952852354,0.0,0.0014223878038682489,0.0,0.0,0.00834998584187342,0.0,0.008349985841873419,0.01679422951756271,0.0,0.0,0.0036580029562915234,0.011856680107334127,0.0,0.0,0.0,0.0,0.032508537279732505,0.0,0.0,0.011989013616387234,0.007797687889263594,0.0,0.0,0.0,0.0,0.030430026771642936,0.008799559041904647,0.0081420661857993,0.0,0.027342102703196012,0.0,0.0,0.0,0.0337456828372881,0.0,0.0,0.011962226933804417,0.0,0.04341111719908791,0.0,0.0012311176006051818,0.0,0.0,0.0,0.011420599249622009,0.009018442231843286,0.016176747951296283,0.010593428031738253,0.0,0.03446581105862986,0.0680102648157267
LFQ intensity D5_4,0.0,0.0,0.0999586902656052,0.006687121821056545,0.00138394421714934,0.002839093854855877,0.008623715603524084,0.0,0.003495704943871911,0.0,0.002680695487174511,0.0,0.00138394421714934,0.010706164313665221,0.0,0.0011286622666594685,0.03526027380748877,0.008652931842238636,0.0,0.0,0.034914867476494055,0.0,0.007552022145639231,0.008952697574633654,0.0009079907217734805,0.0,0.0,0.0,0.0,0.002369879941592418,0.0,0.0,0.00676594773387838,0.0014137807688966357,0.008216561072506345,0.039627778219662936,0.015366739231861501,0.0,0.00882971603042326,0.0034934821895478596,0.05443259154415904,0.03641967042223815,0.0,0.006509711075010658,0.0,0.0,0.0,0.0,0.01660953663697667,0.07944905712651716,0.0,0.005997697429013614,0.0,0.0,0.033609711008513836,0.0,0.00255580777829114,0.025106347967483674,0.0,0.0005842362079021337,0.0005842362079021337,0.0006740049818960085,0.0,0.0032035958274288165,0.0,0.00429420087313935,0.0,0.0,0.0,0.0,0.006277807752626359,0.0,0.004850534869547,0.0,0.0,0.0,0.0057145825268313626,0.006687121821056536,0.0,0.006586139693379808,5.612765881765894e-19,0.0,0.00885100582728675,0.0,0.008851005827286753,0.017149664144890497,0.0,0.0,0.003184994892234695,0.01224550580792174,0.0,0.0,0.0008555181599592294,0.0,0.03256882179219836,0.0,0.0,0.014207998395689213,0.0,0.0,0.02554321100334522,0.0,0.008634649722159793,0.03125973961714063,0.011862688561091966,0.0,0.0,0.03162373705367112,0.0,0.0,0.0,0.036683041913749485,0.0,0.0,0.006059114666859385,0.0,0.0,0.0,0.0029480688727295938,0.0,0.0,0.0015741009538501815,0.012934326410233447,0.0,0.018561328385829197,0.011487876381536881,0.0,0.036920159053658246,0.04463444505941545
LFQ intensity D5_5,0.0,0.0,0.09949240685880921,0.006231673433165953,0.0012117228754945882,0.0028620200723161815,0.008629256208176601,0.0,0.008933254955956031,3.6048017718608723e-19,0.0017200520057043937,0.0,0.0012117228754945882,0.009893467659739525,0.0,0.0022821672756747446,0.03376667713238565,0.0047610665333453935,0.0,0.0,0.019069555362937994,0.0,0.013955610695307636,0.009610409785171735,0.0,0.016564599367798305,0.0,0.0,0.0,0.004245015466338985,0.0,0.0,0.005637779199916275,0.0,0.006997074473752005,0.08015298542305781,0.0,0.0,0.0,0.008927574719379994,0.05403174587898112,0.04848342779497789,0.0,0.0063640585928921595,0.0,0.0,0.0,0.005452956099144622,0.012971746891940758,0.06997298276899978,0.0,0.013268830845838357,0.0,0.0,0.029285671730473157,0.006172535203850815,0.002515896020683564,0.024179027697517817,3.6048017718608723e-19,7.964726037399814e-05,7.964726037399814e-05,0.0,0.0,0.00404011020527281,0.0,0.0,0.0,0.0,0.0,0.0,0.005169001244046928,0.0,0.006231547839454066,0.0,0.0,0.0,0.005045574149286581,0.006231673433165947,1.8024008859304361e-19,0.006137569024855912,0.0,3.6048017718608723e-19,0.007944097580248834,0.0,0.007944097580248829,0.01726807701838786,0.0,0.0,0.008836560994025133,0.0,0.0,0.0,0.0,0.0,0.036422869395505764,0.0,0.0,0.012316108370135356,0.0,0.0,0.005212671275029401,0.0,0.004564572336372699,0.03114315983919717,0.007824425212116223,0.0,0.0,0.026831241777953915,0.0,0.0,0.0,0.04956600191453629,0.0,0.0,0.0,0.0,0.0,0.0,0.0028086932094449294,0.0,0.0,0.0,0.01785387647411933,0.013729413830331976,0.025075423025106014,0.003953817916819735,0.0,0.03246383639654273,0.03637131353182401
LFQ intensity D5_6,0.0,0.0,0.1072696194855005,0.015689108837396364,0.0021879530622390406,0.003027712397693462,0.008372334261190783,0.0,0.0027227292407425146,1.0918167754552483e-19,0.003252215234601081,0.0,0.0021879530622390406,0.011163009786207224,0.0,0.0009436930934489365,0.03996179229899663,0.007313041243307516,0.0,0.0,0.03119810347841521,0.0,0.01522392206492209,0.00983902344751954,0.000355636946390621,0.0,0.0,0.0,0.0,0.0,0.0,0.0,0.008524776380055667,0.0,0.007519589671542403,0.03380221745030987,0.028004056731296655,0.0,0.01193938450568047,0.0027209979853046974,0.056533532627081,0.004226623405302132,0.0,0.006607151848173449,0.0,0.0,0.0,0.0,0.017705223932907663,0.07789606282528448,0.0,0.007054688586416706,0.0,0.0,0.03327955983772445,0.0,0.00393775912840067,0.02125395554452263,1.0918167754552483e-19,0.0,0.0,0.0,0.0,0.0022213999750014994,0.0,0.0020705120633642293,0.0,0.0,0.0,0.0,0.0033789598257808846,0.0,0.01568879263767309,1.0918167754552483e-19,0.0,0.0,0.0058694348594933495,0.01568910883739636,0.0,0.0,2.7295419386381207e-19,0.0,0.008840972955104543,0.0,0.00884097295510454,0.018863657860516227,0.0,0.0,0.0022784337775651245,0.010655009986813081,0.0,0.008736622025810686,0.0003350847742093195,0.0,0.033144076517254754,0.0026137402253750457,0.0,0.012884563520918985,0.011998982355506373,0.0,0.011435153126388556,0.0,0.006736031674994994,0.030119969670593084,0.011419368802337971,0.014439452350733928,0.0,0.03319813502250443,0.0,0.0,0.0,0.0,0.0,0.0,0.0,0.0014703865281323013,0.0,0.0,0.0,0.0,0.0,0.0,0.013803032449807084,0.014647810813782886,0.021040030586422176,0.0073588859005265855,0.0,0.03533559810666285,0.053172391413411534
LFQ intensity D5_7,0.0,0.0,0.05495118904643117,0.0069988669520078565,0.0014684304550017836,0.002896926785178101,0.011505102697983133,1.0757353533507763e-19,0.0035108544886421483,1.9901104036989362e-18,0.0019309684806330845,0.0,0.0014684304550017836,0.010080882168520605,1.0757353533507763e-19,0.0008924813486583154,0.04254582719346426,0.0038989335698040198,0.0,0.0,0.03124695106929989,0.0,0.006457553924290572,0.010254105521836695,5.378676766753882e-19,0.0054538523336027656,0.0,0.0,0.0,0.004569751727486058,0.0,0.0,0.005006616203417215,0.0,0.009370363772750363,0.08529700228538001,0.0,0.0,0.0024028976100101125,0.00350862210143526,0.06172050846009255,0.03317123674164862,0.0,0.006434534710484974,0.0,1.0757353533507763e-19,0.0,0.0032469904004545766,0.020504347479826303,0.08346836980686849,0.0,0.014818115814123097,0.0,0.0,0.019270949020998466,0.0,0.00574287322247029,0.01556393346366725,1.9901104036989362e-18,0.0008318384992666264,0.0008318384992666264,0.0,0.0,1.9901104036989362e-18,0.0,0.0022518184910074227,0.0,0.0,0.0,0.0,0.007050895339238524,0.0,0.006998725896208164,1.9901104036989362e-18,0.0,0.0,0.006193970130876677,0.006998866952007851,1.0757353533507763e-19,0.00689317716572122,0.0,1.9901104036989362e-18,0.00972985912919122,0.0,0.00972985912919122,0.02060343848129757,0.0,0.0,0.0028179916384334907,0.01215380995534623,0.0,0.013042694462290231,0.0,0.0,0.034668208609932236,0.0,0.0,0.012225754603765234,0.02092415802788573,0.0,0.0,0.0,0.0,0.032663630183069434,0.013151860327244155,0.007064922438390909,0.0,0.031083736014799343,0.0,0.0,0.0,0.0040086449876578925,0.0,0.0,0.010571770775613653,0.0,0.0,0.0,0.0031339080234688487,0.0,0.0,0.0,0.012569090261770836,0.008101879695235223,0.01875834096730725,0.010861705291975138,0.0,0.03229688214853827,0.07212825456253294
LFQ intensity D5_8,0.0,0.0,0.1050508507325946,0.006988410976962927,0.0008919210940640231,0.002958381885135316,0.008600555021917266,0.0,0.0045355253168356206,0.0,0.001508417276457157,0.0,0.0008919210940640231,0.009300127978313198,3.814298074747642e-19,0.000200922677207643,0.04245209601381981,0.003297516197217684,0.0,0.0,0.012772039520623675,0.0,0.0024662663129292853,0.004788133102542783,0.0,0.00807682473016845,0.0,0.0,0.0,0.0034915524219647277,0.0,0.0,0.008911168774973945,0.0,0.00721258635216127,0.03699028721938091,0.031125748406411698,0.0,0.0,0.00453264138965306,0.058969319693409405,0.012516018873694591,0.0,0.006175238230087033,0.0,3.814298074747642e-19,0.0,0.0024159148035447905,0.024275608524250328,0.08440902283467572,0.0,0.011681247627578585,0.0,0.0,0.0261941155283725,0.0,0.007069596264246856,0.013412404570248823,0.0,0.0007841544395001646,0.0007841544395001646,0.0,0.0,0.0,0.0,0.0,0.0,0.0,0.0,0.0,0.008298534627751299,0.0,0.006988270131893909,0.0,0.0,0.0,0.006804882972704322,0.006988410976962923,3.814298074747642e-19,0.006882879086200737,0.0,0.0,0.009632996809287982,0.0,0.009632996809287973,0.022219508679516994,0.0,0.0,0.0035066597982919482,0.01273577920434574,0.0,0.0,0.0,0.0,0.04007698590395147,0.0,0.0,0.00889106707843433,0.0,0.0,0.005011644308662316,0.0,0.0,0.0299414833315209,0.009596592854444402,0.01733869414142507,0.00044891554012834985,0.038523339351165795,0.0,0.0,0.0,0.038460887933595984,0.0,0.0,0.010087207970664123,0.0,0.0,0.0,0.0037014236998849045,0.0,0.0,0.0,0.018416463658729083,0.00587694809488351,0.020347114538578813,0.009313968870859847,0.0,0.03123791196276315,0.06330774133955609
LFQ intensity D5_9,0.0,0.00019816556733999056,0.10442225924595067,0.007310519492549517,0.0013509985906816203,0.0029808679423973072,0.00872743856459449,0.0,0.0032436742307606916,1.070515994908573e-18,0.0019663038397640577,0.0,0.0013509985906816203,0.00983377999727706,2.3551351887988606e-18,0.0006086792085360478,0.03877364815160588,0.0026577752470678382,0.0,0.0,0.03366739986184338,0.0,0.01647214105170325,0.011032510023082342,0.0001263215254595242,0.0,0.0,0.0,0.0,0.0007819874655628446,0.0,0.0,0.0012703422879534814,0.0,0.007298204698166819,0.03156849428333786,0.012099308198079946,0.0,0.012342379341465707,0.0032416117309107327,0.06727065624111934,0.0,0.0,0.007529130144315553,0.0,0.0,0.01830547057920591,0.0,0.019202224889441052,0.10128823308253242,0.0,0.01624446929322289,0.0,0.0,0.021342708315363237,0.0,0.0069796222069368275,0.014100672321769139,1.070515994908573e-18,0.0005842316396629551,0.0005842316396629551,0.0,0.0,0.0,0.0,0.0006995033145219187,0.0,0.0,0.0,0.0,0.005756757251958248,0.0,0.007310372155676242,1.070515994908573e-18,0.0,0.0,0.005654325446077584,0.007310519492549513,2.3551351887988606e-18,0.0072001234458593955,2.141031989817146e-18,1.070515994908573e-18,0.009230805256596314,0.0,0.009230805256596317,0.02020214839200477,0.0,0.0,0.003208564551911068,0.012902295561914417,0.0,0.0,0.00011902143538789974,0.0,0.033079458568286174,0.0,0.0,0.014173981870773756,0.031598911355633696,0.0,0.007855465121370248,0.0,0.01701282202283739,0.033132561332559964,0.01036301689808159,0.0,0.0,0.033013754332972274,0.0,0.0,0.0,0.0,0.005591269654821363,0.0,0.010522053055086113,0.0,0.0,0.0,0.003093422246389616,0.0,0.0,0.0,0.008206411165002007,0.005866821771861901,0.020003607915667528,0.006876025656085181,0.0,0.03382171615031151,0.05020599983120104
LFQ intensity D6_1,0.0011368497891273057,0.0,0.05919858749518903,0.007372313916687838,0.0018975569234741417,0.0034698094898740726,0.014390446923752182,6.325173248276605e-19,0.0034565052367801067,0.0,0.0011963631139643126,0.0,0.0018975569234741417,0.010662160251374377,0.0,0.0025439019469008593,0.04195645626739898,0.0033719822300983205,0.0,0.0,0.037779367269138824,0.0,0.006554980820369082,0.006007221135153454,0.0,0.010563747854487457,0.0008934661024577011,0.0,0.0,0.005754266282888272,0.0,0.0,0.007525894954404052,0.0,0.007508779294225937,0.035986084994494114,0.041793606344008485,0.0,0.0,0.003454307407705706,0.051484245025109496,0.0,0.0,0.007569760117186549,0.0,0.0,0.0,0.0035540115357960223,0.020004131189835787,0.08841516397570472,0.0,0.016911784202584705,0.0,0.0,0.01932378722661012,0.0,0.005932706406871562,0.015639399175658323,0.0,0.0002065787397572985,0.0002065787397572985,0.0,0.0,0.0,0.0,0.0,0.0,0.0,0.0,0.0,0.006587291223935227,0.0,0.007372165334404132,0.0,0.0,0.0,0.007514602225412077,0.007372313916687837,6.325173248276605e-19,0.007260984713313117,0.0,0.0,0.010141072629831034,0.0,0.010141072629831027,0.021221367452846144,0.0,0.0,0.0030486450476252245,0.013239761484809253,0.0,0.0,0.0,0.0,0.03697871363975142,0.002335581650907919,0.0,0.016823691402478094,0.010123968234970674,0.0,0.00803707913664754,0.0,0.011151202754106602,0.032406586295067194,0.015007695495777577,0.0,0.0,0.03804373886835602,0.0,0.0,0.0,0.0,0.0,0.0,0.014896553472799137,0.0,0.0,0.0,0.004832080585897888,0.025044406234344563,0.0,0.0,0.01023826952452492,0.010340651631871547,0.024864917486766037,0.011250807333767088,0.0,0.03494347266520917,0.05316094762576076
LFQ intensity D6_10,0.0,0.0001707872165870208,0.0,0.007167628374113591,0.0015951082038330614,0.0036344010494296754,0.01861055807896197,6.163284932639307e-19,0.004586854398138613,0.0,0.001404177790713159,0.0,0.0015951082038330614,0.011187645646738803,6.163284932639307e-19,0.00030534841124514584,0.045194427619442874,0.0,0.0,0.0,0.04287738288708265,0.0,0.01896702136822205,0.003921903580411948,1.725719781139006e-18,0.007613668476526217,0.0,0.0,0.0,0.00022280945568883015,0.0,0.0,0.0008110071977382223,0.0,0.009147417800812786,0.036449785115058954,0.05273657369140296,0.0,0.0010952029924810624,0.0045839378332079425,0.04710963503940975,0.0,0.0,0.007818829478770254,0.0,0.0,0.0,0.0016477807313418076,0.019096471887835757,0.09518744624180409,0.0,0.01833647662789624,0.0,0.0,0.03234522340280813,0.0,0.015611654034072926,0.020913556536516206,0.0,0.0,0.0,0.0,0.0,0.0,0.0,0.0,0.0,0.0,0.0,0.0,0.006675129098873556,0.0,0.007167483917080884,0.0,0.0,0.0,0.008302760219982837,0.007167628374113585,6.163284932639307e-19,0.01162192763956447,4.314299452847515e-19,0.0,0.011005394763074048,0.0,0.011005394763074047,0.020490455467550288,0.0,0.0,0.004052395796504299,0.014888738511711202,0.0,0.0,0.0,0.0,0.039877313068375955,0.0011861237767693447,0.0,0.011714689255562091,0.003946766625420543,0.0,0.010382589732117043,0.0,0.007686652873213868,0.041109304113985744,0.018539878254640627,0.0,0.0,0.0285462679342415,0.0,0.0,0.0,0.03911756789553712,0.0,0.0,0.0,0.0,0.0,0.0,0.005423656923682358,1.2829210532041336e-05,0.0,0.0,0.012790806470240015,0.01577204822125098,0.02234743668761941,0.006813929536997389,0.0,0.04480538740702655,0.055603614089132405
LFQ intensity D6_11,0.001617567907266915,0.0,0.001469519853853075,0.015478085259779267,0.0005273259281083372,0.0032977847335381987,0.013234134846330762,0.0,0.004174910190388511,0.0,0.0014870845032436068,0.0,0.0005273259281083372,0.009560712682634098,0.0,0.00233672650717164,0.029565331451578213,0.0006360990460079378,0.0,0.0,0.028786961877369812,0.0,0.0,0.005397035099516214,0.0,0.0,0.0004676128229526257,0.0,0.0,0.0,0.0,0.0,0.006787808274825157,0.0,0.006704060878526275,0.039098369390979444,0.010918088306575155,0.0,0.011112620448199738,0.004172255561400304,0.06404275558881968,0.016861094115915038,0.0,0.00684862907550153,0.0,0.0,0.008659799143173974,0.0,0.020577512326488672,0.0974495566702869,0.0,0.01680983640030979,0.0,0.0,0.024332326320003952,0.0,0.0028997071716422183,0.024553579267297683,0.0,0.00040162324959227435,0.00040162324959227435,0.0,0.0,0.0,0.0,0.0,0.0,0.0,0.0,0.0,0.005558796299843849,0.0,0.01547777331304432,0.0,0.0,0.0,0.006627892030595175,0.01547808525977926,0.0,0.0,0.0,0.0,0.010263073160838895,0.0,0.010263073160838885,0.019247143439704094,0.0,0.0,0.003952385844347169,0.013594018984691222,0.0,0.0,0.0,0.0,0.0346314244878256,0.0,0.0,0.010165304295392669,0.03279572726848453,0.0,0.008640187914509382,0.0,0.0008768794370179219,0.034243520592391455,0.010629482378617796,0.0018240514623304167,0.0,0.03803662743259488,0.0,0.0,0.0,0.04036895681492017,0.0,0.0,0.00921518484491909,0.0,0.051165447558920836,0.0,0.004750768737747806,0.0,0.0,0.0,0.009668764843345152,0.006326696169696195,0.023312602820957706,0.0037988309448638282,0.0,0.03986101015195259,0.058030826272851437
LFQ intensity D6_12,0.002438173582786127,0.0,0.103684942316158,0.00710733222384485,0.0009524697156699453,0.0033191566927966705,0.008873576095880424,0.0,0.005087450904637668,0.0,0.005691974073127123,0.0,0.0009524697156699453,0.010547562168473528,9.615882213045168e-19,0.0,0.03644952640766183,0.00948698542029076,0.0,0.0,0.029350367774764068,0.0,0.0042294286821619,0.0006071593679180387,0.0,0.008903786695933646,0.0,0.0,0.0,0.0,0.0,0.0,0.0063226430368344974,0.0,0.007845593381185312,0.02430921471294083,0.04435571660378695,0.0,0.0,0.005081245350362254,0.04478275929161626,0.0,0.0,0.006496886688304057,0.0,0.0,0.009581955848821376,0.0,0.013166424736495552,0.09475721451493757,0.0,0.01051672498843459,0.0,0.0,0.028197471416200028,0.0,0.0010305551377858956,0.01782316066679894,0.0,0.00010861630913104935,0.00010861630913104935,0.0008639999231500076,0.0,0.0,0.0,0.0,0.0,0.0,0.010444231782637073,0.0,0.006151160408843397,0.0,0.005184486834719489,0.0,0.0,0.0,0.00817106431918065,0.007107332223844847,9.615882213045168e-19,0.007000004505093063,4.2737254280200746e-19,0.0,0.009130165408994119,0.0,0.009130165408994122,0.019165629724508134,0.0,0.0,0.0050323841023888,0.0,0.0,0.0,2.0300195783095354e-18,0.0,0.029801685002309154,0.007938342116048826,0.0,0.01748176248259667,0.009708732437701475,0.0,0.0,0.0,0.015998684743155606,0.03488812795223103,0.016725459292719742,0.0,0.0,0.028577715971048894,0.0,0.0,0.0,0.0,0.0,0.0,0.0,0.0,0.040236157097881066,0.0,0.0029224615842226246,0.02696387684197513,0.0,0.0,0.006707464080715538,0.012136496215354991,0.021235932592775855,0.0006974647177236984,0.0,0.04251805987848714,0.045913791520158106
LFQ intensity D6_2,0.0013644956189800724,0.0,0.060275074633748406,0.01737160617954922,0.000991040339004054,0.003622971852424205,0.0159766592810176,1.9146156143489997e-18,0.004702364244365713,0.0,0.0020378519975561837,0.0,0.000991040339004054,0.011874855982977819,1.9146156143489997e-18,0.0,0.02894782161320753,0.0,0.0,0.0,0.02328037930483896,0.0,0.0,0.0026388405686216653,1.5556251866585623e-18,0.0011772453128663625,0.00807887972745135,0.0,0.0,3.550792676100231e-05,0.0,0.0,0.009049949730754514,0.0,0.006100395134660112,0.04252447762277812,0.02786616263646681,0.0,0.010353665082453145,0.004673687827485988,0.06003071988421027,0.0,0.0,0.007837195994001367,0.0,0.0,0.0,0.0,0.017484732529755128,0.0923506764254459,0.0,0.017553107731978507,0.0,0.0,0.0274191624224733,0.0,0.0027438471133895016,0.029931684551391387,0.0,7.982990849733405e-05,7.982990849733405e-05,0.0,0.0,0.0,0.0,0.0011585832459155446,0.0,0.0,0.0,0.0,0.00609228177903895,0.0,0.017371256070621822,0.0,0.0,0.0,0.006555138654556315,0.017371606179549217,1.9146156143489997e-18,0.0,0.0,0.0,0.011237473832722718,0.0,0.011237473832722717,0.020179822783368554,0.0,0.0,0.004157595411792699,0.014653624848986262,0.0,0.0,1.4359617107617497e-18,0.0,0.04247940402132402,0.0,0.0,0.0158536843658344,0.016518015727931778,0.0,0.008863980110142342,0.0,0.0,0.038016567322031354,0.011761837598163023,0.005520978167435034,0.0,0.034311224083745664,0.0,0.0,0.0,0.0,0.0,0.0,0.012518439683735758,0.00020032209338987527,0.0,0.0,0.007354980226349851,0.0,0.0,0.0,0.028899201471428056,0.0026234303409406368,0.023654240058417986,0.006402356238850082,0.0,0.041202586627311265,0.05435813579708111
LFQ intensity D6_3,0.0007589223621053366,0.0,0.09769239487195498,0.005939274633461927,0.00051088433030197,0.0030325400412591175,0.0147671795280048,1.9706797224869153e-18,0.0,1.212725983068871e-18,0.001661251441637996,0.0,0.00051088433030197,0.00872042930586957,1.9706797224869153e-18,0.0015117863033993163,0.02915065032739806,0.0005071941406885659,0.0,0.0,0.02972395658152869,0.0,0.0,0.002032684579329495,0.0,0.010917271660802263,0.0,0.0,0.0,0.0,0.0,0.0,0.007294512756069571,0.0,0.011972427566589616,0.022224622375587356,0.030459184716605796,0.0,0.0,0.0,0.06184125247004597,0.0,0.0,0.006553851706946602,0.0,0.0,0.0,0.0,0.014734804643208936,0.09275052437713459,0.0,0.01534136226651757,0.0,0.0,0.014896870413549224,0.0,0.0023172865007735984,0.022919814235206584,1.212725983068871e-18,0.00048356778990312063,0.00048356778990312063,0.0,0.0,0.0,0.0,0.0011094756651919718,0.0,0.0,0.0,0.0,0.006051209650486776,0.0,0.005939154932781982,1.212725983068871e-18,0.0,0.0,0.005336354014063849,0.005939274633461925,1.9706797224869153e-18,0.005849585735099866,0.0,0.0,0.009695695798154194,0.0,0.009695695798154191,0.018460488246420843,0.0,0.0,0.013122557748496652,0.019877133099108046,0.0,0.0,1.3137864816579435e-18,0.0,0.03428894960388639,0.0,0.0,0.016098070662188678,0.01361455593384333,0.0,0.005942326912162411,0.0,0.0,0.04039827419431016,0.009438896949680382,0.011974531302826772,0.0,0.022171860921603406,0.0,0.0,0.0,0.03207089205124562,0.0,0.0,0.012723125169078742,0.0,0.04843881084258076,0.0,0.0022466155141436157,0.0,0.0,0.0,0.010436343336545025,0.011818401112766445,0.0105734638516448,0.0028176835090368527,0.0,0.03832918959528996,0.06383042916966061
LFQ intensity D6_4,0.0019619100106691963,0.00032961581796324104,0.10487283922817014,0.016114889885013917,0.0018945816177497305,0.003276892904574488,0.011128252465571043,0.0,0.0025939676666992474,0.0,0.0023537256543028837,0.0,0.0018945816177497305,0.009756472978022382,0.0,0.0011679995803156402,0.037641079110038785,0.0,0.0,0.0,0.03619846801781742,0.0,0.00697753153645269,0.011986177041162376,0.0007178025111981972,0.007418765570607453,0.0,0.0,0.0,0.0019875957587033675,0.0,0.0,0.005963344159535058,0.0,0.010435814715569258,0.06164502081946207,0.0,0.0,0.00038779094305353424,0.0025923182846889856,0.05722834305951102,0.01262073276778169,0.0016057457415950664,0.007326183577945836,0.0,0.0,0.0,0.00031352965549798174,0.014023803951145634,0.08103006300018756,0.0,0.016721720740114323,0.0,0.0,0.020577753185169013,0.0,0.0038936448110482237,0.023727304028581662,0.0,0.000344796360077064,0.000344796360077064,0.0,0.0,0.0,0.0,0.0,0.0,0.0,0.0,0.0,0.007512678130419191,0.0,0.016114565104060768,0.0,0.0,0.0,0.004581436166710622,0.016114889885013917,0.0,0.0,0.0,0.0,0.010005254299135484,0.0,0.01000525429913548,0.02052608047753314,0.0,0.0,0.0022869703592637166,0.011789117694047484,0.0,0.006568551034057981,0.0006763208795734764,0.0,0.037521450190819636,0.0,0.0,0.016743525934531454,0.012910606133443372,0.0,0.011464450524434731,0.0,0.015246424954160108,0.035502362814600744,0.010888073145278352,0.0011811451539121014,0.0,0.030270092647746657,0.0,0.0,0.0,0.005980800808507983,0.0,0.0,0.010834955735328715,0.002306507098874248,0.0,0.0,0.0,0.0,0.0,0.0,0.012787284729341998,0.0061843150506793124,0.01470230853624187,0.01027141154453869,0.0,0.04288544836566214,0.03508186316912379
LFQ intensity D6_5,0.0006568139295790944,0.0,0.10688210156862586,0.0013644033949980483,0.0008490767977163469,0.0033189798860978597,0.015770055225292515,0.0,0.002878856645195601,0.0,0.00119978779453566,0.0,0.0008490767977163469,0.010650425100748791,0.0,0.0009656015766816724,0.034175163594086636,0.005682766302011333,0.0,0.0,0.030159508544423317,0.0,0.0,0.001229093998068192,2.442300996951648e-18,0.007332864188119534,0.0,0.0,0.0006222569868815461,0.0,0.0,0.0011623305903806262,0.0055501894174557346,0.0,0.007627174437317711,0.04265887473888086,0.036709289479272225,0.0,0.0,0.0028770261156860523,0.04631432762742832,0.0,0.0,0.005485842195056742,0.0,0.0,0.0,0.0,0.02273333461770791,0.08851517876218948,0.0,0.01429815858045188,0.0,0.0,0.020924691878326657,0.0,0.0,0.025028899374147533,0.0,0.0004209864196589073,0.0004209864196589073,0.0,0.0,0.0,0.0,0.0,0.0,0.0,0.0,0.0,0.007324392579055271,0.0,0.0013643758966882078,0.0,0.0,0.0,0.0054053177189075235,0.001364403394998047,0.0,0.0013437995595179733,1.1101368167962037e-18,0.0,0.010645022249204956,0.0,0.01064502224920495,0.01959269515346991,0.0,0.0,0.0026778809105230616,0.012139147948280991,0.0,0.0,5.550684083981019e-19,0.0,0.038803394448879,0.0,0.0,0.006428928298098139,0.015825026355734767,0.0,0.0015072820409810562,0.0,0.0,0.03658872244748573,0.008356977921659271,0.013383139200520302,0.0,0.035829894026495085,0.0,0.0,0.0,0.03522946998149305,0.0039322237991793385,0.0,0.01371117528155033,0.0,0.0,0.0,0.00478747526022271,0.0009168880100358262,0.0,0.0,0.008989676847363333,0.011621416279168973,0.01267995445878069,0.01282551834821524,0.0,0.04500772507077712,0.07575893127911122
LFQ intensity D6_6,0.0008731150613215206,0.0,0.10092087939697214,0.014948977192135905,0.0009503158868854283,0.0031291338360262917,0.00905187987023308,0.0,0.0030988331805972547,0.0,0.0014278792829268518,0.0,0.0009503158868854283,0.00879994964332816,0.0,0.0,0.038169064649031394,0.0036106114680277443,0.0,0.0,0.01207711775530953,0.0,0.016013122989824654,0.0022557461759713502,0.0,0.009206467455557319,0.0018068243279713262,0.0,0.0,0.0,0.0,0.0,0.00902714399335627,0.0,0.004922317679561451,0.028963798955240053,0.04094408772575243,0.0,0.0,0.0030968627783572837,0.0470020748867577,0.0,0.0,0.005515547292013322,0.0,0.0,0.0,0.0018246631537090967,0.021300749009594635,0.07959309675980648,0.0,0.015706600252670743,0.0,0.0,0.026270844752707006,0.0,0.00238625824806326,0.023952411868414816,0.0,0.0,0.0,0.0,0.0,0.0,0.0,0.0008071091325792969,0.0,0.0,0.0,0.0,0.005100701913345493,0.0,0.014948675909092964,0.0,0.0,0.0,0.006511842966546732,0.014948977192135896,0.0,0.0,9.626332980998515e-19,0.0,0.009495191253598935,0.0,0.009495191253598935,0.018686767263694698,0.0,0.0,0.0027354381994634308,0.011961928459467225,0.0,0.0,0.0,0.0,0.03728953094869486,0.0,0.0,0.010663256420463996,0.00983121755081772,0.0,0.0,0.0,0.001125086454626236,0.03390713522118842,0.013292225894144447,0.0075242581092327555,0.0010590081937422904,0.026413230529272334,0.0,0.0,0.0,0.0,0.0,0.0,0.00959413496846911,0.0,0.04389713288383867,0.0,0.008976471627929205,0.027933948568128947,0.0,0.0,0.021466787698661338,0.0018315308388688763,0.01669589116294041,0.010614231252840126,0.0,0.03544631998084677,0.04995008673675993
LFQ intensity D6_7,0.0010376520917969659,0.0,0.10032234833056727,0.007262533991673928,0.0013760192725496003,0.0031045892258757843,0.014929923746695455,1.697030520541151e-18,0.004396598893976537,1.1313536803607674e-18,0.0006677808471185322,0.0,0.0013760192725496003,0.009759111369957154,1.697030520541151e-18,0.0009913254449802587,0.03755352683595884,0.0,0.0,0.0,0.033200032952586854,0.0,0.01027478769896802,0.010938548122870146,0.0008339984018959688,0.0006135431378234967,0.003994285819721309,0.0,0.0,0.002492867621257872,0.0,0.0017966807917340086,0.007217433876920342,0.0006411205566580969,0.01004223199630385,0.04518716765803813,0.011512774339842657,0.0,0.006161830887215499,0.004393803303570702,0.0500876451605069,0.004412347592145146,0.002338663300306151,0.006968460685967555,0.0,0.0,0.0,0.0,0.016311897679869135,0.08473795634205981,0.0,0.009952117990806584,0.0,0.0,0.020398092295460295,0.0,0.006803769830856929,0.011898745136573477,1.1313536803607674e-18,0.00012495201559107428,0.00012495201559107428,0.0,0.0,0.0,0.0,0.0010060014468878731,0.0,0.0,0.0,0.0,0.00509446234181909,0.0,0.007262387621904791,1.1313536803607674e-18,0.0,0.0,0.00703264577845094,0.007262533991673924,1.697030520541151e-18,0.007152862573322527,5.656768401803837e-19,1.1313536803607674e-18,0.009250171930135559,0.0,0.00925017193013556,0.017192298070459,0.0,0.0,0.003946718737849962,0.012967748003088118,0.0,0.012088533461058815,0.0007858018381568609,0.0,0.03191176743346845,0.0,0.0,0.015862045025219564,0.020255784917371122,0.0,0.009527198204268717,0.0,0.0001384916264712671,0.030957528679111102,0.012226558892662822,0.0,0.0,0.025754740808694387,0.0,0.0,0.0,0.0,0.0,0.0,0.0132132807951066,0.0,0.048192638560464185,0.0,0.004215617074338718,0.0,0.0,0.0,0.012358157373677028,0.0077771173859371035,0.020782534818168493,0.009137587787382575,0.0,0.03339692129952188,0.057761555058351996
LFQ intensity D6_8,0.0012414247841132059,0.0,0.060302460924565544,0.0010085244208259605,0.0018059340706086868,0.003592639687679274,0.009700863780624855,0.0,9.51387180010714e-19,1.2486956737640622e-18,0.0022867833679443682,0.0,0.0018059340706086868,0.01093136010804604,0.0,0.00017847167719944507,0.04475878991994457,0.0,0.0,0.0,0.03274524019305736,0.0,0.0,0.00312885146390906,1.4270807700160711e-18,0.017371905724504352,0.0,0.0,0.0007765158827071829,0.0,0.0,0.001811142891385736,0.006011584692386679,0.0,0.012470037134457499,0.028427200069526273,0.02420131990564321,0.0,0.0,7.730020837587052e-19,0.06900251623121943,0.0,0.0,0.007566083402852034,0.0,0.0,0.022758559261435704,0.0,0.0,0.09329869886594559,0.0,0.015366534933116176,0.0,0.0,0.017208019049383586,0.007117610371871196,0.009857532811756444,0.007082734905557867,1.2486956737640622e-18,0.0004570148246777055,0.0004570148246777055,0.0,0.0,0.0,0.0,0.001340229976066092,0.0,0.0,0.0,0.0,0.0053575680702963755,0.0,0.001008504094933262,1.2486956737640622e-18,0.0,0.0,0.0057777412607412084,0.001008524420825959,0.0,0.000993294708469253,0.0,0.0,0.008617511211845322,4.75693590005357e-19,0.008617511211845317,0.020843336081025798,0.0,0.0,0.017296076127873625,0.009727396105588022,0.0,0.0,0.0,0.0,0.044139048808204955,0.0,0.0,0.017243540064504237,0.0,0.0,0.017338674087573162,0.0,0.016473571720720802,0.0444565653368029,0.020906323412973087,0.0,0.0,0.02405515556015629,0.0,0.0,0.0,0.0,0.0,0.0,0.015318331453749225,0.0,0.05487360421454343,0.0,0.0,0.0,0.0,0.0,0.006061771288592504,0.019136489262834018,0.021028611057770617,0.0,0.0,0.047178072020333806,0.05647324418949929
LFQ intensity D6_9,0.0006654678988876651,0.0,0.10575885653715186,0.016142514863406926,0.0019451350306410931,0.0032773846609717217,0.010200716313576932,1.3697851199519442e-18,0.003767348290535903,3.287484287884666e-18,0.000991471008181887,0.0,0.0019451350306410931,0.010134480376389698,1.3697851199519442e-18,0.0007594188585512914,0.03532377522639574,0.0,0.0,0.0,0.033214070202399235,0.0,0.0042904098194679946,0.011366309678377526,0.00017184228191921815,0.002326608810584423,0.0,0.0,0.0,0.002828129753433756,0.0,0.0,0.004877226054426052,0.0,0.008534842294122314,0.03394076415156551,0.014335849115632767,0.0,0.0037608497087612716,0.003764952810986728,0.06926461989572465,0.0,0.0,0.007758388856590246,0.0,0.0,0.013646744068145346,0.0,0.011400724381822606,0.10112254977241666,0.0,0.01814135128768576,0.0,0.0,0.01552985004264351,0.0,0.00688620526184616,0.015682482900115282,3.287484287884666e-18,0.00019630940049346858,0.00019630940049346858,0.0,0.0,0.0,0.0,0.001431471312570038,0.0,0.0,0.0,0.0,0.006128436033079594,0.0,0.01614218952569745,3.287484287884666e-18,0.0,0.0,0.004904655935293639,0.016142514863406916,1.3697851199519442e-18,0.0,0.0,3.287484287884666e-18,0.00863175582280024,0.0,0.008631755822800237,0.017892399683252656,0.0,0.0,0.003597674383655974,0.01225966112979503,0.0,0.0,0.00016191155846127512,0.0,0.04108790590598884,0.0,0.0,0.011804396018171567,0.008072171977214793,0.0,0.019371577689074302,0.0,0.01371004741266382,0.03393984547650101,0.01567253472540642,0.0,0.0,0.02192701876293587,0.0063652343546246725,0.0,0.0,0.0,0.0,0.0,0.010350464831438463,0.001057753844650615,0.0,0.0,0.004955653926315321,0.0,0.0,0.0,0.005193254956979153,0.013256964265324672,0.025720505194705767,0.005838774737760277,0.0,0.03635218062557869,0.05525019517886692
LFQ intensity D7_1,0.006220277747466301,0.0,0.023262350240904842,0.017116201642354553,0.0,0.0038820089190798523,0.0070617788216873895,0.0,0.009744371159159873,9.36505576866872e-19,0.0006311495698192126,0.0,0.0,0.005637196078044944,1.2876951681919491e-18,0.0018262461576516733,0.03890427910064985,0.0,0.0,0.0,0.03447306544778363,0.0,0.0,0.0032141764783408092,3.160706321925693e-18,0.010295142832261888,0.0,0.0,0.0,0.0,0.0,0.0024754876006608836,0.005990794795995859,0.0,0.010941555458231469,0.025419443565247127,0.028665840743435436,0.0,0.0,0.0,0.06477052858110538,0.0,0.0,0.0019262992964896042,0.0,0.0,0.0,0.0,0.02017168940462616,0.09594383503453233,0.0,0.01914525819496871,0.0,0.0,0.018782848571701354,0.0,0.005860578130155219,0.002780973955475065,9.36505576866872e-19,0.0,0.0,0.0,0.0,0.0,0.0,0.0,0.0,0.0,0.0,0.0,0.0028055013513180647,0.0,0.017115856680873356,9.36505576866872e-19,0.0,0.0,0.007055863583373525,0.017116201642354535,1.2876951681919491e-18,0.0,0.0,9.36505576866872e-19,0.009836539622142327,0.0,0.009836539622142329,0.02346818849351655,0.0,0.0,0.009638897638192454,0.012519121888873178,0.0,0.0,1.755947956625385e-18,0.001510343857835825,0.04693782437894887,0.0,0.0,0.008569061718439621,0.008955526549988047,0.0,0.0004616975140247485,0.0,0.01164126021076658,0.0432747216090262,0.02015794919990602,0.002636048803139367,0.0034300530782783024,0.02789531211799428,0.0,0.0,0.0,0.037149244364027126,0.0,0.0,0.0,0.0,0.05770362112188152,0.0,0.0,0.0,0.0,0.0,0.006427122272901718,0.0223491527470456,0.016877135785178108,0.006310575820706916,0.0,0.051685238200702206,0.051492022598593215
LFQ intensity D7_2,0.0038023426114436494,0.0,0.05308218511035586,0.007460556278993574,0.00033494850091225607,0.0035466561544207358,0.008605231765094909,0.0,0.011168955625808436,0.0,0.0030442479618721916,0.0,0.00033494850091225607,0.008199646700078106,1.2806367734845622e-18,0.006297934635714605,0.02983274348161821,0.004524435378987796,0.0,0.0,0.0314256930114531,0.0,0.0,0.00507024789920739,0.0,0.0,0.00039076682755265956,0.0,0.0,0.0,0.0,0.0,0.0006861637196037619,0.0,0.011702305522566823,0.0358971774281175,0.025840492853161486,0.0,0.01087124536814834,0.0,0.05279343554844201,0.0,0.0,0.004644133340845458,0.0,0.0,0.0020216984325868597,0.0,0.011590145135548902,0.0995229326864341,0.0,0.017395718621252314,0.0,0.0,0.025561644227359882,0.0,0.006856588304059703,0.014881101445689096,0.0,5.700616167667482e-05,5.700616167667482e-05,0.0,0.0,0.0,0.0,0.0017690300902140565,0.0,0.0,0.0,0.0,0.005993763850762501,0.0,0.007460405918265289,0.0,0.0,0.0,0.00473930180619036,0.0074605562789935706,1.2806367734845622e-18,0.007347894529011312,0.0,0.0,0.010727944841144048,0.0,0.010727944841144046,0.02121407890361763,0.0,1.0579173346176817e-18,0.011048062337145522,0.0006569269098916702,0.0,0.0,0.0,0.0,0.046835599033941654,0.0,0.0,0.01989153895373215,0.005917605808185586,0.0,0.011126722600673357,0.0,0.00439717327252609,0.04314371968669318,0.021411446662610717,0.007747030077697934,0.0021373473606477516,0.0220570730443968,0.0,0.0,0.0,0.027232097374933262,0.0029561310881263347,0.0,0.0,0.0,0.04746504303742527,0.0,0.0,0.0,0.0,0.0,0.01231526346800806,0.02182267165076054,0.01288765379703777,0.0080264780467953,0.0,0.04790033500134491,0.04808282432648797
LFQ intensity D7_3,0.0031731197890928456,0.0,0.10524530495012252,0.006971583557985683,0.0009090490634211723,0.0034874079090513725,0.007532753474549855,0.0,0.008131740717861397,2.659817995620063e-18,0.000848041257301854,0.0,0.0009090490634211723,0.007295824932604412,2.216514996350053e-19,0.0015907810438235627,0.031473556435433724,0.0016148800983349547,0.0,0.0,0.026427863299127198,0.0,0.0,0.002391042889148185,1.8840377468975447e-18,0.008182906900237274,0.0035318492646092855,0.0,0.0,0.0,0.0,0.0,0.005458566616974984,0.0,0.005180451183376042,0.0655905656063975,0.0,0.0,0.0,0.008126570126483433,0.05594700311836143,0.005256682516451443,0.0,0.003222470050922375,0.0,0.0,0.0,0.0,0.012374271717529705,0.09326843023003789,0.0,0.017443975110545063,0.0,0.0,0.017800883663950995,0.0,0.007300956982618326,0.006921390020060695,2.659817995620063e-18,0.00011999901334437157,0.00011999901334437157,0.0,0.0,0.0,0.0,0.0,0.0,0.0,0.0,0.0,0.005213730092896306,0.0,0.006971443052057986,2.659817995620063e-18,0.0,0.0,0.00480458198705104,0.006971583557985674,2.216514996350053e-19,0.006866305777828487,1.6623862472625395e-18,2.659817995620063e-18,0.009508924485079406,0.0,0.009508924485079409,0.02072172014175629,0.0,1.1082574981750264e-18,0.00804372238285568,0.0,0.0,0.0,1.1082574981750264e-18,0.0,0.0379205306582866,0.0,0.0,0.014571730894034827,0.0066652178366272494,0.0,0.005103938430203121,0.0,0.016191715867287786,0.038477248318367206,0.016388403993230913,0.00404434899946372,0.0,0.024573841087473354,0.0,0.0,0.0,0.019340760221600122,0.0,0.0,0.014369456035653455,0.0,0.05307268335452362,0.0,0.005209367826887284,0.0,0.0,0.0,0.006030382576560687,0.013326356953279418,0.016624993461600422,0.005589449983338748,0.0,0.04714747442547354,0.05289219349699256
LFQ intensity D7_4,0.0038994852656510713,0.0,0.09765182018729225,0.014876785687486748,0.001246225748673774,0.0032514914264458513,0.009489569900240613,6.572949483880574e-19,0.01059493535889892,0.0,0.002947302280449594,0.0,0.001246225748673774,0.009367980976898728,6.572949483880574e-19,0.0014402471666336673,0.029042846645453473,0.005133885325853688,0.0,0.0,0.024153576557680273,0.0,0.0,0.0032960890506481895,3.033668992560265e-19,0.015858520995161433,0.0,0.0,0.0,0.0,0.0,0.0002506878149864653,0.005734864901552571,0.0,0.009505469406345089,0.035837174579360115,0.01796174373566785,0.0,0.00026571402401529405,0.007211089077883706,0.04761681524087523,0.0,0.0,0.005107340542794548,0.0,0.0,0.00891932795801361,0.0,0.011729095922409899,0.09384992740431025,0.0,0.01602402075264139,0.0,0.0,0.016476932199953755,0.0007381691798016595,0.006434956029339492,0.01422264041767175,0.0,1.0112229975200883e-19,1.0112229975200883e-19,0.0,0.0,0.0,0.0,0.0011088097330587748,0.0,0.0,0.0,0.0,0.005982511766781351,0.0,0.014876485859397947,0.0,0.0,0.0,0.006348835537214427,0.014876785687486741,6.572949483880574e-19,0.0,0.0,0.0,0.00863181084457067,0.0,0.008631810844570669,0.018944011814913144,0.0,3.4381581915683004e-18,0.010480255291968709,0.0,0.0,0.005187500587997555,0.0,0.0,0.034324341102261464,0.0,0.0,0.015000647578743526,0.0,0.0,0.025310935139041157,0.0,0.017480308374038717,0.03788673777406838,0.013538481749049345,0.0004691231893629904,0.0,0.031964979749759474,0.0,0.0,0.0,0.0,0.0,0.0,0.0152868005304153,0.0,0.048624053269504565,0.0,0.0,0.0,0.0,0.0,0.005558425482015381,0.013649611728016502,0.01557289347892953,0.003987566795429416,0.0,0.04747810129729227,0.04741521728434727
LFQ intensity D7_5,0.004775653402158402,0.0,0.10229623701698219,0.015336868116671613,0.0004148226660393266,0.003456985721620832,0.007938308720076443,0.0,0.004887101226443091,0.0,0.00237557726647954,0.0,0.0004148226660393266,0.007750707125440635,0.0,0.0009692885305596204,0.02828736155584343,0.0,0.0,0.0,0.03444077287517811,0.0,0.0,0.002890843846710652,2.120735985689092e-19,0.009926753616450774,0.0,0.0,0.0,0.000665623567892094,0.0,0.0011581234519769592,0.005541015292618658,0.0,0.010197759759176039,0.06202061161239361,0.0,0.0,0.0,0.004883993748678929,0.05091988810637244,0.0015223949662009429,0.0,0.0039129632824952834,0.0,0.0,0.010104149336856803,0.0,0.0,0.09115777258073943,0.0,0.016312631629038968,0.0,0.0,0.00882936001014777,0.010471981303654943,0.006011767802022155,0.013282621838515961,0.0,1.0073495932023187e-18,1.0073495932023187e-18,0.0,0.0,0.0,0.0,0.0,0.0,0.0,0.0,0.0,0.005952192636078087,0.0,0.01533655901603978,0.0,0.0,0.0,0.005172898600856081,0.015336868116671603,0.0,0.0,7.952759946334095e-19,0.0,0.008990872978906866,0.0,0.008990872978906866,0.018575562485050892,0.0,0.0,0.004834203018312688,0.00020762143620397622,0.0,0.0,2.120735985689092e-19,0.0,0.0445363469460567,0.0,0.0,0.01180510497166673,0.0,0.0,0.026541035514642118,0.0,0.00842839576688228,0.03422724128854136,0.014212971694469622,0.0,0.0,0.02977560078997847,0.0,0.0,0.0,0.014117746486496278,0.0,0.0,0.01756909651454687,0.0,0.05074620660590599,0.0,0.0,0.0,0.0,0.0,0.009778426436264072,0.017660301796954728,0.02003366870667258,0.007312561819196306,0.0,0.040051768333111575,0.04665111242011258
LFQ intensity D8_1,0.006987322906054869,0.0,0.0652966573610101,0.006900357136944449,0.0012345417590186034,0.0038774883543410774,0.008658882732364806,5.755574786859212e-19,0.0,6.906689744231054e-19,0.0024948139782164243,0.0,0.0012345417590186034,0.008764662567489387,5.755574786859212e-19,0.0,0.029992967825614072,0.007311630920706774,0.0,0.0,0.032207882188802515,0.0,0.0,0.001904277025408451,8.472990207838027e-06,0.010401370206534465,0.002726870504579065,0.0,0.0,0.0002769700812652954,0.0,0.0006536074799202016,0.004676912132984224,0.0,0.012298839154961312,0.03153842063581589,0.005877913333568551,0.0,0.0,0.0,0.08068159801783152,0.0,0.003596064053447002,0.0031825951603414934,0.0,0.0,0.012440256968191107,0.0,0.0,0.0899137802504895,0.0,0.018930623069004966,0.0,0.0,0.006953573867812217,0.0014648002784748747,0.006038570312407193,0.013247175011029122,0.0,0.0,0.0,0.0,0.0,0.0,0.0,0.0,0.0,0.0,0.0,0.0,0.006172982306992399,0.0,0.006900218066520507,6.906689744231054e-19,0.0,0.0,0.004716037015441945,0.006900357136944449,5.755574786859212e-19,0.00679615494591753,0.0,6.906689744231054e-19,0.010849150611705287,0.0,0.010849150611705282,0.020348444633738815,0.0,0.0,0.016168675515889925,0.025567464597533972,0.0,0.0,7.983338175310342e-06,0.0019706387590476557,0.038019851593441144,0.004416109364721219,0.0,0.012066680457575973,0.0,0.0,0.014671099600910748,0.0,0.00858256553018966,0.038131455788399125,0.022079322272993702,0.0020757940750834717,0.0,0.028813041692673683,0.0,0.0,0.0,0.0,0.0,0.0,0.022302835789320043,0.0,0.05660792812535072,0.0,0.0,0.004499000488200348,0.0,0.0,0.008474900846119054,0.02071567075247378,0.020404092208968334,0.005603666435228968,0.0,0.0408279128761088,0.052686374538772146
LFQ intensity D8_2,0.0007458622872249577,0.0,0.062232105743500195,0.008864294258343524,0.0006833777345390087,0.0,0.009315889930261004,9.452322664318188e-19,0.006177668615952651,0.0,0.0035117649586264136,0.0,0.0006833777345390087,0.01036271576811754,9.452322664318188e-19,0.004146905893043794,0.02780988635979637,0.002882409318218679,0.0,0.0,0.036380618589619926,0.0,0.0,0.004024540618881712,0.0,0.013136062249291928,0.0,0.0,0.0,0.0,0.0,0.0030928088241911817,0.0005531724986176566,0.0,0.008235608706344107,0.06422561106481173,0.0,0.0,0.0,0.006173740527098142,0.05263088873000708,0.013145179116897023,0.0,0.004060346862243723,0.0,0.0,0.0,0.020132890855967683,0.012127030705970553,0.06426949838425944,0.0,0.006986908915139493,0.0,0.0,0.01908580199358733,0.0,0.007385495134444883,0.016744987365830043,0.0,1.2996943663437509e-18,1.2996943663437509e-18,0.0,0.0,0.0,0.0,0.0,0.0,0.0,0.0,0.0,0.011448354534490498,0.0,0.008864115606552616,0.0,0.0,0.0,9.452322664318188e-19,0.008864294258343517,9.452322664318188e-19,0.008730434681904885,0.0,0.0,0.008981306178986442,0.0,0.008981306178986435,0.025050513924147002,0.0,2.24492663277557e-18,0.006110801247124856,0.0,0.0,0.0,0.0,0.0,0.04317839801073355,0.006552429592393133,0.0,0.022135275623867696,0.0,0.0,0.029573982007006942,0.0,0.0,0.028689726152290877,0.02032281098009682,0.0,0.0,0.0386437173633461,0.0,0.0,0.0,0.027655072860191927,0.0,0.0,0.017223847409214777,0.0,0.05163008904854199,0.0,0.0,0.0,0.0,0.0,0.014824623870661812,0.006644634564331942,0.015329603122634875,0.0161598091059915,0.0,0.03212732601620201,0.05247007791659111
LFQ intensity D8_3,0.008528863787357996,0.0,0.019472228545827953,0.015823127351787314,1.6461789149352545e-18,0.0037214338956921378,0.008036436932361378,0.0,0.0,0.0,0.002428468522729681,0.0,1.6461789149352545e-18,0.008125372564772306,0.0,0.0027078121690875946,0.0607764874908589,0.0011357855863054936,0.0,0.0,0.00553157058132224,0.0,0.0,0.008185376261903647,0.0006267523626940732,0.012875384942830928,0.00045165754794474915,0.0,0.0,0.0051131070878046745,0.0,0.0061301797742967104,0.006275986046966586,0.0,0.012168556281185733,0.045164325223590235,0.004100698829409965,0.0,0.0,0.0,0.06042505783546012,0.020388694095513166,0.0,0.0033897119168250817,0.0,0.0,0.0,0.0,0.00785713826897491,0.08652035386880824,0.0,0.018808223960058573,0.0,0.0,0.007759954714740508,0.0,0.005521936163902778,0.015270425882931102,0.0,1.6461789149352545e-18,1.6461789149352545e-18,0.0,0.0,0.0,0.0,0.003386092735215906,0.0,0.0,0.0,0.0,0.008885241797321112,0.0,0.015822808451042728,0.0,0.0,0.0,0.007740591577911211,0.01582312735178731,0.0,0.0,0.0,0.0,0.009180757239967056,0.0,0.009180757239967053,0.021113699956555064,0.0,0.0,0.01496157710049877,0.014647775221667818,0.0,0.0,0.000590532496890316,0.0056402689460687975,0.037611999941851534,0.0004851307637642901,0.0,0.01636987902480879,0.03559768156733642,0.0,0.01156662701641434,0.0,0.0009014426176878436,0.03806706318602531,0.019658411155825565,0.0,0.0036282027303308926,0.023113138748937823,0.0,0.0,0.0,0.020184899449113638,0.0,0.0,0.0221429650460853,0.0,0.04136790290976775,0.0,0.0,0.0,0.0,0.0,0.016362558917568343,0.023002789064519996,0.020996654401044892,0.004912471491206117,0.0,0.040717372765853445,0.03301847059301985
LFQ intensity D8_4,0.00592115845208777,0.0,0.02111771632778042,0.016356593086972127,0.00034606137992590074,0.0036190347385945966,0.007998727951583792,0.0,0.011578000621883211,0.0,0.0026231398090710133,0.0,0.00034606137992590074,0.007937343460310315,0.0,0.0037644991634451343,0.030167577488286117,0.0,0.0,0.0,0.026773691834074964,0.0,0.0,0.002891465243193613,8.707719620609225e-19,0.008895488736855237,0.0005092551392922245,0.0,0.0,0.0,0.0,0.001355443867625174,0.0032063697075610568,0.0,0.010749885064637789,0.027413101643250334,0.007325225559493663,0.0,0.0,0.0,0.07787533314973052,0.0,0.0,0.003064242695797474,0.0,0.0,0.0,0.0,0.01721779744088786,0.08531353878230521,0.0,0.018243713016601205,0.0,0.0,0.012014002980123268,0.012175245872155219,0.005148486558127077,0.02058894892344966,0.0,6.530789715456919e-19,6.530789715456919e-19,0.0,0.0,0.0,0.0,0.0,0.0,0.0,0.0,0.0,0.00576251082377014,0.0,0.016356263434710708,2.1769299051523062e-19,0.0,0.0,0.005848168514370347,0.016356593086972133,0.0,0.0,4.3538598103046125e-19,2.1769299051523062e-19,0.010016823380981935,0.0,0.010016823380981931,0.02078443351500199,0.0,1.741543924121845e-18,0.01145267981139612,0.0006393805356489639,0.0,0.0,1.3061579430913837e-18,0.0,0.04234911316455979,0.0,0.0,0.015433224334827423,0.0,0.0,0.02994138412496282,0.0,0.012960955789971841,0.045562620949794165,0.01790030695679432,0.0008406069513385515,0.0,0.025104981819510017,0.0,0.0,0.0,0.043302801810703576,0.0,0.0,0.016203463433773033,0.0,0.04981719583974361,0.0,0.0,0.0,0.0,0.0,0.005680086190634009,0.014593118433087712,0.00865704056247072,0.009145606020779757,0.0,0.05782744266290887,0.0549092243952777
LFQ intensity D8_5,0.006301229443204383,0.0,0.02145773414527444,0.00729158923164557,0.0010558415019962092,0.0036800351681640724,0.0077710169442843854,0.0,0.016095655307434772,1.3202885013752943e-18,0.001313305147711689,0.0,0.0010558415019962092,0.006142154382890416,0.0,0.004854729037367754,0.02654543110569459,0.0009590852042525188,0.0,0.0,0.0317276782931709,0.0,0.0,0.0031899397852368566,9.840372213574585e-05,0.0060308809541410125,0.005081289949297127,0.0,0.0,0.0,0.0,0.004964515014436221,0.0028124599132108253,0.0,0.010405775287959438,0.03987045969261204,0.010665158346744533,0.0,0.004397364736171766,0.016066526534200418,0.05786631897051943,0.008354398542066573,0.0,0.003399961213190671,0.0,0.0,0.0,0.0,0.01919680838542196,0.08968648415778628,0.0,0.018330249747588716,0.0,0.0,0.012688043859388286,0.0,0.00488974013829566,0.010705238792812762,0.0,2.7506010445318634e-19,2.7506010445318634e-19,0.0,0.0,0.0,0.0,0.0,0.0,0.0,0.0,0.0,0.00768389548040509,0.0,0.007291442276294489,1.3202885013752943e-18,0.0,0.0,0.005136437666849365,0.0072915892316455615,0.0,0.007181479050545259,0.0,1.3202885013752943e-18,0.010218250086311186,0.0,0.010218250086311186,0.020986306880854105,0.0,0.0,0.033167200290442546,0.0,0.0,0.0,9.271699509250163e-05,0.0,0.04000819681181901,0.0,0.0,0.012264975191744429,0.006802924271033354,0.0,0.006498050054287622,0.0,0.009463272643334571,0.040137727710029575,0.020890460787197827,0.0,0.0,0.023857882522274703,0.0,0.0,0.0,0.044054637048071506,0.0,0.0,0.018612664195324178,0.0,0.0454398995862866,0.0,0.0,0.0,0.0,0.0,0.007870508025242152,0.025646785465978355,0.013749668307823629,0.00805143815066863,0.0,0.051864074627037175,0.05056792239879102
LFQ intensity D8_6,0.006070631928369238,0.0,0.10454468593277987,0.01642915150838361,0.00046248520149197046,0.0035692332567885438,0.007630039851486139,0.0,0.005160648557387295,0.0,0.002176906948933187,0.0,0.00046248520149197046,0.007788149777374068,0.0,0.0018556063180539908,0.06430011678694483,0.008495527864937444,0.0,0.0,0.006946783169271863,0.0,0.0,0.004140413441143499,0.0,0.007651050063332233,0.0013158531934757843,0.0,0.0,0.006696051577174658,0.0,3.939878457733654e-05,0.001194106169966148,0.0,0.010471474129341327,0.02981815251377565,0.009685798250748128,0.0,0.00434832594858438,0.005157367143743976,0.0668596863999105,0.0,0.0,0.0032794532582087073,0.0,0.0,0.011898976460355674,0.0,0.0,0.09026442636684738,0.0,0.018107861800804453,0.0,0.0,0.0007931470848808906,0.0,0.005054589726933334,0.01585371221977731,0.0,2.1361433781000897e-19,2.1361433781000897e-19,0.0,0.0,0.0,0.0,0.0,0.0,0.0,0.0,0.0,0.005477738680596873,0.0,0.014506765489122527,0.0,0.0,0.0,0.005612512452133184,0.016429151508383606,0.0,0.0,0.0,0.0,0.009094128250286892,0.0,0.00909412825028689,0.01782602542339508,0.0,0.0,0.005104789460383237,0.005546589184391757,0.0,0.0,0.0,0.00035814074326525095,0.03738811634150002,0.0010356207994087637,0.0,0.011951704406579753,0.0,0.0,0.03086935681234067,0.0,0.0,0.033382434357480055,0.020175272625216574,0.0,0.002396261790171665,0.01848603566788825,0.0,0.0,0.0,0.0,0.0,0.0,0.02790685027793722,0.0,0.05141209534039363,0.0,0.0,0.004174435419934264,0.0,0.0,0.016557626007655694,0.026448449978262078,0.017197943197525094,0.012159762522471739,0.0,0.039725191437795626,0.03116057673791823
LFQ intensity D8_7,0.007807685005787378,0.0,0.02139637215554015,0.016184854216089516,0.0010597101863532119,0.0037930609116995084,0.007570409125834484,0.0,0.007003809762097936,0.0,0.0014148282894625333,0.0,0.0010597101863532119,0.007115507669019819,5.516248853454057e-20,0.0030559010808957933,0.030090608331042094,0.0021764676844411844,0.0,0.0,0.03360643059420684,0.0,0.0,0.003151758447694641,8.82599816552649e-19,0.0,0.0036051512629903036,0.0,0.0,0.0,0.0,0.004855828423590992,0.0018901172144538065,0.0,0.012096821926930807,0.04060568094589986,0.008993442613990515,0.0,0.009545668419222435,0.0069993563689530625,0.05775809933044014,0.01048761536933936,0.0,0.002554204224642628,0.0,0.0,0.007866163116011196,0.0,0.0,0.08956309644538295,0.0,0.018489264608077767,0.0,0.0,0.017923208922190292,0.03856931427525754,0.007300227850971343,0.007324741723306423,0.0,0.00018219019759696634,0.00018219019759696634,0.0,0.0,0.0,0.0,0.0,0.0,0.0,0.0,0.0,0.006349161003060124,0.0,0.0161845280250689,0.0,0.0,0.0,0.0023243765590955237,0.016184854216089523,5.516248853454057e-20,0.0,0.0,0.0,0.00960583936690683,0.0,0.009605839366906824,0.019341770836744078,0.0,0.0,0.00692800020356116,0.0,0.0,0.0,3.1442618464688126e-18,0.0,0.04843534581099291,0.0,0.0,0.019133241816192893,0.0,0.0,0.01369748140586306,0.0,0.012185850731765287,0.043083438531756696,0.022467694585497643,0.0001632002575613118,0.0,0.018780228550776466,0.0,0.0,0.0,0.04208741449017181,0.0,0.0,0.015491453639048166,0.0,0.043114126553051225,0.0,0.0,0.0,0.0,0.0,0.007577267112305624,0.015185082129500285,0.00881599425814919,0.008423545684267748,0.0,0.05183419280855375,0.04972057497374928
LFQ intensity D9_1,0.0036561500331468598,0.0,0.10037466381104464,0.006812953246285126,2.5185370942179633e-18,0.0032840642531808922,0.01709478590612387,0.0,0.0024398162616217603,0.0,0.0014171619774548576,0.0,2.5185370942179633e-18,0.007639226584789875,0.0,0.0,0.025815948023238538,0.00040923946331741215,0.0,0.0,0.03201627718228128,0.0,0.0,0.0019171075234580425,6.167845945023584e-19,0.0,0.0025667541655991716,0.0,0.0,0.0,0.0,0.0,0.0007459009478825311,0.0,0.007555252140035507,0.030432359656960072,0.019213307943655666,0.0,0.008870870147993027,0.0,0.06157409861533973,0.03661746939471377,0.0,0.0031677123327849654,0.0,0.0,0.0,0.0,0.016475619356982024,0.07454632260737594,0.0,0.014910491973833404,0.0,0.0,0.017906022194948464,0.0,0.004641837625102961,0.01516754978504841,0.0,2.5185370942179633e-18,2.5185370942179633e-18,0.0,0.0,0.0,0.0,0.0,0.0,0.0,0.0,0.0,0.0002720516954138658,0.0,0.0049629184896203046,0.0,0.0,0.0,0.007365657696598697,0.006812953246285123,0.0,0.00671007094011782,0.0,0.0,0.010157482765401047,0.0,0.010157482765401044,0.019017086260895693,0.0,0.0,0.016644002808971475,0.017332438508425085,0.0,0.0,4.1118972966823893e-19,0.0,0.03473288046191122,0.0,0.0,0.014527575197195875,0.0,0.0,0.02635953632134666,0.0,0.0093816916513984,0.03621988739060849,0.02055707340220997,0.0,0.002225364715817124,0.024837521703834315,0.0,0.0,0.0,0.023015072373968205,0.0,0.0,0.01885147574862723,0.0,0.03486066589573007,0.0,0.003463168573271091,0.0,0.0,0.0,0.011596635545425378,0.007343042026244662,0.00884532527158398,0.0110809671045898,0.0,0.05180919901517927,0.043591809269729234
LFQ intensity D9_10,0.006776216120710297,0.0,0.010561593464928892,0.007689777437585873,2.506735918189258e-19,0.003753757730434302,0.018578223533894173,0.0,0.009586767561131176,0.0,0.0024721423133359805,0.0,2.506735918189258e-19,0.007437501172036647,0.0,0.0,0.02783630898061681,0.00026984316758639645,0.0,0.0,0.034937970896175743,0.0,0.0,0.0025502345263109386,0.0,0.0,0.0021515487328283922,0.0,0.0,0.0,0.0,0.001670413887040871,0.0031672844400164753,0.0,0.009966828268408896,0.05502780184105562,0.0,0.0,0.0022928555891111326,0.0,0.07963797417070304,0.022600957306602183,0.0,0.004308860556109976,0.0,0.0,0.0,0.0,0.020198177607904717,0.09415178162658433,0.0,0.017110021931683178,0.0,0.0,0.021540774680980763,0.0,0.013910163086209968,0.012312474595139797,0.0,2.506735918189258e-19,2.506735918189258e-19,0.0,0.0,0.0,0.0,0.0,0.0,0.0,0.0,0.0,0.004501096178234044,0.0,0.005684728293125204,0.0,0.0,0.0,0.008190704989089036,0.007689777437585867,1.225515337781415e-18,0.007573654222279276,0.0,0.0,0.010482266887917124,0.0,0.01048226688791713,0.019623641811137373,0.0,0.0,0.009482999948747262,0.007267195169540778,0.0,0.0,6.684629115171354e-19,0.0,0.03948622775704642,0.0,0.0,0.013208727270751279,0.0,0.0,0.025521345251586162,0.0,0.014674090716755073,0.04062034720793846,0.013611268517643717,0.0,0.0,0.03486634736789314,0.0,0.0,0.0,0.02540174365034857,0.0,0.0,0.01729701687503026,0.0,0.044266742748064594,0.0,0.005849615446893949,0.0,0.0,0.0,0.01019341872691108,0.005536129147940425,0.009293087183893203,0.010876614965796373,0.0,0.05465743137346648,0.051163258741341255
LFQ intensity D9_11,0.006528607546393356,0.0,0.1038380112733529,0.015802960320466,1.5743305923441836e-19,0.0035462905671133794,0.008307610292525738,0.0,0.0015357094966990956,0.0,0.0036394148301151243,0.0,1.5743305923441836e-19,0.00882274768934731,0.0,0.0,0.02545533478963606,0.0027566530584329676,0.0,0.0,0.03343240498467911,0.0,0.0,0.0032612600176235907,0.0,0.0008512081149175322,0.003467152415178437,0.0,0.0,0.0,0.0,0.0,0.0010000628832266567,0.0,0.014900927325295795,0.055607853197116,0.0,0.0,0.0,0.001526094003059256,0.049012604568840115,0.0,0.0,0.005104351798796222,0.0,0.0,0.009903182323240884,0.0,0.0,0.09424545533433422,0.0,0.01710351301562838,0.0,0.0,0.008147578361145333,0.011377779804511805,0.012895241149644774,0.02609345959682676,0.0,1.5743305923441836e-19,1.5743305923441836e-19,0.0,0.0,0.0,0.0,0.0,0.0,0.017084026451948457,0.0,0.0,0.0015326655431646401,0.0,0.01391391103055041,0.0,0.0,0.0,0.008970630644385563,0.015802960320465978,0.0,0.0,0.0,0.0,0.010116863256328434,0.0,0.010116863256328427,0.01709134510653709,0.0,0.0,0.0045794693725924335,0.0,0.0,0.0,0.0,0.0,0.04015229166088967,0.0,0.0,0.010634488818899297,0.0,0.0,0.03624929745478754,0.0,0.006738357310746009,0.03593031901577069,0.01906992593570652,0.0019986355699706934,0.0,0.032240614333505516,0.0,0.0,0.0,0.0,0.0,0.0,0.007301374163158743,0.0,0.04698852890029888,0.0,0.0,0.0,0.0,0.0,0.01331486615738908,0.011298746463217114,0.011923645041094512,0.011501516083667073,0.0,0.04697680386917266,0.0403083854812777
LFQ intensity D9_12,0.005175144398635792,0.0,0.010563381738425194,0.006569444166915443,6.938435573551557e-19,0.0037678018378019423,0.015697229064454175,0.0,0.003696446851622145,2.775374229420623e-18,0.0024482322956869483,0.0,6.938435573551557e-19,0.008773104654194284,0.0,0.0,0.027037084209755927,0.001058413445789475,0.0,0.0,0.0355447688501016,0.0,0.0,0.003297087053764889,0.0,0.0007156950446639951,0.0034500844594221687,0.0,0.0,0.0,0.0,0.0,0.0017726132152148296,0.0,0.010949097979882284,0.05276267777973368,0.0,0.0,0.0013206786348937708,0.0036940964549625325,0.08027264236394324,0.0,0.0,0.004694305001283594,0.0,0.0,0.003422364588802902,0.0,0.0069519999687846995,0.09274042002474704,0.0,0.01866908841259524,0.0,0.0,0.010132005447579683,0.002869748429317113,0.019871540812326116,0.027644836168685922,2.775374229420623e-18,6.938435573551557e-19,6.938435573551557e-19,0.0,0.0,0.0,0.0,0.0,0.0,0.0,0.0,0.0,0.00294133011957209,0.0,0.004488294442424247,0.0,0.0,0.0,0.007619176173737965,0.006569444166915439,2.8910148223131487e-19,0.01134781258564992,5.203826680163668e-19,0.0,0.01142424754566991,0.0,0.011424247545669905,0.02076125929545267,0.0,0.0,0.003656436341129327,0.014120501744163263,0.0,0.0,1.4455074111565745e-18,0.0,0.044354633242660944,0.0,0.0,0.013700876155467865,0.0,0.0,0.04022008952672745,0.0,0.011707789575384443,0.03948584477443851,0.018166458830596522,0.0,0.0,0.036353959982714894,0.0,0.0,0.0,0.0,0.0,0.0,0.03393548494442834,0.0,0.05013723782895389,0.0,0.0022638250994215917,0.0,0.0,0.0,0.0117458740133238,0.01012495712880449,0.013920412531598227,0.01154002740878897,0.0,0.052131945548542065,0.050295800093776585
LFQ intensity D9_2,0.0,0.0,0.007538102792638201,0.0089581858466098,5.155962126757414e-05,0.003645446477348211,0.009124207077947507,1.0599252673678133e-18,0.009734684456494868,0.0,0.003163462073474048,0.0,5.155962126757414e-05,0.008963639742641022,1.0599252673678133e-18,0.0,0.07731943697232459,0.0,0.0,0.0,0.01502193547483062,0.0,0.0,0.004118332653704158,0.0,0.001687949354836901,0.0,0.0,0.0,0.0014684147636315546,0.0,0.004563532353344773,0.0,0.0,0.01662997242383957,0.06745270928361023,0.0,0.0,0.0014493284439595026,0.0,0.043112299387258565,0.04804419964635978,0.0,0.00439190869207867,0.0,0.0,0.0016829965466958069,0.0,0.01019163940592671,0.10287372933472054,0.0,0.020351689428730155,0.0,0.0,0.01650250468209785,0.0,0.006672963257278428,0.013237037114900386,0.0,0.0,0.0,0.0,0.0,0.0,0.0,0.0003548164761601116,0.0,0.0,0.0,0.0,0.005075632161609451,0.0,0.006573761600067775,0.0,0.0,0.0,0.010149347261533331,0.008958185846609793,1.0599252673678133e-18,0.008822908414685976,3.9747197526292997e-19,0.0,0.011170599027904958,0.0,0.011170599027904961,0.02306023488168677,0.0,1.4573972426307432e-18,0.009629315784841988,0.0040454786774776095,0.0,0.0,0.0,0.0,0.049762485949734606,0.0,0.0,0.01825076538846713,0.0,0.0,0.031256650054712266,0.0,0.0,0.043123942289043274,0.0055968628946377235,0.0,0.0,0.04349030922534915,0.0,0.0,0.0,0.029093800992475397,0.0,0.0,0.026142844233920368,0.0,0.0,0.0,0.0,0.0,0.0,0.0,0.02830298878405151,0.005026102353355442,0.02264578771654125,0.007094895731671042,0.0,0.04642464442541055,0.03677361387033001
LFQ intensity D9_3,0.00690124615462233,0.0,0.006414561035565745,0.006519657273841813,1.5052671872303535e-06,0.0038485093406481637,0.016166664259286045,0.0,0.008691389720307658,0.0,0.0035360061231036032,0.0,1.5052671872303535e-06,0.006359365562384393,0.0,0.0,0.02875040576962811,0.0053515576516103116,0.0,0.0,0.043161579013491505,0.0,0.0,0.00399805012967122,0.0,0.0,0.0012556361086851892,0.0,0.0,0.0,0.0,0.0033446828200349174,0.0,0.0,0.01571267502009973,0.051151948899702614,0.0,0.0,0.0041381903828665,0.0,0.08475030527544501,0.0,0.0,0.004829413466016312,0.0,0.0,0.0,0.0,0.01687509553111283,0.10551221263345496,0.0,0.018956618706998576,0.0,0.0,0.0068867108171709835,0.006677000142042756,0.007262621723143931,0.016421864334876923,0.0,0.0,0.0,0.0,0.0,0.0,0.0,0.001757018049164443,0.0,0.0,0.0,0.0,0.0,0.0,0.004462083150550258,0.0,0.0,0.0,0.01192425183788648,0.006519657273841808,5.144875647137862e-19,0.006421204025814746,1.6577932640777557e-18,0.0,0.012003212561075395,0.0,0.012003212561075394,0.01877536867710635,0.0,0.0,0.008324059266557457,0.01831054740015437,0.0,0.0,0.0,0.0,0.04464834519641825,0.0,0.0,0.013670874759319347,0.0,0.0,0.03294063919539831,0.0,0.0,0.046880886371209365,0.018047268269151227,0.0,0.004910554690281801,0.03269777794769335,0.0,0.0,0.0,0.02738856052342223,0.0,0.0,0.03192212020305549,0.0,0.0,0.0,0.0,0.0,0.0,0.0,0.015038215307796643,0.014679795311191936,0.005186701980834607,0.012458541995888688,0.0,0.0642848482343276,0.051267276780597795
LFQ intensity D9_4,0.004054867106824566,0.0,0.01188043465922499,0.005122555716467162,2.3209123888469965e-18,0.00370229268055139,0.015659290860909565,5.222052874905742e-19,0.0,1.798707101356422e-18,0.001402708482515517,0.0,2.3209123888469965e-18,0.005798945950653604,5.222052874905742e-19,0.00023716740014740787,0.029275918811181263,0.0,0.0,0.0,0.04118186618033565,0.0,0.0,0.0038236109540488107,0.00518722021413092,0.002385447684112716,0.0,0.0,0.0,0.0,0.0,0.0,0.002481692818425232,0.0,0.014020181976510738,0.061657515702455784,0.0,0.0,0.0,0.0,0.045575460983640764,0.0,0.0,0.003994382618946563,0.0,0.0,0.0,0.0,0.017177608837318337,0.10162972730162438,0.0,0.018384198737043198,0.0,0.0,0.006464251818915206,0.004990442666563605,0.005919337470722691,0.012928599390975114,0.0,2.3209123888469965e-18,2.3209123888469965e-18,0.0,0.0,0.0,0.0,0.0,0.0,0.0,0.0,0.0,0.0037228402579797177,0.0,0.003034146472783721,1.798707101356422e-18,0.0,0.0,0.009925579035598393,0.005122555716467159,5.222052874905742e-19,0.0168763637187951,1.5666158624717226e-18,1.798707101356422e-18,0.01097763037727487,0.0,0.010977630377274865,0.018431621474732082,0.0,0.0,0.013707765179767203,0.029824474500448166,0.0,0.0,0.0,0.0,0.04451742463876857,0.0,0.0,0.01692294306618966,0.0,0.0,0.020143138910504482,0.0,0.0,0.04167843907274605,0.01345382847203992,0.0,0.0,0.03792930694416103,0.0,0.0,0.0,0.03310623449243978,0.0,0.0,0.03491954030685141,0.0,0.051161406291644784,0.0,0.0015475149042899641,0.0,0.0,0.0,0.016896055134420173,0.009819525741197344,0.012883441237729004,0.009289965729791854,0.0,0.059723993390362703,0.04847090753149683
LFQ intensity D9_5,0.004882519597176946,0.0,0.010423650876200384,0.007777270514239917,0.0,0.003830903615087723,0.019662145975207504,0.0,0.009774666451827629,5.330996563135308e-19,0.00024026821040229026,0.0,0.0,0.008041043705976964,8.884994271892181e-19,0.0,0.03009784974142474,0.0,0.0,0.0,0.03627188240181863,0.0,0.0,0.0012859576159294944,1.9546987398162798e-18,0.002053130522935958,0.0,0.0,0.0,0.0,0.0,0.0004815654249179121,0.007261573939391167,0.0,0.01102977798231272,0.040876705180691496,0.0163665314457357,0.0,0.0009538940172335879,0.0,0.06151655630562397,0.007056544219216673,0.0,0.006043279051542986,0.0,0.0,0.0,0.0,0.016627051480801066,0.10176791697527417,0.0,0.01791123541690042,0.0,0.0,0.01865958028040396,0.0017109234601141877,0.005944877466960052,0.014249942508415863,5.330996563135308e-19,0.0,0.0,0.0,0.0,0.0,0.0,0.00034032922265849944,0.0,0.0,0.0,0.0,0.0017422588331846604,0.0,0.005645241039013284,5.330996563135308e-19,0.0,0.0,0.009178634990028519,0.007777270514239911,8.884994271892181e-19,0.00765982606727732,1.7769988543784362e-18,0.0,0.01130838785959914,0.0,0.011308387859599136,0.020862211337078423,0.0,0.0,0.008898358990883412,0.011235505256972542,0.0,0.0,4.73866361167583e-19,0.0,0.040360085718585854,0.0,0.0,0.0103658582740083,0.0,0.0,0.03513358366660965,0.0,0.011561118224493369,0.03937181018128913,0.013134511141188411,0.0,0.0,0.04162665176401223,0.0,0.0,0.0,0.026325372685300986,0.0,0.0,0.020168261471371823,0.0,0.04675389055306709,0.0,0.0017744071933962723,0.0,0.0,0.0,0.009934743466920125,0.01081564198092372,0.015995110836099675,0.006470527614540641,0.0,0.053918928517365156,0.05753384035652857
LFQ intensity D9_6,0.008211031820301034,0.0,0.007548235948678604,0.008096524200338238,1.1098485623107325e-18,0.004204041122540713,0.018690090581044136,1.1098485623107325e-18,0.007231912683532687,2.4663301384682946e-19,0.0008624677476684563,0.0,1.1098485623107325e-18,0.006378848335709728,0.0,0.0022154664719877194,0.030792536568127603,0.0036162492951270866,0.0,0.0,0.04165776136770948,0.0,0.0,0.004204305630660272,1.9730641107746357e-18,0.004879163891697344,0.002344495069106522,0.0,0.0,0.0,0.0,0.0038836096727819054,0.0,0.0,0.010167141792791844,0.04231809888458207,0.012996966602626442,0.0,0.0,0.0,0.07069473906211214,0.028369964292979544,0.0,0.004154135576288357,0.0,0.0,0.0,0.0,0.01514910072101934,0.11106644151208818,0.0,0.02031453085299347,0.0,0.0,0.010285089206049893,0.0,0.0065285479782000305,0.0,0.0,1.1098485623107325e-18,1.1098485623107325e-18,0.0,0.0,0.0,0.0,0.0025618381347445704,0.0,0.0,0.0,0.0,0.001969743290050111,0.0,0.005877211321101777,0.0,0.0,0.0,0.009529790838121095,0.008096524200338231,1.1098485623107325e-18,0.00797425870818556,0.0,2.4663301384682946e-19,0.013324973581251046,0.0,0.013324973581251044,0.019527943891290513,0.0,0.0,0.007153634128497959,0.018185547746879922,0.0,0.0,0.0,0.0,0.044871523799148966,0.0,0.0,0.011873256929033273,0.003930373866734478,0.0,0.002049856890410764,0.0,0.005000817052608657,0.04765563109466235,0.01718738723024955,0.0,0.0,0.03312409351571846,0.0,0.0,0.0,0.028667658774976196,0.0,0.0,0.03924673838256234,0.0,0.0,0.0,0.004187431865195979,0.0,0.0,0.0,0.01446749651968918,0.012753285596101229,0.00844345428561956,0.012132637865058554,0.0,0.06282418182068786,0.057196238201087914
LFQ intensity D9_7,0.007401083363779336,0.0,0.004904303697976131,0.006972055312342906,1.4370644587398477e-05,0.0038772789161142344,0.017465199883259713,0.0,0.021004354668306552,0.0,0.0027230142228588028,0.0,1.4370644587398477e-05,0.00548419070540645,7.418729393762709e-19,0.0,0.024871799276137314,0.004117100289863238,0.0,0.0,0.04149296688404379,0.0,0.0,0.0026305977674799972,0.0,0.0008811413608237108,0.00490187949194341,0.0,0.0,0.0,0.0,0.0037536968979073617,0.001291681575588836,0.0,0.007975074734066152,0.055928527004852215,0.0,0.0,2.0067099512174403e-05,0.007973882728759167,0.08315117736061499,0.009801322649759909,0.0,0.003035640161274292,0.0,0.0,0.0,0.0,0.013915195019034389,0.09935044296669752,0.0,0.01740390595052186,0.0,0.0,0.011527848053245918,0.0,0.008408360143241261,0.014228810183677982,0.0,1.9973502213976522e-18,1.9973502213976522e-18,0.0,0.0,0.0,0.0,0.0,0.0,0.0,0.0,0.0,0.0012452362033273864,0.0,0.004918004088371218,0.0,0.0,0.0,0.009138863774954832,0.0069720553123429,7.418729393762709e-19,0.006866770408230144,0.0,0.0,0.011662297879203094,0.0,0.011662297879203084,0.02114807581661959,0.0,0.0,0.03844630238904778,0.0,0.0,0.0,1.3696115803869616e-18,0.0,0.04247095393283033,0.0,0.0,0.008856795374305048,0.0,0.0,0.020809717540858783,0.0,0.0067235408738909475,0.040846601745152006,0.019242081070409,0.0,0.005254988896307729,0.0313195392114941,0.0,0.0,0.0,0.0,0.0,0.0,0.02819327875051176,0.0,0.04785514656066932,0.0,0.0030515013232135743,0.0,0.0,0.0,0.014450424493803859,0.009439682734341774,0.012700836227502746,0.010294017746478992,0.0,0.054950240495302706,0.04495940961336282
LFQ intensity D9_8,0.007032637793427762,0.0,0.10477506376582976,0.006992223261816872,0.0005593900983463485,0.0036585013384024595,0.016443380276181127,0.0,0.0008862305166627154,6.454736277170188e-19,0.0016079024872721836,0.0,0.0005593900983463485,0.004132358494418284,0.0,0.0005396332327212199,0.026525816494733453,0.0,0.0,0.0,0.03550407462063188,0.0,0.0,0.0025673513631337295,0.0,0.0020229230243806566,0.000655297629542127,0.0,0.0,0.0,0.0,0.0011382114498966827,0.0039395715587190695,0.0,0.010833944480516378,0.06918158076773291,0.0,0.0,0.0,0.0,0.0763750033815756,0.0462418972285666,0.0,0.004338606290267834,0.0,0.0,0.001525466046277126,0.0,0.009197313716148679,0.07746236715514089,0.0,0.0176237422574627,0.0,0.0,0.0,0.0,0.0064086902924626946,0.005782678781695092,6.454736277170188e-19,0.0,0.0,0.0,0.0,0.0,0.0,0.0,0.0,0.0,0.0,0.0,0.0028092600992990027,0.0,0.006992082339914717,6.454736277170188e-19,0.0,0.0,0.009758940820198535,0.0069922232618168665,0.0,0.006886633801797512,0.0,6.454736277170188e-19,0.010038913102939756,0.0,0.01003891310293975,0.018071979014724085,0.0,0.0,0.015634916650581893,0.02648324108687689,0.0,0.0,0.0,0.0,0.04159043198937082,0.0,0.0,0.012231631276890165,0.0,0.0,0.0010755902374857027,0.0,0.0018052353170198447,0.03883125563553291,0.021465276076036606,0.0,0.005372480320625058,0.028663013993951585,0.0,0.0,0.0,0.031157211189352624,0.0,0.0,0.030018080102117036,0.0,0.0,0.0,0.0020919953592003445,0.0,0.0,0.0,0.014307405330054652,0.0,0.00628163614318488,0.011525099822441785,0.0,0.05156653126188397,0.04379877476145354
LFQ intensity D9_9,0.006380896436193397,0.0,0.010507879020383295,0.007531020824595424,0.00015065722221602561,0.003889597943372425,0.011385884119981933,2.017283542458085e-18,0.0001763603915613523,9.355517878066482e-19,0.0013851952781798872,0.0,0.00015065722221602561,0.006541241172457038,0.0,0.0,0.030486807188015802,0.0,0.0,0.0,0.03486118015760227,0.0,0.0,0.0024041456827805117,0.0,0.0,0.0006589048732489139,0.0,0.0,0.0,0.0,0.003243803007487308,0.004399605176157536,0.0,0.013639891738788866,0.06014523684552056,0.0,0.0,0.008808944856709536,0.0,0.07676762663470861,0.026362415616753284,0.0,0.0038230790010995,0.0,0.0,0.0,0.0,0.004832805117487061,0.09899838207316572,0.0,0.018184090627388527,0.0,0.0,0.009632369416976755,0.0005192356940366924,0.005343581797698898,0.010426502656259088,0.0,0.0,0.0,0.0,0.0,0.0,0.0,0.0,0.0,0.0,0.0,0.0,0.0035977841830980594,0.0,0.005426396655835103,0.0,0.0,0.0,0.00843931955587529,0.007531020824595421,2.017283542458085e-18,0.007417294990552621,1.5933616386081975e-18,0.0,0.011549343610580942,0.0,0.011549343610580937,0.01957983195781454,0.0,0.0,0.016312725430255446,0.025498722912729213,0.0,0.0,0.0,0.0,0.04098897578375306,0.0,0.0,0.014640810766648032,0.0,0.0,0.027927087276948273,0.0,0.010359426459325884,0.041405109647334175,0.016859738365229908,0.00031469827859155415,0.0,0.0337451214069496,0.0,0.0,0.0,0.02657256759311013,0.0,0.0,0.00957415273918632,0.0,0.047429619941039745,0.0,0.0,0.0,0.0,0.0,0.012196875769022798,0.015272009648514846,0.012231378551078252,0.008669393973698659,0.0,0.053382987619258894,0.049890264655349986
