,AIA,AIB,AIY,AIZ,ALA,AS,AVA,AVB,AVE,AVF,AVH,AVL,AVM,Amphid socket,Anal muscle,Apoptotic germ cells,Body wall muscle anterior,Body wall muscle middle,Body wall muscle posterior,CAN,CEP_ADE_PDE,Cephalic sheath,Coelomocytes,DA_VA,DB_VB,DVB,Differentiated germ,Distal tip,Dorsal uterine cell,Excretory cells,Excretory duct,Excretory gland,GLR,Glia_1,Glia_2,Glia_3,Glia_4,Hypodermis head,Hypodermis tail,Intestinal-rectal valve,Intestine anterior,Intestine middle,Intestine posterior,M2,Marginal cells,Meiotic germ cells,Mitotic germ cells,Oocytes,PDA,PLM_ALM,PLN,PVC,PVD_FLP,PVM,PVP,PVR,PVT,PVW,Phasmid socket,RIB,RID,RIH,RIM,RIV,RMD,RMD_LR,RME,RMG,Rectal gland,SAA,SAB,SDQ,SIA,SIB,SMB,SMD,Seam cells (grd+),Spermatheca bag distal,Spermatheca bag proximal,Spermatheca neck distal,Spermatheca neck proximal,Spermatheca-Uterine junction,Syncitial pachytene spermatocytes,URX_AQR_PQR,Unassigned hypodermis/gonadal sheath,Unassigned sex-specific muscle,Unassigned sheath cells,Unassigned uterine cells,Uterine muscle,Uterine seam cells,Uterine toroid,Uterine-vulval cells,VC,VD_DD,Vulval cells,XXX,cat-4(+)ptps-1(+) intestine anterior,e1_e3 (pharyngeal epithelium),e2 (pharyngeal epithelium),g1P (pharyngeal gland),hmc,hyp4_to_hyp6,hyp7 (hypodermis),pm1_pm2 (pharyngeal muscle),pm3_pm4_pm5 (pharyngeal muscle),pm6_pm7 (pharyngeal muscle),sh1 (gonadal sheath distal),sh2 (gonadal sheath distal),sh3_sh4 (gonadal sheath proximal),sh5 (gonadal sheath proximal),vm1 (vulval muscle),vm2 (vulval muscle)
LFQ intensity D1_1,0.0,0.004916227793478534,0.004760739797839516,0.007083767746473148,0.0,0.026261082417562493,0.0,0.007872767927975729,0.021630499788047715,0.03081371607708713,0.04173768136507047,0.00012607130485514564,0.0,0.0,0.007171776490586362,0.012980353985369305,0.014797200512502887,0.020434951386309796,0.007304089244740276,0.021626586252314676,0.0,0.0,0.0,0.0,0.007802596338718274,0.0,0.11768867123236333,0.012926195302744017,0.010961400912180065,0.0,0.037678090664811016,0.015412393210175042,0.0006269543167850446,0.0,0.0,0.0,0.011999763012271814,0.010885856066970623,0.0,0.01991093152049991,0.0,0.019863255479348967,0.03672443039889717,0.0,0.021623120252793608,0.03683210432804135,0.01175889697651722,0.0,0.0,0.0,0.0,0.016703653435227003,0.0,0.0,0.0,0.0,0.014831457353508003,0.008791197758047724,0.0,0.010076060317085859,0.0,0.0,0.008325145737771855,0.0,0.03150894043186828,0.0,0.0,0.026421971646967735,0.00953327741267681,0.00593537211922829,0.0,0.008377350029464175,0.0,0.0,0.0,0.011760407942193048,0.0,0.0034277708457479163,0.010987952622815966,0.0037169643627472655,0.0,0.0012373279138426468,0.012297235659019157,0.0,0.0,0.0,0.0,0.005690850695171347,0.003909420137013611,0.006803945550278059,0.0,0.004165969326101798,0.0,0.0,0.0,0.013467681882963827,0.0,0.0,0.0,0.0,0.0,0.014291576821196644,0.01813243502510978,0.0,0.05336361765361371,0.003858682365226178,0.047393092819147886,0.0,0.0,0.02108817715018706,0.02169029288244765,0.0
LFQ intensity D1_10,0.0,0.0,0.016292540545180933,0.007202590874181746,0.0,0.02701444951141068,0.0,0.002025490252983161,0.02711927764940777,0.005601125981018302,0.03719022748923781,0.00035508361416968073,0.0,0.0,0.0009522443743750358,0.0009029827839550061,0.00914736766271023,0.021538940498600282,0.01779843273043513,0.016682869829035666,0.0,0.0,0.0,0.0,0.004349561676070288,0.0,0.12397450002628636,0.0012007514031616932,0.010513062414228887,0.0053175621977291174,0.020069873960267486,0.022542278741480105,0.0,0.0017555868661921074,0.0,0.0,0.016583329054886013,0.011469773214636705,0.0,0.01938281866558339,0.0,0.01602693615976849,0.049275923963596154,0.0,0.024683005402262058,0.041365403547011195,0.008665919743371294,0.0,0.0,0.0,0.0,0.02897861079849479,0.0,0.0,0.0,0.0,0.02154892255897695,0.01841945498827199,0.0,0.01573930187168599,0.0,0.0,0.0054659016618394856,0.0,0.03713579426332704,0.0,0.0,0.03523985346728878,0.009195603189781404,0.011819971147894721,0.0,0.0,0.0,0.0,0.0,0.0032894515090482112,0.023507643765085753,0.0,0.008397771294802917,0.00782386610752152,0.0,0.0,0.005166879947609499,0.0,0.0,0.0,0.0,0.007063625516362964,0.0011278092164762083,0.004898188691111249,0.0,0.0018476517607734836,0.0,0.0,0.0,0.011870966170881219,0.0,0.0,0.0001311907177784673,0.0,0.0,0.009901343066486995,0.0,0.0,0.05158229289210373,0.0066476726871190495,0.053896579546498395,0.0020212044848818625,0.0,0.02132249060758997,0.028960047237074526,0.0
LFQ intensity D1_11,0.0,0.0,0.01916124105186457,0.005191947684661623,0.0,0.02222426861910203,0.0,0.0021216693004342735,0.025485916833832112,0.0106029071805936,0.03734035905649876,0.004135940881501569,0.0,0.0,0.007520800197368394,0.0,0.012568213803053651,0.015909722700306404,0.012707048542953901,0.0224459028845971,0.0,0.0,2.1718122257437926e-05,0.0,0.005656937463945652,0.0,0.11846247906531114,0.0040623781256937126,0.007891265206357134,0.0,0.031186877648800463,0.012247172348143433,0.0,0.0,0.0,0.0,0.011219558974099639,0.016557621087765474,0.0,0.021467135753924976,0.0,0.017865909680108448,0.05082046303198937,0.0,0.019873378365167626,0.04098373944584669,0.010402314512177505,0.0,0.0,0.0,0.0,0.029483884803078272,0.003357969218886063,0.0,0.0,0.0,0.015632181931020957,0.0125246874941912,0.0,0.01108630215875782,0.0,0.0,0.018582759080419488,0.0,0.033233410256642094,0.0,0.0,0.02015763856766831,0.012939311719944287,0.0017335188265602554,0.0,0.0046897028319621515,0.0,0.0,0.0,0.01154426163901452,0.0,0.0,0.010065662287756884,0.006568141258490691,0.0,0.00976027052582812,0.010463321099697834,0.0,0.0,0.0,0.0,0.006125297644501159,0.006087649007815367,0.01398217869705196,0.0,0.0053379868629858055,0.0,0.0,0.0,0.011320988134712884,0.0,0.0,0.0,0.0,0.0,0.006139741890584573,0.01579146152203166,0.0,0.0516983696171396,0.003896258933699351,0.046143412856731736,0.0077783222796997415,0.0,0.018103902592513252,0.02963651869225711,0.0
LFQ intensity D1_2,0.0,0.0012093645325412512,0.018268591837046422,0.00867893565395945,0.0,0.021072775895737795,0.0,0.002019334270993556,0.024874145338394497,0.010132372390496996,0.03545404635986737,0.0,0.0,0.0,0.005612117975669122,0.009649038199329421,0.012166662214767301,0.020673093867921807,0.008350218366150693,0.021190879022058625,0.0,0.0,0.0,0.0,0.015461376620520105,0.0,0.12219963954301129,0.01673034211675099,0.014216339685329822,0.003944480346174925,0.02578861788166416,0.020557393386181993,0.0024250966233352444,0.0,0.0,0.0,0.01321495261130557,0.026046836476743388,0.0,0.014513358454350044,0.0,0.015536367117993524,0.049676090409786156,0.0,0.021021961931423677,0.032911504067671786,0.0,0.0,0.0,0.0,0.0,0.019537810763659475,0.0,0.0,0.0,0.0,0.024107848321180892,0.014318630179449659,0.0,0.014607841015711566,0.0,0.0,0.006718652449470257,0.0,0.0335865450240906,0.0,0.0,0.031754183128059374,0.015472985248594362,0.006308066097676121,0.0,0.005573879560400094,0.0,0.0,0.0,0.006341380580111327,0.006532678861634962,0.0,0.010396267146563923,0.005333182346726069,0.0,0.009008713690850293,0.009613371823423983,0.0,0.0,0.0,0.0,0.008614888290000412,0.0011593592652538356,0.009689293876380851,0.0,0.0028050968178814344,0.0,0.0,0.0,0.015038232518641358,0.0,0.0,0.0,0.0,0.0030542784655213373,0.0,0.0038020935778786025,0.0,0.05168809731280825,0.004418436851706234,0.04642943308047505,0.0039380900930897755,0.0,0.019536246772471098,0.017018483643111662,0.0
LFQ intensity D1_3,0.0,0.0,0.012089428066884338,0.006020005842588696,0.0,0.023381158362023795,0.0,0.0,0.017218582651585088,0.01046144564266447,0.04239493654177494,0.0006604024893909295,0.0,0.0,0.004331064908899857,0.003943354052447107,0.014061665338361135,0.020741994636708373,0.005843457856332104,0.020875790657754276,0.0,0.0,0.0,0.0,0.010559633053174082,0.0,0.12677827116558,0.01647393443496714,0.007927213277645064,0.0,0.019033188394908942,0.0069215329380431555,0.0024280607292453487,0.0,0.0,0.0,0.011604222646627388,0.026546883882104865,0.0,0.01512799560900915,0.0,0.02126528440479123,0.047551991061122074,0.0,0.020051554974326005,0.03476977918237277,0.00815257419226635,0.0,0.0,0.0,0.0,0.03151129476365476,0.0,0.0,0.0,0.0,0.013471915095860147,0.015698268840334425,0.0,0.016329942465342376,0.0,0.0,0.021615941663141153,0.0,0.03612434513319242,0.0,0.0,0.02501821453485948,0.012540481538168793,0.0,0.0,0.00028654920138113284,0.0,0.0,0.0,0.0008402241587885219,0.007797105102593917,0.0,0.012537751590064481,0.00712426499503834,0.0,0.00975230582023613,0.0031188488844268404,0.0,0.0,0.0,0.0,0.00895189193148157,0.004473650915791046,0.007802779421221128,0.0,0.00705114527530122,0.0,0.0,0.0,0.021205423184187843,0.0,0.0,0.0,0.0,0.0,0.0,0.012189744949341108,0.0,0.05161153694100576,0.0028851338153993316,0.05859057615656999,0.008967589250202801,0.0,0.023555241919064024,0.02173242545975257,0.0
LFQ intensity D1_4,0.0,0.001535389003373397,0.01035848059739579,0.007913466093158919,0.0,0.019297381937006277,0.0,0.0,0.01671196359207126,0.008476915873829517,0.044301816206726505,0.0,0.0,0.0,0.005060505942932365,0.00015122779695014052,0.014706280848250503,0.020878956032390244,0.016690156839886373,0.018069619567054187,0.0,0.0,0.0,0.0,0.01510109061771634,0.0,0.1334921797370745,0.0019409648546325471,0.007615262764238572,0.0,0.02591482524372528,0.01260781891268434,0.0,0.0025821145739089064,0.0,0.0,0.012250531445854841,0.011340369807795049,0.0,0.015020370606122867,0.0,0.0,0.051470596834965646,0.0,0.02056984107681425,0.04240845262701215,0.0032900902225044527,0.0,0.0,0.0,0.0,0.02778060422811011,0.0,0.0,0.01059828462871114,0.0,0.021752960121824434,0.01930386039070232,0.0,0.014063596312605252,0.0,0.0,0.008253611698369169,0.0,0.043822931568945664,0.0,0.0,0.030936036962299747,0.01098743537703608,0.0,0.0025664846560936854,0.002898573472973126,0.0,0.0,0.0,0.0,0.001472677489428435,0.0,0.0028166700413639906,0.00699345882821666,0.0,0.009690484963372133,0.01344845406341638,0.0,0.0,0.0,0.0,0.004537793608521175,0.004809115748655977,0.005765627811794293,0.0,0.004324151143477926,0.0,0.0,0.0,0.021314458755472176,0.0,0.0,0.0,0.0,0.0,0.001603171324713396,0.009307799216815304,0.0,0.057345653634822455,0.007487146244874058,0.06043725652793884,0.006766597622020802,0.0,0.02215190370295532,0.027006530198394666,0.0
LFQ intensity D1_5,0.0,0.0,0.019345897798808586,0.006549557310511632,0.0,0.024048116244281215,0.0,0.0,0.024029539380854885,0.01607108893210268,0.03966727218973049,0.0018861912926114958,0.0,0.0,0.0012534133207258403,0.0013266582787552791,0.009969734737919662,0.019201005703941537,0.017353534569417805,0.01901384471230407,0.0017312344267783305,0.0,0.0,0.0,0.009979300194570872,0.0,0.11624560031273827,0.007003097074248018,0.013283858148373432,0.0036537345801585215,0.015300716393402598,0.0062748624124410336,0.0,0.0,0.0,0.0,0.01578460438912113,0.012371716307563488,0.0,0.0275249396215436,0.0,0.02256781284700963,0.05279206670050656,0.0,0.022055396482775658,0.04056670999842157,0.0,0.0,0.0,0.0,0.0,0.025025435897596468,0.0026946145215757705,0.0,0.0,0.0,0.020132075285447942,0.012490941170493661,0.0,0.014445732671235008,0.0,0.0,0.00296110958094223,0.0,0.03587057508905385,0.0,0.0,0.026814164217062498,0.015539308827820841,0.004485515367423268,0.0,0.006009835276387514,0.0,0.0,0.0,0.007622848189105227,0.007209996689446102,0.0007107098521866124,0.007257619995248238,0.005073669870108639,0.0,0.010389282771147541,0.012491762025493148,0.0,0.0,0.0,0.0,0.006650392618719923,0.004089727517464402,0.012593596763553996,0.0,0.0027206687882000606,0.0,0.0,0.0,0.014131224717197742,0.0,0.0,0.0,0.0,0.0,0.011401095277373848,0.011121052370259184,0.0,0.0476037865437651,0.005197180410964134,0.044480789690833605,0.007970374682182287,0.0,0.020459419667241872,0.027503989292851364,0.0
LFQ intensity D1_6,0.0,0.0,0.018204395548244465,0.011822040089008463,0.0,0.027096838083470087,0.0,0.0,0.018634462402301027,0.01611827757531907,0.039478427406665725,0.003965019851329047,0.0,0.0,0.009162947571875498,0.0039101882888570106,0.005720750743167291,0.021565249339380813,0.0,0.01846689869457364,0.0,0.0,0.0,0.0,0.01396159985800014,0.0,0.12258938874512602,0.015944901821056696,0.0056820007635026695,0.0008545052294262762,0.0374039541672348,0.014339968450835953,0.0,0.0,0.0,0.0,0.016144466621884873,0.0,0.0,0.015269692211594856,0.0,0.0,0.05039897967708314,0.0,0.029334414788965348,0.04149614034480662,0.0,0.0,0.0,0.0,0.0,0.028996673541535695,0.0,0.0,0.0,0.0,0.020819798326601545,0.015781231193947018,0.0,0.022142058652147273,0.0,0.0,0.003070368384141926,0.0,0.03918105037863842,0.0,0.0,0.027043066295311634,0.0028725094112892866,0.0,0.0,0.0013427310873785274,0.0,0.0,0.0,0.0,0.004760947233575396,0.0,0.0035497597253885253,0.007061438995879369,0.003416563775502816,0.01194932006836555,0.009474648238504147,0.0,0.0,0.0,0.005617108858488382,0.010226513285813072,0.007543945515301009,0.013680824495132145,0.0,0.0025723728826416094,0.0,0.0,0.0,0.021214419666303636,0.0,0.0,0.0,0.0,0.0028751453357848547,0.0,0.016797077735416614,0.0,0.050435611044235475,0.004732351899770687,0.052222750307460854,0.007163044953430593,0.0,0.019332809024495537,0.026558351413808967,0.0
LFQ intensity D1_7,0.0,0.00028510252238361637,0.018053000007498005,0.006577264061103127,0.0,0.022405587378709575,0.0,0.005281051928436993,0.02788558515236593,0.005288139010757274,0.037697750706091875,0.0,0.0,0.0,0.004476503071982824,0.0012213158812476557,0.014948039845608435,0.021711856622729248,0.00683804449639039,0.02146961075995233,0.0,0.0,0.0,0.0,0.013534327226475,0.0,0.12064049574409598,0.011959519804584796,0.012858242872719397,0.0,0.01381585271795993,0.020480723085652464,0.006796128816441885,0.0,0.0,0.0,0.01600246567772212,0.01756283478039863,0.0,0.012656115316055157,0.0,0.021963325801818877,0.05260178888812795,0.0,0.022702268827669233,0.04056355056235471,0.0,0.0,0.0,0.0,0.0,0.022020632351227316,0.0,0.0,0.0,0.0,0.02210103105831163,0.012450359508300727,0.0,0.012133801593986738,0.0,0.0,0.007575246595823224,0.0,0.03580015857494975,0.0,0.0,0.026325842565172397,0.012165794967979359,0.009020903377146346,0.0,0.00455702624052204,0.0,0.0,0.0,0.0,0.006728726845562102,0.0,0.01428220439063611,0.008182503059584623,0.0,0.013237072970503111,0.003955542339699147,0.0,0.0,0.0,0.0,0.007959270588720703,0.004984489797461821,0.009927069021735672,0.0,0.0025345211098114664,0.0,0.0,0.0,0.011975215666579424,0.0,0.0,0.0,0.0,0.0032986548485652374,0.009768085499920224,0.004286784105077275,0.0,0.05233159831203363,0.0018223751202449518,0.04776490537580202,0.010842444410560087,0.0,0.02139264422053163,0.022298603916217873,0.0
LFQ intensity D1_8,0.0,0.0,0.015997190998412014,0.009945647077911374,0.0,0.017902853970345536,0.0,0.00115979397616223,0.03015410635878357,0.002641197717481773,0.031197310472430285,0.0,0.0,0.0,0.006378138557915812,0.0027095186043076757,0.013193033656237934,0.0261633251650739,0.008252358734108057,0.01943116288562612,0.0,0.0,0.0,0.0,0.010461964821693438,0.0,0.12239917846228304,0.006895588708309664,0.014513084446995294,0.0071778937937144556,0.013456834404425652,0.01847747137160294,0.0,0.0024719189560207457,0.0029099717766632067,0.0,0.018558696079620126,0.009022338238114803,0.0,0.025189698247973957,0.0,0.019669004883189026,0.05088425248671216,0.0,0.02145368055416971,0.04142544978717784,0.0,0.0,0.0,0.0,0.0,0.022693526400622055,0.0,0.0,0.005078155640959673,0.0,0.022352338867900823,0.018287071963413584,0.0,0.015084402938357694,0.0,0.0,0.013808687811000147,0.0,0.03705112410141287,0.0,0.0,0.031211030310322428,0.007882214056386491,0.00872226805475798,0.0,0.0027466072942597453,0.0,0.0,0.0,0.004818103435880195,0.012073996713449756,0.0027616799195424456,0.004023860005977399,0.002104285238695892,0.007201570116841997,0.007974265280293347,0.00672351387903363,0.0,0.0,0.0,0.0,0.010470906610550248,0.002252982315872951,0.0006385983621504235,0.0,0.006995643070229073,0.0,0.0,0.0,0.010972940203048981,0.0,0.0,0.0,0.0,0.0,0.014081612698193262,0.0,0.0,0.05023551333510667,0.0031542089558852775,0.04215555327621098,0.00465150516157524,0.0,0.0238063613443761,0.027892807444230103,0.0
LFQ intensity D1_9,0.0,0.0021109692071956845,0.003147399941651586,0.010339543337444196,0.0,0.022770580329404284,0.0,0.003575460429308845,0.02873114325595449,0.030085386622125704,0.03096130081889341,0.0,0.0,0.0,0.006062215272352817,0.0,0.01524201901911286,0.02432308714882996,0.0032278387443449756,0.019058502027349353,0.0,0.0,0.0,0.0,0.013935300012605447,0.0,0.12700968695876777,0.006887556366943553,0.020378498467245296,0.0012051480785088382,0.020150854218167164,0.017756350119333145,0.004614673798405937,0.0016704547634122566,0.0,0.0,0.010334757474903948,0.013520225468344629,0.0,0.018287860944264572,0.0,0.0,0.0479051266150506,0.0,0.02674664162244218,0.045374822857758505,9.016618449575575e-05,0.0,0.0,0.0,0.0,0.022253597542356233,0.0,0.0,0.002611209821701324,0.0,0.021516722382505397,0.01700854938659766,0.0,0.019672337829711846,0.0,0.0,0.004333485629246268,0.0,0.03265171976163815,0.0,0.0,0.034984000208791444,0.010770163870770915,0.011769812091848587,0.0,0.0,0.0,0.0,0.0,0.00959332588904385,0.004450040267556073,0.0,0.0,0.005110314802124303,0.009095698752832268,0.010490280736819294,0.007493898019674499,0.0,0.0,0.0,0.0,0.004736417583505609,0.006164884039506833,0.004333175591423165,0.0,0.002906672289933031,0.0,0.0,0.0,0.010164476770246648,0.0,0.0,0.0,0.0,0.0,0.0069752961255952275,0.005765241731826703,0.0,0.046605868971083264,0.005056828974940137,0.05166629968716548,0.007787466926492093,0.0,0.02354295548329998,0.024985688727145867,0.0
LFQ intensity D10_1,0.0,0.0037366885502611584,0.0047869622640332055,0.010469094618064386,0.0,0.0,0.0,0.015437576436098308,0.009905371245213004,0.025979041513538068,0.02170720198088985,0.0,0.0,0.0,0.005678827500953736,0.0023134948490098964,0.02080517629619184,0.01298859481887708,0.03435510538914883,0.016580516297745828,0.0,0.0,0.009810026644824398,0.0,0.01465623819013641,0.0,0.08484943660248331,0.0,0.025519261815265114,0.01545530104406318,0.0014978030978466572,0.00038134851806536935,0.009194627405772716,0.011604749402502603,0.0,0.0,0.007239549093908699,0.04443371553660807,0.0,0.0,0.0,0.0005709849635291575,0.04466429370080167,0.0,0.024697071945152218,0.022531947800650154,0.000390797433786796,0.0,0.0,0.0,0.0,0.008397495588186242,0.0,0.0,0.02064906100474337,0.0,0.01371565607771663,0.010285555428097493,0.0,0.0,0.007341651009692743,0.0,0.022932733608377154,0.0,0.03698913236373898,0.02363892932002303,0.0,0.013095847196974165,0.01445672176253392,0.0,0.0,0.0,0.0002249112124850226,0.006911831938418508,0.0,0.0,0.0,0.0,0.029353219737212076,0.013826530411605923,0.0,0.006599602235803381,0.01489484682695227,0.0,0.0,0.0,0.034666584298074024,0.027477528826321946,0.0,0.0,0.016424621944995405,0.0,0.0,0.0,0.022535789647274273,0.012531746599317946,0.0,0.0,0.006026834692730438,0.0,0.00657583605556034,0.0,0.0,0.0,0.027316746962049724,0.007755459746757621,0.025626588950907362,0.013101861371198282,0.007354937510358701,0.010360149485293452,0.036690783231177845,0.0
LFQ intensity D10_10,0.0,0.005316698635830195,0.01011478468434988,0.0,0.0,0.0004739383775910513,0.0,0.013752008347779638,0.016814450295390138,0.03140589677796809,0.015250398262760442,0.0,0.0,0.0,0.006989668214528785,0.0059567285989116,0.02042513074513541,0.011688646263706685,0.02172417394738326,0.018938436172537303,0.0,0.0,0.007190135143021165,0.0037543241059878395,0.03245135829319221,0.0,0.09213366289105238,0.00012012901590411502,0.02576852387546392,0.011240675473986142,0.0,0.00396475715417698,0.013850778336486857,0.012259021479382624,0.0017808835522240734,0.0,0.010354473683845105,0.05786324906971303,0.0,0.0,0.002329574394583976,0.0,0.040700592987698576,0.0,0.032454624673173255,0.026291071096406916,0.0,0.0,0.0,0.0,0.0,0.006106233046052089,0.0,0.0,0.011455726101304057,0.0,0.021806360995793597,0.007842542594123933,0.0,0.0,0.0,0.0,0.010347946840141885,0.0,0.03747401286482474,0.0068230648725271775,0.0,0.012391368386734594,0.014186867225403837,0.007259637003208284,0.0,0.0014144386542701043,0.0,0.0,0.0,0.0,0.0,0.0,0.0257706374499831,0.013757166625619066,0.0,0.006584625207337819,0.011138950150883632,0.0,0.0,0.0,0.027714246805852043,0.024453883768147208,0.0,0.0,0.020573009809766615,0.004888749777015842,0.0,0.0,0.0,0.012879981359464518,0.0,0.0,0.0,0.0,0.005442207040971659,0.0,0.0,0.0,0.023804875487708654,0.016456755850521476,0.033359826529972374,0.013632608252010603,0.01382287026826134,0.012030627485779927,0.04322198499614823,0.0
LFQ intensity D10_2,0.0,0.007684982975364778,0.004708831577737814,0.004724964967918805,0.0,0.013937264256104958,0.0,0.010772622555631512,0.014031742945267099,0.03643699796207631,0.03105961857517405,0.0,0.0,0.0,0.002670223950890052,0.014229808154301846,0.020335453485034953,0.014987918914341106,0.028326453632677426,0.018864661798608684,0.0,0.0,0.0,0.0,0.0130582560931231,0.0,0.09265325702618323,0.0,0.01836512256046276,0.006005745468794493,0.010389314783988007,0.0008696394603265534,0.004923222572733147,0.0029920823641490257,0.0034234441010569956,0.0,0.0071185325633828555,0.004477306875926481,0.0,0.0,0.0,0.0,0.04755589282261578,0.0,0.021688711818326736,0.023443354720787193,0.011864611894078772,0.0,0.0,0.0,0.0,0.0176315054435197,0.0,0.0,0.028636050174110018,0.0,0.014459231792143746,0.012776941448880795,0.0,0.0,0.004790630426848786,0.0,0.009005622828188191,0.0,0.030041463484606703,0.004684613232766505,0.0,0.020296513960826643,0.013510719418174593,0.0,0.0,0.004794375310723329,0.002594156208407017,0.0,0.0,0.0,0.0,0.0,0.02536596359730094,0.016340258612128504,0.0,0.004017455208137562,0.026952876376865418,0.0,0.0,0.0,0.029012602197887795,0.018518540112969033,0.0,0.0,0.0190812178023764,0.010331794948076291,0.0,0.0,0.023650357787046793,0.013808217709880034,0.0,0.0,0.014063800439621042,0.0,0.005638062834773774,0.0,0.0,0.0005236906754251981,0.028319959046337273,0.0014146916393219518,0.027892161289218745,0.012690216003803031,0.011938020438035091,0.016307360722895684,0.03931088795163903,0.0
LFQ intensity D10_3,0.0,0.004554866262228117,0.0037278760846148405,0.01108172021096605,0.0,0.0,0.0,0.012948772178417299,0.004052234562406632,0.025488694310518884,0.018597146039360274,0.0,0.0,0.0,0.003949056853016695,0.006182324710892594,0.019247583163384766,0.006864476755670055,0.042234142858776656,0.01318404053477781,0.0,0.0,0.017862184126432982,0.0017208209523137032,0.022055513455875163,0.0,0.09299418730635718,0.0010312274246602594,0.02415392345588899,0.01032393735005918,0.0008361396884748109,0.0,0.00983390945196846,0.007067451035611817,0.000807470437968587,0.0,0.005824254537682286,0.0,0.0,0.0,0.0,0.0,0.04483776608214882,0.0,0.019747242008164072,0.03146424355861765,0.008633172175886729,0.0,0.0,0.0,0.0,0.008639260624706284,0.0,0.0,0.02200255912031413,0.0,0.01804299485380151,0.011162412340107475,0.0,0.0,0.006822044827818782,0.0,0.020869022462622403,0.0,0.03333999017448336,0.011927449376255278,0.0,0.01644273208255038,0.01118837334892563,0.00019174927988046552,0.0,0.0023413748740457757,0.0,0.008207649059279353,0.0,0.0,0.0,0.0,0.029523590450349066,0.01160598922122371,0.0,0.005225058352921647,0.031289593494212654,0.0,0.0,0.0,0.03482491738464422,0.035370844209135215,0.0,0.0011753233510360707,0.015117853025845344,0.0,0.0,0.0,0.0,0.018097742927620616,0.0,0.0,0.0031529320816480982,0.0,0.012391563808089683,0.0,0.0,0.0,0.03320164818754166,0.006912146369702928,0.032286638551672464,0.018751114954954788,0.016495525418180793,0.009743821922475962,0.04234970629081293,0.0
LFQ intensity D10_4,0.0,0.005487793611524956,0.00813295679089206,0.0014228442819087205,0.0,6.764120177054829e-05,0.0,0.010470581196790596,0.010965877924769102,0.03089672594824762,0.023565656520193913,0.002900456037509135,0.0,0.0,0.0070049966849424035,0.009666079428093702,0.013205958203049805,0.023828377394818898,0.02578324908406455,0.01662877001393593,0.0,0.0,0.0,0.0018032830206342158,0.027574798922714777,0.0,0.10386626210304885,0.0,0.02611021395886202,0.0034636911442600723,0.007075935110527754,0.004063956239738665,0.0,0.0012817547807036085,0.004864652873171771,0.0,0.007625942278787178,0.03174458225492869,0.0,0.0,0.0,0.0,0.03387491740070435,0.0,0.0326775710618867,0.030580600078292684,0.007019606906218515,0.0,0.0,0.0,0.0,0.0065362722830386065,0.0,0.0,0.020861908557452586,0.0026299122195057724,0.018608925962289264,0.009247371701724749,0.0,0.0,0.0,0.0,0.015924122834230055,0.0,0.03247836512733054,0.013849675411902254,0.0,0.023689062188335157,0.012470203142982993,0.00011139477667223493,0.0,0.0,0.000976439167110513,0.005634877564303904,0.0,0.0,0.0,0.0,0.024665801062184238,0.016663970385539763,0.0,0.005509064327869281,0.03419237198951539,0.0,0.0,0.0,0.028661657201791684,0.027656210116974153,0.0,0.0,0.01315313613761836,0.0,0.0,0.0,0.020567300526754487,0.011867836616727297,0.0,0.0,0.007738272540861896,0.0013684223715207582,0.0006506446274146094,0.0,0.0,0.0,0.025522789853116505,0.008402229494414468,0.030186804862203372,0.004733880091384572,0.004636976272310542,0.02302528137767651,0.03412308675025163,0.0
LFQ intensity D10_5,0.0,0.007770868589802906,0.0025478876161925206,0.00479621440940357,0.0,0.0,0.0,0.013642601798597652,0.006878865661751321,0.02405543934842283,0.01661953533936188,0.0031422068183784824,0.0,0.0,0.00451496131529997,0.0092742611144207,0.01869760472143134,0.009662527333382007,0.03789014258088561,0.014070309262356903,0.0,0.0,0.013882406816790377,0.0,0.026515188185984657,0.0,0.09510290843915996,0.0,0.024779885008813486,0.003426099809671195,0.002804965965735106,0.0,0.01180216364494636,0.01707949912241273,0.001170119867858672,0.0,0.011725310562437773,0.03092157411696275,0.0,0.0,0.0,0.0,0.047722345851591526,0.0,0.027977233563240677,0.03466301235877508,0.004925361746503273,0.0,0.0,0.0,0.0,0.011106138626113303,0.0,0.0,0.015431806173383678,0.0,0.017754321490692723,0.009044800272677634,0.0,0.0,0.005358574769286192,0.0,0.014373063328672574,0.0,0.036703013502089085,0.01692083389467342,0.0,0.013068856758436317,0.014205561596580468,0.0031938647858147182,0.0,0.002061779615827105,0.0011768254386847429,0.005794136020111772,0.0,0.0,0.0,0.0,0.02617642514674815,0.011159897718984945,0.0,0.004863044656229507,0.020469892300038376,0.0,0.0,0.0,0.027837758250192107,0.03215911214074722,0.0,0.0,0.013000725917411695,0.0,0.0,0.0,0.0,0.011859626865003314,0.0,0.0,0.00921100937573312,0.0,0.010056432863360611,0.0,0.0,0.0,0.02302687234441036,0.009573301257755396,0.03423446338250368,0.010564197253953512,0.012665158116892497,0.011530135975814319,0.03735686919060622,0.0
LFQ intensity D10_6,0.0,0.0,0.015082264657345402,0.008133017968511713,0.0,0.0006357151584709961,0.0,0.012639498016184188,0.010828572336408462,0.027250273484834022,0.023559105429120687,0.00026570169755830633,0.0,0.0,0.005151330960472435,0.014442359385803493,0.014158042973566914,0.022591907415395577,0.022699236650508575,0.015681918656545755,0.0,0.0,0.0,0.0015254277353282818,0.028072052152465023,0.0,0.09499958409813697,0.0,0.026603868120571167,0.0011337722861943646,0.01524514882285267,0.003079090022799879,0.0,0.006222536911117989,0.0021470519871089914,0.0,0.010797876959212093,0.022759182761195103,0.0,0.0,0.0,0.005180968742070755,0.04476024334501926,0.0,0.031775004214785615,0.026008061328907147,0.00674309453394475,0.0,0.0,0.0,0.0,0.00932408913916279,0.0,0.0,0.027739824563299157,0.0,0.0186483925246709,0.015975365119800286,0.0,0.0,0.0,0.0,0.019964990450840152,0.0,0.036552279810381165,0.01121454927977318,0.0,0.01980701921415998,0.013908625249371531,0.0011075058667358452,0.0,0.0,0.0015168957545859901,0.005436576988778819,0.0,0.0,0.0,0.0,0.02384666617909277,0.016936810035850437,0.0,0.009534224104695612,0.014868136558703296,0.0,0.0,0.0,0.019084954446790113,0.021927205626425625,0.0,0.0,0.013547469301768818,0.0016593146563196382,0.0,0.0,0.020874256800764362,0.0033313674470773504,0.0,0.0,0.012594447437617041,0.0,0.005117687450852409,0.0,0.001294331346422032,0.0,0.027205647654144866,0.01359837032463258,0.02253351516183735,0.01439330572848597,0.0036093292493716805,0.02439569314784587,0.028279244567305798,0.0
LFQ intensity D10_7,0.0,0.005610943136599935,0.003896378516542093,0.00676944474792805,0.0,0.0,0.0,0.015490968463403866,0.00803238730205042,0.027375447963570693,0.021178398444930375,0.0,0.0,0.0,0.00807403299034431,0.012799279542880274,0.021406665900782915,0.00924270563540617,0.049511430640542385,0.01568864848709602,0.0,0.0,0.014224766929138747,0.00758231891178101,0.015579390334667407,0.0,0.08634166382162456,0.0,0.022050540063221165,0.0021573887088676214,0.03415474279906029,0.0,0.007672702545006616,0.014008887128731494,0.0022084754642676175,0.0,0.005946526182394845,0.0293080712546659,0.0,0.0,0.0,0.002252775115062107,0.02812775188836682,0.0,0.01991678057461447,0.02396927658618317,0.0034958605710941003,0.0,0.0,0.0,0.0,0.007153980140417751,0.0,0.0,0.019882911958433336,0.0,0.013886671562924781,0.016174666519174465,0.0,0.0,0.005072481586959706,0.0,0.019565109913751884,0.0,0.03469383228809164,0.012775873486828142,0.0,0.017647968151882326,0.007565286142682135,0.0,0.0,0.004145290225521458,0.00023438408557464183,0.009979174920867731,0.0,0.0,0.0,0.0,0.03108535426257552,0.01390151262869331,0.0,0.0036492032089405573,0.011329919580998932,0.0,0.0,0.0,0.030510486783939517,0.0317551965756814,0.0,0.002698679568560041,0.012547409037373058,0.0,0.0,0.0,0.015770175706626633,0.007393442761635123,0.0,0.0,0.00831369976857482,0.0,0.006415767805831582,0.0,0.0,0.0,0.03000733101664236,0.009918894051961039,0.019819767890372833,0.01015674440041045,0.011491251909169494,0.0107512205365075,0.03963166087157045,0.0
LFQ intensity D10_8,0.0,0.0,0.0053640005377174945,0.003848229884222401,0.0,0.008644138965469506,0.0,0.0020243851324911227,0.007033754373475795,0.02505343426701708,0.016234214505553304,0.0,0.0,0.0,0.0018871790947796027,0.01606089111042971,0.01928079213719531,0.009971041394081144,0.04188359132608946,0.013248470970010886,0.0,0.0,0.019195704358763756,0.0,0.0,0.0,0.08455996304405183,0.0,0.017331599968990096,0.005371453878148305,0.0,0.0,0.012128821541406211,0.00249930501761983,0.0,0.0,0.0044840102183700895,0.03681692942399997,0.0,0.0,0.0,0.012086992364483424,0.045021161997703875,0.0,0.021435993738909448,0.029235306017382685,0.0058966118383154435,0.0,0.0,0.0,0.0,0.030457961163190623,0.0,0.0,0.0,0.008647713039060905,0.0,0.012220840577781883,0.0,0.012394146302127648,0.0,0.00125441385478587,0.0,0.0,0.04706833037511552,0.025302422595466754,0.0,0.02412878124067979,0.008143975132678163,0.0021247148242422667,0.0,0.005954969065908497,0.0031888688501319935,0.01201440171572102,0.0,0.0,0.0,0.0,0.0286040515006155,0.012287411121834315,0.0,0.005613685069232127,0.02514877532726067,0.0,0.0,0.0,0.018408122888401525,0.026576408253273544,0.0,0.0,0.015651080824963245,0.0,0.0,0.0,0.02354899602411671,0.017568743232335753,0.0,0.0,0.005643090035744647,0.00036370929579389034,0.009999588590290662,0.0,0.0,0.0,0.026751247807689598,0.006875365579501328,0.02544135920242412,0.013429036969621156,0.02254887276499473,0.012658430867629487,0.043382508800708215,0.0
LFQ intensity D10_9,0.0,0.0,0.006492701489854343,0.005428446297853976,0.001413786277742645,0.004545019669484658,0.0,0.005871407544021412,0.01522624014417172,0.018124390149607185,0.02577022415210814,0.0,0.0,0.0,0.00774849073258484,0.007430378238506083,0.019497959498331913,0.010448028400747326,0.0391604989288229,0.026554333637410953,0.0,0.0,0.015222740956903331,0.0,0.0,0.0,0.089635366512523,0.0,0.026258645904694147,0.0,0.0,0.0,0.011946850128959928,0.01289839599489014,0.004294525541976551,0.0,0.008919586862650594,0.0359664805555517,0.0,0.0,0.0,0.0008934944327179365,0.04393697844180448,0.0,0.023431826827966403,0.02648991382496233,0.0005874720478994097,0.0,0.0,0.0,0.0,0.015602160923549345,0.0,0.0,0.0,0.0,0.013967525743900666,0.0177385892090732,0.0,0.0,0.0,0.0,0.033099569006371565,0.0,0.041683929596959976,0.024103304189336934,0.0,0.013654961490031153,0.013320431354403375,0.004256346693625848,0.0,0.0,0.0,0.0,0.0,0.0,0.0,0.0,0.027908535306216745,0.016563356744530012,0.0,0.00924444405339499,0.02820835586755701,0.0,0.0,0.0,0.029945106950338883,0.023735102374960654,0.0,0.0,0.017192809893835245,0.0,0.0,0.0,0.0,0.015535574612177146,0.0,0.0,0.015902378674137883,0.0,0.009556418300942523,0.0,0.0,8.996204441655644e-05,0.023838721559182912,0.006928314036977236,0.02964511168839732,0.011659049646861722,0.01268685955634608,0.010491051938264145,0.03924784534946301,0.0
LFQ intensity D2_1,0.0,0.006330455727762183,0.0,0.0019565403720061647,0.0,0.018571947850214005,0.0,0.010909233543149294,0.026085932342054745,0.04262752261389836,0.03597143324748724,0.0021429379030534893,0.0,0.0,0.004513104213245971,0.013978317264264621,0.01871073305046985,0.019290518406988137,0.017870661030997135,0.015431345301030193,0.0,0.0,0.0,0.0,0.01098836655964817,0.0,0.09849389545054295,0.0002791022787543645,0.011041299647314434,0.0,0.0001985823070382262,0.01845752486735249,0.0035835688213286597,0.00046571857161521903,0.0,0.0,0.014395470645350213,0.022971193555071916,0.0,0.006226759195414097,0.0,0.001535455184023968,0.06452567840969303,0.0,0.018583808574302235,0.03019048318067633,0.0,0.0031860913014063992,0.0,0.0,0.0,0.023180920623409346,0.0,0.0,0.006986793118301567,0.0,0.01863547774026263,0.013071974281756767,0.0,0.014812914044006689,0.0,0.0,0.010888111542165686,0.0,0.028901496124988473,0.006118438129697851,0.0,0.0266508432911699,0.01391349250496986,0.009192006437269013,0.0,0.000985170209318111,0.0,0.0,0.0,0.01610438446871012,0.017379679489535414,0.0,0.014965347860977493,0.013718516803775092,0.0,0.0016324416915742205,0.0,0.0,0.0,0.0,0.0,0.012993864805067763,0.0,0.0,0.009948574160885458,0.004812796166271898,0.0,0.0,0.010122170934945633,0.015020744861140902,0.0,0.0,0.0,0.0,0.0032235999259792266,0.0059997331347226065,0.0,0.0,0.046976739062258695,0.0037117129347671437,0.03948670001544423,0.013656623810202528,0.01278334289217057,0.018399857993359914,0.026211849524741027,0.0
LFQ intensity D2_2,0.0,0.0012752920675481178,0.016904155671493913,0.0035135786873740065,0.0,0.021636338448521163,0.0,0.005543676574514497,0.025040537852409478,0.01718266578125817,0.03615112081232984,0.0,0.0,0.0,0.008956833532666148,0.009329811067078645,0.01688275108583091,0.01742989465683906,0.012988974016443,0.02127657142425724,0.0,0.0,0.0,0.0,0.004405291562242776,0.0,0.10909372587149521,0.0013413412798231807,0.012815655685061147,0.0,0.003217739854190273,0.0011354027699941214,0.005376964162019247,0.0,0.0,0.0,0.014038784997250212,0.022719723441706578,0.0,0.006693067415629587,0.0,0.01467001723459145,0.052475292463093196,0.0,0.028984593935264993,0.030633566391608733,0.002895667144068337,0.0,0.0,0.0,0.0,0.03308244313491621,0.0,0.0,0.0,0.0,0.019065453735993394,0.01326128959598287,0.0,0.006526476376331501,0.0,0.0,0.006420461318407185,0.0,0.03638398534558985,0.008120695693658635,0.0,0.0243994037875828,0.017750661520444785,0.0036227118941141606,0.0,0.005644840203983696,0.0,0.0,0.0,0.00907413212631592,0.010808638620714149,0.0,0.013183401157009068,0.011989297157498273,0.0,0.000992761662805287,0.0042211368438939325,0.0,0.0,0.0,0.0,0.015178566948922072,0.0,0.0,0.00595481256840725,0.005397102240365299,0.0,0.0,0.017191382548643795,0.0219344399211321,0.0,0.0,0.0,0.0,0.004040919061279347,0.010158588342915558,0.0,0.0,0.04572127974546813,0.0025055702058194938,0.04620752385818895,0.012104615189056143,0.018370685560199478,0.017356733459750178,0.02872095428800731,0.0
LFQ intensity D2_3,0.0,0.0007641638707752516,0.019666497887994867,0.008212663373445651,0.0,0.026328860729292154,0.0,0.0,0.023974945914004033,0.01892925014290391,0.03727733678630525,0.005253257326387539,0.0,0.0,0.008912152498844046,0.0037207481968490807,0.01239012401227948,0.020499088448211404,0.003537386825139823,0.021242457112257356,0.0,0.0,0.0,0.0,0.013718182916563149,0.0,0.10305293886732554,0.006787085862224935,0.015420591877489306,0.007193879497100693,0.005289055818510037,0.019791584292221262,0.005033543018329559,0.0,0.0,0.0,0.015058595529808599,0.02057004629656431,0.0,0.004172326327965366,0.0,0.0,0.05836250364616433,0.0,0.026135605088471684,0.03848833944862218,0.0,0.0,0.0,0.0,0.0,0.025888254440538508,0.0,0.0,0.0,0.0,0.023787166902170143,0.015414560866417302,0.0,0.013346856383131607,0.0,0.0,0.0024690212365211088,0.0,0.03181811079683091,0.008514204165395004,0.0,0.02534878034036288,0.017154985438359832,0.009354319971610034,0.0,0.0066639524836120635,0.0,0.0,0.0,0.0,0.01209021659383695,0.0,0.019416787151832652,0.009701099513291452,0.0,0.0017058782038348616,0.010887205321260248,0.0,0.0,0.0,0.0003845561737649776,0.013077406168197005,0.0,0.0,0.003643550506585155,0.006521835010345777,0.0,0.0,0.0021337918413113664,0.00975819769439554,0.0,0.0,0.0,0.0,0.008346277670269128,0.009655700957937925,0.0010320737785528991,0.0,0.046515270599093564,0.000839128984850572,0.04030079380810937,0.020697294624392192,0.00474942290976695,0.019639451158874763,0.029360636692496445,0.0
LFQ intensity D2_4,0.0,0.0032607738980551734,0.012720724380972976,0.0038560064725713657,0.0,0.01953318330874382,0.0,0.0006924452928355097,0.026810860356100266,0.014113799039358024,0.03142976631488986,0.0,0.0,0.0,0.009965315433384537,0.00622915766612342,0.015589904003056994,0.020893122999704847,0.009116461041398329,0.018483715678659866,0.0,0.0,0.0,0.0,0.0072150603784204076,0.0,0.1068316634181726,0.00525043660511929,0.017233596217084212,0.0,0.0,0.0,0.0,0.0,0.0,0.0,0.013565828810974987,0.032902433600555676,0.0,0.0010002214419904405,0.003251449757021728,0.017670821775153833,0.05937589930612083,0.0,0.0218286759602881,0.03405154069545751,0.00021518285740772383,0.0,0.0,0.0,0.0,0.033825314932506026,0.0,0.0,0.0,0.0,0.018943745301198564,0.01597062670828763,0.0,0.015372232557603388,0.0,0.0007536349745686756,0.006899552533292492,0.0,0.029970752350533775,0.01408959111550213,0.0,0.028850328318027335,0.016062496796408393,0.0067506904985947915,0.0,0.008824961849310673,0.0,0.0,0.0,0.010079114354108775,0.006419020794785864,0.0,0.016151457665426087,0.019439822678789503,0.0,0.0,0.0,0.0,0.0,0.0,0.0,0.022987782253316165,0.0,0.0,0.0032820248422131917,0.004634603893587981,0.0,0.0,0.008463048220884522,0.011998358060290553,0.0,0.0,0.0,0.0,0.004425470078486758,0.015784213581924233,0.0041867878366614805,0.0,0.0477564294181668,0.001887514860265498,0.038605308874115875,0.009389309498896662,0.012155505300152825,0.01937833812580851,0.033573915016662244,0.0
LFQ intensity D2_5,0.0,0.0,0.007999394371502416,0.007608242003275936,0.0,0.017932667599450006,0.0,0.005435475412064647,0.03374279672281613,0.004879347142980941,0.03492839170421203,0.00033113322327952497,0.0,0.0,0.0030539054749993745,0.0025538193092664507,0.016448294068672206,0.02366592665920552,0.026437139280930718,0.019668472992978275,0.0,0.0,0.0,0.0,0.01204829337971961,0.0,0.09752014944155267,0.0,0.018823638338446375,0.0,0.0002641117757339714,0.017411318492151048,0.0,0.00124718431566335,0.0,0.0,0.014991756516411586,0.02892903078455848,0.0,0.0036440266731694064,0.0,0.008205886469040967,0.05449023558215612,0.0,0.020104934572524377,0.03779819447930702,0.005517657116511606,0.0,0.0,0.0,0.0,0.018403994086921484,0.0,0.0,0.001495419390626787,0.0,0.021164068114188445,0.0226314292422996,0.0,0.010563942883437405,0.0,0.0,0.014092127591985781,0.0,0.03569078107659744,0.0061906448070553136,0.0,0.028303418182737985,0.005909638593529488,0.007949344814605637,0.0,0.0016783222267792131,0.0,0.0,0.0,0.012740013141392436,0.00700759508130502,0.0,0.017806069656002087,0.01163839995121561,0.0,0.005238320910028621,0.0021700760166939283,0.0,0.0,0.0,0.0,0.01337550703043113,0.0,0.0,0.011625690583941733,0.012473558000451251,0.0,0.0,0.015693447610548528,0.013024598119052636,0.0,0.0,0.0,0.0,0.0,0.0052178436860412505,0.0,0.0,0.05421006970472623,0.006255087021764837,0.04054615019797261,0.016449946703815357,0.005815458733962958,0.022360821129522545,0.026596791807785798,0.0
LFQ intensity D2_6,0.0,0.0012621175163962002,0.01610137304884715,0.006764176922388093,0.0,0.027520431068829197,0.0,0.0036538952671425376,0.026005766137036836,0.01973043209418937,0.03541391299325469,0.0,0.0,0.0,0.011879746569523971,0.007242361120366571,0.013576648336845128,0.01847074489777092,0.014911920835176645,0.02168231813090215,0.0,0.0,0.0,0.0,0.010186974918380548,0.0,0.10210777448430254,0.0,0.02352526943821341,0.002826308954113586,0.011570115188291149,0.020284294975646655,0.0009610626805449025,0.0010398868920061348,0.0,0.0,0.01239505674971806,0.02356683093344085,0.0,0.01036860874063262,0.0,0.0,0.0525731776838238,0.0,0.026929029391518693,0.03070819499884463,0.0,0.0,0.0,0.0,0.0,0.026533625544548144,0.0,0.0,0.0,0.0,0.020978492956078388,0.014356830302450536,0.0,0.011900443101571073,0.0,0.0,0.010581081312570184,0.0,0.03822123139123877,0.00012769110826824103,0.0,0.0282554022650527,0.015867695136701197,0.00979566247802751,0.0,0.007861680176471299,0.0,0.0,0.0,0.001575095834971048,0.015286561561141752,0.0,0.010214907997342357,0.007890233735840012,0.0007994833448226429,0.007963126220500012,0.0022913807920639656,0.0,0.0,0.0,0.0010257156317449116,0.01203569576771894,0.0,0.0,0.0065200694246962,0.011201444445621817,0.0,0.0,0.008928680457663464,0.010869628345903508,0.0,0.0,0.0,0.0,0.0018941060807749692,0.0023312665452637858,0.0,0.0,0.046218884924099556,0.00550866516135662,0.03843823972173996,0.020987983179324547,0.0,0.018433823383290884,0.031846740702993946,0.0
LFQ intensity D2_7,0.0,0.0,0.009822237201433437,0.003471130103641482,0.0,0.0286749225120824,0.0,0.006397319593188032,0.030887114693958898,0.005491778972929393,0.03424242261772056,0.0,0.0,0.0,0.008538587887376813,0.0,0.02021587619167893,0.023153064268355367,0.01238634038974178,0.019710098032222914,0.0,0.0,0.0,0.0,0.009233362534725256,0.0,0.10113958014806496,0.0,0.014680631724883526,0.0,0.004503328297081561,0.02001107814861831,0.006903513061810987,0.0005259360819359142,0.0,0.0,0.017532940312373315,0.026837042936268145,0.0,0.004008222297185946,0.0,0.011317212165245007,0.05579988777014911,0.0,0.023786484294033693,0.03742257689202969,0.0010448974185725405,0.0,0.0,0.0,0.0,0.01935092170724957,0.0,0.0,0.0,0.0,0.024014377272649788,0.021715496181444756,0.0,0.006276702362137356,0.0,0.0,0.011989967973456712,0.0,0.03350034210255631,0.00782474296559789,0.0,0.028276663672910478,0.014573761882109623,0.001424935834871098,0.0,0.0010979680350709272,0.0,0.0,0.0,0.009937624033642973,0.017503123108307463,0.0,0.013767952439621256,0.012082798841427166,0.0,0.0017594252074234137,6.113140520939103e-05,0.0,0.0,0.0,0.00023896673681918814,0.012923726161362043,0.0,0.0,0.0104957186733472,0.009284998801138627,0.0,0.0,0.009660368529945227,0.012024597444474582,0.0,0.0,0.0,0.0,0.0,0.006212079734099283,0.0,0.0,0.04999755266038232,0.00024241838969939655,0.042033121246601364,0.008967942332479113,0.015570449560729989,0.023994425319207716,0.035458112836719784,0.0
LFQ intensity D2_8,0.0,0.00234914161566195,0.0040756990007591925,0.0006438430597218648,0.0,0.02529357254807705,0.0,0.008262798377324321,0.03118614049099741,0.040082809771432325,0.032846685833794735,0.0,0.0,0.0,0.0044341122109160845,0.0013423284478124714,0.017944018813076366,0.019977700282884266,0.013337028961906625,0.019280654301240856,0.0,0.0,0.0,0.0,0.008441501427123887,0.0,0.10031108426165719,0.007926017477109465,0.012974452973761024,0.0,0.0029715577364358143,0.016773596409640625,0.005170198766335328,0.0,0.0,0.0,0.01044624023588539,0.02778654809482574,0.0,0.009023366746679442,0.0,0.009667381080238697,0.052541907665191415,0.0,0.021890203093570496,0.03284875848432989,0.0,0.0,0.0,0.0,0.0,0.020867951425802687,0.0,0.0,0.0,0.0,0.01956491308905718,0.008676783462916763,0.0,0.007254102172683964,0.0,0.0,0.015226477425427124,0.0,0.033079171987352704,0.009024699071213836,0.0,0.02296478565735626,0.015691844995013218,0.0032851577524012094,0.0,0.006374173201885755,0.0,0.0,0.0,0.010907691899693204,0.005518397847127299,0.0,0.019776574794801206,0.011948235028877803,0.0,0.0022260829811259113,0.0,0.0,0.0,0.0,0.002853594585525459,0.01283771721059174,0.0,0.0,0.009793957629800811,0.008702648900859885,0.0,0.0,0.007450875479725663,0.012867653256794898,0.0,0.0,0.0,0.0,0.0019011106077362287,0.013847302202275867,0.0010492148851931303,0.0,0.04942058672204564,0.005755247263664631,0.045342973962439505,0.010914515717919389,0.01600781642080364,0.02214023471391215,0.02689815947958534,0.0
LFQ intensity D2_9,0.0,0.0037434230398743634,0.016190151982699175,0.0035398791341876698,0.0,0.017935792458443105,0.0,0.002105677627376475,0.03584910606426338,0.0091170550490373,0.031370646238271696,0.0,0.0,0.0,0.0014932362453076956,0.0030396092041038306,0.02437822193873294,0.020463466057363534,0.013349028384572689,0.017431843561646242,0.0,0.0,0.0,0.0,0.012489595148661731,0.0,0.09922182833733646,0.004904158791442601,0.02148380464286517,0.004667666931265321,0.00223731338369528,0.01742918896332064,0.004522886533246679,0.0,0.0,0.0,0.016545122474160328,0.028477555812967806,0.0,0.012182347134821928,0.0,0.0,0.05418875173759607,0.0,0.022594047692102454,0.032305205647773165,0.004280672211726405,0.0,0.0,0.0,0.0,0.01881531548323086,0.0,0.0,0.0007310054617083664,0.0,0.022305754749908355,0.01850953096948293,0.0,0.011389070861681356,0.0,0.0,0.008034443433572257,0.0,0.029636741187604333,0.010667721247362202,0.0,0.028416878704959705,0.013803749269833345,0.005074867299371623,0.0,0.007515887153983228,0.0,0.0,0.0,0.008236522675919756,0.01653812129038223,0.0,0.018701654836779425,0.011046551566598435,0.0,0.0007337429178462309,0.0038199227236547896,0.0,0.0012155439924017497,0.0,0.0,0.01434935056534361,0.0,0.0,0.00720717049570948,0.004729087042372606,0.0,0.0,0.0,0.006394841689930419,0.0,0.0,0.0,0.0,0.0048424516234618995,0.018719008775479305,0.0,0.0,0.04699498866030219,0.005365618752192603,0.036991666076614554,0.01550586835319404,0.01672042297124411,0.023102554150568364,0.026346662588443582,0.0
LFQ intensity D3_1,0.0,0.0036704976381037044,0.0,0.0020575244299812475,0.0,0.030956703401244186,0.0,0.006281243842365861,0.03264357515089487,0.04340513668422582,0.0331929845038419,0.0,0.0,0.0,0.014328999815356342,0.005474978254270877,0.01711910445490121,0.018131251858215684,0.01759492238300137,0.01959566432927833,0.0,0.0,0.0,0.0,0.003959654247953802,0.0,0.09112834134173917,0.0,0.025408116235367272,0.0,0.007839364995151388,0.01239753522941411,0.004229542187099732,0.003008708381042029,0.0,0.0,0.014731968315645504,0.03744780893939955,0.0,0.010143259931975167,0.0,0.006730409901652225,0.05778538143342746,0.0,0.029571991373863883,0.026982493214586113,0.001820541437596106,0.0,0.0,0.0,0.0,0.023429987673578317,0.0,0.0,0.0,0.0,0.02000432146251113,0.01257297265900583,0.0,0.011096216328057896,0.0,0.0,0.010857042001705368,0.0,0.027979885288380697,0.013124570321519188,0.0,0.0233046298455473,0.017420320294051356,0.0033564181797524732,0.0,0.0,0.0,0.0,0.0,0.007288834532370883,0.01089635532520955,0.0,0.013569163069845331,0.011811706926086612,0.0,0.0074487807484228405,0.0,0.0,0.0,0.0,0.0018784963102173734,0.011405534507567492,0.0,0.0,0.015594158915461506,0.00678601039131846,0.0,0.0,0.00031929381509623796,0.010292535344221969,0.0,0.0,0.0,0.0,0.0007226653799270013,0.0024578736471913775,0.0,0.0,0.035422734799244224,0.004840680471700256,0.037663885881741736,0.014422591672054001,0.01755240566761586,0.016436937463193517,0.03240528716580937,0.0
LFQ intensity D3_10,0.0,0.006243366375416671,0.0071650398110213835,0.00331880206379573,0.0,0.023447572217069536,0.0,0.002211800316797454,0.02749549431234321,0.0379300036447704,0.03429839953047728,0.0030328954764789915,0.0,0.0,0.0,0.006563714216517453,0.02287561316660368,0.019644705537383733,0.020368923812629926,0.017462333823991528,0.0,0.0,0.0,0.0,0.01450668877197689,0.0,0.09296671167389671,0.000934512854070778,0.027329306268259756,0.0,0.007297156531639752,0.010453140869424622,0.005429839906386848,0.0,0.0005823830479863969,0.0,0.01602795545755226,0.019137022090381317,0.0,0.008365980935564152,0.0,0.006606518970417886,0.047040668255467266,0.0,0.024100145937555342,0.03330276982420225,0.0,0.010893350071637272,0.0,0.0,0.0,0.01730945605355818,0.0,0.0,0.00012558895562301645,0.0,0.021436549082329955,0.007787714664107951,0.0,0.00550627428522622,0.0,0.0,0.0029071873394823674,0.0,0.0365009524298201,0.012664064058184337,0.0,0.023155398738375455,0.017436842466633903,0.007426222176460664,0.0,0.003308992869979025,0.0,0.0,0.0,0.0,0.0,0.0,0.014262700800932279,0.010537085720831597,0.0,0.009136245487590419,0.0,0.0,0.0,0.0,0.006755213874304786,0.017927156699198823,0.0,0.0,0.011531233206093703,0.0030521510218118,0.0,0.0,0.01772527029484923,0.011921435568894738,0.0,0.0,0.0,0.0,0.0027884856036623153,0.007655448200399597,0.0,0.0,0.04840345155983569,0.00628734565803271,0.04027096596970894,0.012946392841643747,0.0119294009544417,0.02146206036568424,0.03280989728058591,0.0
LFQ intensity D3_11,0.0,0.0024254835714678127,0.006474455951945325,0.0,0.0,0.020796816638697903,0.0,0.004307800510153454,0.02946008008628687,0.033325178735930626,0.03231698073942975,0.0,0.0,0.0,0.007728006200880007,0.0036467329541468407,0.020514698771500636,0.019424959752925876,0.017490848198403883,0.020461550517731037,0.0,0.0,0.0,0.0,0.011106443645703713,0.0,0.09248756170092942,0.00044979225694407026,0.02245344698935982,0.0,0.00204368582773434,0.01701091599418755,0.005540974060278627,0.0,0.0,0.0,0.015755955040982865,0.04073499246725955,0.0,0.0061109794125488275,0.00034987424819485265,0.007160043125411136,0.05014764040948596,0.0,0.03156494580498253,0.024179933657426163,0.0,0.0,0.0,0.0,0.0,0.02242943231939221,0.0,0.0,0.0024564549622047857,0.0,0.018794806522887394,0.013494726187649875,0.0,0.009252521546881725,0.0,0.0,0.010965084178378428,0.0,0.030810617676843583,0.017067360622750417,0.0,0.020649405624046664,0.015733763031390815,0.004913695908918134,0.0,0.0013638363250899769,0.001689838070259849,0.0,0.0,0.007944648543222264,0.0,0.0,0.015923714272997064,0.011655828136351444,0.0,0.005777490097128835,0.0,0.0,0.0,0.0,0.0006671004425647642,0.013914702518477425,0.0,0.0,0.012560545910023034,0.008277373275631017,0.0,0.0,0.01876557508987134,0.014803300685601215,0.0,0.0,0.0,0.0,0.004836831145607157,0.003951717079341633,0.0008454265701114963,0.0,0.04099917866868492,0.0002522398081549798,0.04039402679179322,0.015295555800125106,0.013711151357018872,0.020600346026993822,0.03373092753267724,0.0
LFQ intensity D3_2,0.0,0.0022893281699056063,0.014567819684911708,0.001921951507057673,0.0,0.022633951888273354,0.0,0.0014907096339390026,0.025227254990303413,0.017202024013166405,0.03358484542565788,0.004529469656798326,0.0,0.0,0.008925901567465444,0.003224111005970353,0.015062985291065725,0.01978102977029357,0.013731168474697195,0.021067658516690468,0.0,0.0,0.0,0.0,0.0033327268268625388,0.0,0.09562032399527341,0.00651322534752955,0.018272424523897282,0.0,0.0,0.015800886812044068,0.0031326044495838777,0.0,0.0,0.0,0.01843733183808211,0.03665822743276244,0.0,0.005015808548799787,0.004026754614456512,0.012884075950029269,0.047777429964037804,0.0,0.03327938829546476,0.030428327548316158,0.00016265278405250505,0.0,0.0,0.0,0.0,0.03109886200489352,0.0,0.0,0.0,0.0,0.02406610767732717,0.021557931646472253,0.0,0.01259784424656387,0.0,0.0,0.001460550330782372,0.0,0.038648737323019544,0.011812580871408108,0.0,0.017150023732229198,0.017693005598594738,0.0040264673893360544,0.005658976161142561,0.0048135532865561945,0.001761657245864228,0.0,0.0,0.0,0.0,0.0,0.012612412426837345,0.010434950561230113,0.0,0.00564217596553261,0.0,0.0,0.0,0.0,0.00170294164041396,0.013897638073603497,0.0,0.0,0.010263644389073689,0.0067489184793212385,0.0,0.0,0.0,0.007613386975977619,0.0,0.0,0.0,0.0,0.008673557522142727,0.019354489330480156,0.0,0.0,0.04079086187009017,0.008536480335111857,0.03671041989564595,0.01601970610783611,0.014634729155717252,0.021076317880248174,0.03635867334915947,0.0
LFQ intensity D3_3,0.0,0.0026257644841579317,0.0075730707465892005,0.00042857501019176437,0.0,0.019984419325830505,0.0,0.0051227345991122575,0.033270506797945805,0.014950874552338409,0.03462475262018599,0.0,0.0,0.0,0.007263280725713838,0.007568467671603027,0.026603508100903752,0.020406795706815403,0.018971018190872636,0.019688809324639962,0.0,0.0,0.0,0.0,0.0056380710471404935,0.0,0.09702574120751353,0.0,0.022037011220330516,0.0,0.003639138423339585,0.014865723744197748,0.002224993156856767,0.000682451763228858,0.0,0.0,0.01620581631599402,0.03187095948693721,0.0,0.0056881963744908025,0.0,0.007601194315123839,0.05140647928646957,0.0,0.0294619235706958,0.028896772482007338,0.0009592600376290629,0.0,0.0,0.0,0.0,0.024356057919355138,0.0,0.0,0.0,0.0,0.020872934986683887,0.017044968618233652,0.0,0.0076367979468585446,0.0,0.0,0.012129391622832268,0.0,0.031985340994272894,0.020669285486274086,0.0,0.023946242880812686,0.01778390907990855,0.004747471433809409,0.0,0.0,0.0,0.0,0.0,0.008680583502012769,0.0,0.0,0.0171899909258558,0.008396895318239955,0.0,0.0041477333087867295,0.0,0.0,0.0,0.0,0.0014089881641190236,0.015572624358170258,0.0,0.0,0.014001287651302959,0.006406359633844563,0.0,0.0,0.014477270582159486,0.010685440802952275,0.0,0.0,0.0,0.0,0.004902872735497693,0.00736661118495743,0.0,0.0,0.03844249463404751,0.006712357939451235,0.03810755246279361,0.012047794565722986,0.02018254204547425,0.02110766679104301,0.0317042221356718,0.0
LFQ intensity D3_4,0.0,0.008543954747855364,0.0,0.0019992959464225704,0.0,0.035041497495734646,0.0,0.006642586262793847,0.029796556652682618,0.04717126262998742,0.038971087615241505,0.0,0.0,0.0,0.008841008499472646,0.004339786240663375,0.02311064961687269,0.023145190286096406,0.020536915118764733,0.0189229293751902,0.0,0.0,0.0,0.0,0.0035002923318151677,0.0,0.09601479405470324,0.0,0.02588641783185568,0.0,0.0,0.01572742884502188,0.003950298914443903,0.0,0.0,0.0,0.014224789272901776,0.013383253320673333,0.0,0.0029993228072657165,0.0,0.007790097344113718,0.056546986045084506,0.0,0.028714223969138978,0.0306836766305013,0.0011270368970865692,0.000460197539843896,0.0,0.0,0.0,0.02255574980027558,0.0,0.0,0.0,0.0,0.023067982091979532,0.010231987022146899,0.0,0.009988128908628276,0.0,0.0,0.0037086413061821403,0.0,0.02909736247299468,0.013793375448348218,0.0,0.023521648826823307,0.015737928002105377,0.008924255533201763,0.0,0.0,0.0,0.0,0.0,0.0006590271408931208,0.0,0.0,0.018909660859322233,0.012264530508343413,0.0,0.003705835612167402,0.0,0.0,0.0,0.0,0.0011029223355584737,0.016734460083335408,0.0,0.0,0.016377506748650548,0.00797266439737935,0.0,0.0,0.0019206238323191782,0.0086420356930266,0.0,0.0,0.0,0.0,0.008197528228660962,0.0,0.0,0.0,0.04559593592779298,0.0004769249169045939,0.03916620915588436,0.016219253632551306,0.022151162854955497,0.02257766753084278,0.02862745483649841,0.0
LFQ intensity D3_5,0.0,0.006574769922610187,0.0,0.004483580655424319,0.0,0.034252794994280605,0.0,0.008569212917537105,0.029382878576086967,0.04667727539882029,0.03578986168741903,0.0,0.0,0.0,0.013855028220509007,0.009926040690530035,0.019230112941384415,0.01727430304566356,0.017753252532995874,0.019100838479812688,0.0,0.0,0.0006412920274569924,0.0,0.0,0.0,0.0934029192185518,0.0,0.022229350551951948,0.0,0.00046418520961273715,0.014140457617517069,0.0,0.002335830512408393,0.0,0.0,0.015705292976438526,0.03261960433329059,0.0,0.00223109561937907,0.0,0.01104026673667071,0.05077568397046169,0.0,0.03421128385245376,0.03021279522687529,0.0,0.00015172954180120085,0.0,0.0,0.0,0.02160688757337231,0.0,0.0,0.0,0.0,0.019678061220501853,0.016208238583892597,0.0,0.009713909657392765,0.0,0.0,0.008652901819478519,0.0,0.03150580083352757,0.00963800613750036,0.0,0.022377634690854242,0.017084341520671252,0.007029692155949999,0.0,0.0,0.0,0.0,0.0,0.0015922429209950322,0.0,0.0,0.011259649715055544,0.014698250858156856,0.0,0.0,0.0,0.0,0.0,0.0,0.004795735836682338,0.020084900286211616,0.0,0.0,0.013744417861933228,0.006158896636724314,0.0,0.0,0.0,0.01175468209762518,0.0,0.0,0.0,0.0,0.007457595772369773,0.013642663223314087,0.0,0.0,0.042454836460040134,0.003342273614411622,0.03700656035400454,0.013517405902672622,0.017020321465281003,0.017957000013831905,0.02698535532960479,0.0
LFQ intensity D3_6,0.0,0.0006712890988232464,0.00832944423782992,0.0,0.0,0.029269920757961677,0.0,0.007551989646586013,0.03135588410342915,0.04385854986694259,0.03533678129872978,0.002734026501799877,0.0,0.0,0.006753718008821977,0.005995539149161379,0.015096752086088043,0.018091921550422337,0.012973642315513045,0.018788517700241664,0.0,0.0,0.0006813174562160982,0.0,0.0035774631986546183,0.0,0.09744953332069695,0.001938521525749707,0.016349630982001435,0.0,0.017983233455358377,0.0,0.0,0.0,0.0,0.0,0.014687171854220036,0.022762701478680588,0.0,0.01068778495417406,0.0,0.015155073953299517,0.05552446798043904,0.0,0.03152159444199689,0.028857989090558915,0.0,0.0,0.0,0.0,0.0,0.026597129347547908,0.0,0.0,0.0,0.0,0.02232330048578942,0.009554580575470895,0.0,0.0045343122642882,0.0,0.0,0.007359931442886807,0.0,0.028466081521293707,0.02054167920137288,0.0,0.02441360537442623,0.016041466211228903,0.005547031797814168,0.0,0.00653582192845257,0.0,0.0,0.0,0.006530759027400927,0.0,0.00017488999665165778,0.013781345666415937,0.006306356385956294,0.0,0.004379350648402001,0.0,0.0,0.00013253909513560882,0.0,0.004337613859428214,0.013510384510667411,0.0,0.0,0.0049217973930551495,0.005769152442925257,0.0,0.0,0.0,0.008596677368291996,0.0,0.0,0.0,0.0,0.005108804938289455,0.026527855458559995,0.0032044773566057673,0.0,0.04403055142558888,0.010961061431435042,0.04327479884637564,0.007664603538443611,0.008874169335550524,0.019712659014576625,0.03630075209527528,0.0
LFQ intensity D3_7,0.0,0.003954757989059934,0.006198100500722125,0.0,0.0,0.025704027218445002,0.0,0.006616159153233577,0.033778771476774126,0.03816197762515539,0.0340578637350485,0.0,0.0,0.0,0.009719827228995972,0.012882347461328008,0.0237486630079271,0.0192744879704654,0.027664269263236587,0.016280601869155517,0.0,0.0,0.0,0.0,0.008661967140831974,0.0,0.09400851237016425,0.0011253435665666551,0.020391980592321196,0.0,0.0,0.013959098660222428,0.007954264926476984,0.0,0.0,0.0,0.017213419314701394,0.035140129619922016,0.004983152525674525,0.008488783142531422,0.0,0.006659434430555781,0.04707476981532528,0.0,0.03414441444976458,0.02393710446873353,0.0,0.00021135921131536152,0.0,0.0,0.0,0.017355970463502388,0.0,0.0,0.0,0.0,0.022766457180505323,0.0108138695638382,0.0,0.0037938880103674548,0.0,0.0,0.0062245874066039625,0.0,0.03427507263245902,0.017346642167596165,0.0,0.020542060180509643,0.015339748971185327,0.004566255152380943,0.0,0.0013635626147447328,0.0,0.0,0.0,0.009337452836972564,0.0,0.0012356084605397188,0.019197474148852575,0.00705778163703063,0.0,0.0036187202455310974,0.0,0.0,0.0,0.0,0.0012127058872385748,0.01325694938589311,0.0,0.0,0.015402972058101644,0.010172200547120733,0.0,0.0,0.0,0.010419590254874751,0.0,0.0,0.0,0.0,0.0025952891231163008,0.0,0.0,0.0,0.04720749099847405,0.000782124319066363,0.04061866625927121,0.018312349898007434,0.014819651089772375,0.022595328619932006,0.025773941151857063,0.0
LFQ intensity D3_8,0.0,0.00555883682342084,0.005071257957953472,0.0,0.0,0.03052862608589046,0.0,0.008896753279811632,0.031277861792708736,0.040409122393227144,0.03355419117366197,0.0,0.0,0.0,0.006824633375580467,0.011221007578866857,0.02376895214567727,0.021409088385018173,0.015399862661121727,0.01982042867415773,0.0,0.0,0.0,0.0,0.0053497342772471776,0.0,0.0918972798776348,0.002474528821605014,0.020688389734103693,0.0,0.010911164098853881,0.01274014707421671,0.00636349864577246,0.0,0.0,0.0,0.015995102488496386,0.03350187251420966,0.0,0.00485280010093325,0.0,0.009668433374431155,0.04920218431099273,0.0,0.02868943534548877,0.023787254945011552,0.0031264252148209717,0.0,0.0,0.0,0.0,0.023126339937025644,0.0,0.0,0.0,0.0,0.020408974622367248,0.008154377562473229,0.0,0.007232554550530643,0.0,0.0,0.0122524287047009,0.0,0.030099967253381276,0.012206377291231587,0.0,0.020083003525232845,0.015736696082196185,0.003988792634055208,0.0,0.006702407265177005,0.0,0.0,0.0,0.005550926662027829,0.0005063557831103787,0.0,0.012909008990756818,0.011005711519317849,0.0,0.004722171035540558,0.0,0.0,0.0,0.0,0.0069971717020566,0.010718566410450556,0.0,0.0,0.015461266667461851,0.006374541727135825,0.0,0.0,0.003727115446676574,0.010649188613651188,0.0,0.0,0.0,0.0,0.0054845577563695565,0.01116930463299684,0.0,0.0,0.04040069912906057,0.004422918664669889,0.034377897563865244,0.0123906926621165,0.017302459776076872,0.021230602049791047,0.03161805062758091,0.0
LFQ intensity D3_9,0.0,0.006610177287604035,0.00495063649212852,0.0,0.0,0.025186259474868734,0.0,0.007950864568402832,0.033318099789799285,0.037838243361783194,0.034644943558612064,0.0,0.0,0.0,0.005106263320588658,0.005728326107570526,0.023287923862255228,0.021411615108704596,0.023768117110734406,0.017784972233342626,0.0,0.0,0.0,0.0,0.00801914316032798,0.0,0.09073177341226535,0.0,0.024568284400198787,0.0,0.011209751717498544,0.00957028090333919,0.006515479346724266,0.0,0.0,0.0,0.01664755158513305,0.026338491483854445,0.0,0.004712021157762223,0.0,0.005186600790364576,0.0489630706078052,0.0,0.030014222044596462,0.02888659795103538,0.00015914191689824498,0.0,0.0,0.0,0.0,0.01598450278832241,0.0,0.0,0.0,0.0,0.02273890337505673,0.010014272351041461,0.0,0.004577417147665345,0.0,0.0,0.006304067150477751,0.0,0.03465654990626872,0.016905230859836827,0.0,0.01769554552997374,0.017319861913019253,0.005140925387296767,0.0,0.0041342335943458,0.0,0.0,0.0,0.01074667956325587,0.002526325238979061,3.540783618635371e-05,0.01553413477872616,0.0038043653378567145,0.0,0.0035832179961001,0.0,0.0,0.0,0.0,0.006551148961572897,0.014530047816077097,0.0,0.0,0.008336821302163396,0.006104372479604348,0.0,0.0,0.0,0.017127950763940556,0.0,0.0,0.0,0.0,0.004417427590669019,0.012613265074387014,0.0,0.0,0.04922647959006366,0.007343478418027584,0.04214318050346185,0.020768610472187178,0.008519141114419324,0.024350294998171915,0.02715728740664671,0.0
LFQ intensity D4_1,0.0,0.0029477591902633223,0.01073957559269367,0.00025050358110176627,0.0,0.030376391823223232,0.0,0.006051381585860962,0.03052950828993512,0.035898641740900974,0.029721522469882397,0.002555425220469198,0.0,0.0,0.00860781793547382,0.0,0.016085816890520133,0.01960643555219629,0.015695031961911098,0.01896987653364118,0.0,0.0,0.0,0.0,0.006710849479631094,0.0,0.09160644888394155,0.0,0.026147963561165413,0.0,0.011748901873524719,0.0,0.004523762756790381,0.0040334910908072855,0.0,0.0,0.014484111067373748,0.04094408741205666,0.0,0.004033239547531943,0.0,0.014959068802799033,0.0538917218579431,0.0,0.035776920388819265,0.02646002800983398,0.0018066964124549426,0.0,0.0,0.0,0.0,0.02646302515174744,0.0,0.0,0.0,0.0,0.0237853795598629,0.007368754943032332,0.0,0.005168946825369442,0.0,0.0,0.00606032408273619,0.0,0.0297583967460574,0.013742739741802144,0.0,0.017858926193795498,0.01543809365682217,0.0048192425965326545,0.0,0.0055612398551714275,0.0,0.0,0.0,0.0037785897248181345,0.0,0.0,0.012903571887887646,0.008821566164301521,0.0,0.004246594958453386,0.0,0.0,0.0,0.0,0.012559076279507414,0.012098763139097177,0.0,0.0,0.014990174011799591,0.006088402483808318,0.0,0.0,0.018865296081329832,0.007111490867323305,0.0,0.0,0.0038996941537163695,0.0,0.004743566375818161,0.0,0.0,0.0,0.034775187035070154,0.011883015305906288,0.03798419920889683,0.013130336352770108,0.01319822498332367,0.01941063161356114,0.03832357050693517,0.0
LFQ intensity D4_10,0.0,0.0014542091463110203,0.003063379290543111,0.0,0.0,0.02837484220381539,0.0,0.007353144973536209,0.03395354327049898,0.03869589060898974,0.032129321159500145,0.0,0.0,0.0,0.004089168085167626,0.0,0.026087672592016695,0.019408568671805366,0.026508556045389157,0.018554630564218574,0.0,0.0,0.0,0.0,0.006787655515083326,0.0,0.07850008337147102,0.0,0.03248999283106466,0.005281301152158076,0.007372882874231459,0.012912368869187315,0.00767177587453781,0.009560006741575795,0.0004992600231265667,0.0,0.011378742930473305,0.036836160706075274,0.0,0.0027105560067313826,0.0,0.019405200773076475,0.03902840148969312,0.0,0.03454482432363508,0.02951386023934486,0.0064726566769841105,0.0,0.0,0.0,0.0,0.017401952969695548,0.0,0.0,0.0,0.0,0.02252771269228408,0.008054326305806088,0.0,0.0074131748675846775,0.0,0.0,0.012106531597370978,0.0,0.029214142547642128,0.016227216845429267,0.0,0.018252379545892733,0.008098207393222671,0.005903885156335609,0.0,0.0074534876479541694,0.0,0.0,0.0,0.00540435056207575,0.0,0.0,0.01288208296690486,0.006847754253312893,0.0,0.0015138811313939846,0.0,0.0,0.0,0.0,0.016083328999391376,0.01533522095157708,0.0,0.0,0.014075387535384115,0.0057245212007436255,0.0,0.0,0.0,0.006148592523994152,0.012108772888626315,0.0,0.0,0.0,0.0016279621939389918,0.01521641953573775,0.0,0.0,0.03503677843056301,0.007037092683996489,0.04069836664636167,0.011066615269264007,0.00756681710642961,0.020581134917837234,0.031753245623007624,0.0
LFQ intensity D4_11,0.0,0.013733990564254398,4.0494348762127314e-05,0.0,0.0,0.02404553071750516,0.0,0.003657834301351611,0.023006330996701827,0.04088367020651909,0.03441274094305469,0.0002571327449198455,0.0,0.0,0.014469740914960751,0.0039128116278922525,0.0139738767092666,0.015496173785332655,0.02672899624017692,0.019743578547148272,0.00801996665582003,0.0,0.005716934967113636,0.0,0.0014757813310886047,0.0,0.08873700023567961,0.0,0.031178267859104426,0.0,0.0041623813895176305,0.010649368575956551,0.0,0.0006263917621846616,0.01069403949350452,0.0,0.01478736091788723,0.040295024947710964,0.0,0.0,0.002801896114812848,0.0060693075043200565,0.04630881773874938,0.0,0.04009351908667081,0.021358749062680756,0.001952135722157572,0.0,0.0,0.0,0.0,0.0293679309285853,0.0,0.0,0.0,0.0,0.015238433145973892,0.01108815610892211,0.0,0.0025675816264034354,0.0,0.0,0.0058720221537179726,0.0,0.03363614660491682,0.02067938738932064,0.0,0.013952251348694263,0.01797224353465241,0.0,0.0,0.0,0.00040275490657833287,0.0,0.0,0.0006122936675252793,0.0,0.0010989111155416315,0.017480290843144283,0.004992579647252516,0.0,0.0077813075526998125,0.0,0.0,0.0,0.0,0.010697783824568093,0.020155116946341676,0.0,0.0,0.010034511235971988,0.004796233540140889,0.0,0.0,0.0,0.017590154609833798,0.0,0.0,0.0027535823169082523,0.0,0.006309862972060725,0.008068932207609104,0.0,0.0,0.03216599595641438,0.0068437136660143075,0.046182136279797184,0.01170014640404872,0.014604357820230656,0.017534699686385633,0.03853063594694051,0.0
LFQ intensity D4_12,0.0,0.008925052036806883,0.0013857042737705839,0.0002738440328245452,0.0,0.020425415316906795,0.0,0.005629079982218541,0.027112017482485685,0.033158169896706266,0.031767191327968826,0.0,0.0,0.0,0.003253371010737187,0.0,0.012406188760203817,0.013988614784672821,0.03841597811553164,0.02090628656642449,0.010888512526755881,0.0,0.0009463274972293646,0.0,0.005717730570460701,0.0,0.09178678161611815,0.0,0.0331827990885848,0.0,0.001314349118744252,0.01237421000004843,0.0007200139355056861,0.0009907801766903645,0.010203432154859679,0.0,0.015517266725134253,0.0425097874415345,0.0,0.0005222980267848909,0.0010000211641504983,0.004773558234066395,0.04311284019128917,0.0,0.031407042166605156,0.02662457320823907,0.00685551746468428,0.0,0.0,0.0,0.0,0.021707058114557958,0.0,0.0,0.0024025160739673105,0.0,0.015691090723469556,0.006061791002907882,0.0,0.00535132874902858,0.0,0.0,0.006802425266146672,0.0,0.0351895677564737,0.016280078067686003,0.0,0.0103517623059988,0.015343955966566847,0.0009997754075868827,0.0,0.0037822390458196603,0.0030772980286956175,0.0,0.0,0.0009998771644971944,0.0,0.0,0.01890425106378209,0.010380562922782166,0.0,0.007501293745571064,0.008126624160297993,0.0,0.0,0.0,0.009546039610852926,0.01671203973216663,0.0,0.0,0.015233913733751502,0.005999443548814034,0.0,0.0,0.0,0.01687167279013421,0.0,0.0,0.002271356740366534,0.0,0.005442570669427585,0.020605526051109928,0.0,0.0,0.03749669363881142,0.0039796178879153155,0.047699040510324905,0.01016708455214168,0.011994376329379297,0.015822796264695353,0.033109577479529126,0.0
LFQ intensity D4_2,0.0,0.006581957809915077,0.000807483510848976,0.0008672384464812979,0.0,0.02834806760937715,0.0,0.009205671523770772,0.03442400209022436,0.03767003122652337,0.03394530363829523,0.0006037650558769161,0.0,0.0,0.00906291711325275,0.0,0.02811481822176998,0.019726714367248595,0.02607484553101425,0.018252158995063984,0.0,0.0,0.0,0.0,0.009581521109946659,0.0,0.09402557574450539,0.0,0.03204199693422274,0.0,0.0,0.010227788129631224,0.00926634528717021,0.0013103276813870646,0.0,0.0,0.01596585389506382,0.04256396505942008,0.0,0.0028652020363249494,0.002354999884328379,0.0,0.047163574780372405,0.0,0.03224589414397526,0.024670545185459317,0.0,0.0,0.0,0.0,0.0,0.01757577765853283,0.0,0.0,0.0,0.0,0.023161825744462985,0.01044584110479374,0.0,0.006553366697090357,0.0,0.0,0.006611822849167701,0.0,0.03183914362920671,0.016269892529011253,0.0,0.02248778504347453,0.016056506909086575,0.00560209343228367,0.0,0.0,0.0,0.0,0.0,0.004867295282422823,0.0008586981149617133,0.0,0.01478419972097305,0.008118347384248329,0.0,0.007986093300625975,0.0,0.0,0.0,0.0,0.006029759633111365,0.015125199458639844,0.0016650965009280315,0.0,0.012174281143173808,0.0047118997439345185,0.0,0.0,0.0,0.011546598248016142,0.0,0.0,0.0,0.0,0.0006035051066230127,0.0,0.0,0.0,0.03765320664087414,0.009927424211627435,0.043183437935405494,0.020579767782556845,0.010443923677073285,0.021496193078626328,0.03367245242759728,0.0
LFQ intensity D4_3,0.0,0.0009701685515874328,0.008337775065949021,0.0,0.0,0.030959538048569532,0.0,0.00660211456548599,0.031159622502573966,0.042429019935731074,0.03244800859433861,0.0012626823693298419,0.0,0.0,0.007928836074286839,0.0,0.01695696426476831,0.015748939731620993,0.02113767341040884,0.02010557013623246,0.0,0.0,0.0,0.0,0.007211842788354063,0.0,0.09160020826798704,0.0,0.024064427863748985,0.0031496466044285756,0.0006002629917210342,0.013706242694950464,0.004438756417127949,8.822707092127507e-05,0.0,0.0,0.016591991118491863,0.045316695344654115,0.0,0.0,0.0038296928383474735,0.002486943342030139,0.04568029044978086,0.0,0.03637264023649381,0.02571447444575005,0.000585629440091555,0.0,0.0,0.0,0.0,0.02800574622029335,0.0,0.0,0.0,0.0,0.018270419640227503,0.009445195876909578,0.0,0.004267179573604709,0.0,0.0,0.00975330597798219,0.0,0.02903726855627973,0.013933676203266425,0.0,0.01973273586833872,0.017996742066080165,0.005802625292787379,0.0,0.003739946302777927,0.0,0.0,0.0,0.004715915564668607,0.0,0.0,0.01608905003016388,0.00960634089839041,0.0,0.003210873639607997,0.0,0.0,0.0,0.0,0.009304898098920144,0.015280706076843655,0.0,0.0,0.015340214942960388,0.006219279087515603,0.0,0.0,0.012580502908642363,0.011076446229109978,0.0,0.0,0.0034744192361717678,0.0,0.006566014845597112,0.0,0.0,0.0,0.036065152405136705,0.012473006070726158,0.038250174555979635,0.01600384830381497,0.015329184941819316,0.016892575643608937,0.03405166977601243,0.0
LFQ intensity D4_4,0.0,0.0005925322778782832,0.004628971421584277,0.00012291780084439595,0.0,0.025828204467131168,0.0,0.008592841057442855,0.032603011467088557,0.03430798214342844,0.030738545865908903,0.0,0.0,0.0,0.005138471654026089,0.006031716583968612,0.02621111683576673,0.019364046900343657,0.029143443347252256,0.016325933593689907,0.0,0.0,0.0,0.0,0.008514933947410944,0.0,0.08004846658996492,0.0,0.03316297289253364,0.0,0.003924258112409826,0.009115938252443485,0.006057219768446905,0.005097003286054158,0.0,0.0,0.013552369119894167,0.037314567919826735,0.0,0.006655287546364297,0.0,0.013304472260122413,0.04291536513362894,0.0,0.03258314242198289,0.023771282616731813,0.0036596773972507497,0.0,0.0,0.0,0.0,0.017967280853114623,0.0,0.0,0.0024661072607371944,0.0,0.024689888840826665,0.013324318791555143,0.0,0.005689687789353953,0.0,0.0,0.00890318564062771,0.0,0.033072418045412284,0.014737801072878988,0.0,0.02111315258981924,0.010916892079744125,0.00507852359078435,0.0,0.004155627320168624,0.0,0.0,0.0,0.005960860550972238,0.000978971145951155,0.0,0.018244289611394755,0.009641870994854532,0.0,0.005379115988097119,0.0,0.0,0.0,0.0,0.010636162803587767,0.01615630427996225,0.0,0.0,0.013250363959846427,0.005879948138860823,0.0,0.0,0.0,0.010239423641955545,0.002810095675197778,0.0,0.0,0.0,0.006559192070175905,0.00799417291468153,0.0,0.0,0.040274327086068616,0.0056516035151995304,0.03904382228261055,0.019317128668317383,0.00602936441135388,0.022561968154353688,0.03196943755011562,0.0
LFQ intensity D4_5,0.0,0.006750000205175176,0.0060906612666731955,0.00516587255758596,0.0,0.024486466870089745,0.0,0.0075875451589731,0.028724058747637494,0.034588744556293904,0.03466729530342813,0.0,0.0,0.0,0.004506287006290575,0.0035242325858201775,0.02571231996344021,0.019082930085833873,0.03160679386156464,0.016334415775959628,0.0,0.0,0.0,0.0,0.00833877301565724,0.0,0.08135498869251123,0.0,0.035400399377671046,0.0,0.0,0.01245687165627407,0.00874288386802402,0.00664073766805543,0.0,0.0,0.012397205765656307,0.04546218863496967,0.0,6.230796716838489e-05,0.001074989734267805,0.015365130607320315,0.041102226550451045,0.0,0.031175924957549794,0.02375292535015793,0.004723960547578854,0.0,0.0,0.0,0.0,0.017254944206948473,0.0,0.0,0.0019216299294670784,0.0,0.023654447961693303,0.010732538372021346,0.0,0.009542709416913545,0.0,0.0,0.005429040819970204,0.0,0.030559787078270666,0.006421714965244728,0.0,0.018858406676517087,0.015410919806109296,0.005466755558724578,0.0018511025063678483,0.0,0.004360735024750003,0.0,0.0,0.0,0.0,0.005003514626030541,0.02004466501530258,0.006751642305639853,0.0,0.007534030768007377,0.0,0.0,0.0,0.0,0.011683896180310061,0.01576935917249721,0.0,0.0,0.013739580535625592,0.004441883918152704,0.0,0.0,0.0,0.006589252613299693,0.0,0.0,0.000796163294536459,0.0,0.00873074392338659,0.005812617234991731,0.0,0.0,0.03840838439176582,0.010708177714075388,0.0388978259701799,0.02107237613247052,0.007586395083952672,0.022965755225887608,0.025119865232810453,0.0
LFQ intensity D4_6,0.0,0.004083022801125415,0.0039220850814758,0.0,0.0,0.023396757812949077,0.0,0.008811572459012897,0.03215895130136556,0.0336494514110129,0.032806028966834856,0.0,0.0,0.0,0.006063899952175974,0.0023173695220920785,0.023902900170721258,0.018858079387941217,0.030924811142167677,0.02059474119389038,0.0,0.0,0.0,0.0,0.01122987404805622,0.0,0.09114560293085049,0.0,0.031371443218943515,0.0,0.003184392060065732,0.015139492853899468,0.006244683316007199,0.0,0.0,0.0,0.015489339323712164,0.03324592136288872,0.0,0.009436177021370666,0.0,0.002219692185016458,0.04665959482539781,0.0,0.032497899649635585,0.0243316452410071,0.0,0.0,0.0,0.0,0.0,0.020884123388353805,0.0,0.0,0.0,0.0,0.021589000898796375,0.006203369481355585,0.0,0.0030246154840558063,0.0,0.0,0.008695714253842553,0.0,0.03139052120087498,0.017495902813252917,0.0,0.017217693187597388,0.016815753814293042,0.006100428154541073,0.0,0.004003578399433004,0.0,0.0,0.0,0.0059184684132028735,0.0,0.004731989810726841,0.019515332481393366,0.0061439296929782505,0.0,0.0036751546179027623,0.0,0.0,0.0,0.0,0.007416953735124484,0.015684778934203586,0.0,0.0,0.013890715861854757,0.007544114119307528,0.0,0.0,0.013729957778958761,0.009167691435651045,0.0,0.0,0.0,0.0,0.005854523668306143,0.0031817257320331162,0.0,0.0,0.03783124293374883,0.006912961491303295,0.038648504902584764,0.013535780642720175,0.01706586467878062,0.02042070115049084,0.032023477602715324,0.0
LFQ intensity D4_7,0.0,0.003944745935762505,0.006518705049335776,0.0047092678837743355,0.0,0.02403257760475109,0.0,0.005650046912415221,0.0290100187106081,0.04065552109253571,0.03084726390220989,0.0,0.0,0.0,0.011418248144199856,0.0,0.0195765130987349,0.01776927933157471,0.01567749771298371,0.021237855351615743,0.0,0.0,0.0,0.0,0.012432682287736753,0.0,0.09349990351579388,0.0035057905570814417,0.025970766570047585,0.0,0.0019318917241010563,0.0027389564729796063,0.004706488178578626,0.0,0.0,0.0,0.016177030044563726,0.037539582105083354,0.0,0.002402838932324899,0.002798002656450066,0.0,0.049637144255239476,0.0,0.03567634185566154,0.024290477503597564,0.0,0.0,0.0,0.0,0.0,0.025163642143147636,0.0,0.0,0.0,0.0,0.021441628138876557,0.007137653968125686,0.0,0.005112726317681001,0.0,0.0,0.005508132117020301,0.0,0.02922405029567495,0.022047183535473833,0.0,0.01936206589472457,0.01818133530184389,0.004191866909011732,0.0,0.008402060839159809,0.0002814285627896765,0.0,0.0,0.0076388020282320244,0.0,0.0,0.02114142468490085,0.009484204449695395,0.0,0.005154383832300571,0.0,0.0,0.0,0.0,0.005151125207975676,0.012578385721376909,0.0,0.0,0.009193003947202965,0.007833875828147594,0.0,0.0,0.0,0.01775476295805898,0.0,0.0,0.003093116588562125,0.0,0.007168444566996649,0.01155015088011316,0.0,0.0,0.03892662815551937,0.00507068475254892,0.04476796104648788,0.011393358592511296,0.01757298456670426,0.016515753171153762,0.037601737608240746,0.0
LFQ intensity D4_8,0.0,0.003780464837172411,0.00453067705950097,0.0,0.0,0.022026497069471827,0.0,0.006673028054581397,0.025716645809399398,0.03056349047147329,0.031803224919600165,0.0,0.0,0.0,0.0026561548440669725,0.0,0.025904531080705187,0.025463450712232008,0.031780200034684215,0.018368705002560798,0.013139006083833319,0.0,0.008229051064055632,0.0,0.003897522738386212,0.0,0.07877306126008096,0.0,0.03006015444758134,0.0,0.01829961754558375,0.011777480977709776,0.002931142828160481,0.0012868042534069583,0.0,0.0,0.011982144390793672,0.02735436486256613,0.0,0.00618452869159696,0.0,0.021067097512349944,0.04811949022886072,0.0,0.024518083403764705,0.020313546066319573,0.0,0.0,0.0,0.0,0.0,0.01770684931957233,0.0,0.0,0.0016108042140868942,0.0,0.020832262883949505,0.006902095529595462,0.0,0.00653757515948202,0.0,0.0,0.005684544992983611,0.0,0.03398039644400887,0.018119985905581084,0.0,0.013462058206027694,0.015623732617863583,0.0026245603956197893,0.003017308726453238,0.00838037659635061,0.002046603107714873,0.0,0.0,0.0019996128339456647,0.0,0.0,0.02444594315556268,0.01119645825203681,0.0,0.005997018227081216,0.0,0.0,0.0,0.0,0.010527839323717559,0.015747873501714336,0.0,0.0,0.014925237028112475,0.0008849319323533197,0.0,0.0,0.0,0.016961970132060845,0.0037783725999600815,0.0,0.0020798738047594356,0.0,0.005403043952152086,0.021733954189735262,0.0,0.0,0.03993960293353038,0.005081593117131978,0.0389784031670657,0.0041621705452661115,0.007783528171418948,0.025073245564669694,0.029570007217937035,0.0
LFQ intensity D4_9,0.0,0.011685909191776924,0.0024082737740449217,0.0,0.0,0.020356066376518763,0.0,0.003134008787422503,0.02595943624466322,0.02909534655122733,0.0326281491911507,0.0,0.0,0.0,0.004918960106722679,0.0008509740546340972,0.02115102637524279,0.014874281897612352,0.03205908906555843,0.018877349943645472,0.010397675659765921,0.0,0.0,0.0,0.003430167616795099,0.0,0.08814887899034153,0.0,0.027131748111324912,0.0,0.02628911776332321,0.0,0.004455025461114626,0.0011937232162728937,0.0,0.0,0.013788324514044456,0.02726073017876119,0.0,0.00411676460187928,0.0,0.007358973615957158,0.05181776502427076,0.0,0.03163566071195978,0.024352323147518094,0.000128736464433715,0.0,0.0,0.0,0.0,0.023004559678965416,0.0,0.0,0.0020396328285365688,0.0,0.017556143362936524,0.00803315764412027,0.0,0.004986378975355734,0.0,0.0,0.008461342927276898,0.0,0.03174614951035853,0.021517019571386662,0.0,0.01656840815269891,0.01677250684202097,0.00031204630503191494,0.0009829592961694434,0.005493734315334282,0.003189582904442723,0.0,0.0,0.0027835531627954007,0.0,0.0,0.01892720692234025,0.008816819329901318,0.0,0.0018412665188539182,0.0,0.0,0.0,0.0,0.012107637307268621,0.016953942815613757,0.0,0.0,0.010626671918669542,0.006186199181769703,0.0,0.0,0.021891915651874812,0.018398172354352763,0.0,0.0,0.0035529304380504502,0.0,0.008154593382503576,0.009005640977229093,0.0,0.0,0.03173027277267972,0.011850320295421341,0.04811417377449293,0.01209122912035103,0.011229076867217405,0.017181810918242797,0.02838845733775399,0.0
LFQ intensity D5_1,0.0,0.0,0.011590934727200127,0.0,0.00039682535030475895,0.01372425837532479,0.0,0.0035012792285743478,0.022501438340834536,0.032037484842868995,0.020756448991858214,0.0,0.0,0.0,0.0054081957576327475,0.0,0.02029541667233273,0.015364621379175518,0.04495238012333413,0.020236522585523924,0.0,0.0,0.002226987863397451,0.0,0.014718488220851068,0.0,0.09373823493579785,0.0,0.032989248331881174,0.0,0.006175144936863602,0.0,0.006566736538762119,0.006316550739050804,0.0,0.0,0.014384066154967439,0.04555919539747205,0.0,0.0,0.0,0.002324589606734269,0.03644428212324352,0.0,0.03687126492819459,0.020106711462369767,0.005180762062607467,0.0,0.0,0.0,0.0,0.013032067185283162,0.0,0.0,0.0,0.004912471241998962,0.02274320809706689,0.011856228391495333,0.0,0.0,0.0,0.0,0.012516279540618515,0.0,0.033840930121047774,0.013230336666059815,0.0,0.017279183519713588,0.0153847343176863,0.011172020222278273,0.0,0.0,0.0,0.0,0.0,0.0,0.0,0.0,0.022861269435431843,0.013924432935913991,0.0,0.007020019808470749,0.005009265918727245,0.0,0.0,0.0,0.012962571772553527,0.020062238228833518,0.0,0.0,0.01994388872271146,0.006882595515183219,0.0,0.0,0.026460164004396075,0.010184972805823148,0.0,0.0,0.01035024256033033,0.0,0.008371036443061888,0.0,0.0,0.0,0.029009630093127434,0.0012042661071627757,0.038561494699388174,0.02000510903074999,0.008319280691244001,0.016996843131209242,0.03153514911527492,0.0
LFQ intensity D5_10,0.0,0.0,0.013083589123879158,0.0,0.0,0.01369765085969419,0.0,0.0024307314794076666,0.018389580559993818,0.035800596741983465,0.024231092410135137,0.0,0.0,0.0,0.0035280056702054977,0.0050419104181804114,0.021749387184310794,0.016777378232358746,0.04222934999827184,0.018147381243619053,0.0,0.0,0.004605988904714847,0.0,0.015544137872408792,0.0,0.09375814978023195,0.0,0.03213719273460725,0.0,0.0,0.0,0.005188804452806266,0.00783066105338526,0.002930231079830196,0.0,0.012417740005963606,0.044665570787403075,0.0,0.0,0.0,0.001182489213315001,0.04639092105833566,0.0,0.0371288253031863,0.024042285148809524,0.0046741609879908715,0.0018230455419016,0.0,0.0,0.0,0.013759219630086097,0.0,0.0,0.0,0.003285312796028214,0.022656940262366223,0.011251661716499517,0.0,0.0,0.0,0.0,0.0125111887503713,0.0,0.033254855138385636,0.018120783832032604,0.0,0.02044926152954362,0.014672348816815109,0.0104443600580771,0.0,0.0,0.0014689242453816784,0.0005694316515350115,0.0,0.0,0.0,0.0,0.02400465508215698,0.012356981810693814,0.0,0.00607446139027848,0.0,0.0,0.0,0.0,0.014451740973730415,0.02002433161553347,0.0,0.0,0.01783026984404643,0.0043959474746272965,0.0,0.0,0.01263424625468649,0.0,0.0,0.0,0.01063813857065145,0.0,0.009416276037218231,0.007875082118833145,0.0,0.0,0.027367733622256963,0.0044225260278876475,0.035497255893287574,0.01888688220368597,0.011246848079354553,0.018948671229329375,0.03205680549768963,0.0
LFQ intensity D5_11,0.0,0.0016848515997333357,0.0009416823816660937,0.0,7.972100357396544e-05,0.013207295941812889,0.0,0.004167370546276932,0.021844136680162125,0.02782246489067097,0.01749409366426551,0.0,0.0,0.0,0.0022520579386156874,0.0,0.024936436181198323,0.017519346574244858,0.03778324308219917,0.018817728572522906,0.014187241345533199,0.0,0.0,0.0,0.01561907829102075,0.0,0.08470533987137595,0.0,0.03357388920840107,0.0,0.0,0.008069822106934592,0.006045080012919955,0.008313644380907332,0.01328090883862575,0.0,0.013161035184259305,0.04453060819901435,0.0,0.0001514302646861172,0.0,0.00925599716592077,0.04418732462415566,0.0,0.0359231772172872,0.02322124434355467,0.0061788297905112045,0.0,0.0,0.0,0.0,0.01057557015035948,0.0,0.0,0.00318583428379343,0.00023286990256375114,0.01693079540411613,0.005984890788752031,0.0,0.0,0.0,0.0,0.017240940495241486,0.0,0.03796196018400363,0.012717928667971837,0.0,0.010221358197037175,0.015508466120559283,0.004452633587115061,0.0,0.0,0.0045423872595024535,0.005122616982877666,0.0,0.0,0.0,0.0,0.020312057091167963,0.011435339552824839,0.0,0.010124319742170278,0.0,0.0,0.0,0.0,0.01685988486666053,0.0161321968244069,0.0,0.0,0.017600003159193973,0.006358867988658728,0.0,0.0,0.016412826863748238,0.0074503708514815185,0.0,0.0,0.007602847041592853,0.0,0.008633935877408811,0.007393762237576421,0.0,0.0,0.038452861816342554,0.00018671784379378556,0.040258310260579785,0.01475755732942801,0.01014082527952094,0.021765452101683277,0.03448853134581646,0.0
LFQ intensity D5_12,0.0,0.0,0.015526545653108337,0.0,8.25837450809985e-05,0.010640801781942745,0.0,0.003544146134255339,0.024569414745488495,0.03347916205676869,0.023319691380389588,0.0,0.0,0.0,0.0022388220611999302,0.0,0.020999957641726037,0.017449012773128457,0.04121330737225206,0.020178852696763786,0.0,0.0,0.006084637489731845,0.0,0.014060008337960138,0.0,0.09413253430510614,0.0,0.038700680641832116,0.0,0.0,0.0,0.0040528120860816854,0.0055669387073283725,0.014415778758249485,0.0,0.01490262140329832,0.03059017800796969,0.0,0.0,0.0,0.0018749896385091749,0.040389854486386406,0.0,0.04061616636561607,0.015061415844573546,0.0006439084460781587,0.0,0.0,0.0,0.0,0.01651164002767767,0.0,0.0,0.0014952472202354647,0.005466158025835705,0.023691090612565115,0.009835552889525236,0.0,0.0,0.0,0.0,0.01203656185537887,0.0,0.03381135982464209,0.014522687131829857,0.0,0.01803784107151042,0.015408661425335637,0.010086737047667337,0.0,0.0,0.0024349499026343484,0.0017544034120885704,0.0,0.0,0.0,0.0,0.02436269267590464,0.01262149887715635,0.0,0.008556111754983425,0.0,0.0,0.01177851099540267,0.0,0.014691030704609996,0.016697087037629538,0.0,0.0,0.019079141505504285,0.0064153410968644745,0.0,0.0,0.0,0.002275449394803016,0.0,0.0,0.008929958425123417,0.0,0.007875574519698137,0.027830890417450592,0.0,0.0,0.024150969810648782,0.0036118677603814283,0.03705100334328376,0.014665135714632684,0.0017230456723285438,0.020249827991668495,0.03800714929417386,0.0
LFQ intensity D5_2,0.0,0.0,0.01444554811693145,0.0,0.0032584215791577843,0.018339964293577652,0.0,0.00391444334844185,0.024989012863385493,0.02886131392194133,0.021195609747398356,0.0,0.0,0.0,0.0036873580870057537,0.0,0.020921139057846642,0.015967966930205173,0.04060305978842072,0.019384130361599076,0.0,0.0,0.005190992811588005,0.0,0.014261637213683558,0.0,0.09087583237878996,0.0,0.03649059680485982,0.0,0.0008745284867652938,0.0006055601567776513,0.004244594050218104,0.003066571827517983,0.0027003402925033066,0.0,0.012104438370675197,0.04762052853525232,0.0,0.0,0.0,0.013821783721103747,0.03494446676436357,0.0,0.027153650758491837,0.023599076371638765,0.003727871116718331,0.0,0.0,0.0,0.0,0.014385502975027418,0.0,0.0,0.0,0.00493807607508237,0.021925840454435328,0.007758823911380372,0.0,0.0,0.0,0.0,0.013786956511720669,0.0,0.03638810363759359,0.009067434331666045,0.0,0.01530633533345157,0.015377496316552714,0.006687982947240622,0.0,0.0,0.002561059507364483,0.0011899404632242348,0.0,0.0,0.0,0.0,0.02388352118001719,0.01061131657984132,0.0,0.009218940754135867,0.003607024192950869,0.0,0.0,0.0,0.01869636278686449,0.01629558764932687,0.0,0.0,0.017175226059229536,0.004457602157789088,0.0017690110199062024,0.0,0.02036483950458363,0.007371808336343977,0.0,0.0,0.010443968911117716,0.0,0.010981750126660085,0.006010745169247755,0.0,0.0,0.03549865099046443,0.0012781697179611432,0.04069185438636243,0.016603744703942963,0.009135764486501743,0.01711564100590243,0.032564480059251937,0.0
LFQ intensity D5_3,0.0,0.0,0.0070760899685006,0.0,0.00023746580355524916,0.013456881743547203,0.0,0.002567447501590204,0.019602174659944783,0.024846701045396425,0.023717135035863684,0.0,0.0,0.0,0.009560919434575139,0.0,0.02171036795737768,0.015621046817909504,0.04412388933151282,0.018297383293279255,0.0,0.0,0.0020666088560664826,0.0,0.010166864905677054,0.0,0.09124683721147313,0.0,0.03588417958172767,0.0009158698142748922,0.008481587794701735,0.0,0.008362107699265667,0.006609516923724255,0.004450693193620752,0.0,0.018113841771680805,0.044781888322144574,0.0,0.0,0.0,0.008236115936279303,0.03903191599349786,0.0,0.03528895793524045,0.0265518616076341,0.0,0.0,0.0,0.0,0.0,0.012147633265505354,0.0,0.0,0.0,0.0014920213708170167,0.012459208056101045,0.010688313245825531,0.0,0.004120658911419002,0.0,0.0,0.009391633096213084,0.0,0.03325240678612979,0.01796122434904357,0.0,0.01993584660054787,0.015028320825563357,0.009842695329157849,0.0,0.0,0.001084174514012571,0.0003220815547665785,0.0,0.0,0.0,0.0,0.02330992294293563,0.01123410033941718,0.0,0.010701647352080382,0.0,0.0,0.0,0.0,0.019491277012239117,0.014738720267748827,0.0,0.0,0.017807649709378964,0.006869255269622703,0.0,0.0023628696739120057,0.02445519507533836,0.004680010654434867,0.0,0.0,0.010758231122832114,0.0,0.007380524933422822,0.004914740324966232,0.0,0.0,0.03445764468254624,0.004777051795678086,0.03715433481407892,0.015742836109469995,0.007522383391394226,0.01781190254102765,0.03509713394231176,0.0
LFQ intensity D5_4,0.0,0.0,0.009755884729015344,0.0,0.0001829748286077609,0.016215137152504083,0.0,0.002323405028977744,0.023756112956310867,0.030877401082789274,0.0203438458504313,0.0015159846495762586,0.0,0.0,0.005208750972704941,0.0017175449265590796,0.0210716254809126,0.016771165383952714,0.043459823093343994,0.019777188902518596,0.0,0.0,0.0,0.0,0.015779646104953315,0.0,0.0847101403179162,0.0,0.035109305163829554,0.0,0.006991107471795644,0.015325983674820165,0.00897530568286498,0.007994477541556562,0.0004024829882720672,0.0,0.013335026275174567,0.04849818798735995,0.0,0.0,0.0,0.0010805087267133952,0.03788549487111481,0.0,0.04492427945311589,0.021200002848256,0.0,0.0,0.0,0.0,0.0,0.015238632692457505,0.0,0.0,0.0,0.007276569379396047,0.017553444935532937,0.0098838420300811,0.0,0.0,0.0,0.0,0.017256073118540327,0.0,0.033850937188017356,0.014896456194481716,0.0,0.015809868366167126,0.015057063871028849,0.009744742812576335,0.0,0.0,0.0009822511598036655,0.00153415278885746,0.0,0.0,0.0,0.0,0.020308084391768608,0.013203169635763025,0.0,0.008248265957357311,0.004004508014845059,0.0,0.0,0.0,0.014896599666274131,0.01716704818653716,0.0,0.0,0.01866732724644654,0.0064937952928263,0.0,0.0,0.027338727188887208,0.003054349153534643,0.0,0.0,0.0019678530345300788,0.0,0.005586539991927299,0.008512715235921108,0.0,0.0001490724598825774,0.025447629160138544,0.003970957489050377,0.031264635128532975,0.020686082246005166,0.008252220828514373,0.017371850451778772,0.029135740556590507,0.0
LFQ intensity D5_5,0.0,0.007605910063647852,0.011150613215231439,0.004429658888294799,0.010376171947611442,0.01652667121021222,0.0,0.002804386184565567,0.02219669321159341,0.015525643700170573,0.016614688010865093,0.00046202336753558334,0.0,0.0,0.0018423351071596367,0.0,0.020876522395092377,0.01831421726863758,0.0376604950905521,0.020694082943685837,0.0,0.0,0.006233512310228632,0.0,0.0015079769032347653,0.0,0.0877743621510283,0.0,0.039485686078026785,0.0,0.0,0.010060125781490938,0.0037767954815319583,0.0,0.0,0.0,0.015374759059323272,0.047318794369353316,0.0,0.0,0.0,0.0,0.04401638898323961,0.0,0.0334161987648127,0.022628684415894322,0.0021327479756944475,0.0,0.0,0.0,0.0,0.026079572490551935,0.0,0.0,0.0,0.0047361383319343515,0.015516970391711259,0.011451536397766394,0.0,0.01872158190045287,0.0,0.0009581171038615862,0.005711433932834699,0.0,0.024232763244915176,0.02857157137662227,0.0,0.02234388357243836,0.015874103890757923,0.000824277468092452,0.0015125410948117572,0.011151083652040265,0.0014531896561751504,0.0,0.0,0.00433781805041264,0.0,0.0,0.024498276785162823,0.013340387628511334,0.0,0.007416653784762186,0.00040730130139452684,0.0,0.0,0.0,0.015231814770736485,0.01684321764909864,0.0,0.0,0.018814506948359535,0.005932477967063083,0.0,0.0,0.0,0.0,0.0,0.0,0.005959986182940607,0.0,0.007131766807156372,0.003639442212725808,0.0,0.0,0.029676668569295007,0.014696600784358579,0.03442723342599629,0.023885228151444213,0.0020039279746953942,0.023264661705575885,0.03854711991662959,0.0
LFQ intensity D5_6,0.0,0.0,0.011280210568722944,0.0,0.0,0.019043802638623455,0.0,0.003192627073688944,0.025379448631965215,0.033773111868425694,0.023170238158668487,0.0,0.0,0.0,0.007668988885972576,0.013034633396331123,0.022466350477176593,0.01596695136827246,0.04445010363877724,0.015756230625692206,0.0,0.0,0.0003085736670766349,0.0,0.010496637335210474,0.0,0.0901817663714436,0.0,0.03281013861788781,0.0,0.005564814881640056,0.0,0.003137881921565035,0.0013367979066677685,0.009657961324713984,0.0,0.01594375677499317,0.04827359191575463,0.0,0.0,0.0,0.001055919411414086,0.03865993254501436,0.0,0.037768756258825496,0.019247532091704263,0.004266562320537779,0.0,0.0,0.0,0.0,0.015997124298963883,0.0,0.0,0.0,0.006602841660115265,0.021914104710874325,0.010990626213106284,0.0,0.0,0.0,0.0,0.011796151309397445,0.0,0.03740297405855692,0.01438073885244516,0.0,0.0193218292640929,0.015376454675917391,0.009809424140630746,0.0,0.0,0.0004308867145606043,0.0004300807005185501,0.0,0.0,0.0,0.0,0.02241690207333196,0.013111267494415744,0.0,0.007624653340688377,0.004423544850590116,0.0,0.00432735442149077,0.0,0.011723706687030157,0.01623760395346707,0.0,0.0,0.018540300976849815,0.006528150006696702,0.0,0.0,0.0,0.007453936459506096,0.0,0.0,0.0010580555592043504,0.0,0.004402348984014229,0.010954139281173983,0.0,0.0,0.03576615375119248,0.004496875633551223,0.03759087449536614,0.022939184145428476,0.0005690954478024899,0.01750035552848895,0.033988939633765314,0.0
LFQ intensity D5_7,0.0,0.004922696641373634,0.004517704136057517,0.0,0.0,0.013050328940387993,0.0,0.003749653136071941,0.019337757594754427,0.028463302025538158,0.024033162603105448,0.0,0.0,0.0,0.005376812151883248,0.0,0.022326673197723475,0.016170475204047848,0.046669996563166956,0.020788311867396776,0.011835997364030482,0.0,0.0015951678950140522,0.0,0.011771352204942591,0.0,0.0850995293321868,0.0,0.03605829152835348,0.0,0.0,0.012641658263796183,0.005222726512304946,0.004526120558052969,0.0,0.0,0.015145885255614314,0.04390579617979832,0.0,0.0,0.003072756321007985,0.005601581044043866,0.03927948605450876,0.0,0.03275530085225795,0.02668691585336537,0.0,0.0,0.0,0.0,0.0,0.013835250082003724,0.0,0.0,0.0028422485305657197,0.000145849967688763,0.018679389758770263,0.006625563922864241,0.0,0.0,0.0,0.0,0.012618796600008989,0.0,0.03904525858617273,0.013948314615002509,0.0,0.011906385622319523,0.015868249878404492,0.009406632294865963,0.0,0.0,0.0009724143827041992,0.0,0.0,0.0,0.0,0.0,0.02588195538441974,0.011875250088109943,0.0,0.009714441351575275,0.0,0.0,0.0,0.0,0.016585608447046988,0.019868678359052552,0.0,0.0,0.016663113465455303,0.0029017207222294386,0.0,0.0,0.0,0.01633018165894161,0.0,0.0,0.007989483120286097,0.0,0.010663968917621194,0.017994528792714858,0.0,0.0,0.03401608093585996,0.005029186318774234,0.03804386229381454,0.01222805698536143,0.01209573198875117,0.01670671178963614,0.03491164585819294,0.0
LFQ intensity D5_8,0.0,0.0,0.007044469349494449,0.0,0.0007630965461091868,0.012874420930999235,0.0,0.0046067344704046696,0.021241022872418035,0.0286777444826092,0.01926561293709549,0.0,0.0,0.0,0.002192330121902803,0.0,0.02200304884944269,0.014076795184913247,0.04898949588037613,0.019711438406965723,0.0,0.0,0.00398802187501711,0.0,0.0157371368443703,0.0,0.08605677593371962,0.0,0.035659416022570334,0.0,0.0010907920767528826,0.00925585581057138,0.0032914762106348618,0.0036284154646001247,0.008450961593475987,0.0,0.015314913711219182,0.047576112115187655,0.0,0.0,0.0,0.012745233892258174,0.03457544539675515,0.0,0.03735105822274961,0.022149665564808036,0.0028451902015111333,0.0,0.0,0.0,0.0,0.009522499445070932,0.0,0.0,0.0,0.0035654648719817576,0.02123776960237967,0.011673399264660779,0.0,0.0,0.0,0.0020871067785800876,0.018598661280898914,0.0,0.033912472526829614,0.011360976319121727,0.0,0.01215445314824935,0.017006037382745302,0.00862269733470338,0.0,0.0,0.0010295076774688681,0.001089465910066678,0.0,0.0,0.0,0.0,0.024241336862957583,0.011122305251132746,0.0,0.008301615605706424,0.0,0.0,0.0,0.0,0.0184724414886516,0.017948121088389935,0.0,0.0,0.01763419337695042,0.002963249210952442,0.0,0.0,0.02305767646345156,0.005242230888227699,0.0,0.0,0.010793436620906548,0.0,0.011122099952736319,0.00752951977937989,0.0,0.0,0.03337412229148732,0.001869316827204929,0.03523852963078032,0.013263923618158235,0.015760651814467126,0.01874973329101589,0.030292303425753696,0.0
LFQ intensity D5_9,0.0,0.0,0.01502803108623178,0.0,0.0,0.01768813653164934,0.0,0.006486538666985046,0.020115269550444407,0.03510915325954238,0.02241701624133999,0.0,0.0,0.0,0.009247858049777765,0.0,0.020562673060575496,0.014102064840508032,0.04184074219497891,0.01928454273992953,0.0,0.0,0.004250988471036117,0.0,0.0133977258861755,0.0,0.08173467381135252,0.0,0.03151209247508161,0.0,0.0025935484935507573,0.012331222147935155,0.004542075291746699,0.006543808366008082,0.01000719714790706,0.0,0.013835140985829558,0.047631832848429756,0.0,0.006572988264865411,0.0,0.014562970130777527,0.04478904962242432,0.0,0.037341807596851725,0.02306815827743611,0.0,0.0,0.0,0.0,0.0,0.01895104275727438,0.0,0.0,0.0,0.0061420698538057605,0.022337405242577612,0.008743597158589094,0.0,0.0,0.0,0.0,0.01245051948429469,0.0,0.03527019931197411,0.01459828099459325,0.0,0.013990935774959388,0.01504772396616628,0.008228855518096961,0.0,0.0008304846363194731,0.0012073172201885454,0.0019516938998753587,0.0,0.0,0.0,0.0,0.02206556922959319,0.013967978825264044,0.0,0.009796677981458004,0.00423995631723478,0.0,0.0,0.0,0.013715222622880986,0.015701955938713406,0.0,0.0,0.017794196425651946,0.0064399419912568555,0.0,0.0,0.0,0.0,0.0,0.0,0.005369148672747532,0.0,0.007389407853307397,0.008572533673686543,0.0,0.0,0.02455243360406561,0.004757066840044476,0.034715881392349435,0.023616717567362368,0.0024420480653362235,0.015837958933173746,0.032677872207787895,0.0
LFQ intensity D6_1,0.0,0.0,0.012864597483921436,0.0,0.0,0.01763523884296439,0.0,0.00357178502768396,0.020279515001050945,0.03364319942528841,0.024512038209725036,0.0015579510507894403,0.0,0.0,0.011622927466802966,0.0,0.021763175273951083,0.01540482628350353,0.04132077987022331,0.020716388260728934,0.0,0.0,0.003213811418776752,0.0,0.013714105503183591,0.0,0.08781349286964357,0.0,0.03567246361040077,0.0,0.0,0.0,0.006908474459435822,0.009900550604096546,0.014430159995802298,0.0,0.012819199197445093,0.032522525891248225,0.0,0.0,0.0003069448177222981,0.0019753570457961573,0.0398216277579607,0.0,0.03856841441219131,0.018231335290434046,0.0021602749934075947,0.0,0.0,0.0,0.0,0.013915066011550233,0.0,0.0,0.0,0.004040231971921772,0.02294286912948664,0.013404897000365176,0.0,0.0,0.0,0.0,0.012258886895453121,0.0,0.033915104761336766,0.015960544085768056,0.0,0.020205656993123437,0.01482889053663247,0.008249551667858344,0.0,0.0,0.0036915231256195633,0.004232744352524782,0.0,0.0,0.0,0.0,0.02456147691554946,0.014976595182181049,0.0,0.007076631052212128,0.004416957563978312,0.0,0.00994967967943527,0.0,0.011413918749464033,0.020854407728506223,0.0,0.0,0.018676627329413005,0.005576154407374739,0.0,0.0,0.0,0.0,0.0,0.0,0.006615161681387344,0.0,0.006427163678136629,0.022193440171097263,0.0,0.0,0.027401568165069338,0.005209824794543567,0.031221393155000388,0.011987141252996485,0.010209863827577182,0.0150901286710781,0.035544739399180715,0.0
LFQ intensity D6_10,0.0,0.0,0.01061354458723304,0.0,0.0,0.01828015155145718,0.0,0.0023950155066134213,0.019811998318069467,0.031690934995708596,0.02224783532937131,0.0,0.0,0.0,0.009629188149355556,0.0,0.02057968685534204,0.01508211620115263,0.041312584191611414,0.018471007597222918,0.0,0.0,0.0053460674392865025,0.0,0.011239916608914352,0.0,0.08826371244713593,0.0,0.03887499526753976,0.0,0.004320117765257475,0.0014727904719815798,0.0035558422471900775,0.005927428347729558,0.01150542863790661,0.0,0.013534835921201924,0.03765312897718333,0.0,0.0,0.0,0.0025795559172402892,0.03564836468217828,0.0,0.03828111523281946,0.022775452729202016,0.001453176377835734,0.0,0.0,0.0,0.0,0.01504912168659899,0.0,0.0,0.0,0.007102856772443335,0.01999676105432472,0.013592891819091096,0.0,0.0,0.0,0.0,0.02228657420770746,0.0,0.03627960075049078,0.02043962543098383,0.0,0.02283152382772009,0.015323280566455724,0.008196051622755924,0.0,0.0,0.002540581166752363,0.0028401208759233146,0.0,0.0,0.0,0.0,0.024136659008909312,0.014091130360101322,0.0,0.006894276966406351,0.0,0.0,0.0,0.0,0.013671678767582109,0.02149369779027061,0.0,0.0,0.012360828632902096,0.002690874169916416,0.0,0.0,0.015903572343153125,0.005628736190913174,0.0,0.0,0.00545555863307453,0.0,0.011943677194798883,0.007486657739451532,0.0,0.0,0.02863861294962445,0.008106267685705285,0.03315544970363225,0.012056080421007375,0.007414242889563078,0.015928486478489587,0.033918529939510535,0.0
LFQ intensity D6_11,0.0,0.007719506686169659,0.007786027169037599,0.0,0.0,0.01657646035918054,0.0,0.003128904062391129,0.013866950757230843,0.030087870789153162,0.018271195215226944,0.0,0.0,0.0,0.004182381910927839,0.00267893099668731,0.018562887996412307,0.015002560095773674,0.03482961981192528,0.02058293585494334,0.01664275096951877,0.0,0.007562853706084098,0.0,0.009568555350347929,0.0,0.08483499604253641,0.0,0.03620546196691567,0.0,0.0014862290206459521,0.0,0.0023479419428670753,0.005814859392601377,0.0017405117477357307,0.0,0.010915036268804404,0.044586496399848574,0.0,0.0,0.0,0.008839092028603784,0.044884812625478124,0.0,0.0350147680630767,0.023412671426791522,0.003546954908313598,0.0,0.0,0.0,0.0,0.0213170674408461,0.0,0.0,0.0,0.002953264652534552,0.01979903955357332,0.006863817403822178,0.0,0.0,0.0,0.0,0.011820343703581683,0.0,0.03581705173683818,0.014017472459595608,0.0,0.01355703464163895,0.014692542093558495,0.006414639526093914,0.0,0.0,0.004285247312128038,0.005815451418252747,0.0,0.0,0.0,0.0,0.024020221292552192,0.013729775367604906,0.0,0.006085922792314031,0.005493746656789506,0.0,0.0,0.0,0.01816091280235799,0.016947514899646087,0.0,0.0,0.01884449001041362,0.006551487157362897,0.0,0.0,0.025740763328960418,0.011720972204018895,0.0,0.0,0.008133436396598125,0.0,0.011300778020170972,0.0006873062846988818,0.0,0.0,0.027400866354079824,0.0027110858851350154,0.03927326875358844,0.014978985768767397,0.007142966390750465,0.015703797871926946,0.03733850625457041,0.0
LFQ intensity D6_12,0.0,0.0,0.016869374307614204,0.0038250082230795613,0.0,0.028414984449804174,0.0,0.00024687912503218375,0.0034844013911497405,0.040358044647478566,0.014507950272473959,0.0,0.0,0.0,0.011172031872793161,0.0025887493880586135,0.020815850052465782,0.016213974054034862,0.039962744205457465,0.017267157026958142,0.0,0.0,0.007088162824165934,0.0,0.0,0.0,0.08208829174437202,0.0,0.03014940770386988,0.0,0.009717046715885339,0.0,0.0025074273836453347,0.005685794990421579,0.01686134999313227,0.0,0.01285702910575254,0.031142832989820256,0.0,0.0,0.0,0.0,0.046941196301121195,0.0,0.03875146993790858,0.015216036490688289,0.0,0.0,0.0,0.0,0.0,0.0058984077842997905,0.0,0.0,0.002098833344314055,0.009215103962957705,0.01678714706211721,0.0,0.0,0.0005592390900922028,0.0,0.0,0.02231260965876737,0.0,0.04076922684587084,0.016802307022393805,0.0,0.02267379271915019,0.025090989367627544,0.01497632804612636,0.0,0.00172187205387485,0.0011616930097173696,0.003039319812679627,0.0,0.0,0.0,0.0,0.024002059772465063,0.017010421534149493,0.0,0.009993465922462716,0.0,0.0,0.01385400542881011,0.0,0.010880581823639171,0.024502736852907884,0.0,0.0,0.015691037399989435,0.001744447632598176,0.004684612455042481,0.0,0.0,0.0,0.0,0.0,0.0002506653212309157,0.0,0.013679386943216668,0.025099313016828228,0.0,0.0,0.0307093742199606,0.006060476291561426,0.032495759649440896,0.02154526893052641,0.0,0.018435488514413272,0.0315208333135845,0.0
LFQ intensity D6_2,0.0,0.008900338103447225,0.0034536358003819808,0.0,0.0,0.01125925722609314,0.0,0.004328331120268228,0.017859442815248375,0.029926079895434794,0.022569620037286565,0.0,0.0,0.0,0.007189839361324676,0.0,0.023558024051759326,0.016223699175952344,0.039634771841591455,0.01986105648668638,0.01418480970402941,0.0,0.005591856607732519,0.0,0.0053978721591112985,0.0,0.08522493059346271,0.0,0.03704826550795922,0.0,0.006456052211302177,0.01387051653556839,0.005311767511314555,0.003572022753417313,0.011080608368572527,0.0,0.012292406014781177,0.04351990460385217,0.0,0.0,0.0,0.0,0.03807508075466952,0.0,0.033259734971260266,0.025007374753150836,0.0005586988680339152,0.0,0.0,0.0,0.0,0.02084876097166586,0.0,0.0,0.0,0.0026793117244395853,0.015352714178600553,0.010870610464776897,0.0,0.0,0.0,0.0,0.015385095082507858,0.0,0.04016845678644236,0.01734858775671035,0.0,0.015039714863774239,0.014666165591297655,0.009220903751317245,0.0,0.0,0.0,0.0,0.0,0.0,0.0,0.0,0.025520769072312464,0.014406116751469264,0.0,0.009157307555883657,0.004778139661460689,0.0,0.0,0.0,0.01645090456547804,0.017472424131172108,0.0,0.0,0.013062513621571601,0.005355281661319914,0.0,0.0,0.0,0.011304395007682377,0.0,0.0,0.008313237116769208,0.0,0.010448841058035485,0.007375109042877169,0.0,0.0,0.03179310207182046,0.003250522955145067,0.03813061432823072,0.015243830163939992,0.005849038402025327,0.018010218584708602,0.037281315242872884,0.0
LFQ intensity D6_3,0.0,0.0,0.014352821340994654,0.0,0.0,0.018628021632263098,0.0,0.003880912626970001,0.01506420297227809,0.03225134672248856,0.02058190526146394,0.0,0.0,0.0,0.008706873750651302,0.0,0.022245440936583226,0.014551683099282136,0.03301763530425807,0.019490276569175586,0.0,0.0,0.001924116495469435,0.0,0.010618309007787477,0.0,0.0898031301897039,0.0,0.03593600241817453,0.0,0.011540156437317413,0.0,0.010720677644095138,0.007143027672245264,0.011374964946593536,0.0,0.01260679964788235,0.03685365031432637,0.0,0.0,0.0,0.0,0.04836255082726522,0.0,0.036784496126693,0.019682597375141088,0.006880645857283071,0.0,0.0,0.0,0.0,0.02098747971630511,0.0,0.0,0.0,0.0077176150485452465,0.01787027785974751,0.012407464304356056,0.0,0.0,0.0,0.0,0.015616707334176015,0.0,0.032547703960207515,0.013661212749932553,0.0,0.019738754445812016,0.014894616320287471,0.007998303979147567,0.0,0.0,0.005816425375473267,0.006830633201404261,0.0,0.0,0.0,0.0,0.0233237987529522,0.010200936031161734,0.0,0.008661044515470544,0.002629210123166098,0.0,0.0,0.0,0.01524261107948041,0.016991372311504608,0.0,0.0,0.012461818350989015,0.0049934764591869196,0.0,0.0,0.018277026503379538,0.0,0.0,0.0,0.008811987984836298,0.0,0.009368988480026434,0.010195385310246755,0.0,0.0,0.027942178151848646,0.007106143480400837,0.030519556739480366,0.016204072862825273,0.010461856708932427,0.015257479113725238,0.03226161756860554,0.0
LFQ intensity D6_4,0.0,0.0,0.01555838191924795,0.0,0.005874629106513735,0.016338719921987897,0.0,0.002977938350481369,0.0185341581449802,0.0365179821901871,0.02641020919696431,0.0,0.0,0.0,0.008974966727440315,0.0071114188945116666,0.020457586518527793,0.014521316672343097,0.0467668526983127,0.02097739209341831,0.0,0.0,0.0034954875334999645,0.0,0.014906508208527128,0.0,0.09558173250095896,0.0,0.03580926536920154,0.0,0.0,0.0,0.007658007346728329,0.0015452619136087236,0.0,0.0,0.014524080269610338,0.03578839349994093,0.0,0.0,0.0,0.0069586672620986475,0.03759615700351402,0.0,0.039489294691785366,0.019852123236915823,0.0067745297566810265,0.0,0.0,0.0,0.0,0.008869986634831307,0.0,0.0,0.0,0.004136996299863971,0.024574228879655997,0.011747838898356594,0.0,0.0,0.0,0.0,0.015163031723202621,0.0,0.03513520911367703,0.015794640034367584,0.0,0.01811220556662712,0.014989633642593215,0.007513425139005489,0.0,0.0,0.00271801695058627,0.003582385047355871,0.0,0.0,0.0,0.0,0.023961125377465347,0.014772246648803026,0.0,0.006640980889303407,0.007678169965494453,0.0,0.0007017054511161294,0.0,0.013624076735014591,0.01381579746268699,0.0,0.0,0.01895128713715839,0.007874390345302646,0.0,0.0,0.0,0.001139586018340677,0.0,0.0,0.007171665547798752,0.0,0.004361677151506709,0.015311913803212998,0.0,0.0,0.02898622632055888,0.005122044517499529,0.03541458927963324,0.019072685039777687,0.0022278246121883636,0.01623811766482741,0.03359523107420053,0.0
LFQ intensity D6_5,0.0,0.0,0.013468729881119896,0.006376540306020693,0.0,0.01583112537361912,0.0,0.0021501600129723536,0.01691694678943363,0.021591286756653342,0.02355054788460605,0.0,0.0,0.0,0.0076584358794694295,0.0,0.021770699289572638,0.009763331775564816,0.040851066097868934,0.01860671442302029,0.0,0.0,0.004363620023028038,0.0,0.006162552444511059,0.0,0.08792798987666713,0.0,0.03636014398774513,0.005079045564083642,0.0,0.0,0.006516639074671864,0.010075795214319791,0.006795372176295025,0.0,0.011920938323852952,0.04836888733109394,0.0,0.0,0.0,0.013888983223029304,0.040182063220023774,0.0,0.03755726131953095,0.021997915848586118,0.0,0.0,0.0,0.0,0.0,0.012687717654628575,0.0,0.0,0.0,0.0023219641296263805,0.014146311487134496,0.018282823858358707,0.0,0.003809107164164955,0.0,0.0,0.009631102910151854,0.0,0.0347761322372421,0.007001556444660629,0.0001874339212114769,0.020117880759449546,0.015570071312179832,0.005742929849927507,0.0,0.0,0.005924653436165899,0.006558347902330523,0.0,0.0,0.0,0.0,0.025137933219263206,0.011621331672892084,0.0,0.010650696912588733,0.0,0.0,0.0,0.0,0.018886099392862832,0.01608763640068455,0.0,0.0,0.0193931331707178,0.00806652444106975,0.0,0.002703222516349624,0.016819254349508664,0.000376370853620654,0.0,0.0,0.011565550820105243,0.0,0.011504785181136979,0.004813384730895079,0.0,0.0,0.0291135152077884,0.004567085586919155,0.03757677216129821,0.015910330097270425,0.008397919465936009,0.014399078098417308,0.039918550556082906,0.0
LFQ intensity D6_6,0.0,0.0,0.012615151810253255,0.005468860401464323,0.0,0.01491268643769366,0.0,0.001992093047009525,0.02152545497306736,0.031469181807699635,0.03049829393059041,0.00019239850696729595,0.0,0.0,0.004769246257467843,0.0,0.019952928247675243,0.015586336902747001,0.04318228397303619,0.019879792677759897,0.0,0.0,0.008295609944186582,0.0,0.00716004372742354,0.0,0.0809780955954669,0.0,0.03603348802258294,0.0,0.0030908643763171884,0.008429477379884087,0.004196247596908572,0.0179192330914238,0.01676745270971287,0.0,0.01481616111006747,0.030189134838853587,0.0,0.0,0.0,0.010158928407657808,0.032208848891878555,0.0,0.034554480183648255,0.015104000751866912,0.0,0.0,0.0,0.0,0.0,0.014634163353720513,0.0,0.0,0.00076934679015232,0.0022837072147924124,0.02194373822831874,0.017629566516762393,0.0,0.0,0.0,0.0,0.01351043849399604,0.0,0.03364830921698721,0.015430885237754264,0.0,0.011112005017630601,0.016354503977547574,0.007927793868967685,0.0,0.0,0.002410350153133546,0.0031665216212185343,0.0,0.0,0.0,0.0,0.026411230004450746,0.012983473510783506,0.0,0.007711287987176309,0.0,0.0,0.008877662988673268,0.0,0.015310120436907446,0.021575478830972963,0.0,0.0,0.011488555369341145,0.000936862655099657,0.0,0.0,0.0,0.0,0.0,0.0,0.010436633306772193,0.0,0.011677614194124717,0.028135469629641478,0.0,0.0,0.03255605574880201,0.004058523367335619,0.027084109222259938,0.011826274543491716,0.010444378426553541,0.019753325180038424,0.03596483930528289,0.0
LFQ intensity D6_7,0.0,0.0,0.00890940758983227,0.0,0.0003578416073214323,0.02022042628028977,0.0,0.003038505970152503,0.02128523050118188,0.03169099262034489,0.02103216048461497,0.0,0.0,0.0,0.008659085598328483,0.0,0.019557113667423614,0.014123798043928857,0.04052125871770075,0.019444134801006523,0.0,0.0,0.006746150823554418,0.0,0.010778139987571466,0.0,0.08256231157041348,0.0,0.03901087443557502,0.0,0.015304952523343573,0.011247494147485338,0.009367247355269656,0.007230796249059524,0.003272195772568332,0.0,0.017846624769647393,0.046467185656386134,0.0,0.0,0.0,0.0,0.03906970120763663,0.0,0.03496688159706262,0.020014577131906925,0.004895512435965529,0.0,0.0,0.0,0.0,0.013943709759762408,0.0,0.0,0.0,0.0032100185243718457,0.02314150914644716,0.010422106833939819,0.0,0.0,0.0,0.0,0.016596460193318226,0.0,0.033305050511493704,0.016078992932432774,0.0,0.020568960633910865,0.01571034971399109,0.00676275155553693,0.0,0.0,0.0028866084718719544,0.0034969452508583883,0.0,0.0,0.0,0.0,0.02482699803364732,0.01253437279545064,0.0,0.008457746564962097,0.0058644608727869045,0.0,0.0,0.0,0.017626053476109932,0.017974608568323776,0.0,0.0,0.013892277621372573,0.0038185547483339695,0.0,0.0,0.0,0.008110638130838654,0.0,0.0,0.008909255469719156,0.0,0.00827254982163938,0.0028032771596745993,0.0,0.0,0.029509091393095852,0.007045806682549533,0.030235656941041644,0.01484697460208732,0.012430036232439167,0.014643517966069145,0.03445405784635114,0.0
LFQ intensity D6_8,0.0,0.0,0.01601176758118547,0.009141649690077363,0.0,0.014179534390821313,0.0,0.0028222392586779096,0.018950816671925698,0.028186253385638526,0.027849375816173,0.0019807351013015526,0.0,0.0,0.012328695499336888,0.0,0.020345123682188982,0.013537559480671386,0.03566435797194368,0.020846984095780063,0.0,0.0,0.0029360017990465058,0.0,0.006731423432738244,0.0,0.08910874198179523,0.0,0.039865997686463386,0.0038932436980322715,0.0075842870916248886,0.0004844911374963304,0.008029412764754208,0.012453708279818752,0.013353196114318006,0.0,0.014273014793403463,0.03520519357213073,0.0,0.0053871989368549904,0.0,0.0,0.0485325646698466,0.0,0.037140426691823915,0.01685715503342912,0.0,0.0,0.0,0.0,0.0,0.009575800797495248,0.0,0.0,0.0032808274950193823,0.006078631709183139,0.010416436612277322,0.018479576492020085,0.0,0.0022221128533416673,0.0,0.0,0.013691786491821716,0.0,0.031579469290000065,0.01027128863015288,0.0,0.026372808437092495,0.01322808457195973,0.008500249032825124,0.0,0.0,0.003469567063010654,0.004599850117304506,0.0,0.0,0.0,0.0,0.025153073070915324,0.016279777191851454,0.0,0.007255257009654726,0.005919132745484631,0.0,0.005456362477062493,0.0,0.0126142661041902,0.01908762292094145,0.0,0.0,0.016485980139556676,0.00443376408381406,0.0,0.010318316397861904,0.0,0.0034141201975062636,0.0,0.0,0.006144276548712761,0.0,0.004980569546654271,0.017173868271009314,0.0,0.0,0.02253302786892993,0.005238190648504692,0.03195294228022337,0.010840829748943372,0.0,0.01398903869650187,0.03528194414887887,0.0
LFQ intensity D6_9,0.0,0.0011204704576296006,0.009124181059281514,0.008591765482586576,0.012285770205514333,0.02006093669595551,0.0,0.0027307657387466355,0.017972458117420674,0.01820438352197314,0.016933303798054786,0.00405030850305111,0.0,0.0,0.00814631503391861,0.004339742996546762,0.01962587741302169,0.01753358582774214,0.0384155200137959,0.01987758234451936,0.0,0.0,0.007013054353771955,0.0,0.00028179124495673967,0.0,0.09010586641267422,0.0,0.0325772487089601,0.0,0.007096318845175412,0.0,0.004237363487665688,0.0039013558428030322,0.005277634038332303,0.0,0.014178403085583118,0.03474137678087887,0.0,0.0,0.0,0.0044059476186977115,0.04553328150658887,0.0,0.03613422260666888,0.021665543017797013,0.0,0.0,0.0,0.0,0.0,0.021045919788150395,0.0,0.0,0.0,0.01154268865577753,0.024157283778781426,0.01737288589350928,0.0,0.015533165694451047,0.0,0.0,0.003996448108664228,0.0,0.018617116823635663,0.02983121817662441,0.0,0.027084216422657258,0.014279022589498657,0.002965067843223113,0.0,0.0058819345023433545,0.0025235256105024173,0.0,0.0,0.01093679693236359,0.0,0.0,0.025677273813335545,0.011385882125503654,0.0,0.0007315966164107726,0.01068029695266047,0.0,0.004989063699473568,0.0,0.01805815480770163,0.01565969966078422,0.0,0.0,0.011406045296564181,0.0067900533855269635,0.0,0.0,0.0,0.0003669006179749329,0.0,0.0,0.010416941994210846,0.0,0.008605687047646216,0.017195610305844395,0.0,0.0,0.02097953375376118,0.0028358137569123323,0.035229276266952915,0.015861935702617715,0.0,0.01795894331051394,0.03324162530510999,0.0
LFQ intensity D7_1,0.0,0.0,0.014624983551295495,0.006475344139218532,0.0,0.015292466227423538,0.0,0.0013392934369207256,0.018221188160006035,0.02923166239032122,0.022868315702919213,0.0,0.0,0.0,0.011421450792685393,0.0,0.012528499783598362,0.007564467255665092,0.037931058422600306,0.022336167582851136,0.0,0.0,0.00939096229828405,0.0,0.008739146742733062,0.0,0.07567614425533566,0.0,0.03620529641308134,0.0015268889140779697,0.01379439477479027,0.0,0.008335363623570713,0.008964296095951885,0.010136941676674824,0.0,0.010142186475169826,0.03720654858843561,0.0,0.0,0.0,0.006602816491475833,0.05012021851674,0.0,0.03297700581597724,0.016113059580834352,0.00018938104628250847,0.0,0.0,0.0,0.0,0.01912698334794856,0.0,0.0,0.0009297158770714601,0.0035954979779016854,0.02132160831671714,0.019130940687945495,0.0,0.0,0.0,0.0,0.014312412827599057,0.0,0.03391019852226103,0.01896031662357196,0.0,0.014673218693337441,0.01800961703867815,0.006422750792257798,0.004962297801379472,0.0,0.0030754337747668677,0.005821352341536672,0.0,0.0,0.0,0.00037408653837965963,0.02796535674163748,0.011696990010783856,0.0,0.007451924875351885,0.0,0.0,0.0,0.0,0.019425915367328992,0.028314523675088174,0.0,0.0,0.014510087437541947,0.0,0.0,0.0,0.016406310946399192,0.005207765193196794,0.0,0.0,0.0056366392946370514,0.0,0.0043321185788093245,0.01176885596382143,0.0,0.0,0.027414221585210966,0.010352438001701993,0.022962638745961574,0.010060547064161809,0.015869000733491307,0.009304020333641477,0.04073866553496221,0.0
LFQ intensity D7_2,0.0,0.0,0.014461102172481949,0.0016821947031036518,0.0,0.017204438161876133,0.0,0.0031472107935351873,0.020231518071635438,0.032257866470889934,0.022462966021545933,0.0013655330255451553,0.0,0.0,0.009643624288002983,0.0,0.01712537766214902,0.011995504504041356,0.04127838400809122,0.0215112165879943,0.0,0.0,0.01323788212578046,0.0,0.011767718174141474,0.0,0.08380949607065477,0.0,0.02498453326554485,0.003373731544142769,0.0,0.0,0.005567660412106163,0.003805018379650527,0.00752190713768787,0.0,0.010736656077256424,0.0391309133135232,0.0,0.0,0.0,0.004818231357323772,0.05343607019375866,0.0,0.03421231171782553,0.019244101340860232,0.0,0.0,0.0,0.0,0.0,0.018169593360391267,0.0,0.0,0.0,0.001972807745917057,0.020387834103118854,0.01567038406936325,0.0,0.0,0.0,0.0,0.015277892398549136,0.0,0.038028063853664154,0.0148930640023688,0.0,0.01555180694651405,0.01548376262450486,0.008148807562719976,0.0,0.0,0.004630753238031229,0.006419380043809171,0.0,0.0,0.0,0.0,0.02358965444457619,0.011290991612823202,0.0,0.007155283715931041,0.0033745552743521035,0.0,0.0,0.0,0.01097417164564624,0.025498887437774058,0.0,0.0,0.014148445641012322,0.00221375963747049,0.0,0.0,0.02326163114948861,0.005323730451586428,0.003454560380076132,0.0,0.0021699607460017147,0.0,0.004923922574839328,0.0020143867259434663,0.0,0.0,0.028298964992401525,0.010854340202818431,0.03383520331987207,0.009657201173405423,0.01871890440449104,0.013208699263724753,0.04138542767566466,0.0
LFQ intensity D7_3,0.0,0.0,0.014605407314904437,0.0001219445322768566,0.0,0.014985092579855601,0.0,0.0011533999163743803,0.016715844822012337,0.0367821139007749,0.025944618603358675,0.0,0.0,0.0,0.007949228034770394,0.0,0.019214426774445133,0.01133333935664274,0.03261434780231618,0.022575251341602588,0.0,0.0,0.011220513317817989,0.0,0.012066394954893627,0.0,0.0902856337776026,0.0,0.0326045914863369,0.00020374204934710445,0.0,0.0,0.0010355180527248666,0.004641215050506958,0.0,0.0,0.013729240824222002,0.037888163805997556,0.0,0.0,0.0,0.0023622357097189788,0.050053097471577955,0.0,0.03352711364862904,0.01610643664851992,0.0,0.0,0.0,0.0,0.0,0.014999563214446749,0.0,0.0,0.0,0.005269108086654519,0.02184047194586248,0.015195397637712769,0.0,0.0,0.0,0.0,0.011062162232558797,0.0,0.035112517469550894,0.024542753653813473,0.0,0.01514243976973945,0.017262296083644477,0.009242302186158706,0.0,0.0,0.003858820023696112,0.005876183249178556,0.0,0.0,0.0,0.0,0.023180058502146092,0.015531807890237287,0.0,0.010796954464674142,0.0012003230484206393,0.0,0.0,0.0,0.011013953317395554,0.022487245041862287,0.0,0.0,0.01436085819301833,0.00385835756701391,0.0,0.0,0.02264792037548739,0.01077699643154349,0.0,0.0,0.012213615905545715,0.0,0.013332117792288557,0.002575400196080045,0.0,0.0002538843020827874,0.024939414222223,0.005589357446412124,0.032558929219469984,0.013532493304528515,0.01705039905367035,0.012181285575286652,0.04079570082036648,0.0
LFQ intensity D7_4,0.0,0.0,0.017109538998554913,0.0030545815061159805,0.0,0.01685829528679762,0.0,0.0006067877817064874,0.01811329630256591,0.03589349426137636,0.02044481777954268,0.0,0.0,0.0,0.010385686710347158,0.0,0.01929489205468919,0.009961732736060176,0.035433830842571644,0.011467433454631087,0.0,0.0,0.0048618165870663475,0.0,0.013898877077242282,0.0,0.09062190591020426,0.0,0.03380643488512783,0.0031714750974432414,0.013746622109309794,0.0,0.005238347902705151,0.007072988455023815,0.005184470285156004,0.0,0.015261622722819593,0.045648469207466305,0.0,0.0,0.0,0.0030889723075655075,0.0436774040276788,0.0,0.0357572251721525,0.023676045284025702,0.001394973955138217,0.0,0.0,0.0,0.0,0.013590336130775954,0.0,0.0,0.0,0.004585500007089942,0.026004627827169138,0.014512998989984567,0.0,0.0,0.0,0.0,0.008937385263993758,0.0,0.03846905698197668,0.006997073795485596,0.0,0.019356262334798365,0.015751657172746614,0.010180646020838928,0.0,0.0,0.00546337189555765,0.007141483921064052,0.0,0.0,0.0,0.0,0.024715997072797525,0.014907685531599461,0.0,0.009218232194737221,0.00856288079213106,0.0,0.0,0.0,0.009937127641036159,0.021099040473941504,0.0,0.0,0.018432262400636716,0.003567481275551357,0.0,0.0,0.0,0.005184029685797809,0.0,0.0,0.01039163247022925,0.0,0.007223350672881311,0.0036204147818391956,0.0,0.0,0.023358606032185213,0.011019525110061509,0.03633272993907369,0.014792236202991249,0.013584649553793267,0.009659946269371052,0.03866973285677955,0.0
LFQ intensity D7_5,0.0,0.0,0.014628197891554392,0.0,0.0012670201738274943,0.015665741737844095,0.0,0.0015796440669794526,0.01815688050304053,0.03482189004138735,0.023005009629039418,0.0,0.0,0.0,0.007724612880797424,0.0019206606431566694,0.021812823749512628,0.012785778669480427,0.03407540980054725,0.010583366846011003,0.0,0.0,0.00862882270934253,0.0,0.011313059386037334,0.0,0.09021618985204298,0.0,0.03309101225210992,0.005321834877884347,0.00015261114895500982,0.0,0.006377005609015642,0.004785696229816771,0.0,0.0,0.013236138573397097,0.039940008882566796,0.0,0.0,0.0,0.0,0.046684703567138254,0.0,0.030328500376514172,0.020581541414955263,0.0,0.0,0.0,0.0,0.0,0.012566639130554348,0.0,0.0,0.0,0.0033495738954819588,0.022914116824317113,0.012087132527587491,0.0,0.0,0.0,0.0,0.012014991874455944,0.0,0.03436508627866423,0.017858750420849202,0.0,0.015210599473809741,0.015311194327312006,0.008953071615567399,0.0,0.0,0.00420111303889115,0.005655587585265847,0.0,0.0,0.0,0.0,0.028862915577701754,0.014321919629473934,0.0,0.008417099896879793,0.008052162988173147,0.0,0.0,0.0,0.012164724442948428,0.020455442791054504,0.0,0.0,0.019365747420707985,0.005912166085415654,0.0,0.0,0.02354156444640871,0.010429463473496402,0.0,0.0,0.011073251429892485,0.0,0.004930405458138572,0.0046285778062388925,0.0,0.0,0.025670221788734324,0.009764967962428893,0.03568860753275948,0.011145581926209241,0.016959958412292163,0.01384657583800203,0.041596626587332944,0.0
LFQ intensity D8_1,0.0,0.002598157773471143,0.010877186828464063,0.0,0.0,0.009164504051343579,0.0,0.0026010411461830606,0.019458656528628486,0.0458935526874482,0.022283471412467084,0.0,0.0,0.0,0.008226124520649039,0.0,0.01733096362539351,0.014544048476182082,0.03392106487882074,0.020527621824506674,0.0,0.0,0.016649790666384633,0.0,0.012200834209082185,0.0,0.08747845970347028,0.0,0.03376727216570741,0.0049427986297135434,0.0,0.0,0.0053230038507962015,0.0029281753746428075,0.0027126547131393532,0.0,0.015857277939321044,0.033885067014601304,0.0,0.0,0.0,0.0,0.051871548330419216,0.0,0.029485359349060006,0.023983655726268524,0.0,0.0,0.0,0.0,0.0,0.01572941912303832,0.0,0.0,0.0,0.0019028874965991423,0.016569974764616864,0.015600218288877714,0.0,0.0,0.0,0.0,0.013324546671298444,0.0,0.032409054963541635,0.01930757616640445,0.0,0.020275912271850403,0.016948277199114337,0.00836692830681646,0.0013008400773100513,0.0,0.004203169393222961,0.004923543390851189,0.0,0.0,0.0,0.0,0.023086517603878812,0.01643002747654235,0.0,0.006199352547434441,0.008183020304687013,0.0,0.0073089940678430065,0.0,0.009925309370667663,0.029387086048767264,0.0,0.0,0.014187134256654636,0.001713651607432533,0.0,0.0,0.0,0.01333076381370035,0.0,0.0,0.006643999526913643,0.0,0.0053151162969524105,0.01970604838822005,0.0,0.0,0.024369750995205382,0.007851454683024091,0.030329932118653872,0.010250132544286498,0.014012986547776671,0.01306148635939657,0.03933259590225651,0.0
LFQ intensity D8_2,0.0,0.0,0.022003626287231185,0.003346005953996455,0.0,0.01832823467606821,0.0,0.0,0.016912920730046473,0.031061731850082496,0.033578044924235474,0.0,0.0,0.0,0.013014488990387697,0.002134723296903258,0.01101980916823166,0.01898160374740324,0.031769716482114706,0.015095128152710647,0.0,0.0,0.0,0.0,0.005810887850229391,0.0,0.09362343490276838,0.0,0.016004431820752705,0.004957558477918751,0.0,0.0,0.0,0.004245719522895608,0.0,0.0,0.012680097864506188,0.03068264302894758,0.0,0.0,0.0,0.005740816084838869,0.03224593497499417,0.0,0.03716876878394985,0.0210695385282935,0.000276949288007185,0.0,0.0,0.0,0.0,0.01568089990688568,0.0,0.0,0.007469609356522472,0.0,0.02384599274937184,0.023132492645731292,0.0,0.0,0.0013107412995966004,0.0,0.024725920470618813,0.0,0.03708553074131993,0.01613745125793029,0.0,0.016684921706862955,0.020492737245022652,0.004809251270215619,0.0009540927172240651,0.0,0.0027719652645526614,0.005294338185003112,0.0,0.0,0.0,0.0,0.025453428016053346,0.019134482320317506,0.0,0.008319244338490604,0.006501804120644026,0.0,0.0,0.0,0.025966323786971283,0.031127303440418273,0.0,0.0,0.011234698282212161,0.0,0.0,0.0,0.021713689445939332,0.014411654300418214,0.0,0.0,0.008403672168257364,0.0,0.002412247897911379,0.013111876413810952,0.0,0.0,0.030649207014960718,0.006297502243366137,0.026903459105099198,0.006560024736011516,0.008155176866055398,0.019691782305956855,0.031803662992734204,0.0
LFQ intensity D8_3,0.0,0.0,0.019963728607871878,0.005382277557835138,0.0,0.01855329468009552,0.0,9.186474468529912e-05,0.01966369221063692,0.030161305423795397,0.026753245713179104,0.0,0.0,0.0,0.013757096977113348,0.0,0.01628776897727177,0.010703623895396521,0.03966847511578301,0.01769453115843548,0.0,0.0,0.013330508954249852,0.0,0.004042140039459421,0.0,0.0938168278926909,0.0,0.02749404903587696,0.0034141950461330475,0.002646140369639687,0.0,0.007228818545690535,0.0,0.0,0.0,0.01431004854735196,0.026643896452625306,0.0,0.0,0.0,0.0,0.05334780523651892,0.0,0.035293832307833416,0.019609945694296485,0.003199118370200718,0.0,0.0,0.0,0.0,0.011409504408843557,0.0,0.0,0.0009412862721434472,0.0,0.02175470454869344,0.030668218977315663,0.0,0.0,0.0,0.0,0.020462835855488075,0.0,0.033025271901626185,0.021684566875882393,0.0,0.018291939971007653,0.018477565334610133,0.004850609028395016,0.0,0.0,0.0019001768603811849,0.004272388690663239,0.0,0.0,0.0,0.0,0.027320761594526635,0.014001089490060572,0.0,0.006902228249984757,0.005818571511717873,0.0,0.0,0.0,0.01175316788472662,0.025562969360490188,0.0,0.0,0.015813109236530697,0.001184008669566561,0.0,0.0,0.0,0.013959670677099295,0.0,0.0,0.009701318197564894,0.0,0.0067794723643613865,0.0076108110553380955,0.0,0.0,0.0244279939600957,0.0076533866104528114,0.031932711158385196,0.01499486226999054,0.0147529188814554,0.01030730652477984,0.038726342023156474,0.0
LFQ intensity D8_4,0.0,0.0,0.006322700522742122,0.004912728779477778,0.0,0.0,0.0,0.004920267224324252,0.008710239422987254,0.022469721692050873,0.026633978518002963,0.0,0.0,0.0,0.016700083084370196,0.0,0.013697667720177316,0.007682184780252894,0.03301178093991209,0.023364635830107776,0.0,0.0,0.012807280909603544,0.0,0.0,0.0,0.08529844392626346,0.0,0.0299828117507197,0.003508967881811206,0.011089643294054385,0.0,0.004685704032660851,0.00465963695438956,0.0,0.0,0.012684683830758837,0.0382053549587279,0.0,0.0,0.0,0.0,0.04990697438302564,0.0,0.02552178023337919,0.027809724224868163,0.0007473269921433279,0.0,0.0,0.0,0.0,0.02046671767956097,0.0,0.0,0.0,0.0,0.017481711658189895,0.020107977522280735,0.0,0.0,0.0,0.0,0.030894225242610117,0.0,0.04467262781084155,0.03049436969547711,0.0,0.013739622016706286,0.015648881171217852,0.0032469982020372316,0.0,0.0,0.0032135714731917975,0.011734952308254184,0.0,0.0,0.0,0.0,0.02526912577534328,0.014698115330081682,0.0,0.00839762816059645,0.00841784236252101,0.0,0.0,0.0,0.017657936371371283,0.02293268382792874,0.0,0.0,0.01318813625946572,0.0026300802739505783,0.0,0.0,0.021544134738797384,0.01822873457692658,0.0,0.0,0.012784835254054916,0.0,0.0069915679129684645,0.009603372227231646,0.0,0.0028398351721010268,0.022970642938328893,0.004158710284542576,0.024503485942293016,0.011384652586014512,0.016179471760736763,0.008470199287503977,0.040112832290062475,0.0
LFQ intensity D8_5,0.0,0.0033555396823758783,0.008626530925686831,0.00782994784368328,0.0,0.0005638985971185687,0.0,0.008131274147059026,0.021411705498132504,0.036366542535495566,0.026657092865518452,0.002446792254419132,0.0,0.0,0.009924451106003521,0.0024461649189445973,0.01019855519577983,0.009130630528357359,0.030095900362189704,0.023407025795898925,0.0,0.0,0.012892336097439588,0.0,0.0,0.0,0.08095752975888136,0.0,0.0263324239438364,0.002249328360323179,0.0009473970189244769,0.0,0.0,0.004958400081900896,0.0,0.0,0.01455211822074513,0.04226410212823648,0.0,0.0,0.0,0.0067899920292845495,0.04568007733194855,0.0,0.03062770056278635,0.017798250380158954,0.0,0.0,0.0,0.0,0.0,0.04110626452035473,0.0,0.0,0.0,0.0,0.017076916948998346,0.006373074036527391,0.0,0.011783896034622274,0.0,0.0011765928338678896,0.019280789033316093,0.0,0.04245992646439274,0.030275514620018474,0.0,0.01260266654048111,0.01449628790074025,0.0,0.0,0.011992468535439355,0.002999183208208823,0.0,0.0,0.0,0.0,0.0,0.02573570634775741,0.01386205314539262,0.0,0.007436679483453623,0.0,0.0,0.0,0.0,0.018512367186880454,0.026789386785654668,0.0,0.0,0.013972030083621885,0.0022755720191479146,0.0,0.0,0.02848985006745144,0.009310327443766094,0.0,0.0,0.011718765474240618,0.0,0.009334186105311842,3.6690516894166754e-05,0.0,0.0,0.024256261994434692,0.006648166608354153,0.0249831989672862,0.009042876596476901,0.01704418891604945,0.009738570266364615,0.04254783314336461,0.0
LFQ intensity D8_6,0.0,0.002894124371973057,0.016479561402288328,0.0040072141537985904,0.0,0.015576006383456801,0.0,0.000979753639746043,0.015514776252747114,0.03304163849404177,0.02459844372184185,0.0,0.0,0.0,0.013315863068748525,0.0006429936242704898,0.014617373863644395,0.008347160617502436,0.037017247587056185,0.013580481075851636,0.0,0.0,0.015058678814318847,0.0,0.009708290446432243,0.0,0.0918461026873929,0.0,0.03066451818527839,0.004538340662051422,0.0,0.0,0.004931617748508926,0.011006487919066095,0.0036393957664300224,0.0,0.01516970409176526,0.033098114109375194,0.0,0.0012091621790548612,0.0,0.0,0.04709245601124237,0.0,0.03326453847056301,0.024702582053457652,0.0,0.0,0.0,0.0,0.0,0.014778442323552224,0.0,0.0,0.001104077384408487,0.0,0.02456163327382992,0.019632134482772776,0.0,0.0,0.0,0.0,0.015208361428127658,0.0,0.03662370497344173,0.013788832880109037,0.0,0.020942726174968753,0.017808721939139738,0.009159860806553309,0.0030807981467994663,0.0,0.0013261203261852703,0.002582027285317847,0.0,0.0,0.0,0.0,0.023873921082909744,0.016029204769130178,0.0,0.006133326014239865,0.009827327648759366,0.0,0.00562508992676457,0.0,0.009780841681621095,0.025253850622615863,0.0,0.0,0.01527261799302698,0.00338271624402717,0.0,0.0,0.0,0.00838404560451107,0.0,0.0,0.009285920149823296,0.0,0.004689038700161923,0.021962920823599918,0.0,0.0,0.02509686932005005,0.004607122549673332,0.029317460004495,0.011743947015517408,0.01415220445074943,0.008647359500111392,0.03979414707110169,0.0
LFQ intensity D8_7,0.0,0.0,0.005891259291151248,0.011583895029462549,0.0,0.0,0.0,0.00757497891331173,0.012275050291282145,0.02322069216775159,0.02572092203803281,0.0009677125738345282,0.0,0.0,0.01029906802248255,0.0,0.014378898282609125,0.008656606141801576,0.032888921153241504,0.023765446829364753,0.0,0.0,0.012943731026821637,0.0,0.0,0.0,0.08384641610385997,0.0,0.031235913402124334,0.0075988001929435,0.0070802774819281045,0.004323097874590999,0.0004911082046263154,0.0,0.0,0.0,0.014711209675054038,0.04190920170240211,0.0,0.0,0.0,0.0,0.05695494433579991,0.0,0.029787106907582055,0.020132699725969077,0.0,0.0,0.0,0.0,0.0,0.02277993097313511,0.0,0.0,0.0029362831551589356,0.0,0.01487008243405451,0.013634209402227433,0.0,0.0,0.0,0.0,0.026212314110497428,0.0,0.044304765737826185,0.03553940673442795,0.0,0.014397090239228633,0.017032656788245427,0.002189613880900413,0.0,0.0,0.0031338532396958316,0.011221955891187088,0.0,0.0,0.0,0.0,0.02436406005997274,0.011694574106350527,0.0,0.008377300450691422,0.003311122694638252,0.0,0.0,0.0,0.009231123219414022,0.027024149177383612,0.0,0.0,0.01232116498126599,0.002349351306369508,0.0,0.0,0.03142788323930656,0.015828968986387148,0.0,0.0,0.005690595517593174,0.0,0.010774128797118651,0.0,0.0,0.0,0.023204446371889943,0.008027083385638654,0.03237345632607979,0.013966072178237735,0.013035939047880897,0.008399090048386414,0.04210937015078175,0.0
LFQ intensity D9_1,0.0,0.0,0.005601980152508391,0.0059898134617940675,0.0,0.0035325988967898504,0.0,0.0036943829985276485,0.013370427184033412,0.020562315952343858,0.028810960748417307,0.0023655901162442034,0.0,0.0,0.0064756362479705554,0.0,0.021616187163447105,0.01269699926645323,0.028626181458813686,0.02197049499678417,0.0,0.0,0.010024869910797193,0.0,0.0,0.0,0.09129487774707479,0.0,0.030477326713828034,0.002810695466284958,0.003956976111491184,0.002821175223890071,0.006583560185019715,0.0039590699687430415,0.0,0.0,0.011888776878456263,0.038789527601163123,0.0,0.0,0.0,0.0,0.05539248181975348,0.0,0.024808442351563466,0.027895914121330058,0.004409971551702483,0.0,0.0,0.0,0.0,0.016199028607258005,0.0,0.0,0.0,0.0,0.013075500506235575,0.01384854399026408,0.0,0.0,0.0008216399678168336,0.0,0.03276704915050873,0.0,0.045155480996385736,0.02544344303597873,0.0,0.01410763704412519,0.015468853900055542,0.0,0.0,0.00014258283767702072,0.0030185154538301708,0.010834357042879744,0.0,0.0,0.0,0.0,0.026879933429497727,0.014474536679824708,0.0,0.008031535674585314,0.01285580106385262,0.0,0.0,0.0,0.018387143522625,0.030421763736375024,0.0,0.0,0.013388230970728675,0.0,0.0,0.0,0.017142793640906536,0.010603797310860705,0.0,0.0,0.013510292703784777,0.0,0.010622074318971428,0.0,0.0,0.0,0.02583126865088767,0.007154098253485905,0.0313445154139302,0.010730754879483845,0.019470027335369025,0.01084976664097842,0.03699179894561165,0.0
LFQ intensity D9_10,0.0,0.0,0.011287172854950804,0.004366353572261797,0.0,0.023439733013788683,0.0,0.001958390905455532,0.013879908724715744,0.02546493401720642,0.025569885956157452,0.0,0.0,0.0,0.006906716900768955,0.0,0.02004679163432758,0.010128137620909227,0.0357736358814124,0.02281124318574464,0.0,0.0,0.0135060026872811,0.0,0.005309316129972503,0.0,0.09033890110687788,0.0,0.031892246752560735,1.3649539753340731e-05,0.0032617207783029512,0.0,0.006878140029130554,0.003683772290042141,0.0,0.0,0.011055820899447693,0.04611819757482158,0.0,0.0,0.0,0.0079467421118114,0.0414401309819207,0.0,0.026305371151208085,0.02121979749594843,0.0,0.0,0.0,0.0,0.0,0.011002498181264982,0.0,0.0,0.0,0.0,0.021122856698925555,0.017227483105942083,0.0,0.0,0.0,0.0,0.017499207365897242,0.0,0.032481555876141995,0.011209112805974256,0.0,0.016099309529243946,0.015250959653816946,0.0072352417403703,0.0,0.0,0.0034596322995210623,0.005474853507126729,0.0,0.0,0.0,0.0,0.0268084732644642,0.014774604967071208,0.0,0.006034261420354277,0.009657266842309041,0.0,0.0,0.0,0.018395416438053418,0.021542429343934057,0.0,0.0,0.020192468241276466,0.0031296915678009738,0.0,0.0,0.023217946739285147,0.011467167131223937,0.0,0.0,0.013383157967575877,0.0,0.015235780171883246,0.0,0.0,0.0010398167955068254,0.02608757870128456,0.009800474234959571,0.029462056586040435,0.01444370858855124,0.01755960624574617,0.011368652610791228,0.03773401758088463,0.0
LFQ intensity D9_11,0.0,0.005653934489756982,0.011020457359804626,0.004936594219057753,0.0,0.001562298331254772,0.0,0.010746678787781912,0.015441122443527288,0.009933677857481641,0.017466689526656743,0.0,0.0,0.0,0.010474825588129557,0.01490097598317089,0.022637835047990724,0.013546867919979028,0.022921945550157443,0.015427411603358941,0.0,0.0,0.011376797686966122,0.01050605104998993,0.024673977091867434,0.0,0.09653923958634861,0.0,0.024551941752152678,0.005272426801317861,0.0,0.004943288431091319,0.011442086170663234,0.013366767650476601,0.0025315774097964734,0.0,0.007355306770245438,0.011324498195280365,0.0,0.0,0.0,0.0,0.045932810990409904,0.0,0.023476036354296386,0.026374108222755883,0.006014728338475684,0.0,0.0,0.0,0.0,0.0011142215745504097,0.009184051207937464,0.0,0.01838903391664411,0.0035591399058855257,0.020576370017319368,0.01985119926373928,0.0,0.0,0.0,0.0,0.011787700924682148,0.0,0.03427776820009232,0.00843874339091595,0.0,0.022243617971085386,0.011108996505987852,0.00275494835159982,0.0,0.0,0.0,0.0034154900001987774,0.0,0.0,0.0,0.0,0.02709783446289155,0.014550500234554732,0.0,0.007674858442145105,0.03301256796784198,0.0,0.0,0.0,0.02839896237784162,0.026890297398367492,0.0,0.0,0.019552153125640244,0.0009413671312799599,0.0,0.0,0.0,0.012934352346375794,0.0,0.0,0.0031943648912002094,0.0,0.004781627809333874,0.0,0.0,0.0,0.0294585985826999,0.008305976707007345,0.035186987424629765,0.01643098774929133,0.01355105048696977,0.012679906588691864,0.03630336783235689,0.0
LFQ intensity D9_12,0.0,0.007728648415066204,0.005337945275192656,0.00022569648358326745,0.0,0.0011677650105424264,0.0,0.01277860604923575,0.013733897263518901,0.03612400079158168,0.019433086130855055,0.0,0.0,0.0,0.010455588369630302,0.009568125925553323,0.022814174042255043,0.012424224670435623,0.028182393871959702,0.008565672667128784,0.0,0.0,0.007750580849731538,0.00620406610930071,0.027615836051780668,0.0,0.10404231339152369,0.0,0.02507410917870551,0.005506553204312994,0.0005040485450855462,0.004765312258872469,0.009880218644176412,0.009408101873956153,0.0008023580778206462,0.0,0.01351693869316453,0.04450494118491251,0.0,0.0,0.0,0.0,0.047157346846318456,0.0,0.02491913351001352,0.03152599476945281,0.0023847335010236514,0.0,0.0,0.0,0.0,0.002191727760842262,0.0,0.0,0.012742130188497054,0.0,0.019174869748580035,0.008000414969672411,0.0,0.0,0.002962448676418751,0.0,0.017400834261297002,0.0,0.027938203385463083,0.01168154053786014,0.0,0.020627466487048125,0.014825789510839103,0.0,0.0,0.0,0.000683060772862853,0.004005805261876746,0.0,0.0,0.0,0.0,0.028002605269708207,0.01249272464332301,0.0,0.00455690115049012,0.026613886883311063,0.0,0.0,0.0,0.02898283686819974,0.023684260523515764,0.0,0.0,0.019052525210778493,0.0022759069080282943,0.0,0.0,0.0,0.010310167736856153,0.0,0.0,0.0025744051431027277,0.0,0.006374712458944833,0.0,0.0,0.0,0.032124352654817556,0.007225279944372382,0.03203883493472077,0.009185636033318989,0.010446377482321278,0.011471548257203047,0.03625033467903965,0.0
LFQ intensity D9_2,0.0,0.0,0.008703015461652551,0.009186091294373897,0.0,0.004760199165413177,0.0,0.011519656012331082,0.005999178697252422,0.02407424489525309,0.02687901351265789,0.0,0.0,0.0,0.004168119833709127,0.0,0.017565717364590575,0.0168693730932877,0.032769241848269376,0.021773581782582964,0.0,0.0,0.007299083413086862,0.005175357320579354,0.021148069436659422,0.0,0.09412827026101236,0.0,0.023746225688910057,0.018703440836910595,0.008916343160026981,0.0033039198321201417,0.006040503921065702,0.00722748247793729,0.0,0.0,0.013106486037605244,0.013260323142615025,0.0,0.0,0.0,0.0,0.04741075164646764,0.0,0.02616503468141237,0.022897137964153616,0.0016837049921784545,0.0,0.0,0.0,0.0,0.006422570147652426,0.0,0.0,0.023945711925321144,0.0,0.015370910594790878,0.015113478778063735,0.0,0.0,0.006448718817251263,0.0,0.019561631869249103,0.0,0.030297672251013028,0.008529970527816226,0.0,0.014416332957309305,0.016228590626660037,0.0008077773448081055,0.0,0.0,0.00156819198338594,0.003940437728077009,0.0,0.0,0.0,0.0,0.027530812812462294,0.014977299261440697,0.0,0.013669782391102038,0.009987485480332334,0.0,0.0,0.0,0.028633718268906046,0.020212228070737977,0.0,0.0,0.014311867982848213,0.008528062440227897,0.0,0.0,0.023700939963546684,0.011594225247662852,0.0,0.0,0.005799169163140181,0.0,0.008330621783492226,0.0,0.0,0.0043533989432317155,0.0297164021563507,0.0010764708738629494,0.02995459709238731,0.014096399712530724,0.011840977517367506,0.01446591380478322,0.04008806370807318,0.0
LFQ intensity D9_3,0.0,0.006978607460782806,0.0007972781845924777,0.0016552765585721118,0.0,0.0,0.0,0.014138305665865169,0.010224396353062748,0.028221386411973932,0.009034066504096404,0.0,0.0,0.0,0.0024547506150766887,0.008666495472755404,0.019998185573290594,0.014631571804169713,0.03811564492819764,0.019659753524444074,0.0,0.0,0.015795760728381854,0.005120551347290693,0.022884468285420772,0.0,0.08720978643089507,0.0,0.02888490558511286,0.013000245241473878,0.0,0.0008404416478395646,0.012136370284382043,0.01118446669275772,0.0,0.0,0.008095061085992594,0.038713337847696205,0.0,0.0,0.0,0.0,0.047592268159415495,0.0,0.023513275690658916,0.022155284509470775,0.002744841356267786,0.0,0.0,0.0,0.0,0.007507669561220948,0.0,0.0,0.017440643075763193,0.0025372294345403046,0.016320405867869026,0.008129707956142923,0.0,0.0019952640030619258,0.007643106510845006,0.0,0.014209872593320735,0.0,0.036454815853065065,0.01304413477980163,0.0,0.014928598632561064,0.012678222421440554,0.0006409447531748976,0.0,0.0027539563264175003,0.0010294277757304066,0.00917341447780491,0.0,0.0,0.0,0.0,0.027495830448574527,0.011869359789366016,0.0,0.004614827787887542,0.01209920349811208,0.0,0.0,0.0,0.03143500661285067,0.025984242080568255,0.0,0.0,0.014428225541384046,0.0,0.0,0.0,0.022649823312154073,0.015471500825665967,0.0,0.0,0.007078044401403504,0.0,0.00622922776548459,0.0,0.0,0.0008342927687388209,0.025204717873137085,0.007109592504749414,0.025616078457232207,0.013282499742881261,0.011587683242547072,0.011944856188211195,0.04413078918635575,0.0
LFQ intensity D9_4,0.0,0.0018001156034334394,0.009070550745972242,0.005147237996480461,0.0,0.007332217109971177,0.0,0.01259823192872843,0.013416134042875102,0.0283235448296481,0.016602904010219157,0.0,0.0,0.0,0.0006032731121901223,0.004118388705163517,0.020840527511679238,0.015354765153275295,0.0360450251693189,0.023339887407965536,0.0,0.0,0.006184786340566863,0.003434641899567253,0.025490385437980483,0.0,0.08801528353999984,0.0,0.02773243737124108,0.003960617597777901,0.0,0.0,0.009122917087968745,0.011583471557935578,0.00026419790979958927,0.0,0.012532941857846083,0.01767672070975399,0.0,0.0,0.0,0.0,0.04537733462895671,0.0,0.027211876951110728,0.02089721540744523,0.0,0.0,0.0,0.0,0.0,0.0060468022496587785,0.0,0.0,0.01795426951540483,0.0,0.01877906161426418,0.010107675435869795,0.0,0.0,0.0004708562269013193,0.0,0.015202597292764592,0.0,0.03479197984716898,0.002920963144949314,0.0,0.020266721009427925,0.011986971880780508,0.002534665412733378,0.0,0.0,0.0020194404492806933,0.005247895049558266,0.0,0.0,0.0,0.0,0.030778780504955295,0.014776841565180816,0.0,0.009406821479211399,0.00242637683486647,0.0,0.0,0.0,0.03385353238501036,0.02169910606567609,0.0,0.0,0.020482934684571425,0.00372142566890913,0.0,0.0,0.025457087245263767,0.012244584328619846,0.0,0.0,0.00944718885561915,0.0,0.012373514037507492,0.0,0.0,0.0,0.0345832190427943,0.007804730409297674,0.02584800543199317,0.01647818840298794,0.013496460393577214,0.017903184262844075,0.044810487647480905,0.0
LFQ intensity D9_5,0.0,0.005225293180250632,0.0026373473996973546,0.0,0.0,0.0013270914979875443,0.0,0.01222533955624566,0.012066153250149637,0.032312966633876415,0.014438801648578102,0.0,0.0,0.0,0.005477770955576011,0.0032398383099405503,0.023172820913336827,0.011548972082201812,0.032365488678259086,0.018287021585237425,0.0,0.0,0.00915485189524596,0.004320404718249455,0.030724599594686628,0.0,0.089189360457088,0.0,0.033932687773326364,0.003850840706649034,0.01172477303562588,0.0017944601909621403,0.009154821026330598,0.012967121401076021,0.0018986858649813238,0.0,0.012939952431808444,0.02331973638044639,0.0,0.0,0.0,0.0,0.04848834481944022,0.0,0.028180130338384658,0.02087869966114462,0.004541802870289506,0.0,0.0,0.0,0.0,0.003240390888253537,0.0,0.0,0.014305268194754913,0.0,0.02038657821219807,0.007548789570993698,0.0,0.0,0.0,0.0,0.009107312441647924,0.0,0.03168940126067117,0.013221245145152206,0.0,0.018399306422485957,0.01496857449557082,0.0013517928074339247,0.0,0.0,0.0014342288532429772,0.005918190025167506,0.0,0.0,0.0,0.0,0.028065372592053262,0.012351033687957905,0.0,0.008489822389363279,0.026670475800004232,0.0,0.0,0.0,0.025711510796030426,0.02119478184242358,0.0,0.0,0.01936386720823246,0.002809161015869518,0.0,0.0,0.019840602074394167,0.010362464636125545,0.0,0.0,0.010488346153218578,0.0,0.0062227704968088075,0.0,0.0,0.0,0.028514328719270524,0.005124754283021244,0.031443243917219615,0.014906580631892258,0.012175537203930225,0.013855337782623609,0.03945275159491592,0.0
LFQ intensity D9_6,0.0,0.0073592229625885726,0.009198984623869205,0.0026151667581032997,0.0,0.0,0.0,0.016133303124076584,0.016338882935299993,0.027708405184641693,0.014433862562408457,0.0,0.0,0.0,0.00458935406715791,0.0,0.022059223135607445,0.014053421724370593,0.038841914815038535,0.022449824197385258,0.0,0.0,0.012225395307018543,0.0014059259434399775,0.021797377697184935,0.0,0.08039224980788617,0.0,0.036907874324553176,0.018005469548484403,0.0,0.003085213569234413,0.0067337729606354625,0.007972647762906128,0.0008353355728052778,0.0,0.009348250517108296,0.037221029259149344,0.0,0.0,0.0,0.0,0.04686474817992913,0.0,0.03190730332072886,0.012008428336131565,0.0,0.0,0.0,0.0,0.0,0.015088223949001422,0.0,0.0,0.016269970953946708,0.0,0.013036421618517658,0.0014117865377473902,0.0,0.0,0.00895578166923227,0.0,0.02261770652995202,0.0,0.04219007410298145,0.02271203987233553,0.0,0.014762345820807765,0.012219705569521499,0.002142640783482093,0.0,0.004847402793413842,0.0,0.0,0.0,0.0,0.0,0.0,0.02769255291655283,0.010087356992183522,0.0,0.0048236100812058275,0.0,0.0,0.0,0.0,0.03468142944137551,0.02365353396416231,0.0,0.0,0.01721599385437802,0.0012289463147352854,0.0,0.0,0.01985818202278796,0.009392787980105684,0.0,0.0,0.0,0.0,0.01245678857232454,0.0,0.0,0.0,0.03155641230699222,0.003623422205807598,0.027168408564430865,0.008274613349400696,0.013163091649635715,0.011229865835210864,0.045146315550027766,0.0
LFQ intensity D9_7,0.0,0.0049873244561203815,0.0031529075045551667,0.0,0.0,0.01320923814648309,0.0,0.014722500263428499,0.015757334144694407,0.039649883300085585,0.027374090120259494,0.0,0.0,0.0,0.0030237232288653003,0.0020438301705480964,0.02097521746875523,0.013330022604803999,0.03143835820777614,0.01768000672435223,0.0,0.0,0.011424119531480637,0.0,0.022944591627666832,0.0,0.08678089074623817,0.0020851584621168037,0.028056869635084036,0.0034044310250327813,0.005414161769274183,0.0,0.008445621958809775,0.009674595925841961,0.0,0.0,0.01121316187251019,0.04865039810482991,0.0,0.0,0.0,0.0,0.04058648700491247,0.0,0.029017147076872054,0.018026701171687094,0.0011735978580993006,0.0,0.0,0.0,0.0,0.020327695752048663,0.0,0.0,0.01387090852823648,0.0,0.0160060363433352,0.006140102578642523,0.0,0.0,0.004803217739614906,0.0,0.012180808698859652,0.0,0.02593988524653728,0.011606246537050538,0.0,0.014937619585280322,0.016703897116398473,0.0,0.0,0.004605329111713353,0.0018383199644405373,0.0,0.0,0.0,0.0,0.0,0.029233233136946642,0.013553046495849966,0.0,0.00876496562899659,0.010906937684536069,0.0,0.0,0.0,0.03382608201408905,0.02884246458084405,0.0,0.0,0.016292395722624226,0.0,0.0,0.0,0.0,0.013332949983095331,0.0,0.0,0.013423531041565483,0.0,0.0065094087756149294,0.0,0.0,0.0008527696735220446,0.026417433925015416,0.008268644315550723,0.025619333438406486,0.008131819912131303,0.015294415069190624,0.013035032525068033,0.04449309876361129,0.0
LFQ intensity D9_8,0.0,0.0035850019388767897,0.0014387986303596295,0.011722288664676499,0.013066759663738868,0.0,0.0,0.003944068640657289,0.009054586043262935,0.01574538595037055,0.005187503015081282,0.0015596118271286158,0.0,0.0,0.005801187564122579,0.0,0.01865759507333915,0.01136294581999396,0.03565414645278491,0.02205016153881883,0.0,0.0,0.010423692625240275,0.0,0.0,0.0,0.07643844219729724,0.0,0.03497451550317922,0.014267615424532011,0.008577749585308827,0.0,0.0069932504413885935,0.008184139173229538,0.0,0.0,0.009771328356056248,0.04056594380312763,0.0,0.0,0.0,0.0,0.04649598904749309,0.0,0.020937673788355475,0.015693969197051055,0.0,0.0,0.0,0.0,0.0,0.0306245201048779,0.0,0.0,0.0,0.013355282451195938,0.011360780705487973,0.016295970574119502,0.0,0.02710746126065161,0.0,0.0,0.020732329464271206,0.0,0.03934538137036516,0.03626874370963367,0.0,0.013862567971023896,0.012634285518831384,0.00035667550030128053,0.0,0.008321755268807417,0.0002628090020395003,0.007063062401583721,0.0,0.0,0.0,0.0,0.028003800622170442,0.012342365295950727,0.0,0.007435139762431778,0.0,0.0,0.0,0.0,0.016865447501415796,0.03142899851629651,0.0,0.0,0.013920321533686634,0.0,0.0,0.0,0.029767274692907995,0.009126028995729039,0.0,0.0,0.008593008800464466,0.0,0.012482442559282266,0.0,0.0,0.0013744158508605278,0.02648386387934876,0.004995621783242587,0.028614867620033325,0.013734367130141537,0.017225949791117107,0.01040027549552477,0.03745983490073444,0.0
LFQ intensity D9_9,0.0,0.012858853720592188,0.0,0.00912869460884475,0.011957701761569078,0.0,0.0,0.011414847102768725,0.007838659240242508,0.013249179777934059,0.0,0.0,0.0,0.0,0.007584283170879935,0.001217629758204206,0.020458983334898432,0.01284995662172918,0.02693109397518877,0.020152612068363718,0.0,0.0,0.008403562044434286,0.0,0.01229265391597015,0.0,0.08452673951778164,0.0,0.023104990394746817,0.005835018884432456,0.0033967202766801295,0.0031887148596676284,0.010538816531602567,0.004631186058633924,0.0,0.0,0.013360833027040973,0.05131791394072064,0.0,0.0,0.0,0.0,0.05058080140758676,0.0,0.025606437993402956,0.02233907266075109,0.0,0.0,0.0,0.0,0.0,0.01828499928896729,0.0,0.0,0.015352271425207167,0.007998224274504041,0.014640592385936214,0.01290463430723029,0.0,0.019020697039777087,0.0015081647821935953,0.0,0.013588593150494793,0.0,0.031244480064100577,0.033033122970635466,0.0,0.021323356808473685,0.015105598732987694,0.0,0.0,0.011857535672468519,0.0,0.006229010225955623,0.0,0.0,0.0,0.0,0.025460745496061667,0.01447965552762278,0.0,0.00554667647316167,0.005940102816077898,0.0,0.0,0.0,0.03025734465123397,0.02504739295983337,0.0,0.0,0.015558264789119595,0.0017029222750026734,0.0,0.0,0.021012631147081236,0.011573203915243673,0.0,0.0,0.010611575426663853,0.0,0.0071952659684414895,0.0,0.0,0.0,0.025345455734946568,0.008068782889066501,0.026018411660367263,0.007813288224430118,0.005646961650959835,0.011600948748989757,0.04426313186209649,0.0
