,AIA,AIB,AIY,AIZ,ALA,AS,ASE,AUA,AVA,AVB,AVD,AVE,AVF,AVH,AVJ,AVK,AVL,AVM,AWC,Amphid socket,Anal muscle,Apoptotic germ cells,BAG,BDU,Body wall muscle anterior,Body wall muscle middle,Body wall muscle posterior,CAN,CEP_ADE_PDE,Cephalic sheath,Coelomocytes,DA_VA,DB_VB,DVA,DVB,DVC,Differentiated germ,Distal tip,Dorsal uterine cell,Embryonic cells,Excretory cells,Excretory duct,Excretory gland,GLR,Glia_1,Glia_2,Glia_3,Glia_4,HSN,Hypodermis head,Hypodermis tail,I2,I4,IL1,Intestinal-rectal valve,Intestine anterior,Intestine middle,Intestine posterior,LUA,M2,M3,M4,Marginal cells,Mature sperm,Meiotic germ cells,Mitotic germ cells,NSM,OLL,OLQ,Oocytes,PDA,PDB,PLM_ALM,PLN,PVC,PVD_FLP,PVM,PVN,PVP,PVQ,PVR,PVT,PVW,Phasmid socket,RIA,RIB,RID,RIF,RIG,RIH,RIM,RIP,RIR,RIS,RIV,RMD,RMD_LR,RME,RMG,Rectal gland,SAA,SAB,SDQ,SIA,SIB,SMB,SMD,Seam cells (bus+),Seam cells (grd+),Seminal vesicle (male),Spermatheca bag distal,Spermatheca bag proximal,Spermatheca neck distal,Spermatheca neck proximal,Spermatheca-Uterine junction,Spermatocytes,Syncitial pachytene spermatocytes,URA,URX_AQR_PQR,URY,Unassigned hypodermis/gonadal sheath,Unassigned sex-specific muscle,Unassigned sheath cells,Unassigned uterine cells,Uterine muscle,Uterine seam cells,Uterine toroid,Uterine-vulval cells,VC,VD_DD,Vulval cells,XXX,cat-4(+)ptps-1(+) intestine anterior,e1_e3 (pharyngeal epithelium),e2 (pharyngeal epithelium),g1A (pharyngeal gland),g1P (pharyngeal gland),g2 (pharyngeal gland),hmc,hyp4_to_hyp6,hyp7 (hypodermis),pm1_pm2 (pharyngeal muscle),pm3_pm4_pm5 (pharyngeal muscle),pm6_pm7 (pharyngeal muscle),sh1 (gonadal sheath distal),sh2 (gonadal sheath distal),sh3_sh4 (gonadal sheath proximal),sh5 (gonadal sheath proximal),vm1 (vulval muscle),vm2 (vulval muscle)
LFQ intensity D1_1,0.0,0.0,0.0029382837297333483,0.014585419140003452,0.0,0.02354131288478747,0.0,0.002234849266381431,0.0,0.023049779934455696,0.050972127571116875,0.03537843898285851,0.02086543229431192,0.011051301560510974,0.0,0.0012388025174761986,0.0,0.0,0.011661157701163027,0.0,0.0012170386582086182,0.0013913615680447836,0.0,0.019419453723581587,0.00436164190136926,0.011009859807657677,0.0,0.005507943644210958,0.03007673972540108,0.004367319279684003,0.0,0.0,0.0,0.0,0.0,0.0013917304349984733,0.07932991080923298,0.004822839537386478,0.0,0.0,0.0,0.03510314041552578,0.0,0.0004639281725594287,0.0,0.013973405500397634,0.0,0.0,0.017093054905241385,0.036169251172661586,0.0,0.0,0.007831910388425364,0.0,0.006360474276852936,0.0,0.0029553134489085013,0.016946079789995083,0.0,0.0,0.0,0.002113645883077741,0.014436303420351444,0.0050209459952562175,0.01926516287082045,0.0,0.0,0.0,0.0036575607163275275,0.0,0.0,0.031040118802975372,0.0,0.0,0.01118054076471031,0.0,0.0,0.0,0.010170319637044593,0.0,0.0005593471673876837,0.009697735078060104,0.0010178147548407497,0.0,0.0,0.043452826665380494,0.0,0.0,0.01307861049562813,0.0,0.004658352480728244,0.0,0.0,0.0,0.0,0.026783144255553497,0.0003495114338463302,0.0,0.004494462525410207,0.00298116912553395,0.004122786566538298,0.0,0.032254382358522175,0.0,0.0,0.002136639798061134,0.015155600190930592,0.010320077622813494,0.0,0.008365904969407048,0.004627731090660428,0.0017829446771000553,0.003115353183626343,0.0,0.0,0.0,0.007748570711708753,0.005986835379101376,0.0,0.03095048126104796,0.0,0.003281318644357707,0.00475260851118095,0.010117330456451929,0.0,0.001837255339072262,0.0,0.01153328273698153,0.0,0.0,0.0,0.009361947157276807,0.0,0.0,0.0,0.002562534557350789,0.0,0.0,0.0,0.02188074361648948,0.0,0.0,0.05302935550738731,0.0,0.0010799801316263775,0.020834914329398522,0.0,0.017420029837704916,0.014474516549128317,0.0
LFQ intensity D1_10,0.0,0.0049843050510967315,0.022720695677712795,0.020927947320667828,0.0,0.016439344616455454,0.0,0.0,0.0,0.014906852657883425,0.04853509792470655,0.020984280075233255,0.0,0.0,0.0,0.0037964760550716005,0.0015628818133759646,0.0,0.005675581276857189,0.0,0.0008430227883761679,0.0007576630620493488,0.0,0.0,0.0,0.012208624834738729,0.006879064127547296,0.0027291875773702754,0.03268159912671754,0.0,0.0,0.0,0.0,0.0,0.0,0.017219521294339783,0.06942050597677235,0.00016052337943783717,0.0035794272403055316,0.0,0.0,0.026308708768611227,0.0,0.0,0.0,0.0,0.0,0.002178751211329651,0.01430631129874363,0.021036639227205462,0.0,0.0,0.018561907522426403,0.0,0.003438978048976221,0.0,0.0036666336900406282,0.021847581983167722,0.0,0.0,0.0,0.005238502371040624,0.013157415318800797,0.006612546008944314,0.02027291402054167,0.0,0.0,0.0,0.0,0.0,0.0,0.031052494357469547,0.0,0.0,0.024138665388554942,0.01235363893711671,0.0,0.0,0.0,0.0,0.0,0.0015738127650151076,0.0,0.005447181554106981,0.0,0.05186901092471845,0.0,0.0,0.017819441472371248,0.0,0.0,0.0,0.0,0.00932759968274068,0.0,0.026279015639669067,0.0022823135774526727,0.0,0.004914292812654647,0.002648069026184655,0.016354182412929075,0.0,0.028068621340546798,0.0,0.0,0.0014938794878709045,0.017094992459806967,0.013172763099099389,0.011647696368811826,0.008212839949851499,0.004170628870798535,0.0014388379643881148,0.0032859389655724557,0.0,0.0,0.0,0.003478802230712826,0.00548119296725175,0.0,0.044598275417339565,0.0,0.0,0.0054919070868352455,0.008595929550871314,0.0027920561631178025,0.0012425517457866511,0.0,0.007503026640539097,0.0,0.0,0.0,0.007862612042546279,0.0,0.0,0.0,0.002398241575871305,0.0,0.0,0.0,0.03422913636514561,0.0,0.0,0.05230408818243222,0.0,0.006595670229946375,0.018160415677419543,0.0,0.019070901431366645,0.021909784288543562,0.0
LFQ intensity D1_11,0.0,0.005886537772190572,0.033447508169871326,0.0293325281483425,0.0,0.010897195275578019,0.0,0.0,0.0,0.008576748737164703,0.046775855062104243,0.01958763939997233,0.0,0.0,0.0,0.00350097560820125,0.002441057797871251,0.0,0.00657399375792365,0.0,0.0029398447041767317,0.0,0.0,0.0,0.004753542265847428,0.013453520985218384,0.00286649791132555,0.005977098685366584,0.03494775907582054,0.004947789442072197,0.0,0.0,0.0,0.0,0.0,0.011256328160228368,0.07615439227936943,0.002697171387049539,0.005673253890982933,0.0,0.0,0.0376892540265263,0.0,0.0,0.0,0.005355128502094171,0.0,0.0009470049953778363,0.013266503892447044,0.037973446082431125,0.0,0.0,0.006793479232562357,0.0,0.006974170752276584,0.0,0.005174033217818588,0.030457932885177022,0.0,0.0,0.0,0.005543704558013515,0.014760092056456293,0.007588455237766805,0.015332796859542839,0.0,0.0011043224784992815,0.0,0.008867166591972274,0.0,0.0,0.03160520985908573,0.0,0.0,0.021381285153463627,0.014846431648722324,0.0,0.0,0.005927880613913754,0.0,0.003431758814326785,0.004625823092506064,0.0,0.0,0.0,0.03056174102635294,0.0,0.0003806784435016643,0.010115071390989654,0.0,0.0,0.007888614522667526,0.0,0.018296969115785138,0.0,0.023551986905048297,0.00019566984015385674,0.0,0.0019508155887640953,0.0033737810202997018,0.00227130210320699,0.0,0.025916773722583285,0.0,0.0,0.0,0.027270493936566952,0.01082075518873272,0.000763617095722306,0.008138916647018199,0.0,0.0018942607122287827,0.0031271477251274896,0.0,0.0028917474530876703,0.0,0.009884584456161926,0.0,0.0,0.04027529461469697,0.0,0.0,0.006080756958332372,0.006897099243000573,0.0020758431872343547,0.003940077912366265,0.0,0.006823383509900119,0.0,0.0,2.3050910804759068e-05,0.01259575859550198,0.00011971839967646739,0.0,0.0,0.0030319002670374257,0.0,0.0,0.0,0.01142982043867355,0.0,0.0,0.04072178119024175,0.0,0.004158803411825652,0.027434485805473516,0.0,0.015999353774796055,0.01676482581878123,0.0
LFQ intensity D1_2,0.0,0.0019531809397174385,0.03380060697769182,0.008499376959917225,0.0,0.01597848645373093,0.0,0.0007648822638362482,0.0,0.02334388189014984,0.0545912904029067,0.03620834492634012,0.0,0.012759673390036629,0.0,0.0026164886108818427,0.0,0.0,0.007679890569550966,0.0,0.0,0.006216688446757039,0.0,0.0,0.0014799185333100433,0.014513429525479942,0.004505384041693889,0.00596910304852331,0.04009795853830524,0.002718580718431673,0.0,0.0,0.0,0.0,0.0,0.013896428279452637,0.08409665589820646,0.01090071176307953,0.002950965074102077,0.0,0.0,0.04010604823700749,0.0,0.0,0.0,0.0,0.0,0.0,0.006701964021850347,0.040816999682396264,0.0,0.0,0.0010385679393266145,0.0,0.003488013277901971,0.0,0.004273608029608771,0.025143895736458328,0.0,0.0,0.0,0.00468711248203097,0.017236039885558038,0.006655446276986078,0.018534296946059393,0.0,0.0,0.0,0.0,0.0,0.0,0.024820669485227244,0.0,0.0,0.010070530355057667,0.021835707724035036,0.0,0.0,0.009039966937694354,0.0,0.0,0.009910464545952409,0.0,0.0,0.0,0.052488274521835604,0.0,0.004163577848574642,0.016766077634931098,0.0,0.0,0.0,0.0009033553453157894,0.0028347216692553388,0.0,0.027659099664667373,0.003531474486860054,0.0,0.005836580779652146,0.004997173079656325,0.00911758488912473,0.0,0.018986937889476488,0.0,0.0,0.0,0.0059573717215052014,0.009490307975740483,0.003188230909706069,0.009465160326085425,0.0,0.002043485344759551,0.0033710523099234908,0.0,0.003469504240250545,0.0,0.0031411492358614955,0.0,0.0,0.04898799203659641,0.0,0.0,0.0015582608988565277,0.008911663682388606,0.0,0.003687440211136665,0.0,0.006563265264057201,0.0,0.0,0.0076518062680391635,0.004800165138398081,0.0,0.0,0.0,0.0027815215358763757,0.0,0.0,0.004960594870789348,0.0,0.0,0.0,0.05173367777156953,0.0,0.0,0.016906905080838745,0.0,0.016337568220013508,0.007806760333005574,0.0
LFQ intensity D1_3,0.0,0.008246047228490294,0.024153597465293306,0.0040360357611846556,0.0,0.013155307902663319,0.0,0.0,0.0,0.009528388701809698,0.05711237977328532,0.024318562058205262,0.0,0.003980476497391406,0.0,0.0026332871692358196,0.0,0.0,0.013081149801452223,0.0,0.0,0.003035901257244124,0.0,0.0,0.0070901440059401135,0.015691814994114824,0.001473601338447519,0.004832934044368814,0.031601648258467466,0.0,0.0,0.0,0.0,0.0,0.0,0.006919802937833735,0.08384276503604057,0.006823380519528647,0.006076705439635977,0.0,0.0,0.03517749309573375,0.0,0.0035196902891915178,0.0,0.0,0.0,0.0,0.014176686619422403,0.048859996973984125,0.0,0.0,0.0,0.0,0.0008520995500231919,0.0,0.006495502286112919,0.022031313170353888,0.0,0.0,0.0,0.0041193149083014555,0.01469757079515131,0.008273992422956648,0.01744935054560504,0.0,0.0,0.0,0.008293921664473979,0.0,0.0,0.025825953351567125,0.0,0.0,0.011067263324515148,0.02189903077670922,0.0,0.0,0.006631433130367031,0.0,0.0022983451543649633,0.0,0.0012698393592873814,0.0,0.0,0.046852974497229985,0.0,0.0,0.00566114852325476,0.0,0.01270493346249436,0.0,0.0,0.009855213490158983,0.0,0.026789269762415666,0.003982503104965281,0.0,0.0029642881940198334,0.003516155665767175,0.0020464153615223314,0.0,0.022441404491515576,0.0,0.0,0.0,0.023212142913208268,0.010598500899664763,0.009311043538672811,0.00771968314233203,0.001611004421903424,0.0,0.006872922363458749,0.0,0.0028543668494978745,0.0,0.0029836178474630607,0.011130944391899588,0.0,0.037527381868665,0.0,0.0,0.006441618149967128,0.003431886707027125,0.0,0.002551401688292599,0.0,0.010887540086808546,0.0,0.0,0.0073798509990725914,0.01305663550060977,0.0005206234217651577,0.0,0.0,0.00270034018821257,0.0,0.0,0.0,0.0,0.0,0.0,0.046437707142817156,0.0,0.01618933628540149,0.027464805931111457,0.0,0.021773553438439168,0.009956058061611603,0.0
LFQ intensity D1_4,0.0,0.00040610482355569625,0.025603146502028322,0.007978008034897377,0.0,0.0056470851678190334,0.0,0.006795146429370421,0.0,0.01716051244180845,0.05443934836973458,0.026572776035604886,0.0,0.01286234718086732,0.0,0.007998308657722105,0.00034495857608712774,0.0,0.009623955340418842,0.0,0.0,0.0007328721791929781,0.0,0.0,0.004180410451655373,0.015649787656607506,0.0050707362784006785,0.004728694689489126,0.02951475104995856,0.0038554997646472458,0.0,0.0,0.0,0.0,0.0,0.0069367775210768135,0.08758703292676637,0.000238334267385501,0.003332559383521815,0.0,0.0,0.04159407229545264,0.0,0.0,0.0,0.0,0.0,0.0,0.0025802385289986586,0.02508572869096436,0.0,0.0,0.0,0.0,0.002595447096661894,0.0,0.0,0.01872327965310147,0.0,0.0,0.0,0.0023810051122875016,0.009095011272294218,0.007068021129734199,0.01993396976337493,0.0,0.0,0.0,0.005599383346425976,0.0,0.0,0.03813418286913452,0.0,0.0,0.013034711253095809,0.02346607058463067,0.0,0.0,0.008669730975817908,0.0,0.0,0.0035620512498890427,0.0,0.015101523979825386,0.0,0.058319680793026546,0.0,0.0036877916076895898,0.008733205248322691,0.0,0.0,0.0,0.0,0.0,0.0,0.027015655192194038,0.0029807277378944325,0.0,0.0009449788234025628,0.0028749208516727345,0.00710538610374462,0.0009223660516793948,0.01940046534841864,0.0,0.0,0.0020793487876323864,0.004554379759461854,0.011417270540329472,0.007644296124441687,0.008633846352132962,0.0,0.0,0.007685240428096511,0.0,0.003334201793164032,0.0,0.004412102986367292,0.012667710025601858,0.0,0.04948832699905349,0.0,0.0,0.006086494574001893,0.0025472934350308364,0.004123919315887243,0.0020455833497685194,0.0,0.011323595535790576,0.0,0.0,0.0,0.014060702776826008,0.00200980239193481,0.0,0.0,0.0026829260235031885,0.0,0.0,0.0,0.011061582750043916,0.0,0.0,0.04789435186947606,0.0,0.023038855369376863,0.02015183274490605,0.0,0.019768674606417198,0.015418902172404797,0.0
LFQ intensity D1_5,0.0,0.005864244199535054,0.03288908191424926,0.03723912809851356,0.0,0.013594681710646919,0.0,0.0,0.0,0.013168885736924969,0.041151694548276455,0.0223604786720367,0.0,0.00017138103795879224,0.0,0.005385341190009528,0.0013163564032680193,0.0,0.005096738544326875,0.0,0.0,0.0,0.0,0.0,0.00241649693508064,0.015596544177027948,0.005594068078042967,0.0037660453729091103,0.035598139573744185,0.006204367976297269,0.0,0.0,0.0,0.0,0.0,0.013847538838749748,0.07597515760604896,0.005513250002105543,0.007967463057678434,0.0,0.0,0.03619405339959125,0.0,0.0,0.0,0.0,0.0,0.0,0.013773096285762988,0.023142489007805467,0.0,0.0,0.007830083191524001,0.0,0.009919384663477741,0.0,0.005825876247052194,0.030557382476664497,0.0,0.0,0.0,0.0024977554695094053,0.009483315524437139,0.007717781341330829,0.01620007605158801,0.0,0.0,0.0,0.0006672617000085909,0.0,0.0,0.030507366423550113,0.0,0.0,0.011315334810883426,0.016013884053224865,0.0,0.0,0.005408876504914986,0.0,0.003769779765579525,0.008362798138204413,0.0,0.015526188779511275,0.0,0.03417826194926868,0.0,0.0,0.009133399284340395,0.0,0.0,0.010210633950284357,0.0,0.017590754367930648,0.0,0.025248568682799708,0.0039401734221579665,0.0,0.0014286417490388082,0.004349081490887312,0.00037708817088490375,0.0,0.025849169684471065,0.0,0.0,0.0,0.02063064054941684,0.014669125671125433,0.004289541288765423,0.006671243358798411,0.0005795843329466215,0.0,0.004605330516614235,0.0,0.003083801431903451,0.0,0.0038369844808101273,0.0,0.0,0.04629755162796845,0.0,0.0,0.007631395811726716,0.006154056340337855,0.004369947901613077,0.0036771805985528786,0.0,0.0013968764610950504,0.0,0.0,0.0,0.008158172567346019,0.0,0.0,0.0,0.003802074344264974,0.0,0.0,0.0,0.024028694975766738,0.0,0.0,0.04315597794402347,0.0,0.006013315275766143,0.016106999257672585,0.0,0.01518237964343514,0.01792348535993468,0.0
LFQ intensity D1_6,0.0,0.011692135626907078,0.021501770907125656,0.035174399395931755,0.0,0.0246357546936807,0.0,0.0,0.0,0.02047272117232254,0.044356532672745336,0.013478555361891692,0.0,0.005689994991707247,0.0,0.005177607836212088,0.0010203775411675381,0.0,0.007842133007525225,0.0,0.011555469706575236,0.004086356552017759,0.0,0.0,0.0,0.010910812837743427,0.0,0.005238392718245463,0.022782592502304095,0.00614524557378212,0.0,0.0,0.0,0.0,0.0,0.011777220105018199,0.07290053473588211,0.013168658233413797,0.0,0.0,0.0,0.05328374858847978,0.0,0.0,0.0,0.02108596847170203,0.0,0.0007603358173990726,0.011848674618975916,0.0,0.0,0.0,0.01593408082390599,0.0,0.005475398565548516,0.0,0.0,0.023699933672001322,0.0,0.0,0.0,0.002245328797608694,0.016015715559218466,0.007032551878793482,0.015800973071538417,0.0,0.0,0.0,0.004686327174875395,0.0,0.0,0.03534551468400678,0.0,0.0,0.006446420489203978,0.014717741617580927,0.0,0.0,0.010981751212727268,0.0,0.0,0.00860097363668908,0.0,0.0,0.0,0.03441238643521395,0.0,0.00015243086257201135,0.008838366114228422,0.0,0.0,0.01602512242765909,0.0,0.016505316510858417,0.0,0.031877385192738215,0.003413421979591796,0.0,0.004548233524994865,0.003619496074916127,0.0013931123157683697,0.0,0.004209460673613212,0.0,0.0,0.007486663414113295,0.009060871897616752,0.006176965658198016,0.00957848183863131,0.008304117110676098,0.0,0.0,0.004489587076899258,0.0,0.003783007809719368,0.0,0.002614057836195559,0.0007486936745325007,0.0,0.05077739428150529,0.0,0.0006947213155838667,0.015166951699243647,0.010314651704229547,0.00552596912816231,0.003939695935721893,0.0,0.010841654062755647,0.0,0.0,0.0,0.012143460549069921,0.0,0.0,0.0,0.0034646326925084356,0.0,0.0,0.004735427890315678,0.0,0.0015361755229882366,0.0,0.04318259600936363,0.0,0.009379897710186555,0.015609691348579058,0.0,0.011649467640812674,0.020231729227782887,0.0
LFQ intensity D1_7,0.0,0.004732074818087701,0.03364786810457719,0.007083528874767754,0.0,0.017200987128758897,0.0,0.0014181576984558162,0.0,0.02191028468642349,0.05790909130094815,0.035849874879839885,0.0,0.013061173824023975,0.0,0.0047777324197311654,0.0012145930215381603,0.0,0.010734749650768444,0.0,0.0,0.002122888061513075,0.0,0.0,0.007294270022805662,0.013084613887206789,0.0017517067345045225,0.0048351883852519335,0.03777460858410168,0.0,0.0,0.0,0.0,0.0,0.0,0.006545848352939493,0.08124522629841678,0.009367010819230553,0.004941047612076115,0.0,0.0,0.019247787802573715,0.0,0.0025972270401889066,0.0,0.0,0.0,0.002761868211404632,0.01401459083215237,0.027085031497229916,0.0,0.0,0.0,0.0,0.001088884257415519,0.0,0.007013162869521148,0.02612522058047191,0.0,0.0,0.0,0.0,0.01675628605516749,0.004971412951949558,0.018646512386652297,0.0,0.0,0.0,0.0034276242797077706,0.0,0.0,0.029784916263478043,0.0,0.0,0.010757780840209072,0.022087905262852547,0.0,0.0,0.006845785004908651,0.0,0.0,0.0003693217911039045,0.0,0.0,0.0,0.04455879971730587,0.0,0.0043180337843821215,0.016994995441482214,0.0,0.0,0.0,0.0,0.0043779810436570706,0.0,0.025746792891516563,0.002540530585371376,0.0,0.006762211892663243,0.0037074963405010473,0.017045236171181196,0.0,0.017563167221890153,0.0,0.0,0.0,0.007081250470052815,0.012058402428086125,0.012884189968341873,0.007671803945863038,0.0,0.004004254584204016,0.0030846449186485657,0.0,0.004797121146682078,0.0,0.0,0.008408508844662013,0.0,0.05152568757838614,0.0,0.0,0.0046783304626102935,0.0038298197822104196,0.0,0.003236780354035041,0.0,0.005930275879057818,0.0,0.0,0.0,0.0006251016097040051,0.0,0.0,0.0,0.0038762972387517587,0.0,0.0,0.00143397768065619,0.01904088649916085,0.0,0.0,0.051812853482776436,0.0,0.0,0.02907100653505385,0.0,0.020954182631286785,0.008295535776864357,0.0
LFQ intensity D1_8,0.0,0.007040943536017521,0.031676160435183495,0.012979635452217907,0.0,0.012478374596829146,0.0,0.0013374623070394537,0.0,0.024204771318015926,0.05401031098081226,0.03015591014233052,0.0,0.013131260773288956,0.0,0.009171658986987019,0.0,0.0,0.008833397790477796,0.0,0.0,0.0024403765249711444,0.0018864138867734613,0.0,0.007513874904953348,0.015519262889421586,0.0,0.0037878182254450885,0.030431969827519775,0.0,0.0,0.0,0.0,0.0,0.0,0.007254184770983482,0.07492521034271891,0.003578131229559825,0.0045702938840378035,0.0,0.0,0.02872883561892805,0.0,0.0,0.0,0.0,0.0,0.002282808439868136,0.01138273563059803,0.011234032246243331,0.0,0.0,0.0,0.0,0.010007766608952461,0.0,0.00702345520730627,0.03323743240876638,0.0,0.0,0.0,0.0017199897724749077,0.009245509800541292,0.00034765894184958995,0.018561278945364905,0.0,0.0,0.0,0.017830307117602088,0.0,0.0,0.021062851379926424,0.0,0.0,0.020631369534645092,0.01796548291236081,0.0,0.0,0.006598634741775644,0.0,0.0,0.0043930326933052455,0.0,0.009072462522096971,0.0,0.048224247361975954,0.0,0.0009207001148396625,0.018703812976234583,0.0,0.008913650738293108,0.0,0.0,0.005029573932853694,0.0,0.025309127680338394,0.003036871516392085,0.0,0.005663486578434721,0.002289341801503783,0.011306006269277039,0.0,0.01847272548862523,0.0,0.0,0.0,0.009205339111841888,0.01273334318878169,0.006569182267492569,0.007950461420055179,0.0,0.00041556635341114586,0.0013106180073377206,0.001828692800200115,0.004531771543940255,0.0,2.085749442712493e-05,0.008699430836470068,0.0,0.040686421816567286,0.0,0.0005113293663920898,0.00805776450075051,0.0007214482705934879,0.004647629990890861,0.0001256472960029823,0.0,0.005541073553517108,0.0,0.0,0.0,0.00596387707677754,0.0,0.0,0.0,0.01588928861975191,0.0,0.0,0.0,0.028827641299330457,0.0,0.0,0.0515514300049571,0.0,0.0,0.016109217674463848,0.0,0.014753891050066336,0.01722546466902224,0.0
LFQ intensity D1_9,0.0,0.010713157160656342,0.0015639357592289898,0.010600358287000376,0.0,0.01869511227420071,0.0,0.0007504921011451108,0.0,0.022360381651071067,0.06640278965752668,0.025700733631758045,0.01868796730648487,0.006351597307379167,0.0,0.004208523680386179,0.0024000897212273485,0.0,0.013382542139291815,0.0,0.0,0.0,0.0,0.011309331907652802,0.007993779008108916,0.013906727279789819,0.0,0.004196960004563033,0.022497032433321226,0.007580040756778911,0.0,0.0,0.0,0.0,0.0,0.0,0.07661278658768912,0.001054608410130448,0.009649388174482723,0.0,0.0,0.03243602005951779,0.0,0.00285082563041103,0.0,0.011984694980070373,0.0,0.0,0.020757861879065722,0.027057124691652352,0.0,0.0,0.004330434915713333,0.0,0.0054705211916066775,0.0,0.0,0.018136843581123475,0.0,0.0,0.0,0.001112327893399098,0.014457163023510378,0.006655724747688803,0.01647381129273213,0.0,0.0,0.0,0.006980355366065272,0.0,0.0,0.025366626802571398,0.0,0.0,0.011953648147641861,0.0,0.0,0.0,0.009570307176854533,0.0,0.0,0.01681965121315064,0.0041601527380983735,0.0,0.0,0.048128783628353454,0.0,0.0,0.019853349111039247,0.0,0.0,0.002712159695740841,0.0,0.004652793462749641,0.0,0.028285799364615234,0.0,0.0,0.006535773516062566,0.0033915945221354156,0.00375419965271659,0.0,0.008726331044979633,0.0,0.0,0.00946997039461532,0.01582912631213522,0.011129168256985783,0.005630892826709079,0.008755434617570291,0.0,0.0,0.004560347887890155,0.0006671437835825949,0.003701221610595481,0.0,0.0036131385573119007,0.009640097100364262,0.0,0.04390643565371045,0.0,0.004208571171125892,0.004793453029712622,0.008727471118803998,0.0,0.0011100608619778866,0.0,0.0050311162409015795,0.0,0.0,0.0,0.004552697970556629,0.0,0.0,0.0,0.0,0.020093131888597737,0.0,0.0,0.01525995034897589,0.0,0.0,0.041525601743399164,0.0,0.013784096770035812,0.018041161783416294,0.0,0.01630741870386554,0.010429076798020928,0.0
LFQ intensity D10_1,0.0,0.01739342848361458,0.0,0.021347087660260146,0.0,0.0,0.004044002355912069,0.003270418368591992,0.0,0.016413526859140007,0.05876948919541269,0.0,0.024846576303304408,0.0001594553242006238,0.0,0.007496051031636224,0.0,0.0,0.006568389536208546,0.0,0.0008151366719182557,0.0012648675786772882,0.0,0.015747620877866568,0.021121661664879623,0.010710756713690928,0.01362515772213634,0.008158556729483294,0.0154418427942603,0.0,0.005024260170275682,0.0,0.0,0.030989538152686777,0.0,0.007387965844725071,0.0699280722702958,0.0,0.011068172315158956,0.0,0.003974661793329949,0.0164280604665033,0.0,0.0010861540847384608,0.0,0.0,0.0,0.003117988934060481,0.0,0.03222267749105088,0.0,0.0,0.0,0.0,0.0,0.0,9.343562912631635e-05,0.05331973238071298,0.0,0.0,0.0,7.080067822026268e-05,0.01932399519502845,0.0,0.009613932199700663,0.0,0.0,0.0,0.0,0.0,0.0,0.010670539461722734,0.0,0.0,0.004574376353755136,1.9051671346147563e-05,0.0,0.0,0.008222247355775437,0.0,0.0,0.0,0.02041418156648945,0.0,0.0,0.04479067658694194,0.0,0.0,0.013635704060802912,0.0,0.029323126347935356,0.02996511251207097,0.0,0.0,0.0,0.041257033508376575,0.02109697288860076,0.0,0.0004452625935581918,0.007026642216308,0.0,0.0,0.003922484621650767,0.00012295824762473587,0.011526026689360576,0.0,0.0,0.0,0.0,0.005390685277365216,0.0,0.018692517387030108,0.0002263100871138217,0.0,0.007620121443281048,0.0,0.017472888102663318,0.0,0.0,0.020554735930610454,0.0,0.0,0.016448383669753656,0.0063178542276348445,0.0,0.0,0.022308775005706282,0.0,0.0,0.0,0.012403284123411682,0.007353246703017778,0.0,0.0,0.0,0.0,0.0,0.0,0.004663150068259766,0.005806173309212341,0.023175983731454002,0.0,0.02484994786563763,0.0,0.0,0.01268538598698214,0.0005588389409122799,0.008060269571347152,0.026035615950687166,0.0015199624587916628
LFQ intensity D10_10,0.0,0.011390342861294362,0.02402058493578875,0.033172214586201364,0.0002573284954507497,0.004004801136156495,0.0017795608973372355,0.001039703295948866,0.0,0.012469106574317105,0.029887161859647154,0.01408027455906211,0.015079478970018347,0.0,0.0,0.010172679542585389,0.00661138143880292,0.0,0.00523617131721307,0.0,0.0016851538393080066,0.001293856822988596,0.0,0.0,0.022249604759365937,0.0068509016495417645,0.00932580760242285,0.005440677808899983,0.02781489207097258,0.0,0.002368562986721854,0.0,0.0,0.014669741677502696,0.0,0.00950099373745836,0.06598070209665666,0.0003005595201774531,0.01006372936866466,0.0,0.0024513518480129173,0.012868285173250461,0.0,0.0,0.0,0.00749325884783069,0.0,0.002317168997382133,0.0018969112217202388,0.04645056244944837,0.0,0.0,0.02142495193369852,0.0,0.0,0.0,0.0,0.03696384686029276,0.0,0.0,0.0,0.0,0.02275330463900544,0.002578766348486948,0.011671768583422004,0.0,0.0,0.0,0.0,0.0,0.0,0.007804568167255644,0.0,0.0,0.013666129176500114,0.008163924984281085,0.0,0.0,0.002309230117518576,0.0,0.004929253601000238,0.014575982458929083,0.0035974889337051217,0.0,0.0,0.03319222078277266,0.0004507278101261188,0.0,0.0,0.0,0.0,0.017972182767730625,0.008126584614341821,0.010805260763867638,0.0,0.027332542801945872,0.01346118935891823,0.0,0.0,0.008631304806247143,0.0077895511544401755,0.0,0.01693310949383187,0.0,0.0,0.004236972187234971,0.0016982350082130726,0.0,0.0,0.0029139641236400724,0.0,0.019910922965421442,0.0,0.0,0.0,0.0,0.01118834117043415,0.0,0.0,0.04054042547694893,0.0,0.0,0.011405548233185136,0.015039297870602278,0.0,0.0,0.009231104846952906,0.0,0.0,0.0,0.0,0.0072270728106904256,0.0,0.0,0.0,0.0,0.02079867192948052,0.0,0.008669496139134415,0.007168617369257757,0.02283367010597091,0.0,0.018993789449583662,0.016844540842707378,0.010795904432116456,0.01650046495081238,0.005940064445111412,0.007109673442776471,0.024353185100976088,0.0012426339922813896
LFQ intensity D10_2,0.0,0.012176228339877191,0.0,0.0,0.0,0.017246023212443975,0.0,0.000886366955606272,0.0,0.0,0.027014045766170437,0.0003879277081574346,0.030208381222660473,0.006699937217621207,0.0,0.0,0.004171596252823572,0.0,0.013376643105229557,0.0,0.0007055388402161971,0.007250825456638736,0.0,0.006975767427442154,0.017997946660865825,0.011391934395150802,0.005459894362762974,0.006329235061491353,0.022308999964396187,0.0,0.0,0.0,0.0,0.031374654866876225,0.0,0.005644960539395361,0.05735319066621366,0.00011594365819868845,0.010118581267756166,0.0,0.0,0.01916779305420538,0.0,0.0,0.0,0.009309809879714944,0.0,0.003909915654286738,0.0,0.00017833511178559085,0.0,0.0,0.0,0.0,0.0,0.0,0.0,0.04879004143496435,0.0,0.0,0.0,0.006437358350144649,0.020530635538421705,0.0,0.010863845658676206,0.0,0.0,0.0,0.002768846016561264,0.0,0.0,0.00031751291207856355,0.0,0.0,0.0076845665019118535,0.0,0.0,0.0,0.010389148312990253,0.0,0.0,0.004349638503108688,0.023188879302735707,0.0,0.0,0.05369086336858629,0.0,0.0,0.0237169963446804,0.0,0.005863143948469468,0.0,0.008477142961263336,0.0,0.00169385500402492,0.022729488071134205,0.01425874903084071,0.0,0.005161452393842769,0.01027375513952667,0.0,0.0,0.003294189190165952,0.006715992429768656,0.0,0.0,0.01325268252700204,0.0,0.0,0.005012944575754931,0.0,0.010894013236283244,0.009464055320320908,0.0,0.004132333144717258,0.0,0.02052138512457549,0.0,0.0,0.02840335332262598,0.0,0.0,0.015109309843552984,0.006879162045276762,0.0,0.0,0.02876874687641985,0.03574066688581843,0.0,0.0,0.010218978923319716,0.005007337085908374,0.0,0.0,0.003072900615057075,0.0,0.028334983899012678,0.0,0.008129559996852059,0.0,0.05941890525008864,0.0,0.024728397302289977,0.0,0.0,0.019321017149173118,0.002103642286467579,0.014899204385373826,0.02762984314222552,0.0
LFQ intensity D10_3,0.0,0.010560381207720737,0.0025515358180873624,0.030615411035958377,0.0,0.0,0.004689502070422145,0.0,0.0,0.01439930842447031,0.033156538331855126,0.0,0.010839218583088235,0.0,0.0,0.008954812151624678,0.00013856800864553602,0.0,0.0039683842056823775,0.0,0.0023222029963784877,0.0002790444832221544,0.0,0.015137325301729055,0.02013304275548263,0.0010442981332964118,0.01711710533458642,0.0037917081329223528,0.006960241068264239,0.0,0.005643607061066745,0.0,0.0,0.021099625277559757,0.0,0.018849821934024083,0.0674085994744099,0.0,0.009444649629408839,0.0,0.0015507325723667837,0.0,0.0,0.0,0.0,0.004020944486653246,0.0,0.004409282914898085,0.0,0.012720433788522618,0.0,0.0,0.0017907082880397318,0.0,0.0,0.0,0.0006020219759803792,0.05296797299722628,0.0,0.0,0.0,0.004048982098970285,0.016787276247637626,0.0,0.01786561501489676,0.0,0.0,0.0,0.0,0.0,0.0,0.023569746962667948,0.0,0.0,0.011009101795418468,0.0,0.0,0.0,0.007674339846569606,0.007543364828970766,0.0,0.006058670461212567,0.021955457873476546,0.0,0.0,0.0532898445605206,0.0,0.0,0.013580853146501348,0.0,0.012924242257563633,0.0,0.0,0.0,0.0,0.029472904316437416,0.016348483166092612,0.0,0.0060612018698145975,0.006917060176677706,0.0,0.0,0.005100447271247269,0.004297141865892758,0.02194447480590074,0.0,0.0,0.0,0.0,0.0017111376988035883,0.0,0.022215928721834134,0.0,0.0,0.002877484415983799,0.0,0.012297801200076452,0.0,0.0,0.02354556547090744,0.0,0.0,0.01406586890862595,0.008632029592483596,0.0,0.00043547575921280477,0.023453720014960162,0.0,0.0,0.0,0.010125276222725786,0.012561416551056309,0.0,0.0009263468119988366,0.0,0.0,0.020516260465267333,0.0,0.009471167602108118,0.0,0.06745255783768109,0.0,0.027154394446171126,0.0,0.005585529743004396,0.015824021529555306,0.006121287902528217,0.0017144109641007445,0.028495399403156412,0.011200681727696038
LFQ intensity D10_4,0.0,0.0176670295494367,0.00330363502095452,0.003382139271922775,0.0,0.0029231087956267028,0.0,0.0005883732205425254,0.0,0.0,0.025190940818494503,0.0,0.02751248514959526,0.005032226897005412,0.0,0.0014817445741514199,0.0006853616455630642,0.0,0.008567295426624296,0.0,0.0012977154129181236,0.00792489478415831,0.0,0.005035810904410208,0.003783661375836813,0.022479086815946316,0.015256772801586936,0.00579033357039984,0.023377214669110396,0.0,0.0033349831491625444,0.0,0.0,0.02523044693006265,0.0,0.009611121899300424,0.08439010674846197,0.0,0.011362714993910792,0.0,0.0,0.01584834836828025,0.0,0.0,0.0,0.01832205047685767,0.0,0.0035566527379793703,0.0,0.026347671093532216,0.0,0.0,0.0,0.0,0.0,0.0,0.0,0.0348681654383935,0.0,0.0,0.0,0.006627519686256442,0.02940053352634115,0.0,0.016997926638142046,0.0,0.0,0.0,0.005235399359689372,0.0,0.0,0.005129585498075669,0.0,0.0,0.015357011628945585,0.0,0.0,0.0,0.004017132065602887,0.0,0.0,0.008966742790267322,0.023750788102560316,0.0,0.0,0.04176914065777927,0.0,0.0,0.015668609523666655,0.0,0.015553912247248891,0.012696879983073556,0.0207449194144725,0.0,0.0014551329895788664,0.02434901807704881,0.009126315419556935,0.0,0.0060842154476835105,0.010055133257891466,0.0,0.0,0.009564513269653935,0.004382855372648365,0.006914041025624066,0.0,0.01065274617488081,0.0,0.0,0.006482484566635445,0.0,0.012193819818362952,0.008659246840580438,0.0,0.005805290582955854,0.0,0.023542980501777368,0.0,0.0,0.021134846731030044,0.0,0.0,0.015926171317300786,0.014767591971827452,0.0,0.0,0.01499902452324082,0.0,0.0,0.0,0.007670819524549221,0.006668208819791988,0.0,0.0,0.0,0.0,0.03288700970954262,0.0,0.0005130683595972312,0.008388879385058091,0.017143838741762035,0.0,0.026918230000626715,0.0,0.0,0.007286369853078931,0.002051776128500536,0.024791100626015743,0.023517077300851678,0.0
LFQ intensity D10_5,0.0,0.01709856010387823,0.0031907834885352396,0.014588921834574806,0.0,0.0,0.004692113358831072,0.0,0.0,0.02065875856815926,0.04648006566129065,0.0,0.01782508295717954,0.0,0.0,0.008259901695949055,0.0024444009356408935,0.0,0.00788763293921831,0.0,0.006283419484399023,0.0,0.0,0.009779485177339276,0.011443898294702614,0.0035337597673956154,0.012836117702455362,0.0031823760165001565,0.008998613158867142,0.0,0.0023358928914794215,0.0,0.0,0.016909189278465294,0.0,0.007951233005233779,0.06711952474345362,0.0,0.01171826131751983,0.0,0.0013024501169626248,0.0034743975633086074,0.0,0.0,0.0,0.0,0.0,0.0019266158704206568,0.0,0.03518792831162619,0.0,0.0,0.0,0.0,0.0,0.0,0.0,0.06021211065838473,0.0,0.0,0.0,0.005070328077521103,0.01166486388259028,0.0,0.021543849255823685,0.0,0.0,0.0,0.0,0.0,0.0,0.019646800387981566,0.0,0.0,0.013176780512750109,0.0,0.0,0.0,0.007004794245066798,0.0,0.0,0.009871321786428994,0.0,0.008346056834520695,0.0,0.03513387018622344,0.0,0.0,0.006554587245701126,0.0,0.010627367834635897,0.0337550375236154,0.0,0.0038127969117665145,0.0,0.037565287705087165,0.01590045935013009,0.0,0.0039441335002869905,0.009647892539374791,0.0,0.0,0.0077894046132462305,0.0011277753827519188,0.016919828101622205,0.0,0.0,0.0,0.0,0.005372456173903125,0.0,0.017433020488000908,0.0,0.0,0.0020307262801744093,0.0,0.014758345130955756,0.0,0.0,0.03104663850914313,0.0,0.0,0.011622908975569272,0.008326552634226617,0.0,0.0,0.018058399406439968,0.0,0.0,0.0,0.010454182457054083,0.014453481556811056,0.0,0.0,0.003184918775278363,0.0,0.025124239440261965,0.0,0.008973355136840146,0.0,0.041971347632273406,0.0,0.025394880692386317,0.0,0.016230096515437595,0.011113011629836527,0.00546187648395158,0.007832532472822359,0.02718999256130752,0.007542306268429854
LFQ intensity D10_6,0.0,0.011938309274732549,0.005931897184294638,0.0006360275441201573,0.0,0.0,0.0,0.00042312149836113626,0.0,0.006641821467795536,0.01992686583145727,0.0,0.02267230455206472,0.018187922241936955,0.0,0.0016606250952384276,0.0001283597722242294,0.0,0.012609882206074324,0.0,0.0023649360998799613,0.008049973943374622,0.0,0.0,0.010240769074207925,0.01730396290743143,0.00940049480673346,0.004023190667078492,0.027340540853657086,0.0002660765687586187,0.0014041328958764728,0.0,0.0,0.020133950672658853,0.0,0.006353443985185505,0.07320600358599975,0.0021318788934452685,0.01478572663590775,0.0,0.0,0.022312800394629847,0.0,0.0,0.0,0.012371544839012932,0.0,0.0035752620226631314,0.0,0.022401794541077692,0.0,0.0,0.0,0.0,0.0,0.0,0.0015200605977339526,0.035410120716063365,0.0022240806999706156,0.0,0.0,0.0,0.026654472515214526,0.0,0.011356626723037081,0.0,0.0,0.0,0.006793212177469204,0.0,0.0,0.012328255401916541,0.0,0.0,0.011021764850930111,0.0,0.0,0.0,0.008191415687520456,0.0,0.0,0.005521296432804748,0.018527360776186757,0.0,0.0015848120275809253,0.04676479433009025,0.0,0.0,0.00952827647833842,0.0,0.011328435175469234,0.006468483539869123,0.022205197982746765,0.003704616979766592,0.0,0.019910101839640808,0.017392774647340615,0.0,0.004841472368639669,0.01104618195013525,0.0,0.0,0.008944700190412788,0.001934549811843428,0.0066204677225712005,0.0033036645526832416,0.014721093408412883,0.0,0.0,0.007208734777328105,0.0,0.013338985561358424,0.006737919095043768,0.0,0.011833713837008469,0.0,0.016656076845633482,0.0,0.0,0.029884868737318274,0.0,0.0,0.012642592069772765,0.015770189140736794,0.0,0.0,0.005327350742020405,0.0,0.0,0.0,0.007348825095016664,0.0,0.0,0.0,0.0005352345142227635,0.0,0.03143949558575059,0.0,0.003929041150195977,0.0,0.05655189086234051,0.0,0.023894912381781444,0.0,0.0,0.02079697418541465,0.0,0.02584117184367971,0.021990113935109808,0.0
LFQ intensity D10_7,0.0,0.01355190180573813,0.0,0.024897873575025247,0.0,0.0,0.0038945380556298743,0.0004088188074269307,0.0,0.01748352421740351,0.03092084656173001,0.0,0.026124605831135926,0.004344323381848179,0.0,0.003512571816165474,0.0008858052809490603,0.0,0.007214047442673002,0.0,0.0,0.007451559671338761,0.0,0.01598319037085601,0.016523221475570088,0.006129569511239867,0.016596162219632563,0.0010184453734349242,0.011252134016840169,0.0,0.004865109188933501,0.004578713970524573,0.0,0.028869862961780318,0.0,0.00901225451617236,0.07090211203622258,0.0,0.009937616973767069,0.0,0.0,0.04343833431451522,0.0,0.0,0.0,0.003247641713759845,0.0,0.002337105609270683,0.0,0.043597391986848665,0.0,0.002737115428976973,0.001966633108527871,0.0,0.0,0.0,0.0009281246986590521,0.0428865259855683,0.0,0.0,0.0,0.000566595532908203,0.011097848505384445,0.0,0.00829908731736915,0.0,0.0,0.0,0.0,0.0,0.0,0.030423591135475804,0.0,0.0,0.027150916878317107,0.0,0.0,0.0,0.0037061382412982183,0.01180910304392629,0.004030549325093047,0.0003898663628127286,0.020482514336624826,0.0,0.0,0.053995893544036534,0.0,0.0,0.009708539473840646,0.0,0.021335499802493954,0.002372352632780999,0.002721923689219875,0.0,0.004069508351303663,0.033182279411078264,0.014168085984234679,0.0,0.002587723008969564,0.003837718267739986,0.004615891120549534,0.0,0.0036583468311490275,0.006491019870026857,0.013948016644967934,0.0,0.0,0.0,0.0011657814699524423,0.00033886520683322507,0.0,0.021008690171913775,0.0,0.0,0.006188735318691053,0.0,0.010346666546210777,0.0013356167122872589,0.0,0.010849109001430744,0.0,0.0,0.008980658427017807,0.007361322097327363,0.0,0.0008629626627524008,0.027761914297803468,0.0,0.0,0.0,0.009824206268037327,0.008149598965392909,0.0,0.0,4.816613716407542e-05,0.0,0.019182287294206322,0.0,0.009165469563231738,0.0,0.0,0.0,0.022894543990128052,0.0,0.0002838110688654841,0.01339398391417487,0.005355671511308388,0.008579285821515077,0.024274282794221006,0.010501679539768287
LFQ intensity D10_8,0.0,0.010652666982220322,0.006267807690762629,0.007446281565435754,0.0,0.0,0.0014545172534987689,0.0,0.0,0.005051955060123931,0.05494906721818085,0.0,0.012446473027831887,0.0,0.0,0.005779248641346391,0.0,0.0,0.008503560115068379,0.0,0.0031753445734553905,0.005080955801676308,0.0,0.01760546459209823,0.01630501598222484,0.003255025486214685,0.015866380402872342,0.003048836907981746,0.019295052458540494,0.00013615633015742954,0.0066537961582121335,0.0,0.0,0.0,0.0,0.009934208515710136,0.06820640939445337,0.0006263392724387397,0.009523349514745106,0.0,0.0,0.0,0.0,0.00013289683611996056,0.0,0.01090160612760004,0.0,0.0,0.0002706006194725968,0.032336086209262684,0.0,0.0,0.003728520372900288,0.0,0.0,0.0,0.003621593408622102,0.052199770822699866,0.0,0.0,0.0,0.001890518960641885,0.017309695794452806,0.0,0.012647688867866934,0.0,0.0,0.0,0.0,0.0,0.0,0.01686815963684565,0.0,0.0,0.03102420009607892,0.0,0.0,0.0,0.0,0.00021098678410812088,0.013565619538558737,0.0,0.01714775590919093,0.0,0.0,0.057850771597958726,0.0,0.0,0.013887507502112902,0.0,0.013019917580319455,0.0010840167580430124,0.0,0.0,0.0,0.03965455795209377,0.014881494546991732,0.0,0.0027173712694645203,0.006462660741332261,0.0,0.0,0.006470517931674576,0.010018246270138297,0.028615220144111216,0.004454749355100191,0.0,0.0,0.0,0.0007596321823931317,0.0,0.01881365213509803,0.0,0.0,0.003439215431753251,0.0,0.01432173370322122,0.0,0.0,0.014366727928326512,0.0,0.0,0.007515676447659217,0.007444278338717627,0.0,0.0,0.023180733969608028,0.0,0.0,0.0,0.010397358680236052,0.011692845661807241,0.0,0.0,0.0,0.0,0.023020491865922227,0.0,0.008558790377303208,0.0028687497248179867,0.04878466800040156,0.0,0.02448157095771489,0.0,0.00362404745311269,0.020758173133737602,0.008137971068375226,0.0048903238916740855,0.023466827232117,0.015239887236991212
LFQ intensity D10_9,0.0,0.011787959965991874,0.005051484971900603,0.009564128546197426,0.0,0.0,0.0007990777203712474,0.0,0.0,0.008231882751492893,0.04652282956881939,0.006713958155136213,0.019005582715641577,0.0,0.0,0.00450736208206981,0.0,0.0,0.005659889494849438,0.0,0.006945154261723854,0.0035771210479837437,0.0,0.00788788624448886,0.018218108353409652,0.0075799384590613415,0.014493561211613966,0.0066656616757079035,0.023998398890002996,0.0,0.004923683471586962,0.0,0.0,0.005853455648496064,0.0,0.006258635996388381,0.06968157562029263,0.0,0.01474440489097879,0.0,0.0,0.004983061562102603,0.0,0.005121287218945348,0.0,0.012319459802249449,0.0,0.003149914184787433,0.006060562688630002,0.03640481327924381,0.0,0.0,0.0,0.0,0.0,0.0,0.0011746551677696132,0.053114793790350376,0.003982861761238292,0.0,0.0,0.0,0.016141710756090263,0.0,0.012754139951866092,0.0,0.0,0.0,0.0,0.0,0.0,0.007839467622086808,0.0,0.0,0.02293889793772857,0.0,0.0,0.0,0.0,0.004364065916751517,0.007018762403081232,0.0,0.013696684208390016,0.0,0.0,0.04735663838926604,0.0,0.0,0.018912876601853305,0.0,0.02663568271191888,0.014743434394360357,0.0,0.0,0.0,0.04194645733367395,0.01928835699987967,0.0,0.0048006758743166025,0.008355932160503907,0.0,0.0,0.005718047641372402,0.0,0.0,0.005821163594254172,0.006766469650960108,0.0,0.0,0.004077860202517175,0.0,0.019972715502234305,0.0,0.0,0.008592080477467819,0.0,0.013331975811336983,0.0,0.0,0.022433797378093777,0.0,0.0,0.010205228401057606,0.0090601953876253,0.0,0.0,0.02135478234259185,0.0,0.0,0.0,0.01049825049476534,0.009637321358808388,0.0,0.0,0.0,0.0,0.02613246657692503,0.0,0.002516915388482314,0.004420720134697894,0.033959283706520446,0.0,0.018766557264495408,0.0,0.007273667163570084,0.01584452547057828,0.005539559158218549,0.009393394167337404,0.026906088264799698,0.0
LFQ intensity D2_1,0.0,0.010549224135228852,0.0,0.009271374803169261,0.0,0.012718877759808022,0.0,0.00019364067424845855,0.0,0.034657765051238576,0.07218051240916389,0.02766638473919262,0.02473787888214781,0.008715515454814025,0.0,0.0037732288568321348,0.0037008637238811655,0.0,0.012462621243522449,0.0,0.0,0.00350441535900991,0.0,0.008943654675600382,0.005737283574335213,0.011587996487485486,0.010663165273216672,0.007590527028462358,0.02990317391763267,0.0,0.0,0.0,0.0,0.0,0.0,0.0,0.06950168876021004,0.0021965597725829315,0.005826507151710814,0.0,0.0,0.015861211875097217,0.0,0.003181749598166313,0.001189185695024577,0.0,0.0,0.004014613389642236,0.009205655845978617,0.02567554592936742,0.0,0.0,0.003153772657464613,0.0,0.0023355255525202416,0.0,0.0,0.0493606930572608,0.0,0.0,0.0,0.0011920720147490503,0.019587221079452165,0.002088725587400065,0.01579760048248724,0.0,0.0,0.0,0.0005945350401855262,0.0022771168681967177,0.0,0.039917735129165355,0.0,0.0,0.01367323933480582,0.0,0.0,0.0,0.00797408441310601,0.0,0.0,0.009911517552012474,0.005429660722661826,0.0,0.0,0.056298276876288945,0.0,0.0,0.009405860600641877,0.0,0.0021889595997389272,0.0,0.0,0.0,0.0012426757957748472,0.02625836979954439,0.003117521396781621,0.0,0.002701580942315606,0.0051318762966604935,0.0,0.0,0.0,0.0,0.0,0.01555775012441615,0.02432213109660571,0.011934259581466359,0.013713288899451953,0.007508668136908488,0.0002458832213731206,0.003043546948553525,0.007843101899368246,0.0,0.0,0.0,0.0,0.012288407330686963,0.0,0.04753358762620046,0.0,0.0010038820229197483,0.0009635827981947226,0.008845006897634686,0.0,0.0,0.008397365812285718,0.0,0.0,0.0,0.00781878491140621,0.002858938242191739,0.0,0.0,0.0,0.0,0.0,0.0,0.0,0.01634749294682119,0.0,0.0,0.046796041987009755,0.0,0.0,0.020935209255636324,0.003596115421429129,0.013533572788384117,0.010063939185071084,0.0
LFQ intensity D2_2,0.0,0.007957164469121869,0.027646747285156068,0.03241920741622714,0.0,0.015364757950961372,0.0,0.0,0.0,0.016115128956026705,0.047720896730354054,0.014901131788655736,0.0,0.0,0.0,0.002485240122153335,0.003090738338560268,0.0,0.0044246491649789456,0.0,0.00304766636368457,0.0005859361951515274,0.0,0.0,0.008315062031730845,0.011645977113770219,0.004668500027895624,0.008652061920838757,0.03158299669838384,0.0013342835741902382,0.0,0.0,0.0,0.0,0.0,0.01516645744077446,0.06947406197240023,0.006594012812055882,0.005358164971718866,0.0,0.0,0.010632084977038481,0.0,0.0018123831972536007,0.0,0.0,0.0,0.003952565171584362,0.00819132882656419,0.026514903508360468,0.0,0.0,0.02130026486205367,0.0,0.0,0.0,0.005374286050509696,0.025774154503950167,0.0,0.0,0.0,0.0,0.020950968396308983,0.00305888525644612,0.014806421420880157,0.0,0.0,0.0,0.00365392460262122,0.0,0.0,0.038147957777637714,0.0,0.0,0.02519819892677398,0.016992944497941313,0.0,0.0,0.005424925707677042,0.0,0.00435330011831824,0.004341082202007304,0.0,0.0,0.0,0.04315116212899801,0.0,0.0,0.011233528793394438,0.0,0.0,0.005542025396261277,0.0,0.01540648183803645,0.0,0.025700604192605826,0.007718772055104625,0.0,0.0,0.005742610971624322,0.0,0.0,0.018744175383759276,0.0,0.0,0.0,0.02608236088423299,0.010459257892579236,0.0190104065993946,0.004938472729734511,0.0016425137319478352,0.0031321655573435018,0.006185106259466764,0.0,0.0,0.0,0.0030153381227346616,0.0,0.0,0.05308329526684744,0.0,0.0,0.0,0.01180505689983875,0.0,0.0,0.0,0.0018780952431306705,0.0,0.0,0.013478421172132703,0.012125848135498178,0.0,0.0,0.0,0.0015866821902409368,0.0,0.0,0.003013865466148711,0.009044624503677125,0.0,0.0,0.04077083037949753,0.0,0.012818222757616881,0.01628698065176183,0.007570687026194414,0.014924883777252042,0.014876100644227223,0.0
LFQ intensity D2_3,0.0,0.005821047472009538,0.04591980834629352,0.02828037587712763,0.0,0.019198052222306475,0.0,0.0,0.0,0.003933627581704365,0.05241799648859522,0.021746135460923507,0.0,0.005011091701215041,0.0,0.0012904701615058935,0.005600340646205531,0.0,0.007250120883357076,0.0,0.0003449303532764271,0.0015727336947504846,0.0,0.0,0.0,0.013549729621557498,0.0024834136684309333,0.00929078247016942,0.04056804319288031,0.0,0.0,0.0,0.0,0.0,0.0,0.019642438135620763,0.06648504206587898,0.010803094724737885,0.003514315006699882,0.0,0.0,0.00595200650772657,0.0,0.002482627295698899,0.0,0.0,0.0,0.0029577675265257445,0.012462076352695665,0.022331990852219295,0.0,0.0,0.031894442601860584,0.0,4.629499625365285e-05,0.0,0.0,0.031564517697007036,0.0,0.0,0.0,0.0,0.014331979536392743,0.0021360133146217557,0.013800349513475823,0.0,0.0,0.0,0.0,0.0,0.0,0.03241458020756205,0.0,0.0,0.004012892857698551,0.018381217635896983,0.0,0.0,0.005813035182858635,0.0,4.046337429954927e-05,0.01247521856648488,0.0,0.0,0.0,0.05930739763247561,0.0,0.0,0.008660736063763462,0.0,0.0,0.006725325863483132,0.0,0.016466661408026564,0.0,0.027993402519973492,0.004411744392203395,0.0,0.005842961049889789,0.005628082924350214,0.0,0.003937304600218172,0.021488067814488872,0.0,0.0,0.0,0.013906443841065708,0.004117568407398875,0.01232541145088035,0.006927588305819769,0.0,0.006314500677578798,0.002147670125046594,0.0,0.00046142669298100496,0.0,0.003721765255502384,0.0036742317911459908,0.0,0.05775182519701245,0.0,0.0,0.00038620147498017517,0.006372666461981451,0.0,0.0,0.0001681756127621002,0.006256540554788254,0.0,0.0,0.00244774330575583,0.00685612109508814,0.00423684324393544,0.0,0.0,0.000996244079910205,0.0,0.0,0.004942796482223122,0.006940217362330364,0.0,0.0,0.04927771676055057,0.0,0.0,0.02678752405581331,0.0013703632820355864,0.019643382312391024,0.013686284107624961,0.0
LFQ intensity D2_4,0.0,0.008770628200736468,0.031050469943704095,0.025488623495726788,0.0,0.014688422039638441,0.0,0.0,0.0,0.013652716605796202,0.050136664106906564,0.026365912639130705,0.0,0.0,0.0,0.0010929526005795363,0.0,0.0,0.0055790806476772046,0.0,0.006720619869390148,0.0007569782698286369,0.0,0.0,0.011894030699298362,0.01147289340872376,0.0024648167375051614,0.0051177878307847886,0.034529679129978445,0.0,0.0,0.0,0.0,0.0,0.0,0.012619060359181557,0.06991578493147395,0.006215391868092873,0.010301765792649183,0.0,0.0,0.0,0.0,0.0,0.0,0.0,0.0,0.005194594273698305,0.013387135521988556,0.021125420843421235,0.0,0.0,0.018063395928856977,0.0,0.0,0.0,0.0062622887570844355,0.027771762917590807,0.0,0.0,0.0,0.004448078227529279,0.021331072393293085,0.0003236673077021966,0.016514048871644454,0.0,0.0,0.0,0.0,0.0,0.0,0.03382802217013451,0.0,0.0,0.025950576570991677,0.018950361165372152,0.0,0.0,0.004444675940079125,0.0,0.0047173434087446455,0.0038873024910630457,0.0,0.0,0.0,0.058202233833338994,0.0,0.0,0.007838307704416101,0.0,0.0,0.0,0.0,0.014439423441481669,0.0,0.023082985245984292,0.006315078818747914,0.0,0.0007056913505326937,0.005159983274559773,0.0,0.0,0.015351469848205467,0.0,0.0,0.0,0.025043331851260224,0.0046964118521924236,0.009052864346352798,0.005634871536822838,0.0,0.005435993029965653,0.01123828661807577,0.0,0.0,0.0,0.0,0.007706009752952634,0.0,0.04976168201834055,0.0,0.0,0.0006986126846608507,0.013892558894139196,0.0,0.0,0.0,0.004158707689176801,0.0,0.0,0.0076173837177502595,0.01047023070327303,0.0,0.0,0.0,0.0,0.02404958102261864,0.0,0.0,0.011897347201143358,0.0,0.0,0.04313653397849098,0.0,0.013908720320518628,0.013355087767200884,0.0028690420068327384,0.010897284365494423,0.018350259159473047,0.0
LFQ intensity D2_5,0.0,0.009901786280174227,0.022387517969486345,0.008025879353058742,0.0,0.020115418611097318,0.0,0.001668584535688724,0.0,0.024814254002691438,0.06547609681989257,0.03133295290900052,0.0,0.0007891147806585355,0.0,0.0012729851763976143,0.0,0.0,0.009389876704208482,0.0,0.0005888647944035688,0.0,0.0,0.0,0.012497399400065612,0.006719522934779801,0.01083473425776961,0.00947368118536676,0.03993678871838469,0.0007897052768837348,0.0,0.0,0.0,0.0,0.0,0.008766118769788478,0.06633846032096903,0.0,0.005898753353847332,0.0,0.0,0.007793554115931916,0.0,0.0,0.0,0.0,0.0,0.000510932040055361,0.00748134807010456,0.026518218590105083,0.0,0.0,0.0,0.0,0.0,0.0,0.0014935786775131191,0.03406609109392741,0.0,0.0,0.0,0.0,0.019031486579019173,0.0030533953257662347,0.016569830895334287,0.0,0.0,0.0,0.008082795171312813,0.0,0.0,0.04447277860229421,0.0,0.0,0.01504265065132898,0.015483530973812014,0.0,0.0,0.011416782168317563,0.0,0.0,0.007434159242960292,0.0,0.0,0.0,0.05148257547562649,0.0,0.0,0.02552999925258931,0.0,0.0,0.00955589261638219,0.0,0.0018710731946596497,0.0,0.02862441999275091,0.008193774025492475,0.00025811698377870457,0.0020491765911160877,0.005862765028914305,2.3160789625782016e-05,0.0,0.018278362690669823,0.0,0.0,0.0,0.023528740245287335,0.0042648034764027265,0.01296795575373339,0.007538295560947509,0.0,0.006409500786156234,0.002546749937906892,0.0,0.004175021173534331,0.0,0.002010704535031463,0.0,0.0,0.060993711542548575,0.0,0.0,0.0,0.004685158480167097,0.0,0.0,0.0036339611388272078,0.0037168135026292492,0.0,0.0,0.007153549218446809,0.0014210500397123025,0.0,0.0,0.0,0.0,0.0,0.0,0.000995737787190894,0.009932400047558415,0.0,0.0,0.05380842419598637,0.0,0.0035598351021886355,0.02604659412101942,0.002281095078676709,0.017650467081960063,0.013480486200086517,0.0
LFQ intensity D2_6,0.0,0.008473025727384901,0.03562992386230455,0.006986141799123314,0.0,0.016965430330142254,0.0,0.0018263577320123529,0.0,0.024331987384482442,0.0541639453516678,0.02627330256759524,0.0007559065042637178,0.012499812090583106,0.0,0.0,0.0023289166170521857,0.0,0.008656994886103568,0.0,0.004302081860926579,0.004823435967078005,0.0,0.0,0.008063815088383176,0.008106938891496468,0.0076327553749320695,0.006433037847329566,0.03990146978559843,0.0,0.0,0.0,0.0,0.0,0.0,0.00937911037749624,0.06302362912592066,0.0,0.009644221345107616,0.0,0.0,0.009076692658389257,0.0,0.0006426781319904707,0.0,0.0,0.0,0.0029148179709348595,0.009075493591950458,0.02203674985466683,0.0,0.0,0.008742285927170496,0.0,0.002360938763132171,0.0,0.0,0.02881990570499534,0.0,0.0,0.0,0.0032231945621197453,0.02069693716968108,0.0033903559027202343,0.014990189618932507,0.0,0.0,0.0,0.006096362319891703,0.0,0.0,0.035192124029026016,0.0,0.0,0.016783210968796067,0.021731655023786937,0.0,0.0,0.004570300028286504,0.0,0.0,0.002882443580710253,0.001655436734279765,0.0,0.0,0.05341589034267828,0.0,0.0,0.0071870510857487335,0.0,0.0,0.0,0.0,0.0,0.0,0.030502620631151348,0.005289283728204228,0.0,0.005842696446696114,0.005481583876436583,0.009118160593800636,0.0,0.021083113763790854,0.0,0.0,0.0,0.010154824738496283,0.003388616111109859,0.008992259205549252,0.0072210075396643,0.0,0.0033402532316939926,0.0022608257966790462,0.0003326614782159065,0.0035905555528425136,0.0,0.0,0.01044115384726561,0.0,0.055330567024270916,0.0,0.0,0.0,0.0076064591018831,0.0,0.0,0.0,0.009567169881573202,0.0,0.0,0.0033661674757183555,0.003925359538650416,0.0,0.0,0.0,0.0,0.028608348598152294,0.0,0.0011600777863833328,0.013969989568562742,0.0,0.0,0.04919720175489916,0.0,0.003330228513720246,0.027813486747285888,0.0,0.01684233576392044,0.0165560372165116,0.0
LFQ intensity D2_7,0.0,0.0073280213458648095,0.027375313032757614,0.012813259751284854,0.0,0.017141961899233577,0.0,0.0,0.0,0.023561810208472367,0.059349828005185075,0.03333243418928285,0.0,0.00521396556700796,0.0,0.0,0.0017961581597650469,0.0,0.009961905615767905,0.0,0.00481771224688576,0.0,0.0,0.0,0.0096922459581709,0.008673629098896971,0.008983060482594738,0.00781273419824239,0.034396169387904414,0.0,0.0,0.0,0.0,0.0,0.0,0.011943297289765405,0.06561000648604673,0.0,0.005262683104871329,0.0,0.0,0.008789868713726683,0.0,0.0024384072385702457,0.0,0.0,0.0,0.003058229602962043,0.016804597510410794,0.029776479577871728,0.0,0.0,0.003355450355054518,0.0,0.0,0.0,0.0009301484498879733,0.03174547407083888,0.0,0.0,0.0,0.0,0.020140618322200095,0.0003572713843486698,0.018832065745154784,0.0,0.0,0.0,0.011389725253339455,0.0,0.0,0.02752995075294074,0.0,0.0,0.015575468818437374,0.011245212914890028,0.0,0.0,0.004469816618433321,0.0,0.0,0.00480220343380136,0.004282413302279854,0.0,0.0,0.05036275081555891,0.0,0.0,0.0198914470513051,0.0,0.002230968762516316,0.0,0.0,0.0018479367977752553,0.0,0.027717514861508256,0.003935175931233287,0.0,0.001647987189056995,0.005820899331176328,0.0,0.0,0.018404642368555685,0.0,0.0,0.0,0.024491431301719848,0.010403423052190011,0.01943344828068388,0.0082932247438428,0.0,0.003716060921494528,0.004383654247324358,0.0,0.0006939937173484308,0.0,0.0,0.007761480632353243,0.0,0.055033679021953594,0.0,0.0,0.0,0.008175818374941336,0.0,0.0,0.004354520288590891,0.00032677072579357936,0.0,0.0,0.007193846871660218,0.005261222985430728,0.0,0.0,0.0,0.0,0.022465401915332476,0.0,0.0,0.009707763153994315,0.0,0.0,0.048062981813161584,0.0,0.0010432877036907926,0.02243738989243181,0.0047269873495586106,0.01348614285039286,0.016098548954274854,0.0
LFQ intensity D2_8,0.0,0.0071590361154487666,0.007372011599904797,0.007485307910359711,0.0,0.01705392388322279,0.0,0.0012369842229977368,0.0,0.01791720283307733,0.06303795637138258,0.033145545988917724,0.014904582235664685,0.0017890143819822282,0.0,0.0041788122636593015,0.0,0.0,0.01528979221184799,0.0,0.0042307688897718085,0.0009003568001411617,0.0,0.012057175956382414,0.012273824482614418,0.009408596341149765,0.008663112687021846,0.008893606280131671,0.038537332560856785,0.0,0.0,0.0,0.0,0.0,0.0,0.00028119021958303026,0.0685260454543173,0.005573415442149638,0.007320864086472753,0.0,0.0,0.0006173242828359473,0.0,0.0031259067762220974,0.0,0.0,0.0,0.0012376304555777413,0.024374307402942424,0.023047196650331468,0.0,0.0,0.007978254897629095,0.0,0.002904407349423274,0.0,7.709993259502778e-05,0.03223162256973997,0.0,0.0,0.0,0.0,0.02132777303189286,0.0028691933947946947,0.02129116937491633,0.0,0.0,0.0,0.0019411784415188987,0.0,0.0,0.03462664466947256,0.0,0.0,0.018683833037819206,0.0,0.0,0.0,0.0039814825897602464,0.0,0.0,0.0008054293953211669,0.004405273697139892,0.0,0.0,0.049700381121748814,0.0,0.0,0.020468174216418184,0.0,0.008844499118598302,0.0,0.0,0.0,0.0,0.03009777552309122,0.005082926803116643,0.0009349119488314826,0.0004097162376206876,0.006610034237743939,0.0,0.0,0.0230308019228639,0.0,0.0,0.0,0.020331146375954647,0.0050096763212039205,0.008247483896016561,0.006239155287055499,0.0,0.006374028874507541,0.0040572684334676664,0.0,0.0003944324561249116,0.0,0.0,0.0012323504507116647,0.0,0.062264659616308504,0.0,0.0,0.0,0.010984122008588405,0.0,0.0,0.0026717388027209825,0.0,0.0,0.0,0.005984827315600086,0.006763934813682699,0.0,0.0,0.0,0.0007073621287044856,0.0,0.0,0.00043337481594270336,0.01844505116968055,0.0,0.0,0.052880801168348375,0.0,0.004321465710301463,0.023765115520809902,0.006228016413777379,0.019097984578412164,0.015624595543055666,0.0
LFQ intensity D2_9,0.0,0.007987707674133593,0.04159567166884248,0.00818999428094903,0.0,0.017100767385194737,0.0,0.004203597440986574,0.0,0.018991605155684124,0.06505423483041302,0.03442446611862888,0.0,0.01211356431206239,0.0,0.0033440502539606007,0.0,0.0,0.008989233171220988,0.0,0.0013911776864495924,0.0,0.0,0.0,0.012831008620722603,0.008434610389616907,0.005817466951637293,0.00925344158165088,0.03652328675441272,0.0,0.0,0.0,0.0,0.0,0.0,0.009959764371821875,0.06731036726334667,0.004348330053625517,0.006360153430856748,0.0,0.0,0.0011364181305876342,0.0,0.0015936198348070394,0.0,0.0,0.0,0.0046628621670882515,0.015687190019558036,0.018724214859545507,0.0,0.0,0.0022272740149831827,0.0,0.003317281657329658,0.0,0.0,0.028681168905382526,0.0,0.0,0.0,0.002953596560056986,0.021927744622819455,0.0005777179275337411,0.01885535978536569,0.0,0.0,0.0,0.009774649668982277,0.0,0.0,0.030217219948151436,0.0,0.0,0.01570943932323959,0.014054554765497872,0.0,0.0,0.011166200733272172,0.0,0.0,0.0043276236820806065,0.00658272315031326,0.0,0.0,0.05591844727003596,0.0,0.0,0.01628779400573177,0.0,0.0015121536678604735,0.0,0.0,0.005207208913316486,0.0,0.02614599053926572,0.006400530903256488,0.0,0.0,0.0063778328304290545,0.0,0.0,0.019836218824501047,0.0,0.0,0.0,0.02130426188243826,0.0038612308062442716,0.014769777567722516,0.005626387015142041,0.0008608206944504361,0.006928728061958368,0.0034044813105266057,0.0,0.0,0.0,0.00210266823110967,0.0,0.0,0.05837494474094192,0.0,0.0,0.0,0.006970272592336997,0.0,0.0,0.0038117763684340235,0.0,0.0,0.0,0.002733909559688131,0.001680692745189642,0.0,0.0,0.0,0.0017024602336166523,0.0,0.0,0.0023892246947963447,0.01561743740477155,0.0,0.0,0.0519971649070529,0.0,0.0007674733517887842,0.022976654965446527,0.004895628465606147,0.018507235032737067,0.014629233260791895,0.0
LFQ intensity D3_1,0.0,0.011874669745417926,1.664374646001499e-05,0.006944971793106562,0.0,0.027408042598993942,0.0,0.0,0.0,0.025741020861018298,0.06749256144641293,0.023451719805319626,0.017941729184312312,0.004044712934733332,0.0,0.0,0.001778075125635173,0.0,0.014910801473344632,0.0,0.008610446386385548,0.001757779979619944,0.0,0.0038732793324913794,0.00933125036749007,0.006643303143628672,0.008223587192804378,0.006534812567389688,0.024658185856569002,0.0,0.0,0.0,0.0,0.0,0.0,0.0,0.05426090015671359,0.0023796112984223543,0.008480004324833285,0.0,0.0,0.02460564191551012,0.0,0.0025122801148581278,0.0,0.0,0.0,0.0036088851888203,0.028337626888799487,0.03910783323100989,0.0,0.0,0.008638683672927692,0.0,0.0020897019787124056,0.0,0.0016810009040150145,0.047858935198983904,0.0,0.0,0.0,0.0,0.020491653143080574,0.00034189939196548546,0.0113713221753418,0.0,0.0,0.0,0.0005457561951182848,0.0,0.0,0.02094941970169528,0.0,0.0,0.022852281180425524,0.0,0.0,0.0,0.007023924502758036,0.0,0.0,0.01016195209002246,0.017745713310093992,0.0,0.0,0.04571745337630002,0.0,0.0,0.017587580463263273,0.0,0.006071390585765488,0.0015770391908034973,0.0,0.004700838156202355,0.004126554284918819,0.026583373838389733,0.005902419665830423,0.0,0.004293258686451571,0.007413947649037778,0.0,0.0,0.0010119975329777662,0.0,0.0,0.015556528724107078,0.02019055764908725,0.004652420387949578,0.01637362106522491,0.006672204086627401,0.002673772782215003,0.004224569811989955,0.005022270007130454,0.0,0.0,0.0,0.0,0.0071285316003604745,0.0,0.04525280157238908,0.0,0.0,0.002343765380582477,0.0064240986038763635,0.0,0.0,0.012588368087372173,0.0,0.0,0.0,0.005227487416464233,0.004233633079646971,0.0,0.0,0.0,0.0,0.021525707865630125,0.0,6.533692371754261e-05,0.0,0.0,0.0,0.03127278061610265,0.0,0.0016990863661906631,0.023943994993436413,0.004409336267848921,0.014480042600767308,0.012770610576101245,0.0
LFQ intensity D3_10,0.0,0.005917727064139611,0.022122877798651717,0.0,0.0,0.020936286291477042,0.0,0.002061949940059339,0.0,0.010001180112264384,0.06967869564106062,0.02674097071627956,0.020360280938682834,0.0026305750335975037,0.0,0.0012412670165187966,0.0,0.0,0.013243048912837735,0.0,0.0024110939242517402,0.0023499355839146307,0.0,0.013485496542360578,0.010245670501119825,0.01283932829213918,0.009177754250522722,0.006804605157646841,0.035650923292797815,0.008303115806176336,0.0,0.0,0.0,0.0,0.0,0.0036671354676911802,0.06185327281044213,0.0016308736221184868,0.011060501169568969,0.0,0.0,0.017760212014828046,0.0,0.0,0.0,0.006805199092047167,0.0,0.0,0.014331299887683622,0.030363904466074967,0.0,0.0,0.01043397429927765,0.0,0.0,0.0,0.006316661354474963,0.03487291438422302,0.0,0.0,0.0,0.0,0.021626710923815747,0.0004153764411464606,0.016163687767581834,0.0,0.0,0.0,0.0,0.00491615819113131,0.0,0.030006378739939686,0.0,0.0,0.007998970719215511,0.0,0.0,0.0,0.008247300221733833,0.0,0.0,0.004855988050205882,0.0,0.0,0.0,0.05392446488904906,0.0,0.0003254919063380738,0.02271396925647037,0.0,0.0,0.0,0.0030742477873950914,0.0,0.0,0.03137159597509796,0.008079679849937101,0.0025041741203722296,0.0009835901028028983,0.007994918359993683,0.0,0.0003698041142784961,0.014615203193319605,0.0,0.0,0.0010262322309814223,0.009251552110638994,0.0,0.0,0.004961117661932982,0.0010919539606268594,0.0018155542700666585,0.008651462211391275,0.0,0.005536800758686867,0.0,0.0,0.0,0.0,0.051560262472304046,0.0,0.0,0.003780855245397553,0.010441608085232085,0.0,0.0,0.00986698998147931,0.0,0.0,0.0,0.00787536059357856,0.003770281152100715,0.0,0.0,0.0,0.0005364014425870012,0.0,0.0,0.0056072029073281175,0.01459768028228888,0.005055540833593636,0.0,0.052964782064746405,0.0,0.00783080822831982,0.019687614722817572,0.0035046353714982964,0.014756250988972864,0.020342610428676237,0.0
LFQ intensity D3_11,0.0,0.007590410230907207,0.012974076054360961,0.005741390264109564,0.0,0.018089582523937574,0.0,0.001560942990069762,0.0,0.010535188971305787,0.07709664479295503,0.02547230670686871,0.022635513880316333,0.006082594734934789,0.0,0.001966469393511337,0.0,0.0,0.01306774146119579,0.0,0.004157471820286707,0.0,0.0,0.0015541353177119148,0.013388963301698033,0.01159825786712052,0.012506394078923105,0.008118206825375526,0.036602145100328845,0.0007841884280404898,0.0,0.0,0.0,0.0,0.0,0.0022144010634266194,0.06339297784584405,0.0,0.009576527928890997,0.0,0.0,0.00956738941413591,0.0,0.0022570239091367385,0.0,0.0,0.0,0.001670846696276611,0.016259682961498743,0.03366315222021071,0.0,0.0,0.009856973945708314,0.0,0.0,0.0,0.000851058509950704,0.035542946588898734,0.0,0.0,0.0,0.0,0.026305535937775217,0.0,0.015817869632743262,0.0,0.0,0.0,0.0,0.0,0.0,0.022036688777177377,0.0004934568284023554,0.0,0.007744352628321688,0.0,0.0,0.0,0.006073373579089757,0.0,0.0,0.004139524330118447,0.017220426871921615,0.0,0.0,0.056457240893787,0.0,0.0,0.019022040418241626,0.0,0.00679690870698199,0.0,0.0011699750140265058,0.0,0.0,0.02800417596878001,0.013062035241777457,0.0,0.0018724697538321535,0.008126914826178376,0.0,0.0,0.01976407172755279,0.0,0.0,0.0023531159770461235,0.018342335689198266,7.023888325684942e-05,0.00557843519185395,0.0050105213787397275,0.0010155978591565302,0.006127942327730117,0.004539217822881021,0.0,0.0,0.0,0.0,0.0,0.0,0.05522086834788497,0.0,0.0,0.0,0.009318624887796183,0.0,0.0,0.012503802490669328,0.0,0.0,0.0,0.013869633792855707,0.006431143588884536,0.0,0.0,0.0,0.0,0.0,0.0,0.0018815695306611774,0.002180352167709041,0.0010511241681035988,0.0,0.04567296551024568,0.0,0.00763033397977771,0.027169312791657053,0.005141616736837703,0.01777119411161495,0.020637385800796097,0.0
LFQ intensity D3_2,0.0,0.004304075711988123,0.04077432984045446,0.0034992464967564716,0.0,0.021343801606518244,0.0,0.0003324312530797458,0.0,0.011764388704731264,0.06478278749948545,0.015020355868144951,0.0,0.008584319522275617,0.0,0.002546444492405594,0.005690749964172107,0.0,0.013966718470600782,0.0,0.0060276629660076225,0.0062903828387697105,0.0,0.0,0.00732207647310145,0.0031405076019495916,0.013454676341243513,0.0058616021294827835,0.03654527976935991,0.0,0.0,0.0,0.0,0.0,0.0,0.009017406246069169,0.062258686025070946,0.0018359675091885572,0.005063415330828651,0.0,0.0,0.011916397354454357,0.0,0.0,0.0,0.019477373807321906,0.0,0.0036071229354276597,0.005247382096884175,0.03151145437362337,0.0,0.0,0.0,0.0,0.0,0.0,0.004905672995443405,0.03353291667039936,0.0,0.0,0.0,0.0,0.03017977099719116,0.0003837727085631339,0.010320099831404098,0.0,0.0,0.0,0.0,0.0,0.0,0.03323711247065575,0.0,0.0,0.01523674904237092,0.026849652634548547,0.0,0.0,0.00290965161419715,0.0,0.0,0.014903153353461143,0.0,0.0,0.0,0.06821131681205428,0.0,0.0,0.009027329066033875,0.0,0.0,0.0,0.0,0.004789885482634747,0.0,0.030368277470338018,0.008620440386392314,0.0,0.0,0.007370594008720046,0.0,0.003934721329677015,0.013233408139730634,0.0,0.0,0.0,0.010396294655954923,0.0,0.00825141632482617,0.005492867553679868,0.0,0.008320094776113385,0.004731492141181725,0.0,0.0012696477306555912,0.0,0.0,0.0,0.0,0.05710954717412385,0.0,0.0,0.0032203856962703527,0.007514168984125198,0.0,0.0,0.010525646390318014,0.0,0.0,0.0,0.0,0.0001319091716151255,0.0,0.0,0.0,0.0,0.0,0.0,0.010828496860124453,0.04178353871617747,0.0,0.0,0.03885690435852095,3.125681146070459e-05,0.0043137631731689895,0.022680876531373514,0.003713075049592507,0.001226110786265466,0.020400938871239963,0.0
LFQ intensity D3_3,0.0,0.00853609779971674,0.013269559884642507,0.007249656479684657,0.0,0.013032677150784088,0.0,0.0025055323980350884,0.0,0.028336672494135334,0.07366962300956732,0.03285849198553014,0.0,0.014957051342738708,0.0,0.0,0.0,0.0,0.011759192941533856,0.00010346966347878723,0.013867661334683918,0.0026349547087384786,0.0,0.0,0.012869514968036408,0.002225478495677286,0.0055449024815330305,0.007645813700503395,0.02983616509571691,0.0,0.0,0.0,0.0,0.0,0.0,0.014101034520767304,0.057174575112147026,0.0007901176113784922,0.00934084581645348,0.0,0.0,0.01208148415578102,0.0,0.0018917963075583985,0.0,0.009597619922497441,0.0,0.006142735502266758,0.013544922265080965,0.030985259805160044,0.0,0.0,0.005812509306372334,0.0,0.0,0.0,0.001028363893880377,0.034409524667047935,0.0,0.0,0.0,0.0016710062223615095,0.025928086168004044,0.0003876388146965322,0.012303098076659535,0.0,0.0,0.0,0.010731974550815728,0.0,0.0,0.031484772757602406,0.0,0.0,0.010770498089559901,0.02469307453568386,0.0,0.0,0.011436773573324779,0.0,0.0,0.007806914657679814,0.0,0.0,0.0,0.05345322903443542,0.0,0.0,0.016713598825968654,0.0,0.0062377074711365554,0.0,0.0,0.00848199463536254,0.002225691509901083,0.028563277769233873,0.007552571823522367,0.0007562783959859399,0.005659259055445009,0.007916817075184312,0.0,0.0,0.0005028526197394682,0.0,0.0,0.0006056611816449657,0.014654840264196506,0.0,0.0,0.006498404624659398,0.0,0.003997542202316538,0.005176224960641722,0.0,0.003467946878683837,0.0,0.0,0.0046319738854202226,0.0,0.03976189314775019,0.0,0.0,0.0037860386634289006,0.004145943252537225,0.0,0.0,0.012498176959445622,0.0,0.0,0.0,0.007804571386045205,0.007445092602765872,0.0,0.0,0.0,0.0,0.02172870039424649,0.0,0.0012867678453207974,0.0072085055990114945,0.004231625996690853,0.0,0.04637084993767255,0.0,0.002374417357779892,0.01925594058327502,0.004933449217921219,0.012008746769200431,0.01304626580591342,0.0
LFQ intensity D3_4,0.0,0.011439594172996519,0.0,0.010312576796523637,0.0,0.020663523763417437,0.0,0.0,0.0,0.0344256553513774,0.0773653951043291,0.018499985119879266,0.025824090674145084,0.007690962183550633,0.0,0.0012187858084440942,0.0004213542817707842,0.0,0.013041275628618752,0.0,0.008437164228092046,0.0007846310947962474,0.0,0.0160952152948708,0.011455911393473689,0.009461268024181327,0.012002386880952145,0.003671359853661343,0.023415027748519935,0.0,0.0,0.0,0.0,0.0,0.0,0.0014042805013079797,0.06135165862308473,0.0,0.008318264002608385,0.0,0.0,0.008184342334921556,0.0,0.003245639111175431,0.0,0.009794801889263386,0.0,0.00312304391339865,0.01927697772182312,0.03832530203619569,0.0,0.0,0.013589303665620904,0.0,0.0,0.0,0.006210042619424819,0.036842245588890786,0.0,0.0,0.0,0.0,0.018162108877370742,0.0004049347922686765,0.015194837879462927,0.0,0.0,0.0,0.0028134286435015895,0.0023352279146856315,0.0,0.03481229674300398,0.0,0.0,0.016232349138533986,0.0,0.0,0.0,0.0011822659049538211,0.0,0.0,0.014413058413274234,0.0017296628865450334,0.0,0.0,0.059984242444789684,0.0,0.0,0.013189690484565362,0.0,0.0,0.0016209266994879918,0.002683285113266481,0.0,0.0,0.029902564182930247,0.005939143235490075,0.0,0.002715970767997175,0.008142133056705535,0.0,0.0,0.0007896092913029076,0.0,0.0,0.014711422061419597,0.006630050037140596,0.011161308315615555,0.0,0.006214959404199904,0.0009961292524596512,0.0050092737144950775,0.007091802728994026,0.0,0.0,0.0,0.0,0.003547452215016164,0.0,0.046689968391345794,0.0,0.0,0.0018243175672916167,0.009132878661312304,0.0,0.0,0.010704259678355806,0.0,0.0,0.0,0.0,0.005156757265615853,0.0,0.0,0.0,0.0,0.0,0.0,0.001953324050915873,0.010780431888664628,0.0,0.0,0.052079320636463776,0.0,0.006246360605209955,0.021132927384582112,0.006799229818297839,0.011507798844164537,0.012490225596987616,0.0
LFQ intensity D3_5,0.0,0.010376595091499177,0.0,0.007964287370572675,0.0,0.028506544317422222,0.0,0.0019131547537488034,0.0,0.03098236278183171,0.0729361917630772,0.017674372651546966,0.023383544868349378,0.007089203422738719,0.0,1.632964992319268e-05,0.0,0.0,0.010050309460353199,0.0,0.0067275466558069565,0.003467272328839172,0.0,0.02546508475558341,0.01177997319843477,0.00895620851106464,0.008944019519796087,0.00610145618005941,0.02682269409522962,0.0,0.00025722047807671315,0.0,0.0,0.0,0.0,0.0042763316005842815,0.05898149754913843,0.0014219721781278353,0.008321362387634531,0.0,0.0,0.00682640578528062,0.0,0.0006436992266535988,0.0,0.01846281738881548,0.0,0.0031221479004255527,0.011289415101141278,0.013775411872071026,0.0,0.0,0.009639211471808951,0.0,0.0,0.0,0.005132305770975844,0.031919655130760255,0.0,0.0,0.0,0.0,0.023034708665033314,0.0,0.018496794764366723,0.0,0.0,0.0,0.007655444990775629,0.0004956625388526614,0.0,0.023115085290360573,0.0,0.0,0.017618539523674922,0.0,0.0,0.0,0.013116166971175272,0.0,0.0,0.004003197930520178,0.010722692946485184,0.0,0.0,0.05400974628347912,0.0,0.0,0.019877748669531438,0.0,0.01381996441499756,0.0,0.00037892836181379453,0.0,0.0024603889029716705,0.02958166742845612,0.007189090599578234,0.0,9.764995622906827e-06,0.007928530931720692,0.0,0.0,0.0026008801373012067,0.0,0.0,0.006402024661209312,0.01094908629410082,0.0,0.0,0.005100893992273328,0.0,0.011842781397408351,0.011626013541755192,0.0,0.0,0.0,0.0,0.008174689976787212,0.0,0.04071694171719322,0.0,0.0,0.004002910846350391,0.012075957493626053,0.0,0.0,0.009287153684622566,0.0,0.0,0.0,0.0,0.004518082123262794,0.0,0.0,0.0,0.0003500790072894097,0.0,0.0,0.002055232052306561,0.03804939571251248,0.0,0.0,0.047655552811874384,0.0,0.0031628256390233375,0.015576381512762938,0.004329000767523576,0.012570970003253667,0.012212417200775642,0.0
LFQ intensity D3_6,0.0,0.008174561976328426,0.017240248799543972,0.02490358621713297,0.0,0.020470049658857636,0.0,0.0,0.0,0.019248153112628265,0.06171648326200319,0.01519070774881415,0.019480703210922507,0.0,0.0,0.004467017133000454,0.0,0.0,0.00867596501932303,0.0,0.00701348450598084,0.0,0.0,0.007478128256797503,0.009795506727650977,0.008728551232195129,0.0035959419202132204,0.005679340838722082,0.0290498788553151,0.002343256083813657,0.0,0.0,0.0,0.0056638647745044885,0.0,0.006289772033076887,0.07174193965281324,0.0035352426447953387,0.0070960848233437524,0.0,0.0,0.017222702423356877,0.0,0.0,0.0,0.034912390515333395,0.0,0.0010394536422514082,0.015619576548980527,0.014968633033726407,0.0,0.0,0.019338854292561027,0.0,0.00317980159235109,0.0,0.009748331613392874,0.0441308518187846,0.0,0.0,0.0,0.0,0.026696782670022377,0.0003460647061648488,0.016001609941297464,0.0,0.0,0.0,0.0,0.0,0.0,0.02106835071917455,0.0,0.0,0.024415511002512234,0.0,0.0,0.0,0.0,0.0,0.0005992820937085294,0.005767753568493167,0.006342591953935939,0.0,0.0,0.05247489045652992,0.0,0.0,0.01304368000245943,0.0,0.002689890396077666,0.0007244166724048529,0.0004394350640974115,0.0,0.0,0.026286408793832806,0.008470954604321337,0.0,0.002689697385773138,0.007581291331882776,0.0,0.0009299775067636749,0.015749484838436495,0.0,0.0,0.0,0.025978908665011603,0.0,0.0,0.004140270174525481,0.0027721374046271,0.005801026245957532,0.003939907627261223,0.0,0.0005185689908169704,0.0,0.0,0.0,0.0,0.03904893958588761,0.0,0.0,0.0035726529418505532,0.009968525721823317,0.0,0.0,0.0,0.005527576427302449,0.0,0.0,0.0,0.007589672123630471,0.0,0.0,0.0,0.0011257057037704318,0.0,0.0,0.004943563715130288,0.048776233610502824,0.0,0.0,0.02227398733173268,0.0018590568893285084,0.015814976766747167,0.011973140804181132,0.0016965003216994209,0.009180943876852938,0.013440567394956707,0.0
LFQ intensity D3_7,0.0,0.0045762751966443695,0.009385022879666458,0.004448532775597057,0.0,0.014442923340173927,0.0,0.0038427563077915246,0.0,0.021142125644365187,0.06537034624791731,0.03337654105159838,0.01787633269256792,0.0031703875004969375,0.0,0.003590463609732436,0.0,0.0,0.010109240916872231,0.0,0.007545496986595079,0.00263266876528209,0.0,0.014200364272236055,0.012236348466793428,0.006065749013735109,0.010071877787103532,0.006630403209473489,0.03714198944453474,0.0,0.0,0.0,0.0,0.0,0.0,0.008864610656935371,0.06209631109942348,0.002186237927432354,0.007070589431927871,0.0,0.0,0.0,0.0,0.004248734285177198,0.0,0.0,0.0,0.0029730017376430346,0.02437085454954845,0.027009209255748973,0.018644520226829216,0.0,0.012984237078409813,0.0,0.0,0.0,0.004967302720307438,0.03569939208499682,0.0,0.0,0.0,0.0,0.025161591989220567,0.00038832204887832606,0.012594301967446622,0.0,0.0,0.0,0.0,0.0004000042603975758,0.0,0.034650313772941234,0.0,0.0,0.012062996472070315,0.0,0.0,0.0,0.006926653180600364,0.0,0.0,0.007835830104317045,0.0,0.0,0.0,0.048932707716669126,0.0,0.0,0.015351506001784875,0.0,0.003778875820336184,0.0,0.0023864181234047126,0.0,0.0,0.03031473757433018,0.00881666942612917,0.0,0.0,0.007589119851408947,0.0,0.0,0.018445639314852914,0.0,0.0,0.00403410162775645,0.01999430564295816,0.0053197114045499426,0.0,0.0060880360616699415,0.003106785418509034,0.0055471925741893925,0.005612155506891726,0.0,0.0005655493593119319,0.0,0.0,1.2144052611147978e-05,0.0,0.05867112812680142,0.0,0.0,0.0,0.005254673241781719,0.0,0.0,0.011530211697873346,0.0,0.0,0.0,0.006548837536925465,0.004142572657234762,0.0,0.0,0.0,0.00039537003275376967,0.0,0.0,0.0005989660460849442,0.008931760547004357,0.0,0.0,0.05127521227350158,0.0,0.007459749676279019,0.026551584765106977,0.005458802251405017,0.016116619326761634,0.01217799538369288,0.0
LFQ intensity D3_8,0.0,0.00824815236737864,0.00537586254205272,0.0049702314990951475,0.0,0.025812769668220253,0.0,0.0,0.0,0.02300473285265832,0.058632061405413834,0.02820755130016567,0.028095782746042568,0.00401510163451815,0.0,0.0005914850339927318,0.000837214451552942,0.0,0.01228920606761119,0.0,0.012307443561802148,0.00353334531963363,0.0,0.014373447718487052,0.00822321627599042,0.01412914273616985,0.004278664856023885,0.007359683161570568,0.038565783256411225,0.00201802595327797,0.0,0.0,0.0,0.0,0.0,0.001197221762616168,0.06097504388777538,0.004471705183711137,0.005833756561678052,0.0,0.0,0.01637866662501975,0.0,0.004556804965848311,0.0,0.016569555247728844,0.0,0.0009731932083668842,0.017191131682690874,0.02288397642032135,0.0,0.0,0.004640795774569349,0.0,0.0,0.0,0.008036090386900384,0.034311966040531425,0.0,0.0,0.0,0.0012134743023459005,0.027674923674671906,0.0003899032921559815,0.012817366387883266,0.0,0.0,0.0,0.0,0.0,0.0,0.02258505448840739,0.0,0.0,0.016133624176739924,0.0,0.0,0.0,0.0017777466239762745,0.0,0.003708603720882484,0.009235986774024929,0.0013934594483083701,0.0,0.0,0.05362292886102898,0.0,0.0,0.009877798265830073,0.0,0.01346641019185671,0.0,0.004926471602863719,0.0,0.0,0.026528591368260374,0.006888809182702728,0.004625884718689121,0.0,0.008698605918441326,0.0,0.0,0.01670543545005917,0.0,0.0,0.008039452269603859,0.02544457170090477,0.002201436324203123,0.001438929636430571,0.005641672614081227,0.0012517991393321975,0.0036845410139115576,0.006637349106541738,0.0,0.0,0.0,0.0,0.0,0.0,0.051883164938459306,0.0,0.0,0.002821718802698683,0.0070025350909885785,0.0,0.0,0.013013077507603523,0.0,0.0,0.0,0.0,0.0023674736661771435,0.0,0.0,0.0,0.0005839324735509778,0.0,0.0,0.0003264531323455494,0.025655608880308288,0.0,0.0,0.032540798235159527,0.0,0.0024767652743899753,0.02116950614496757,0.00550235534530099,0.015437086874222673,0.019719881223862677,0.0
LFQ intensity D3_9,0.0,0.003391112897182559,0.012999420947134662,0.025498474248054664,0.0,0.018771971563850926,0.0,0.0,0.0,0.019698636245006954,0.06260640253124806,0.029699127285612324,0.017419337798576594,0.0,0.0,0.010748897199786587,0.00019907871116254565,0.0,0.010006614787214575,0.0,0.004610841315094104,0.0017362167708494995,0.0,0.014462576308015347,0.008268037637595064,0.007874701635713709,0.011385814466232179,0.005326555980647017,0.03926223412327029,0.0,0.0,0.0,0.0,0.0,0.0,0.0067779839435694175,0.056599672002592756,0.0,0.007918943126770156,0.0,0.0,0.012958391767037652,0.0,0.0006017837978169951,0.0,0.021599575871515814,0.0,0.003162695320628666,0.011918904375066519,0.02443705677050249,0.0,0.0,0.023211105586558343,0.0,0.0,0.0,0.0040002309849923,0.03370426557941544,0.0,0.0,0.0,0.0,0.020493974217200665,0.00039117758142887975,0.012841305656095271,0.0,0.0,0.0,0.00024926314681820327,0.0,0.0,0.028307644954095715,0.0,0.0,0.015193448612770728,0.0,0.0,0.0,0.0,0.0,0.0,0.011819400573363092,0.0,0.0,0.0,0.05017799936548881,0.0,0.0,0.01987875130625822,0.0,0.0,0.0,0.0033214555351932865,0.0,0.0,0.02752643827521796,0.008975090662456714,0.001009894387748154,0.0008839183409858083,0.00657904508037552,0.0,0.0,0.01890843167069703,0.0,0.0,0.0,0.024594513648559496,0.0,0.002061239018970862,0.006393264897377431,0.0028576869848269634,0.003714775981064514,0.002528735942303039,0.0,0.0,0.0,0.0,0.006013777560248989,0.0,0.054399010615375075,0.0,0.0,0.0017144726721784937,0.004854842955763462,0.0,0.0,0.006652758400185431,0.0007607345764687618,0.0,0.0,0.0,0.005396018002019895,0.0,0.0,0.0,0.0,0.0,0.0,0.0035953046026501977,0.02619319723759854,0.0005464593394182933,0.0,0.048857947778279516,0.0,0.006436654897672266,0.025026272450705905,0.0027911694248291077,0.014344994267455332,0.012852267801140141,0.0
LFQ intensity D4_1,0.0,0.00883195742035792,0.02265659459479917,0.0,0.0,0.027728498481946473,0.0,0.0,0.0,0.017372344276958364,0.06245866468074838,0.026494145291296144,0.025044265005950733,0.0,0.0,0.00266251870480941,0.0,0.0,0.012196235622341511,0.0,0.007592609234816499,0.00083806340195362,0.0,0.02291731733466021,0.005109679172657897,0.009793185281022283,0.01205356873670933,0.008735925909011224,0.028650744901977068,0.0,0.0,0.0,0.0,0.0,0.0,0.003516543401245134,0.07344889146997664,0.0,0.007920954231030453,0.0,0.0,0.012290439588165997,0.0,0.0007293129047197904,0.0,0.0,0.0,0.0025079150840164833,0.014306632518503497,0.032964946885695345,0.0,0.0,0.004138082110951768,0.0,0.0,0.0,0.009656519667361009,0.052244382601069304,0.0,0.0,0.0,0.0,0.0317300098950042,0.0,0.011901020416142315,0.0,0.0,0.0,0.0,0.0,0.0,0.028045341029060304,0.0,0.0,0.012567598240647532,0.0,0.0,0.0,0.0025369282596815145,0.0,0.0013074492433306514,0.006034004785846902,0.006275911949286916,0.0,0.0,0.05418086404152091,0.0,0.0013991181651899012,0.004241062013095238,0.0,0.0,0.0,0.0005957509473626079,0.0,0.0,0.029707880690235423,0.009993358531738498,0.0032600272516450164,0.0022516249891123366,0.008645657637552323,0.0,0.0,0.01638697741738451,0.0,0.0,0.0029124881925739862,0.022201007390027564,0.0,0.0,0.008291400889018656,0.0011637743652391916,0.006702834621057123,0.0034232194140680267,0.0,0.00044252318157333667,0.0,0.0,0.0,0.0,0.05328578383975274,0.0,0.0,0.009209787153837102,0.007891236936487172,0.0,0.0,0.00989425403283503,0.0,0.0,0.0,0.011705805014130726,0.012971321743308877,0.0,0.0,0.0,0.0007155326887349146,0.0,0.0,0.003580611360672447,0.0012980004353166001,0.003968660037911249,0.0,0.02396519676843671,0.00653396153079339,0.010373676881072687,0.0203126718701085,0.002417324159465471,0.01195128580283679,0.018866117672152825,0.0
LFQ intensity D4_10,0.0,0.0,0.023844618662274428,0.0010642413353855386,0.0,0.007123723071125412,0.0,0.002320028231972148,0.0,0.01460816273017423,0.0688775926706963,0.022057631229271818,0.016063246730067846,0.0,0.0,0.004825219183681179,0.0009210155830203303,0.0,0.010448516166430461,0.0,0.004353485361832744,0.0,0.005711893434405536,0.01849371083344386,0.009114929018126527,0.00575931284837558,0.015413940560025364,0.006852424084777312,0.035345400097687704,0.00018226158210545024,0.0,0.0,0.0,0.0,0.0,0.001231311638595056,0.053700966887832095,0.0,0.0065622452371646885,0.0,0.0,0.019129571726177456,0.0,0.00018554528332284493,0.0,0.010492353717861166,0.0,0.0012095318706793062,0.028835169325241983,0.0323253202014594,0.0,0.00043765025206574717,0.010752786532349961,0.0,0.0,0.0,0.0010965079631051725,0.0332720083772249,0.0,0.0,0.0,0.0,0.028564108269661277,0.00036583121593623417,0.015782458322649143,0.0,0.0,0.0,0.0,0.0,0.0,0.030911581150925297,0.0,0.0,0.022823189714768453,0.0,0.0,0.0,0.006519139761293266,0.0,0.002078889688465964,0.014489504259018854,0.0,0.0,0.0,0.05325068894870596,0.0,0.0,0.013272953168662865,0.0,0.00914202289672901,0.0025652263416663713,0.0,0.0,0.0,0.025627042368733838,0.008827992016283492,0.0003031539509923983,0.0,0.005995140089080695,0.0,0.0,0.01849065384146684,0.0,0.0,4.806758070335583e-05,0.016696258893403468,0.0,0.0,0.007757251384996161,0.0030913251800932045,0.006054831323224291,0.0,0.0005285149989391455,0.0,0.0,0.0,0.0,0.0,0.053778985370832214,0.0,0.0,0.0069494662922813324,0.0063511587564714575,0.0,0.0,0.012720442770619445,0.0,0.0,0.0,0.0,0.001735628668970687,0.008289763020692939,0.0,0.0,0.0,0.0,0.0,0.0036005306930601,0.03439737807202872,0.018877454330183747,0.0,0.023433100362490224,0.007328286914374232,0.004951470426225402,0.020076782705318867,0.001711749706714842,0.009440887290687016,0.01546688687047899,0.005091879954210718
LFQ intensity D4_11,0.0,0.008672779636704047,0.007969785070492365,0.015558353360684793,0.0,0.021962670407953886,0.0,0.0,0.0,0.0074397233058163615,0.04576124816491337,0.01595275374511159,0.030848654610767103,0.0005392028425602822,0.0,0.0,0.0024100436995082315,0.0,0.00944539859051329,0.0,0.02287328656582928,0.0012591634873295584,0.0,0.0076084582499135744,0.0,0.014491397644308807,0.014214660641233685,0.005850959666668496,0.0343744044422492,0.0,0.0019363494017483453,0.0,0.0,0.0,0.0,0.013904521655011996,0.06007462682010844,0.0,0.010322179211164594,0.0,0.0,0.010981876852192995,0.0,0.0045715675070088745,0.0,0.01850626091060106,0.0,0.0037379170768036987,0.00977185585093544,0.025214283057908696,0.0,0.0,0.0,0.0027889610180256083,0.0,0.0,0.0,0.0389515725026191,0.0,0.0,0.0,0.0,0.03696793785113949,0.00043236062182092506,0.007799817749037461,0.0,0.0,0.0,0.0,0.0,0.0,0.013422052799185994,0.0,0.0,0.04089714576053836,0.0,0.0,0.0,4.213548926875979e-05,0.0,0.0,0.007674124899378576,0.0,0.0,0.001137312125711704,0.03568819618048498,0.0,0.0,0.01543725256777159,0.0,0.0,0.008194524081374095,0.0,0.0,0.0,0.02805692409108166,0.010537216940907507,0.0,0.0031667699580426555,0.010089191192241713,0.0,0.00019622447536871447,0.013692353915256672,0.0,0.0,0.0023621455719450577,0.02806634616951473,0.0,0.0,0.008981954303808605,0.001431237341122889,0.0072391193594552,0.003387005412700041,0.0,0.0,0.0,0.0,0.0,0.0,0.04740758526537338,0.0,0.0,0.0016652341158547952,0.009588700422866954,0.0,0.0,0.006874561897269007,0.0,0.0,0.0,0.0,0.0034694117310688005,0.0,0.0,0.0,0.0,0.02126756570661658,0.0,0.0,0.033872154772077924,0.011114797654124943,0.0,0.02876162137251567,0.0006189762193564685,0.009986952406121359,0.021461763010142007,0.0058219556844780395,0.020142248753379586,0.025052206134910358,0.0
LFQ intensity D4_12,0.0,0.009582056248359646,0.019068189368554676,0.00921227305355223,0.0,0.023694490052646816,0.0,0.0,0.0,0.01194437189773523,0.041032143451818145,0.02505624768849655,0.021558058794106664,0.0,0.0,0.002501966601184165,0.0030809513780998415,0.0,0.011742089732361271,0.0,0.00953206404409918,0.0,0.0,0.006124462950704656,0.009900073557113817,0.00868082818332788,0.018957578719637967,0.006466224484797613,0.030752630648983637,0.0,0.00028970121078225375,0.0,0.0,0.0,0.0,0.012035488897274625,0.06788891916961445,0.0,0.007861430776450762,0.0,0.0,0.006032494644008511,0.0,0.0067154850923162425,0.0,0.0339001320469582,0.0,0.004374303223736864,0.021991860299476047,0.026106887609280125,0.0,0.0,0.0,0.0,0.0,0.0,6.769563440332819e-05,0.04205062038477266,0.0,0.0,0.0,0.0,0.03401559276638513,0.0004524540830621357,0.011384666629571251,0.0,0.0,0.0,0.0033246118263355637,0.0,0.0,0.013501066383258186,0.0,0.0,0.03758891292599908,0.0,0.0,0.0,0.0026368400067147994,0.0,0.0,0.0070250231022274245,0.0,0.0,0.0,0.02918018841163083,0.0,0.0,0.01929985831032288,0.0,0.0,0.01033704665933413,0.0,0.0,0.0,0.029118874808017697,0.011742173001619982,0.0,0.0,0.010515776004969123,0.0,0.0,0.015316703435574792,0.0,0.0,0.0,0.019438198174025926,0.0,0.0022992430026678662,0.008650874200353953,0.0,0.0027635868218527444,0.008459454743950545,0.0,0.0004568799975063353,0.0,0.0028081490987694156,0.0,0.0,0.04916283103181114,0.0,0.0,0.004312562700724649,0.008714817100803225,0.0,0.0,0.018471561371616797,0.0,0.0,0.0,0.0,0.0,0.0,0.0,0.0,0.0,0.0,0.0,0.0,0.048822161845911434,0.0010730348626373579,0.0,0.02720520433427191,0.0017774891596055178,0.009652177442287411,0.01253253313392552,0.0038431401507830515,0.014186877312203488,0.021727715314614614,0.0
LFQ intensity D4_2,0.0,0.010228799914699473,8.106116747203681e-05,0.00721555707467272,0.0,0.014150031957760824,0.0,0.0006021519031950518,0.0,0.027693111901549387,0.07968906734113991,0.027080855477834894,0.01684237408896308,0.00553708899721583,0.0,0.0035976857782503086,0.002398348478209284,0.0,0.017132672305102455,0.0,0.00982510429691464,0.0,0.0,0.010073104379351092,0.009053497370451113,0.00883452846269157,0.01142543831686486,0.006919622841103604,0.032429197588218994,0.0,0.0,0.0,0.0,0.0,0.0,0.0,0.058476816073468,0.0006366202027639015,0.00828796931676864,0.0,0.0,0.019791274118055383,0.0,0.0030757241097597865,0.0,0.012123144545705025,0.0,0.004040543096792578,0.025274833763536005,0.039557570369382,0.0,0.0,0.014200435682327827,0.0,0.0,0.0,0.0,0.03513938704536233,0.0,0.0,0.0,0.0,0.025370687903503504,0.0,0.016479647473721593,0.0,0.0,0.0,0.002823988329637567,0.0,0.0,0.029327141928820008,0.0,0.0,0.016919427664086824,0.0,0.0,0.0,0.01187157621485704,0.0,0.0,0.013352507832302438,0.010154307337128443,0.0,0.0,0.05569668285325342,0.0,0.0,0.0222225358867329,0.0,0.005417529228030204,0.0021854473182490205,0.0,0.0,0.004389254008441815,0.028096910853063425,0.006734684170179926,0.0,0.0,0.007287724260034039,0.0,0.0,0.0019074415330332256,0.0,0.0,0.013171736105496242,0.022342483775666826,0.0,0.00038048167779728467,0.00727430650773296,0.0,0.003450006638317847,0.0038948521291470185,0.0,0.0,0.0,0.0,0.0,0.0,0.04335785020356699,0.0,0.0,0.0040915934755132435,0.007673691553756859,0.0,0.0,0.007005336249484905,0.0,0.0,0.0,0.0,0.0003167640363569184,0.0,0.0,0.0,0.0,0.0,0.0,0.001076386125990378,0.014008661557415923,0.0,0.0,0.027947147135975986,0.005865712976659167,0.009029494180897473,0.019563404288136455,0.0023503267139176596,0.011723260558217784,0.01382539134929413,0.0
LFQ intensity D4_3,0.0,0.007302496777833675,0.021446796964029718,0.006014410484435597,0.0,0.022913167564560515,0.0,0.0,0.0,0.009952937224087448,0.06879345470584679,0.01805184644829945,0.022333314498166914,0.0,0.0,0.00341443156642948,0.0017922267327097699,0.0,0.012194148615700992,0.0,0.010400117126586473,0.0,0.0,0.009948537343231447,0.008388657713132188,0.0034310461566139485,0.015425241605629941,0.008650340595783708,0.03885558269014416,0.0,0.0,0.0,0.0,0.0,0.0,0.0,0.055831721811203834,0.0,0.007627381739045737,0.0,0.0,0.01645039001676607,0.0,0.0040353936228794155,0.0,0.0,0.0,0.004007840984431626,0.026056002209910254,0.03928483805793981,0.0,0.0,0.007725411872710912,0.0,0.0,0.0,0.0013854224505390064,0.03539127438419959,0.0,0.0,0.0,0.0002230691508914455,0.03110925788187281,0.0,0.012719438559388722,0.0,0.0,0.0,0.0,0.0,0.0,0.0250629134965443,0.0,0.0,0.025572643274782605,0.0,0.0,0.0,0.0041896702543423,0.0,0.0,0.0018974497901786441,0.019169526908747226,0.0,0.0,0.05555956987136889,0.0,0.0,0.020813487852839027,0.0,0.00980552360261447,0.0,0.0,0.0,0.0,0.029737245976973886,0.00889795930324377,0.0,0.00023439303963333896,0.008987092867584772,0.0,0.0,0.01672154288411452,0.0,0.0,0.004618066621726884,0.02419137694243662,0.0,0.0,0.008004361561615315,0.0016089072239823922,0.0024584378570285375,0.006902899920718877,0.0,0.0,0.0,0.0,0.0,0.0,0.05491124746220618,0.0,0.0,0.00109578796780927,0.009761226598126995,0.0,0.0,0.009136408194324243,0.0,0.0,0.0,0.01049950550162606,0.004475248839898277,0.0,0.0,0.0,0.0003994406278076442,0.0,0.0,0.0008935134536623563,0.006024634557093231,0.0,0.0,0.02630913807845877,0.00592269684645241,0.0051965105641268595,0.02556192329282507,0.005775946369570756,0.011232367017258433,0.017215137823275658,0.0
LFQ intensity D4_4,0.0,0.003072212898821941,0.02491917522338493,0.0005391792975902444,0.0,0.021472216184066716,0.0,0.0010746154306896416,0.0,0.013057623273439586,0.056001247127354464,0.024919103238602216,0.014102336594176241,0.004576744196745,0.0,0.009559408901407735,0.0009208009103340584,0.0,0.010049074417213663,0.0,0.006943357120404817,0.0007430076802313121,0.0,0.0018318804653061546,0.011750761064384078,0.01009545558607432,0.012241456951331093,0.007888400317611503,0.027363434699713907,0.0,0.0,0.0,0.0,0.0,0.0,0.0021396968519543213,0.055379996328339225,0.00191441167223203,0.007890262240904162,0.0,0.0,0.014718904752592276,0.0,0.009260298354104506,0.0,0.015510279497615699,0.0,0.0016887470606186822,0.022958135793048843,0.028457668481659114,0.0,0.0020712628492495855,0.012973955646473538,0.0,0.0,0.0,0.001245021549625996,0.034683162437635244,0.0,0.0,0.0,0.0,0.030268773053711256,0.0004015507205329573,0.009445854916052557,0.0,0.0,0.0,0.0,0.0,0.0,0.029777823976653017,0.0,0.0,0.03431644070738989,0.0,0.0,0.0,0.0031778467890286196,0.0,0.0,0.002998286689669908,0.0,0.0,0.0,0.05533670896033096,0.0,0.0,0.01934431739952248,0.0,0.0021491544865531198,0.0027924356696034528,0.0025893278696810704,0.0,0.0,0.027022940740546487,0.00806640180147491,0.0,0.0,0.00644923304562658,0.0,0.0,0.017462901755295825,0.0,0.0,0.0,0.027038622230844068,0.0,0.001987149073261539,0.005443885948281489,0.0005716531832929881,0.0045293608796354795,0.005047710176607243,0.0,0.0,0.0,0.0,0.0,0.0,0.04968637060373392,0.0,0.0,0.0045681293137304025,0.008268753954129657,0.0,0.0,0.013277029860837602,0.0,0.0,0.0,0.0,0.0026090048453779537,0.002298515221182326,0.0,0.0,0.0,0.0,0.0,0.0,0.030610895908206467,0.011422917255941516,0.0,0.030286790795451657,0.004123492476026915,0.011148022026289216,0.025111054193340747,0.0014879536987692302,0.020530382468158147,0.014339012210291598,0.0
LFQ intensity D4_5,0.0,0.009850176867194489,0.004794440904713564,0.005583583976790782,0.0,0.023000190799277922,0.0,0.0,0.0,0.023559496393759663,0.08008008833317279,0.015256500186973157,0.020966387439462143,0.006960066719459398,0.0,0.0042117614982837845,0.0005990591084550764,0.0,0.012396506367240573,0.0,0.0,0.0017611760884804172,0.0,0.010348384154583822,0.006526159752294959,0.0017823131295754337,0.014558912540802459,0.00829177571296374,0.02290798948443373,0.0,0.0,0.0,0.0,0.0,0.0,0.0,0.049125596563252646,0.0,0.008817531302938957,0.0,0.0,0.006537916304128574,0.0,0.0,0.003325083552002091,0.0,0.0,0.0032729762355649277,0.022980074733994976,0.038032461571096327,0.0,0.0013602120815893743,0.02486999440831309,0.0,0.0,0.0,0.002305591480796126,0.03529144058677115,0.0,0.0,0.0,0.0,0.030870104132816628,0.0,0.01027595254934916,0.0,0.0,0.0,0.0,0.0,0.0,0.02698037280753185,0.0,0.0,0.008905758454069584,0.0,0.0,0.0,0.010697700854790718,0.0,0.0,0.017007680701793336,0.007830830815764791,0.0,0.0,0.056477414279472456,0.0,0.0,0.009518460529199099,0.0,0.0,0.010228274177272494,0.0,0.0,0.0,0.030285443141372326,0.01038545036347278,0.0,0.0018273822095929968,0.007265024137406759,0.0,0.0010616533941744197,0.003209109097817792,0.0,0.0,0.0016324085706000825,0.007436385997702537,0.0,0.001738691863303139,0.008227634757306491,0.002968782909314201,0.0067486055179536006,0.0041493565970701805,0.0,0.0,0.0,0.0,0.0,0.0,0.04785360445521938,0.0,0.0,0.007803213863722835,0.009714268925824086,0.0,0.0,0.010404563067223828,0.0,0.0,0.0,0.013583942355692389,0.0016398588130663312,0.0,0.0,0.0,0.0,0.028735534780531303,0.0,0.006669832171205075,0.01066894442541742,0.0032944331625212437,0.0,0.03584485097016741,0.008628347344509443,0.011503865524455642,0.026908146871346704,0.0008621878629211196,0.01653372559224606,0.013260980009484925,0.0010073736669312917
LFQ intensity D4_6,0.0,0.00986809800379866,0.008096313375599346,0.00936408064335789,0.0,0.009265596630792816,0.0,0.0,0.0,0.020315955479155566,0.07253379828305703,0.026697570733606298,0.01883629391597943,0.0,0.0,0.005206210319916933,2.0818287061185687e-05,0.0,0.012976637662961496,0.0,0.005279228960567638,0.0005839710844063041,0.0,0.0038109681227578244,0.0053058022254179795,0.00573294650615262,0.021917898907582986,0.003038993214757298,0.028627454303383787,0.0,0.0,0.0,0.0,0.0,0.0,0.0,0.058724158812959136,0.0,0.008619140601633412,0.0,0.0,0.010999842951303811,0.0,0.003835816440865763,0.0,0.012110926016656583,0.0,0.003939223255967825,0.01223734942132462,0.0332135344935314,0.0,0.0,0.0,0.0,0.0,0.0,0.0,0.037608750193560705,0.0,0.0,0.0,0.0,0.030094287858965584,0.0,0.010553318330258328,0.0,0.0,0.0,0.0077021093540948,0.0,0.0,0.028676536648898437,0.0,0.0,0.016476507404389162,0.0,0.0,0.0,0.001324909975299884,0.0,0.0,0.013159194226232903,0.0,0.0,0.0,0.050181997690238796,0.0,0.0,0.023763471900251493,0.0,0.0,0.0,0.002783892664986383,0.0,0.0,0.0245214164359031,0.008975743118371127,0.0015768908155938688,0.002416136960464081,0.009874786478738708,0.0,0.0,0.01518209035620628,0.0,0.0,0.010392150223574806,0.03010176634727746,0.0,0.0,0.007210741474805448,0.0025870678240468266,0.006596286547389213,0.004198427114093732,0.0,0.0,0.0,0.0,0.0,0.0,0.049245919315237946,0.0,0.0,0.0006844882930799876,0.01020733489633916,0.0,0.0,0.010872839204578716,0.0,0.0,0.0,0.011029495932868841,0.004561009401946894,0.0,0.0,0.0,0.0,0.025446214810779542,0.0,0.0003042576194244701,0.011191996753573998,0.010044630707810065,0.0,0.03254392958970669,0.0037620824425627464,0.007542881480309665,0.022048058547296377,0.006614062433029896,0.016173512433407117,0.020610177539851112,0.0
LFQ intensity D4_7,0.0,0.006655365207619657,0.014284987602974626,0.014303467055605413,0.0,0.015025172774406933,0.0,0.0,0.0,0.011987438132607546,0.055555051920236465,0.01938739566416659,0.023053295963669763,0.0,0.0,0.0002664853380202427,0.002829558215445128,0.0,0.007471411390209888,0.0,0.015484070732781902,0.0,0.0,0.013736384027616712,0.0097437484657674,0.011074293006742347,0.004416583687765419,0.004462753160112278,0.028417762852018646,0.0,0.0,0.0,0.0,0.0,0.0,0.010050321936576323,0.06720523388173516,0.0017587359950823628,0.008341381959154171,0.0,0.0,0.019896842517476743,0.0,0.008085258401382552,0.0,0.013831840793075284,0.0,0.002352086432909354,0.016775113848951483,0.03083990486359485,0.0,0.0,0.0,0.0,0.0,0.0,0.0,0.034043366904880266,0.0,0.0,0.0,0.0,0.027896818928571668,0.0,0.0171429312339999,0.0,0.0,0.0,0.008049474042517499,0.0,0.0,0.022862917109833392,0.0,0.0,0.027114725039213517,0.0,0.0,0.0,0.0008171047675857215,0.0,0.0,0.0059837834278309455,0.005778172787988575,0.0,0.0,0.0525506210168327,0.0,0.0,0.014665693323918988,0.0,0.003663616908486254,0.0,0.0,0.0,0.0,0.02954539183034267,0.010710808002160569,0.0,0.003217878813430742,0.006716503006925596,0.0,0.0,0.018196237395431115,0.0,0.0,0.013771327075943175,0.018780922582321447,0.0,0.0,0.007606372782224936,0.0,0.005437599923227404,0.005215548573769552,0.0,0.004435781845532273,0.0,0.0,0.0,0.0,0.04275553646767154,0.0,0.0,0.0,0.006597392591997837,0.0,0.0,0.0027813483469653283,0.001010174021525283,0.0,0.0,0.0,0.009523113173133866,0.0,0.0,0.0,0.0,0.024599765150902664,0.0,0.0,0.020790872557401852,0.006642999873914995,0.0,0.024759609333276138,0.0048968968934173214,0.019934308075436953,0.01727025564943918,0.00689033346626405,0.014056044340487127,0.01599580690749185,0.0
LFQ intensity D4_8,0.0,0.0,0.009184348672073078,0.02012048619406916,0.0,0.016552534012580937,0.0,0.0,0.0,0.016367876149023266,0.06982652501897199,0.01793039131015526,0.02087763666900092,0.0,0.0,0.004875308216820142,0.004260633989429153,0.0,0.009116708661984827,0.0,0.0,0.0,0.0,0.0,0.008330603513931127,0.012323917570209689,0.018613702560549457,0.006897705529460142,0.0351379801070676,0.0036304004351552918,0.0025851654634903246,0.0,0.0,0.0,0.0,0.003452007022725444,0.054944810637301736,0.0,0.006741168626600921,0.0,0.0,0.012758836820359602,0.0,0.003323617071453093,0.0,0.04906912446441748,0.0,0.0003587019771283592,0.01125210402046164,0.017524860635848273,0.0,0.0055926035201958315,0.008814334099567021,0.0,0.0,0.0,0.0028675560505953862,0.05239688515063407,0.0,0.0,0.0,0.0,0.03043248224666326,0.0,0.01144399716207396,0.0,0.0,0.0,0.005810368504873996,0.0,0.0,0.026637553461441883,0.0,0.0,0.014679103807506111,0.0,0.0,0.0,0.0038328330486531734,0.0,0.0,0.016502398703252694,0.0010414323096005914,0.0,0.0,0.04247035373845227,0.0,0.0,0.02211670568181357,0.0,0.0010662238881107174,0.011013039185460876,0.0,0.0,0.0,0.02756762444763939,0.010541734585255601,0.002466887573991542,0.0,0.0066048441222248296,0.0,0.0008834891051590569,0.021092268654481796,0.0,0.0,0.0,0.019894726544275335,0.0,0.0,0.007958342849518008,0.0,0.010518309050262024,0.0005937992860366398,0.0,0.0,0.0,0.0,0.0,0.0,0.044623755943305365,0.0,0.0,0.0069547424484875725,0.00969844870672112,0.0,0.0,0.014114565371812089,0.0,0.0,0.0,0.0,0.002107947216750512,0.002404658570565863,0.0,0.0,0.0,0.0,0.0,0.0,0.03195172701376466,0.0,0.0,0.03289989921379259,0.0024508523748986376,0.005846571823569824,0.015487591230871985,0.0009798565357729372,0.013670636380133643,0.015911695041544688,0.0
LFQ intensity D4_9,0.0,0.008583888995348234,0.012628808271633466,0.008908318831281339,0.0,0.012114125722535434,0.0,0.0,0.0,0.007540452174303809,0.06588918338797659,0.016157414057514273,0.019342686039803113,0.00400614676961157,0.0,0.0011775097956788951,0.0030587008826873274,0.0,0.012108947327548655,0.0,0.00492793748242287,0.0004711271501482758,0.0,0.0024178207588630343,0.006753877879993399,0.006713867955678575,0.01196475638995161,0.0036384348595565295,0.0368638642141677,0.004633774906898317,0.0,0.0,0.0,0.0034414337788042583,0.0,0.00014884075892380736,0.07649439959040244,1.237458951353291e-05,0.008111407406677838,0.0,0.0,0.03195875238908193,0.0,0.0,0.0,0.03051129941284627,0.0,0.0004039588972944602,0.016811252984694314,0.03394083137694142,0.0,0.0,0.0017708563958239542,0.0,0.0,0.0,0.00425079407888453,0.05339968188675023,0.0,0.0,0.0,0.004365762444450586,0.02685230260489582,0.0,0.011833538890836008,0.0,0.0,0.0,0.008867135850122937,0.0,0.0,0.027550898986554932,0.0,0.0,0.012052691284693407,0.0,0.0,0.0,0.002624208991893616,0.0,0.0,0.0060761502668933865,0.0,0.0,0.0,0.032076802396758176,0.0,0.0,0.01674254133981754,0.0,0.005330354258539925,0.01241616759938274,0.0,0.0,0.0,0.02766522800729632,0.01068249917880626,0.0,0.0012677201461700036,0.008765901477621164,0.0,0.002263387041473188,0.015921522309942236,0.0,0.0,0.0,0.02085462569169055,0.0,0.0,0.007689304546435729,0.0003100795381987261,0.0064779221283095155,0.0032605943353467785,0.0,0.0,0.0,0.0,0.0,0.0,0.04191125953388781,0.0,0.0,0.007658718423649913,0.012063966494263804,0.0,0.0,0.0014596750351641584,0.0,0.0,0.0,0.010994902637866007,0.006674990406634816,0.0,0.0,0.0,0.0,0.023383713000933223,0.0,0.005819057081500101,0.014020483808422506,0.00804222548108519,0.0,0.021051367217014942,0.008083765603276628,0.017297096989605062,0.010672934972887871,0.002038181933861199,0.01199808344071762,0.013724711222857528,0.0
LFQ intensity D5_1,0.0,0.011347734860053763,0.017048564502590586,0.0,0.0,0.009978499635806529,0.0,0.0032198479389469177,0.0,0.0015245922309444395,0.03792176644427467,0.015695335214862376,0.009595241504715895,0.0,0.0,0.001010780870486747,0.002447771054110198,0.0,0.009215377957175596,0.0,0.010968919925915213,0.0013180034560528718,0.0,0.0,0.0035113533855762953,0.00662621220213501,0.0231009995381728,0.003395472671463043,0.007419380324641566,0.0,0.0008440237889257343,0.0,0.0,0.0,0.0,0.006421521657005233,0.07796563477165701,0.0,0.014453361514802228,0.0,0.0,0.0031344211676152373,0.0,0.003624808486347456,0.0,0.0,0.0,0.005189304972356675,0.018477568963410865,0.04418226061985592,0.0,0.0,0.0,0.0,0.0,0.0,0.0,0.04341236193947372,0.0,0.0,0.0,0.00225821003186374,0.028539414887836914,0.00047833987441250116,0.008819170163268273,0.0,0.0,0.0,0.01028686880844257,0.0,0.0,0.025977760044551164,0.0,0.0,0.018376725163302108,0.0,0.0,0.0,0.0027685985919400084,0.0,0.01433512245771011,0.0034068295858854314,0.011904353014647337,0.0,0.0,0.04380134920272264,0.0,0.0,0.0,0.0,0.0,0.0,0.013616237758663283,0.0,0.0,0.03177764389340451,0.014358176712103711,0.0013320157298922558,0.00444586906636153,0.010358476037342681,0.0,0.0,0.010659400404025637,0.0,0.0024993935091146735,0.025332588520426098,0.023300214580614473,0.0,0.0,0.008152483108151061,0.0,0.014909601184342326,0.0014187759545029042,0.0,0.002461565995108888,0.0,0.003082433435393796,0.0014986668860537695,0.0,0.04810188849299718,0.0,0.0,0.0030998695007183026,0.01092281648779294,0.0,0.0,0.025020241350022628,0.0,0.0028050404451213286,0.0,0.01883946227698264,0.006982069668209497,0.0,0.0,0.0,0.0,0.030114277352662228,0.0,0.002569729780018863,0.0,0.010450528701136733,0.0,0.022499672768638335,0.0,0.01964709158983416,0.02118630006450736,0.003849436941513739,0.012424184264587272,0.01952160545130264,0.008758378662495167
LFQ intensity D5_10,0.0,0.015154466853071267,0.024402944797587187,0.0,0.0,0.012543097268026503,0.0,0.0033887383515525935,0.0,0.004630492130596223,0.04730309686588646,0.013715588441461611,0.0148857971363754,0.0023920522739483553,0.0,0.002774214995026798,0.00045627885264428104,0.0,0.00691718086342006,0.0,0.00928133502862794,0.0014517479851292555,0.0,0.0,0.016248830277731777,0.004780332791465321,0.018431644121182218,0.004770944796488593,0.014338495628740107,0.0,0.001805091605825032,0.0,0.0,0.0,0.0,0.009928953599591058,0.08347727886722818,0.0,0.015038510740333686,0.0,0.0,0.0,0.0,0.005041382775468779,0.0032997043713181456,0.008420779703158606,0.0,0.008104415388126158,0.014981098651763124,0.0310273905109613,0.0,0.0,0.0,0.0,0.0,0.0,0.000882364752293242,0.060460224746356636,0.0,0.0,0.0,0.001997947532897273,0.030772948166281285,0.00044742492103916554,0.014028512854285056,0.0,0.0,0.0,0.0014510626152687619,0.0,0.0,0.021519946525471994,0.0,0.0,0.028313966509425362,0.0,0.0,0.0,0.0050855574304732665,0.0,0.014938294874811705,0.005247554002082267,0.0014412226730599613,0.0,0.0007684706266004841,0.037458669515316775,0.0,0.0,0.0,0.0,0.0,0.01596584259649185,0.01620289482774553,0.0,0.0,0.03034070359380633,0.012605369610356814,0.0,0.0006583726956580751,0.00883707956364266,0.0,0.0,0.012951247999982988,0.0,0.002637449542525966,0.022853852792694404,0.012509111968535089,0.0,0.0035730341565339543,0.007673110017209292,0.0,0.014058409338890515,0.0008643460275501464,0.0,0.0038773803462382396,0.0,0.0,0.0034150148012019803,0.0,0.03385989878691188,0.0,0.0,0.0035109425617058446,0.008702165291961429,0.0,0.0,0.0221587260063293,0.0,0.0,0.0,0.010485543133583037,0.0,0.0,0.0,0.0,0.0,0.028501174691011148,0.0,0.0012487318308587185,0.010125820281791762,0.005518599751125324,0.0,0.020425536756276376,0.0,0.00887578827016628,0.01750442853507563,0.004861605820730889,0.009571303106823477,0.021820461878185825,0.0
LFQ intensity D5_11,0.0,0.011944143367842042,0.013766484029102657,0.0028317526504440835,6.731365468530777e-05,0.0182124580231923,0.0,0.0034355837276161304,0.0,0.006603379475543291,0.04314140395672695,0.018705825779763596,0.013768479391432905,0.0,0.0,0.00368053673689551,0.0,0.0,0.013459044695072251,0.00032109552225728546,0.0,0.0,0.0,0.0,0.016699679693379984,0.009600202961024075,0.022140466595845194,0.006449860056217451,0.025545078776899963,0.0,0.0,0.0,0.0,0.0,0.0,0.0,0.06168984131386872,0.0,0.016039933951863896,0.0,0.0,0.0004735455935157241,0.0,0.0023646185165183396,0.0,0.03601498346003698,0.0,0.007051188411036382,0.013938098144854796,0.03175337359664249,0.0,0.0,0.0,0.0,0.0,0.0,0.0001058429806041227,0.0630620959937387,0.0,0.0,0.0,0.0,0.031855227331825074,0.00046409183894224486,0.018323074474796933,0.0,0.0,0.0,0.006692454709498733,0.0,0.0,0.017842293214335298,0.0,0.0,0.01723477361724544,0.0,0.0,0.0,0.0031058915815240576,0.0,0.011039869712495494,0.012406017567117207,0.0,0.0,0.0013293009783761002,0.018076872623100523,0.0,0.0,0.009893080742968576,0.0,0.0,0.006618304516170711,0.004528603422855201,0.0,0.0,0.028764798847713487,0.014482492181809489,0.001746333661379334,0.0024018716232311306,0.009464625337778226,0.0,0.0,0.009453242641106715,0.006369514436257803,0.006346135263836349,0.019644534541559726,0.029048377941424508,0.0,0.0,0.0069830884470883986,0.0,0.012291305010173783,0.002702351803392644,0.0,0.00338164804098154,0.0,0.0,0.0,0.0,0.03084571535678712,0.0,0.0,0.005898303075827595,0.007378561585003119,0.0,0.0,0.01676511553581818,0.0,0.0,0.0,0.012903753099847625,0.0019117413223690908,0.0,0.0,0.0,0.0,0.0,0.0,0.004085642646394518,0.034461796959188815,0.010533956800183585,0.0,0.02827317417993769,0.0,0.0058382538390315125,0.01931679761406455,0.0074268023650227956,0.014796634581617125,0.019474132888545687,0.004733130984755098
LFQ intensity D5_12,0.0,0.0088275085465887,0.028805922673219794,0.0,0.0,0.01401840593801699,0.0,0.004607477312496843,0.0,0.005943722578158438,0.0442414612754149,0.014614620716430323,0.01837066270367506,0.004104771989759419,0.0,0.007826521360084729,0.002101486228411294,0.0,0.009670744994570117,0.0,0.013682619924412102,0.0020559981705000696,0.0,0.0,0.007337217005294991,0.011174908629832066,0.017699603977574856,0.003724168088590753,0.015221039595628646,0.0,0.0021831471524442455,0.0,0.0,0.0,0.0,0.0036886195037616467,0.07778016313223265,0.0,0.01268231709589846,0.0,0.0,0.0038559415115546154,0.0,0.006217054986898452,0.0,0.050156927845151356,0.0,0.008355984359468972,0.011754817967101433,0.016998928142864612,0.0,0.0,0.0,0.0,0.0,0.0,0.0,0.04353050139327315,0.0,0.0,0.0,0.0,0.03179574225420798,0.0004345681184288011,0.00977153175236076,0.0,0.0,0.0,0.008586665379285817,0.0,0.0,0.017907398059793956,0.0,0.0,0.02298936716638829,0.0,0.0,0.0,0.0027255736608636527,0.0,0.006640228900326948,0.008521850932385297,0.0,0.0,0.0010373326372417617,0.03515990534223473,0.0,0.00048649548557999167,0.005970485144917352,0.0,0.0,0.011788929475788634,0.016334025255290353,0.0,0.0,0.029722514693337355,0.012997206580521548,0.0,0.0010258648645187214,0.009917138346586894,0.0,0.00010596226054188046,0.013653030305463708,0.0022590751452760036,0.0,0.015830132855479136,0.017178048399458534,0.0,0.0,0.00649264298319727,0.0,0.009856122230659611,0.00657903039929175,0.0,0.0031085730286593925,0.0,0.002342303414655961,0.004894058248901005,0.0,0.03211419473225617,0.0,0.0,0.0070977849641992675,0.0011207894504065422,0.0,0.0,0.030164897305198533,0.0,0.0,0.0,0.0,0.0,0.0,0.0,0.0,0.0,0.0,0.0,0.0,0.05986331658506348,0.0030606082906557953,0.0,0.01707778994140047,0.0,0.012336024859497316,0.012643348083493326,0.0,0.01584430686016976,0.021331870806706527,0.0
LFQ intensity D5_2,0.0,0.008576192393712427,0.03083300776775462,0.0,0.0012317208769055889,0.013075186357532888,0.0,0.005421551153220879,0.0,0.010545830495426808,0.038803121241080145,0.01054552299997878,0.014505023111586732,0.0,0.0,0.004548818315403746,0.0012833622904286333,0.0,0.008874650503842044,0.0,0.005516894372764834,0.0,0.0,0.007389677070962473,0.012476180710357956,0.014322374420865163,0.018538311954466164,0.008348394132141697,0.00046405433442392766,0.0,0.002119656991955224,0.0,0.0,0.0,0.0,0.0,0.07249324401962326,0.0,0.01765987146064475,0.0,0.0,0.013046377207968874,0.0,0.003826680247131875,0.0026074308019432774,0.02428727997978187,0.0,0.004956531204822527,0.017598885877796417,0.02961154236751106,0.0,0.0,0.0,0.0,0.0,0.0,0.004141922177994625,0.04444571096989188,0.0,0.0,0.0,0.003116205185789208,0.03132012795620216,0.0004894077625694067,0.011660161169029553,0.0,0.0,0.0,0.004882269181561228,0.0,0.0,0.017093814381403446,0.0,0.0,0.01767944935216233,0.0,0.0,0.0028212468766239136,0.006601167822754302,0.0,0.012455404408290065,0.011860737800268835,0.0,0.0,0.0,0.04708946750369456,0.0,0.0,0.010103105516653284,0.0,0.0,0.0007816731746890633,0.008978715341563687,0.0,0.0,0.022277701794277623,0.015469489130358227,0.0017401514603894832,0.0,0.008203872007073993,0.0,0.0,0.012779227054727916,0.0002555448158773892,0.003309653034452621,0.009711108216179222,0.006065172086954104,0.0,0.0,0.007173843148412274,0.0,0.01482395387867013,0.0012325901617154574,0.0,0.004151902901021902,0.0,0.002934318388860865,0.0032507981425821783,0.0,0.029883101116446605,0.0,0.0,0.005466776121118628,0.009719657789147088,0.0,0.0,0.02326466779455825,0.0,0.0,0.0,0.013849415539075914,0.0014472056134161263,0.0077311082928366364,0.0,0.0,0.0,0.0,0.0,0.00308201340249873,0.017891533561545873,0.01119899184091128,0.0,0.028453410367292143,0.0,0.02284744432799243,0.02122821388655704,0.004265632967234704,0.016040425540798858,0.02328225620653615,0.007940858167304044
LFQ intensity D5_3,0.0,0.008272293820642287,0.025584390063926984,0.0,0.0,0.01146374286800967,0.0,0.003314066664409867,0.0,0.005779955622819948,0.03816236357781594,0.011601550826182852,0.004409764531439935,0.0,0.0,0.001042504021674853,0.0,0.0,0.010932113636741589,0.0006096179462281957,0.01217385909748691,0.0,0.0,0.0,0.009570991274367892,0.007588968113600237,0.021985444360665074,0.0033277003073352526,0.007610342488440998,0.0,0.0007889316618122652,0.0,0.0,0.0,0.0,0.002383669848782299,0.06796045573117619,0.0,0.015056900347518443,0.0,0.0009075577080464214,0.010771412336128576,0.0,0.005427922512772204,0.0,0.025646020334984605,0.0,0.007639174854039627,0.014342570797137596,0.03277874414673827,0.0,0.0,0.0,0.0,0.0,0.0,0.0011240563990464753,0.04462064126126583,0.0,0.0,0.0,0.0011030356423778738,0.03386813455330327,0.0004657009932078721,0.01916897865640466,0.0,0.0,0.0,0.019680347364782177,0.0,0.0,0.020087886972134948,0.0,0.0,0.02833417225728875,0.0,0.0,0.0,0.005745713420356,0.0,0.013147147532440626,0.0009323020323194358,0.007308818133137848,0.0,0.0,0.042441712195386457,0.0,0.0,0.0,0.0,0.0,0.0,0.0033586484828513428,0.0,0.0,0.030460195587559694,0.013251843952248871,0.004424174730119373,0.0080498132479768,0.008828697539837522,0.0,0.0,0.006742823049123225,0.0,0.006386575077925376,0.023906564483538048,0.008324541276715593,0.0,0.0,0.00821013270822086,0.0,0.014389835693197328,0.0,0.0,0.0014343747879304875,0.0,0.0,0.0,0.0,0.03342775653023522,0.0,0.0,0.004577705085299592,0.00872289723491513,0.0,0.0,0.021904335043593473,0.0,0.0,0.0,0.012562686451099127,0.008392185843375763,0.0,0.0,0.0,0.0,0.025676997300584797,0.0,0.001287778968090095,0.012205220547085496,0.013731530622396114,0.0,0.02811803089012691,0.0,0.020472344100609077,0.017338706922151573,0.003861235370185545,0.012769255195703304,0.021082163735816006,0.010939272627110955
LFQ intensity D5_4,0.0,0.0046858093278849215,0.013890296618021252,0.0,0.0,0.01708675356098621,0.0,0.007296403306599323,0.0,0.011364259675275911,0.0462086414632204,0.016873897752319858,0.012723999590435221,0.0,0.0,0.0011745969850408468,0.002889341589560382,0.0,0.010835411435980345,0.0,0.008573924280566027,0.0,0.0,0.0,0.009105881681412254,0.014761343783517605,0.02214991605803536,0.00992395337851361,0.02898842632779967,0.0,0.0,0.0,0.0,0.0,0.0,0.008651183574539291,0.06616749673344403,0.0,0.007754047987443396,0.0,0.0,0.0006610770977243193,0.0,0.009698734492879916,0.009713275247443445,0.008178867831109788,0.0,0.007519562333274696,0.015013799896354436,0.03281344722350833,0.0,0.0,0.0,0.0,0.0,0.0,0.0004727718967330052,0.04318787769622078,0.0,0.0,0.0,0.0,0.03443677695181839,0.0,0.01384249317845437,0.0,0.0,0.0,0.0,0.0,0.0,0.02867086970035206,0.0,0.0,0.0313938462172498,0.0,0.0,0.0,0.0033835573284918853,0.0,0.018582204651754596,0.002913187386279152,0.00293385783125635,0.0,0.0,0.040030069639645526,0.0,0.0,0.016455995923001662,0.0,0.0017480387493851528,0.007343536935639963,0.004157121086739314,0.0,0.0,0.03340722881190024,0.014001522285332765,0.0,0.0,0.009289064373020888,0.0,0.0,0.017742572951467632,0.0,0.002266559106571744,0.018684057519390684,0.0168743792600753,0.0,0.0,0.008079551695851995,0.0,0.012923622757136858,0.001852790545043676,0.0,0.0,0.0,0.002637951907666823,0.0018756514361503221,0.0,0.040725860180744096,0.0,0.0,0.002975500040692909,0.009682131516799716,0.0,0.0,0.026243751838526987,0.0,0.0,0.0,0.01348447334197296,0.0,0.0,0.0,0.0,0.0,0.0,0.0,0.0,0.012397440398377405,0.006125119859180335,0.0,0.021044115369317596,0.0,0.0010058642958038406,0.026731209209105013,0.007242631096950224,0.0157520874224816,0.02269830837452567,0.0
LFQ intensity D5_5,0.0,0.009119583646750598,0.017353194111150133,0.004078942504012985,0.008952312999344809,0.005338782022934749,0.0,0.0026841949827638703,0.0,0.0,0.037541072479481886,0.013036911486768013,0.007466202898512613,0.004217399831550721,0.0,0.009057962865061364,0.0035575067449089655,0.0,0.008662381462037733,0.0,0.010839992291887644,0.0,0.0,0.0,0.006140956905355488,0.009153372617556669,0.021947170121309846,0.008753016948284035,0.032103233437547014,0.0,0.00230668420802164,0.0,0.0,0.0,0.0,0.014886426092810594,0.06704761029624888,0.0,0.011789836744391794,0.0,0.0,0.0,0.0,0.00778392746092919,0.0,0.0,0.0,0.003815988445990803,0.013745997009089335,0.04784284476653948,0.0,0.0,0.003859822966883773,0.0,0.0,0.0,0.0,0.040583589174718215,0.0,0.0,0.0,0.0,0.02754067253331601,0.0004390248900319567,0.01791047897531792,0.0,0.0,0.0,0.003937660625618676,0.0,0.0,0.02599773162767532,0.0,0.0,0.025043278324969876,0.0,0.0,0.0,0.003045611839356675,0.0,0.009331710202891827,0.002192284656869564,0.0023094423790759188,0.0,0.0,0.05060218391806071,0.0,0.0,0.0068113580227230335,0.0,0.0,0.01653852895207644,0.019665920318345697,0.007407429530266056,0.0,0.030132331844540068,0.012007265212876478,0.0,0.00020354715366441045,0.008959587778014583,0.0,0.0,0.014994163931999236,0.0,0.004124238228992228,0.02791446968093584,0.021651996966745697,0.0,0.0,0.00736595266853458,0.0,0.01019975529866465,0.006332851555391677,0.0,0.00030529418513970425,0.0,0.0003110741555984707,0.0,0.0,0.04877148291811417,0.0,0.0,0.005820733398517855,0.0052089571869196345,0.0,0.0,0.020882676730247324,0.0,0.0,0.0,0.008667327967432192,0.0,0.0,0.0,0.0,0.0,0.0,0.0,0.0,0.012685393503614485,0.0,0.0,0.024921987852346637,0.006245805546646154,0.0,0.032724855154828314,0.0,0.015571318248693507,0.02155669851210364,0.0
LFQ intensity D5_6,0.0,0.00875541562899068,0.01257924178006858,0.0,0.0,0.009148389637282076,0.0,0.0,0.0,0.011576876949752039,0.044200927790198276,0.0063451403198655325,0.027170143322881864,0.0018466817182730035,0.0,0.00804994212290916,0.006048964692175859,0.0,0.012530107975881416,0.0,0.01899069525747519,0.006503420764806405,0.0,0.0,0.005337557469736676,0.008423621227689408,0.02053245941206103,0.0038617680696816418,0.021147648834596768,0.0,7.845015913541533e-05,0.0,0.0,0.0,0.0,0.003314874664250849,0.06968839714779375,0.0,0.011199502740010766,0.0,0.0,0.020115110504513624,0.0,0.011115466984309002,0.0,0.027353891997830556,0.0,0.005683353917632608,0.013604881426589303,0.028347536139944944,0.0,0.0,0.0,0.0,0.0,0.0,0.004828144919220848,0.03625980510394112,0.0011651546430476792,0.0,0.0,0.0,0.02996543968236398,0.00042713375914578866,0.007811105057115313,0.0,0.0,0.0,0.013669845775134918,0.0,0.0,0.031262026921332,0.0,0.0,0.02662259532133274,0.0,0.0,0.0,0.0,0.0,0.014427169099265044,0.006285227498234462,0.0,0.0,1.5265441440816153e-05,0.052213741367231774,0.0,0.004294771595608564,0.0,0.00036556251542334755,0.0,0.0,0.018836023907952235,0.0,0.0,0.024002318140684244,0.01297191205925959,0.001398069291955838,0.0019435285038297435,0.008906507643178303,0.0,0.0,0.013143081522663438,0.0,0.0038679117639139116,0.015164136366056518,0.01676731784600754,0.0,0.0,0.007056864802065532,0.0,0.014458784005522004,0.0001651430582182751,0.0,0.0008431919979747333,0.0,0.0027544223901765307,0.0,0.0,0.035858709843811176,0.0,0.0,0.003354430914797558,0.002207052025141958,0.0,0.0,0.02215935855629006,0.0,0.0,0.0,0.0,0.0011047426305505663,0.0,0.0,0.0,0.0,0.0,0.0,0.0,0.04000536981399424,0.010115213224424146,0.0,0.02489116701074125,0.0003963831019384758,0.016599614792740174,0.01460410270150661,0.0,0.01355641395019141,0.019704770778239133,0.0
LFQ intensity D5_7,0.0,0.009252226555737469,0.017834304069962816,0.002805031149460079,0.0,0.012896196367780445,0.0,0.007139357301438838,0.0,0.006989902520551809,0.034934193012493245,0.020173656522434667,0.006273874548549271,0.004538450537610292,0.0,0.0035608884375812186,0.0,0.0,0.015162289309381809,0.0,0.005321414275601079,0.0,0.0,0.0,0.006566777513096251,0.010804358210483525,0.026206407074744524,0.0056892557987157245,0.028943453354047393,0.0,0.0005649482902270978,0.0,0.0,0.0,0.0,0.004000409259040674,0.06646913321280343,0.0,0.01445911359046202,0.0,0.0,0.0,0.0,0.0028011481230356392,0.0021391287375165167,0.0,0.0,0.008392993922823335,0.016921492827807257,0.03318744541495151,0.0,0.0,0.0,0.002981886633439954,0.0,0.0,0.0,0.04646713367403761,0.0,0.0,0.0,0.0,0.031934346290262046,0.0005083643600535548,0.017343501033755353,0.0,0.0,0.0,0.0062685798634820504,0.0,0.0,0.029489727360470435,0.0,0.0,0.025215307407693417,0.0,0.0,0.0,0.006867887504938318,0.0,0.01140387574292728,0.00891127650590665,0.0020587872836495586,0.0,0.0,0.019800447653352614,0.0,0.0,0.0017362736406803744,0.0,0.0,0.008202097293093354,0.003662670513252472,0.0,0.0,0.033796122772247014,0.015673730636023172,0.0012311087744874682,0.003064841721116291,0.011360055018396844,0.0,0.0,0.011183993392903414,0.003684515716643913,6.473643352454238e-05,0.02567603488254125,0.021226491728362797,0.0,0.011540195193347728,0.008089925395859544,0.0,0.012577632471811909,0.002778261655818841,0.0,0.0,0.0,0.0,0.003523426777412902,0.0,0.062100074257945656,0.0,0.0,0.006980144132424156,0.00753068316064585,0.0,0.0,0.02679776707889357,0.0,0.0011376900409705557,0.0,0.0,0.0009515285806463524,0.0,0.0,0.0,0.0,0.0,0.0,0.004490953723251814,0.019875584158547108,0.006781352763975101,0.0,0.02886749316865762,0.0,0.004011639949082815,0.0251397521540378,0.005964461666629338,0.01029027678250728,0.015766622865932764,0.01096289024602152
LFQ intensity D5_8,0.0,0.004342638555950792,0.012440646126793754,0.0005091189875018312,0.0,0.006360967779181008,0.0,0.005144809338575633,0.0,0.010507282671804464,0.05795669828775682,0.013767926668898712,0.011935246383861417,0.0,0.0,0.00281619229472928,0.0,0.0,0.011659901177461667,0.0,0.004340276439235717,0.0,0.0,0.0,0.011525144444887817,0.006511572009552529,0.022227674113033908,0.004106569587228907,0.01356046495034295,0.0,0.0013709912679888885,0.0,0.0,0.004858009515003847,0.0,0.0032468395443349196,0.061056640953589356,0.0,0.015426805803424754,0.0,0.0,0.01737730889182551,0.0,0.0032093218304812,0.0,0.03514636966483366,0.0,0.006266304016895475,0.018962747922757747,0.03064109490727611,0.0,0.0,0.0,0.0,0.0,0.0,0.0035146096735776365,0.045278238496122836,0.0,0.0,0.0,0.0,0.03132765785949316,0.0,0.016882365742087877,0.0,0.0,0.0,0.014926209654154225,0.0,0.0,0.01843978957713552,0.0,0.0,0.013788337709251301,0.0,0.0,0.0,0.0031887634305787517,0.0,0.014278646319507345,0.008935453539224519,0.0053381088905224945,0.0,0.0,0.04081102346001821,0.0,0.0,0.01127646650317305,0.0,0.006357616397374597,0.0,0.007509479515381563,0.0,0.0,0.02961993614059691,0.014399866495514536,0.0004880883542913681,0.0,0.011046360963590933,0.0,0.0,0.01565652631071536,0.0,0.0015354246696727743,0.02858076986800968,0.013579870564532916,0.0,0.0,0.006074910566022337,0.0,0.01518275844288202,1.5199722187392017e-05,0.0,0.0002849666722199703,0.0,0.0,0.0,0.0,0.037667286903986866,0.0,0.0,0.0022722157662801593,0.009091405263900421,0.0,0.0,0.025724560373434624,0.0,0.0,0.0,0.012736604535790971,0.0,0.0,0.0,0.0,0.0,0.0,0.0,0.0025379635845310554,0.027093203482822684,0.014192069612801733,0.0,0.02374840986219571,0.0,0.008295443944270462,0.019093620783449432,0.008847656361292155,0.014508304535257784,0.018598245316937895,0.0
LFQ intensity D5_9,0.0,0.008507359692348743,0.025167205898443373,0.0,0.0,0.014386966882248055,0.0,0.0,0.0,0.00808295027213541,0.051620557296369954,0.0053261141043739624,0.023195365794408333,0.004043449142938535,0.0,0.005232512920741541,0.005848274768208678,0.0,0.009133252451490036,0.0,0.008935791566051851,0.0,0.0,0.0,0.01215621421004756,0.006596249858730082,0.015535677918605488,0.003953623394607784,0.024468186820722587,0.0,0.0013746560326603925,0.0,0.0,0.0,0.0,0.0,0.06062683100967732,0.0,0.012412519860361687,0.0,0.0,0.018065973428409376,0.0,0.003808862713388009,0.0,0.03617667023910278,0.0,0.0039099350115800935,0.00875782953762094,0.02991060479874221,0.0,0.009645017411299759,0.0,0.0,0.0,0.0,0.002289044508503387,0.05647464091431856,0.0,0.0,0.0,0.00021016644463320476,0.027625357784173344,0.0003954949869893021,0.013892496961780736,0.0,0.0,0.0,0.002709823777699568,0.0,0.0,0.02395677302573541,0.0,0.0,0.03266745453192063,0.0,0.0,0.0,0.0,0.0,0.010025026630697558,0.002943264272516216,0.0035307283843858572,0.0,0.000460829780288114,0.03681933104657164,0.0,0.006951277440309155,0.0035073504136508772,0.0,0.0,0.02439201827255439,0.015050180230250279,0.0,0.0,0.02836675111243529,0.015233269881226265,0.0,0.00036859560850473303,0.007404704895787463,0.0,0.0,0.014267075220130692,0.0,0.0031113313240900145,0.016554631862392234,0.016182349972350935,0.0,0.0,0.006430242394856667,0.0,0.011285621908251385,0.001782955668686956,0.0,0.0008121958671958724,0.0,0.001388659325335062,0.00598352899334794,0.0,0.02506002164284317,0.0,0.0,0.008244782724073878,0.008025082151915792,0.0,0.0,0.020470622468485675,0.0,0.0,0.0,0.0,0.0,0.0010013795757336597,0.0,0.0,0.0,0.0,0.0,0.0005907179775812007,0.03409434023046148,0.021983084231657055,0.0,0.022772518116924805,0.0,0.0,0.01948380961983997,0.0,0.008411679522710139,0.019376798481416654,0.0005333367794722257
LFQ intensity D6_1,0.0,0.011277569151488783,0.010398706544462026,0.0,0.0,0.009820246967175308,0.0,0.0018497796483243295,0.0,0.01094802123565027,0.061285889141428455,0.007502675069161626,0.02949472246019218,0.0020487139123283662,0.0,0.008537222630592046,0.004836733100470433,0.0,0.011826902104312236,0.0,0.009385201221957837,0.004089025618574486,0.0,0.0,0.012345757629467484,0.010063483160880637,0.01843546422379091,0.00536689781043435,0.024812013361560286,0.0,0.0012762161165066682,0.0,0.0,0.0,0.0,0.0,0.06862837571771437,0.0,0.015784681501382836,0.0,0.0,0.012337194924825531,0.0,0.00647154332289175,0.0,0.039779721178555424,0.0,0.007860119440845444,0.011497336428294945,0.021770259684425624,0.0,0.0,0.0,0.0,0.0,0.0,0.0013447006717714198,0.04111429468831336,0.0,0.0,0.0,0.0,0.029590883116979144,0.0004103118906256784,0.008006476150136383,0.0,0.0,0.0,0.0,0.0,0.0,0.026448356850108472,0.0,0.0,0.012073528539833967,0.0,0.0,0.0,0.0,0.0,0.00793228301494434,0.0074312938010758466,0.005172465930232225,0.0,0.0013709470993600933,0.036883275481644294,0.0,0.008868361514569413,0.005039893276043713,0.0,0.0,0.008929081296359468,0.016280455624829136,0.0,0.0,0.02621837436812475,0.013014198801346513,0.0,0.0,0.00978141925922365,0.0,0.0,0.01046676232666683,0.0,0.0025223614334765544,0.015415979943762164,0.0228459324617692,0.0,0.0,0.005899538815961155,0.0,0.012082150575526345,0.003596089488723794,0.0,0.0020559597532940625,0.0,0.005209497620307174,0.004171872943413737,0.0,0.030469721804342403,0.0,0.0,0.0022991286238614617,0.0042959829709474,0.0,0.0,0.024723778518476788,0.0,0.0,0.0,0.0,0.0,0.0,0.0,0.0,0.0,0.0,0.0,0.0,0.052058656233266824,0.006980260075186608,0.0,0.027737276846296212,0.0,0.015631576267317024,0.008795122108828848,0.004394286154551714,0.012379371734046265,0.020327618616760964,0.0
LFQ intensity D6_10,0.0,0.008513396524076908,0.014521228910991626,0.016701941877801565,0.0,0.004020655986203304,0.0,0.0,0.0,0.004962394315111016,0.04216999988134201,0.007369190816400551,0.02262669623523536,0.0,0.0,0.007116346789169129,0.0041126967994081515,0.0,0.009353615175520833,0.0,0.01335679905289972,0.0016536720129304977,0.0,0.0,0.01148720355996456,0.008656091254347152,0.019321137014764296,0.007249545676762323,0.026004651817349834,0.0,0.0019026555823319989,0.0,0.0,0.0,0.0,0.0036770714973607035,0.07207175821536224,0.0,0.015481952145772963,0.0,0.0,0.01413813632613059,0.0,0.007745736284850531,0.0,0.04056726147996168,0.0,0.004282535217606571,0.012962783973693616,0.02218687833263537,0.0,0.0,0.0031342320626152787,0.0,0.0,0.0,0.0020624554574593954,0.040115873834436315,0.0,0.0,0.0,0.0,0.028297147647174302,0.00041026234625648556,0.012717049730915888,0.0,0.0,0.0,9.266011896224259e-05,0.0,0.0,0.01352113253467745,0.0,0.0,0.028073997238635635,0.0,0.0,0.0,0.0,0.0,0.020283515300200162,0.009710493401600288,0.006244760237343989,0.0,0.00114891046960123,0.03627919455070766,0.0,0.003335603857175722,0.01280367438028847,0.0,0.0035841751169592966,0.014691124326077937,0.008691721954107539,0.0,0.0,0.026597115175600948,0.012940595590891672,0.0,0.002624624659917878,0.008663121192826813,0.0,0.0,0.014717869007488353,0.0035827609332344974,0.0002787127414381026,0.015056927732794474,0.027865569218760055,0.0,0.0,0.005895204245253116,0.0,0.011617098917660742,0.0037342887879792445,0.0,0.0013766706386059457,0.0,0.0019825873865144034,0.0,0.0,0.024837196603340383,0.0,0.0,0.00047003718601114087,0.01301222658550781,0.0,0.0,0.01136541787257822,0.0,0.0,0.0,0.010102626564490439,0.0,0.0,0.0,0.0,0.0,0.0,0.0,0.0,0.025382236541899854,0.02101523123548539,0.0,0.022254557925088167,0.0021960228183431465,0.013745858276511,0.01266760239776417,0.00440764515623104,0.011047163814312573,0.020625678914690988,0.0005253345575990399
LFQ intensity D6_11,0.0,0.021143955729095634,0.01907715902380315,0.0,0.0,0.014564127915990236,0.0,0.0,0.0,0.010311129967661934,0.04189931401669508,0.00912315970480936,0.018779304695585215,0.0015938878512761487,0.0,0.0021448429451990892,0.0025453915227304814,0.0,0.011517444297947757,0.0,0.007138610112570536,0.00473825672787936,0.0,0.0,0.01180464234326474,0.005975158120925698,0.017136157913340305,0.003179706921782025,0.029822076011613474,0.0,0.002656235341609593,0.0,0.0,0.0,0.0,0.0,0.08033129068575115,0.0,0.01751746218193492,0.0,0.0,0.013805270399758797,0.0,0.003447698923609125,0.0003371515794151995,0.017870724898443446,0.0,0.007768151752348911,0.009534801726479986,0.027949147482361703,0.0,0.0,0.0,0.0,0.0,0.0,0.0034332766149739037,0.05853818402155345,0.0,0.0,0.0,0.0,0.027964504160688852,0.00041774242012846086,0.009210137134402538,0.0,0.0,0.0,0.002454076819004359,0.0,0.0,0.020642516954299236,0.0,0.0,0.03181277845945407,0.0,0.0,0.0,0.0,0.0,0.002733539367925628,0.007746199537778484,0.0025172481073973403,0.0,0.002755698379051671,0.01820298030439154,0.0,0.0,0.00595271702715429,0.0,0.00012472053351803881,0.025643890436603225,0.00920826524164493,0.0,0.0,0.02652685816838557,0.014651691943141004,0.0,0.0042566710144743645,0.010025295451812887,0.0,0.0,0.0063137284644628824,0.003196976909289106,0.0027899114067507693,0.014862651482437416,0.017256798615878952,0.0,0.0,0.007437543897097329,0.0,0.010955286491655825,0.004005522475963474,0.0,0.0012207634394231749,0.0,0.010521390320382906,0.003631416746692607,0.0,0.02994767998476801,0.0,0.0,0.010465190973914348,0.009126466122105785,0.0,0.0,0.020885078455998598,0.0,0.0,0.0,0.01174963771292321,0.00015757955731273695,0.0,0.0,0.0,0.0,0.02656395139965598,0.0,0.0022965418167437443,0.010325070048799699,0.015188807438600117,0.0,0.02496619943488385,0.0,0.006352376523031772,0.01637094607985329,0.000848131985941711,0.01191108200316201,0.019696267424660106,0.0024257498959436422
LFQ intensity D6_12,0.0,0.006431526028163689,0.025042890616754736,0.0,0.0,0.022017628880079854,0.0,0.0006546577693371158,0.0,0.016500797693295738,0.053383740091258014,0.010366514382573282,0.021843798415312945,0.00034164945460198623,0.0,0.0034547246940989274,0.006831315655961757,0.0,0.01229391091301133,0.0,0.01594347021068943,0.002630429616014848,0.0,0.0,0.006972883257856213,0.006075764607793872,0.01720853632382464,0.003047621710661964,0.02484253179213583,0.0,0.0023162876183040505,0.0,0.0,0.0,0.0,0.0,0.05996913904114825,0.0,0.00948054502395589,0.0,0.0,0.009191242225507313,0.0,0.010131486626047442,0.0,0.047208986009366766,0.0,0.0013430752284584136,0.015178013672895755,0.018971153238235346,0.0,0.0,0.0028899586818503685,0.0,0.0,0.0,0.0,0.05199040535284,0.0,0.0,0.0,0.0,0.025968242377437473,0.00036632279160277826,0.011779284184039833,0.0,0.0,0.0,0.0,0.0,0.0,0.019660829579917438,0.0,0.0,0.023638128844862338,0.0,0.0,0.0,0.0,0.0,0.009628002719485199,0.0,0.0,0.0,0.0,0.032369704229618775,0.0,0.004355806337923553,0.005351148100858603,0.0,0.008275895878251218,0.016983691230281994,0.00755957589573835,0.0,0.0,0.026289631606983412,0.011974869316933031,0.0,0.0014712283820843435,0.009039705381694728,0.0,0.0,0.016419817880887713,0.0,0.002967165566125041,0.021016654097634313,0.011366196133452598,0.0,0.0,0.006771811992949221,0.0,0.011218883783190218,0.0035423003298649973,0.0,0.003640102820289951,0.0,0.0,0.0,0.0,0.03907195091008067,0.0,0.0,0.006707389663619661,0.010605158745797557,0.0,0.0,0.018905628261175048,0.0,0.0,0.0,0.0,0.0,0.0,0.0,0.0,0.0,0.017751537805820655,0.0,0.0,0.04833358431839828,0.005622896216522888,0.0,0.020512321872429365,0.006641008381294845,0.011420071775749639,0.015526212616034164,0.0,0.006224223079760529,0.015418533784883209,0.0010497982742905649
LFQ intensity D6_2,0.0,0.013865482921499783,0.009699139698726955,0.0024660929444368434,0.006438946836345847,0.017804964719633245,0.0,1.7421798003102462e-05,0.0,0.009123060184222402,0.03839214723820428,0.011484442621808071,0.022320254474540693,0.0,0.0,0.005015878122926019,0.0015090516255534703,0.0,0.009385494012905483,0.0,0.00014197927632578778,0.0,0.0,0.0,0.01863708117226179,0.011609420621245927,0.016650778176867526,0.007255537022029159,0.028686061859949957,0.0,0.002059004098136298,0.0,0.0,0.0,0.0,0.0016752390133806692,0.06610527914748703,0.0,0.02152752213882186,0.0,0.0,0.027622897874617997,0.0,0.0036144810689156506,0.0,0.03629110450939775,0.0,0.009039306853798928,0.014696137392905623,0.029328893915773074,0.0,0.0,0.0,0.0,0.0,0.0,0.002472868895594551,0.04182835602609572,0.0,0.0,0.0,0.0,0.030523699840779895,0.00045657485631834345,0.015366647421573603,0.0,0.0,0.0,0.0,0.0,0.0,0.013624678880699197,0.0,0.0,0.03361244215986446,0.0,0.0,0.0,0.0,0.0,0.010988025438084914,0.008746646876154816,0.0,0.0,0.0012072466547865585,0.018802792677896533,0.0,0.0,0.010767216344107614,0.0,0.0,0.01871269990425616,0.011064333608235163,0.0,0.0,0.028125628361699632,0.014364539666889619,0.0,0.0,0.010104499948040345,0.0,0.002029483032895798,0.008266208261568405,0.002935214240426393,0.0,0.013276670160693815,0.021984440095373245,0.0,0.0,0.005363758623356743,0.0,0.014992898311893113,0.0007823801991704083,0.0,0.002259226005436263,0.0,0.001790572814247812,0.006029358484576523,0.0,0.03310403073510811,0.0,0.0,0.006038358239266493,0.007559657138228491,0.0,0.0,0.015956580911549587,0.0,0.0,0.0,0.0,0.0,0.0,0.0,0.0,0.0,0.0,0.0,0.0026629312115761207,0.03078668067544524,0.02578872893880534,0.0,0.029302990441526497,0.0,0.0001683892172663072,0.015485793322777358,0.0020958883310606764,0.01471369461108172,0.02339406709487121,0.0
LFQ intensity D6_3,0.0,0.012801146610113459,0.027836533372802397,0.0,0.0,0.009703588767292569,0.0,0.0,0.0,0.007749330779992351,0.046675111107077505,0.0,0.018024083880866473,0.0,0.0,0.004584057197691258,0.0045238441320674646,0.0,0.011413946449332467,0.0,0.002046930823701788,0.0,0.0,0.0,0.020982187499522072,0.0030164798623368745,0.014522797244194585,0.0019444030485482704,0.023759345653659412,0.0,0.0006029486351795462,0.0,0.0,0.0,0.0,0.0,0.07452265691882322,0.0,0.01964462817356553,0.0,0.0,0.024044611478821417,0.0,0.001371530420348953,0.0,0.04303702311389987,0.0,0.005704261953223931,0.0059112056902703896,0.028794738215862887,0.0,0.0,0.0,0.0,0.0,0.0,0.0,0.05658931414643171,0.0,0.0,0.0,0.000952902697773699,0.027867048595266338,0.0004120258431248972,0.012760054351328794,0.0,0.0,0.0,0.0025645702879774487,0.0,0.0,0.019620214666734394,0.0,0.0,0.03441259307001495,0.0,0.0,0.0,0.0,0.0,0.006098902225271891,0.003906716447265295,0.0,0.0,0.0005396616439535656,0.03675983649766683,0.0,0.004204087614193361,0.009135007791187484,0.0,0.003946666750902985,0.008992721999805317,0.006761985749259746,0.0,0.0,0.02265892991193043,0.01371268737221794,0.0,0.0049842114407092075,0.009180592768339489,0.0,0.0,0.005316789689564557,0.008739595576229624,0.010275214891481031,0.01291857920866277,0.019272211186166194,0.0,0.0,0.005604428908701272,0.0,0.014082108168116992,0.0,0.0,0.002569617970049113,0.0,0.0008268399960936223,0.001511939251142936,0.0,0.017031953722931106,0.0,0.0,0.008035941336637467,0.009821153472600609,0.0,0.0,0.01073672725490106,0.0,0.0,0.0,0.011056242817282283,0.0,0.0,0.0,0.0,0.0,0.0266389668972314,0.0,0.006500233827862599,0.022746457699647428,0.018392457673340787,0.0,0.02732617321643207,0.0,0.009969826916636658,0.012696094876907616,0.0023297754671943727,0.009732925571230469,0.01880939386134349,0.007780227641061963
LFQ intensity D6_4,0.0,0.012336551745783488,0.023945956263945606,0.0,0.0,0.01268482392871476,0.0,5.382538629821839e-05,0.0,0.010767732320443878,0.05322814682506422,0.007708701296120454,0.029811006587854606,0.008312203342426215,0.0,0.0059583418746517545,0.0022019126905422123,0.0,0.0052124184982104485,0.0,0.008838937906295717,0.006954775380176994,0.0,0.014856434157873357,0.009506949089993855,0.012101229743577836,0.017190841855195173,0.004643782501435365,0.024092713130903068,0.0,0.0012322565594543777,0.0,0.0,0.0,0.0,0.0,0.07359076830893393,0.0,0.013542597798641516,0.0,0.0,0.0057663720944796494,0.0,0.004644123265571411,0.0,0.01924925262082775,0.0,0.007648308993450423,0.011662239399421024,0.02686557261981046,0.0,0.0,0.0,0.0,0.0,0.0,0.0027867826178258333,0.03970418879460672,0.0,0.0,0.0,0.0,0.025084402501515782,0.00042274454016573535,0.010786561631648392,0.0,0.0,0.0,0.0,0.0,0.0,0.028829243454259457,0.0,0.0,0.0035151871628494712,0.0,0.0,0.0055435642932432465,0.0,0.0,0.006847268691551463,0.005560345006804261,0.0056639135626313725,0.0,0.001284891766542148,0.03557656128376354,0.0,0.008990197172631866,0.0,0.0,0.0,0.01624250041131317,0.020892792404305055,0.0,0.0,0.025824204101205048,0.014646653037079948,0.0,0.0,0.009964081201496963,0.0,0.0,0.01228618677551071,0.0,0.0029797656708146357,0.015936194219371164,0.018053551520026932,0.0,0.006044014523560915,0.006555570804281063,0.0,0.011269183822549786,0.004616188043905233,0.0,0.003365436135005055,0.0,0.010208719333763888,0.003793398471177567,0.0,0.03791207006496127,0.0,0.0,0.0025369198825271437,0.0,0.0,0.0,0.026803949905368614,0.0,0.0,0.0,0.0,0.0,0.0,0.0,0.0,0.0,0.0,0.0,0.00027615411539839817,0.037164473063737526,0.006129632829215363,0.0,0.02460040856946088,0.0,0.01666413819366254,0.010907273877376321,0.0016632533409789347,0.014818998262465112,0.022639658753343766,0.0
LFQ intensity D6_5,0.0,0.004731039435601942,0.02493698055960063,0.0,0.0,0.007327209437200554,0.0,0.0,0.0,0.00033942386145569014,0.05268304939397542,0.0,0.01463740969484729,0.0,0.0,0.00408842193777431,0.0,0.0,0.01035334087963689,0.0,0.0015128727653950336,0.0,0.0,0.0,0.016981842985628225,0.006935875461291776,0.016937021706826143,0.006980324718258829,0.023482094352069865,0.0,0.0015021597289168432,0.0,0.0,0.0,0.0,0.0,0.06503919928178341,0.0,0.013891818454646862,0.0,0.0,0.0047912978550533,0.0,0.0009051476725218847,0.0,0.0322437392088197,0.0,0.004685251715560992,0.0031043601238644617,0.031370367590037744,0.0,0.008299176379249349,0.0,0.0,0.0,0.0,0.0034987375404425527,0.04143984177989318,0.0,0.0,0.0,0.002532458681814409,0.033622861468497627,0.00042816753874820536,0.016112998047571207,0.0,0.0,0.0,0.0,0.0,0.0,0.024758330934952118,0.0,0.0,0.017644600596708884,0.0,0.0,0.0,0.0,0.0,0.006930800468471467,0.0023243966347871,0.022711405825291853,0.0,0.0031610894208549106,0.058202672173595,0.0,0.011754589141121265,0.013068616743124028,0.0,0.0004799693161437921,0.0,0.005973148462859617,0.0,0.0,0.026352025328694205,0.01500448616751334,0.0032163831235190294,0.003340642033840927,0.007908935483452078,0.0,0.0,0.013119645415086163,0.002782379001020175,0.0022545928844034916,0.013136539147023145,0.02280944331849591,0.0,0.0,0.006328640732226845,0.0,0.013154266740785575,0.0010869748694052777,0.0,0.005288111738032098,0.0,0.0,0.0013183286223902035,0.0,0.02038220654135982,0.0,0.0,0.006830711394330725,0.00823699815905717,0.0,0.0,0.022815976358361058,0.0,0.0,0.008445509849345008,0.012722406112373451,0.004051841411760497,0.0,0.0,0.0,0.0,0.0,0.0,0.00640423243099907,0.035128183058645714,0.0023922391882534415,0.0,0.028293216805511185,0.0,0.019789955776400466,0.014766452340065909,0.002703975002746058,0.01327438639956808,0.021897827390711652,0.012358377199728
LFQ intensity D6_6,0.0,0.0069027813760932965,0.020373596724201994,0.004086358792673658,0.0,0.011010665828135272,0.0,0.004509834587652885,0.0,0.007428634861353542,0.05729351112212998,0.008637994381822276,0.01599764496820044,0.0,0.0,0.00014954520342395203,0.002656679096019405,0.0,0.009754344850479862,0.0,0.009315232534762272,0.0,0.0,0.0,0.012594297793435415,0.0031420428086113388,0.019147919786848825,0.0038091843942973415,0.03229160284824553,0.0,0.002881218805532113,0.0,0.0,0.0,0.0,0.002131052509758836,0.05773798515285747,0.0,0.016548812189877617,0.0,0.0,0.008256127450938773,0.0,0.005568140596768728,0.003895441051383479,0.04156744195271546,0.0,0.00919127374016975,0.008076153302836377,0.02112986585582705,0.0,0.0,0.0,0.0,0.0,0.0,0.0022417647595288784,0.04031360285533494,0.0,0.0,0.0,0.0,0.030699273886657552,0.0004139351381469441,0.014707970146177808,0.0,0.0,0.0,0.0,0.0,0.0,0.0226314644564435,0.0,0.0,0.010950633588825816,0.0,0.0,0.0,0.0,0.0,0.009449630641615686,0.001454263182255814,0.02371115100819025,0.0,0.00042371213993374593,0.03466586242762109,0.0,0.010669438512977653,0.01533167973621993,0.0,0.00945804098011854,0.004523726497865202,0.002807194735060615,0.0,0.0008817684067918933,0.029175297067674435,0.01445537180294601,0.0,0.0021866902371483186,0.009867756867872017,0.0,0.0,0.009856130970625517,0.0,0.0035899191866088933,0.01834069587078945,0.01362235179837198,0.0,0.0,0.006464895828207336,0.0,0.011805072691814363,0.004767604615278915,0.0,0.003173118785262914,0.0,0.0,0.005284491857690923,0.0,0.02288287443230418,0.0,0.0,0.00466664027352052,0.010086540566818318,0.0,0.0,0.014763800266296166,0.0,0.0,0.0,0.0,0.0,0.0,0.0,0.0,0.0,0.0206402266952339,0.0,0.0014751802936838288,0.05494707248893441,0.01119284633442311,0.0,0.028506284460076404,0.0,0.0,0.014780482088862979,0.005728706026102853,0.012330911691044789,0.023988539135588658,0.0
LFQ intensity D6_7,0.0,0.0036134856722706476,0.0166194066259215,0.0,0.003052943955767337,0.013586339243253127,0.0,0.0,0.0,0.009704897128624346,0.032476857712506566,0.008963779963099652,0.027214296448079076,0.0,0.0,0.0,0.0,0.0,0.009279795063066741,0.0,0.0031439284991647567,0.003760057882045257,0.0,0.0,0.01556400683676966,0.007281864432810667,0.021069006610831015,0.004404222350779113,0.02414554101375564,0.0,0.002714665333500221,0.0,0.0,0.0,0.0,0.0,0.057171630449701534,0.0,0.019053960965418983,0.0,0.0,0.01455246160395432,0.0,0.004221307350360197,0.0034296774070954688,0.029992757106125825,0.0,0.007789242728203525,0.012040677324744887,0.03377990805321332,0.0,0.0,0.0,0.0,0.0,0.0,0.0,0.0451075201199777,0.0,0.0,0.0,0.0011282892056080395,0.026616437226861182,0.0004676158526841325,0.004719014229253753,0.0,0.0,0.0,0.0,0.0,0.0,0.019837213759322854,0.0,0.0,0.029919873506527046,0.0,0.0,0.00921718867711948,0.0,0.0,0.019983845078936368,0.01373892916264932,0.003630466134404892,0.0,0.0014266916458062588,0.03178461444741186,0.0,0.00017941840082114682,0.009960921051451188,0.0,0.0,0.0006847742169160132,0.004470084085532054,0.0,0.0,0.030613072168236322,0.015172111962991525,0.0027016257966674413,0.0057023684819556926,0.009511214110168179,0.0,0.0,0.015838789180855226,0.0007104793979043017,0.0013907142687018604,0.010955864445386126,0.01290759626438483,0.0,0.0,0.007609195346405186,0.0,0.01303606601975219,0.0018783702064968085,0.0,0.00601442014865822,0.0,0.010419835328670218,0.0007076290454585064,0.0,0.026744541149535162,0.0,0.0,0.0,0.011798150589346055,0.0,0.0,0.015408559082792612,0.0,0.0,0.0,0.0,0.0,0.0,0.0,0.002027627153549026,0.0,0.02833867464496136,0.0,0.0036257280190010437,0.044202299256194844,0.010027669101257441,0.0,0.023287746611930643,0.0,0.000295312616340065,0.025351216076672196,0.011805951614365796,0.014364602681325105,0.02119537196033219,0.0048575827073571755
LFQ intensity D6_8,0.0,0.012259423061028327,0.02460218843166651,0.0005476715879476552,0.0,0.010404140551159213,0.0,0.0021752242526788127,0.0,0.0,0.04852498312218686,0.00498462263469752,0.01915379535107457,0.0020202476277816116,0.0,0.0029611526457634352,0.004806018960220408,0.0,0.009824471788472209,0.0,0.014975194815056147,0.0042926624554600395,0.0,0.0,0.016041640506374428,0.0045843512464405515,0.014715888202258096,0.0025394015451648644,0.025854154189420813,0.0,0.0009307701288801825,0.0,0.0,0.0,0.0,0.0,0.07236520165449568,0.0,0.012103978607286696,0.0,0.0,0.02034363026640359,0.0,0.006077773092954297,0.0012840817066508245,0.03136127064062593,0.0,0.007319777104026047,0.006774929332661862,0.02105306655356033,0.0,0.0,0.0,0.0,0.004245336240006391,0.0,0.0,0.05235390553506376,0.0047241382466328115,0.0,0.0,0.0,0.02701072352144125,0.00039402275921755406,0.006723293300110611,0.0,0.0,0.0,0.0014684173044592892,0.0,0.0,0.02088764723629118,0.0,0.0,0.010245047151647145,0.0,0.0,0.0,0.0,0.0,0.010433390779275485,0.0,0.017707129334636952,0.0,0.0011623400902142985,0.032108277832891274,0.0,0.015969105385464553,0.010157093052121842,0.0,0.002815789775622405,0.006964006836185193,0.014109212756993693,0.0,0.0,0.019055243937199658,0.01080368710273188,0.0,0.006551597640226309,0.00902790574248163,0.0,0.0,0.009156117905173912,0.002695898861930155,0.004761371392482054,0.015093251841139448,0.020996657343848826,0.0,0.0,0.006676937026442732,0.0,0.007831052226463159,0.008354259859073718,0.0,0.004261569214818219,0.0,0.0013038117332216633,0.0,0.0,0.02171610599776215,0.0,0.0,0.010716682084363112,0.008868222796402623,0.0,0.0,0.017172131733691587,0.0,0.0,0.023943452002927967,0.0,0.0021631685286403464,0.0,0.0,0.0,0.0,0.02755456971335003,0.0,0.0,0.03846635207204355,0.015772948339358883,0.0,0.018227006309838558,0.0,0.010754856760863815,0.00868629835951891,0.0,0.007847875003040678,0.017180379270291122,0.0
LFQ intensity D6_9,0.0,0.011387284431026498,0.012483243995929824,0.0007833039991866875,0.0,0.013966045538971805,0.0,0.0,0.0,0.015571722307885786,0.06081510923797197,0.0048063893178898285,0.019239350839011734,0.0,0.0,0.009361081980042677,0.006915023818322454,0.0,0.010954829968050375,0.0,0.010941245211366997,0.0020428942354732238,0.0,0.0,0.006058687433374871,0.009829732740633144,0.015644249685662276,0.005327801677595604,0.02560378329549527,0.0,0.0024918602604833396,0.0,0.0,0.0,0.0,0.0,0.07615097129353902,0.0,0.01109460988992084,0.0,0.0,0.01272096586547749,0.0,0.002202956079415319,0.0,0.02370847713703167,0.0,0.003469115288912479,0.002922083287202965,0.02690215246485192,0.0,0.0,0.0,0.0,0.0,0.0,0.0006169604377345864,0.058219447164583965,0.0,0.0,0.0,0.001239632383636713,0.02586084544248102,0.0003898532887068615,0.012638251957068468,0.0,0.0,0.0,0.0,0.0,0.0,0.02136151405481311,0.0,0.0,0.007421776380975648,0.0,0.0,0.0,0.0,0.0,0.012032071727299472,0.008851665070314754,0.017851775173732334,0.0,0.002226315458552931,0.04454301318724407,0.0,0.009626739837992875,0.007894594676298538,0.0,0.0,0.017239379573820043,0.00602355593879221,0.00047920441388241716,0.0,0.025327110911415145,0.010694217609918403,0.0,0.0005667230236949713,0.007457895134607472,0.0,0.0,0.012933792419265627,0.004096715043901857,0.00014725867991253753,0.019321794029257967,0.02754262358432109,0.0,0.0,0.006709517138084977,0.0,0.009707141860187236,0.004043711544056577,0.0,0.0,0.0,0.008959755024113435,0.0,0.0,0.039529458498275404,0.0,0.0,0.008637448531102562,0.0079361852346772,0.0,0.0,0.014351164657422765,0.0,0.0,0.0,0.0,0.0,0.0,0.0,0.0,0.0,0.0,0.0,0.003290208803130117,0.03131918514313299,0.023344848143235175,0.0,0.018423685617571788,0.0,0.010053322563661666,0.014179774174092441,0.0,0.013609030591825829,0.01990511677784256,7.478126362112687e-07
LFQ intensity D7_1,0.0,0.0074937929574644445,0.03161088637737322,0.038290110995665164,0.0,0.00701331096539777,0.00045230826361057104,0.0004189695325181596,0.0,6.731969895157808e-05,0.028036920806152762,0.0,0.014710476341705142,0.0,0.0,0.00756717812326364,0.002700304492754712,0.0,0.002581344361960711,0.0,0.011200614057678953,0.0010754741582685943,0.0,0.0,0.009577955280049715,0.004599122782139074,0.016047412025833034,0.005127192748923086,0.032468481903129336,0.0007570078777768841,0.003141899288335566,0.0,0.0,0.002696168959862291,0.0,0.014240990089141863,0.05715155788404016,0.0,0.010809767182560317,0.0,0.0,0.020519439186423863,0.0,0.0010235982056942114,0.0,0.03588533631668626,0.0,0.0006732730274784977,0.0048462842099135945,0.031233174086134317,0.0,0.0,0.01566702785752254,0.0,0.0,0.0,0.0006291447574302204,0.050306337457157464,0.007815709361939276,0.0,0.0,0.0,0.02822074162091246,0.0003701265109431276,0.012715551115413913,0.0,0.0,0.0,0.00544383667097054,0.0,0.0,0.010468110259988691,0.0,0.0,0.030795424143023945,0.0,0.0,0.0,0.0,0.0,0.013621146561202228,0.007476008303993489,0.006403204884894104,0.0,0.0,0.03161089372312626,0.0,0.0,0.008880391484676141,0.0,0.0,0.008404505575904395,0.00519845137031074,0.0,0.0024874405502442595,0.028240892203885596,0.012232862290201645,0.0,0.0,0.010187678058408289,0.0,0.0014677267092755512,0.009969293013420285,0.0,0.004006982551344639,0.01575722894309966,0.01999695380266698,0.0,0.0,0.0062293588789263535,0.0,0.016364470894012315,0.0,0.0,0.0,0.0,0.0074308108981100945,0.0,0.0,0.009981743211476638,0.0,0.0,0.015778192199839648,0.008796673326298625,0.0,0.0,0.016296048608652657,0.0,0.0,0.0,0.011361268535511044,0.0017199977148861342,0.0,0.0,0.0,0.0,0.02586718407270733,0.0,0.0036522506349975672,0.02215011282457575,0.025953983793560356,0.0,0.019458961999700364,0.0,0.006847939234808831,0.010512902379955218,0.0011058945133884915,0.0035127391341670425,0.024847103516434568,0.009741021659147009
LFQ intensity D7_2,0.0,0.011190469594384371,0.018518080254995302,0.0,0.0,0.012619162639650676,0.0,9.943448233202131e-05,0.0,0.010389861833614535,0.06494379478639897,0.0035692761697714618,0.027283152538098515,0.0,0.0,0.007855237756811182,0.005256486130791002,0.0,0.007332384073708806,0.0,0.020662768403800408,0.005622771772612348,0.0,0.00045053841305096285,0.004485915927774422,0.009354305830869566,0.0152952972158781,0.0046987988824430124,0.020782983120702384,0.0,0.004446836674615832,0.0,0.0,0.0005796974916197099,0.0,0.0023046481007377552,0.06206571658987027,0.0,0.008768607787672125,0.0,0.0,0.0,0.0,0.006505849800993553,0.0,0.025357952291497017,0.0,0.0030555110886114636,0.0029338947116920007,0.024574894139857896,0.0,0.004278117046244487,0.0027461020458268257,0.0,0.0,0.0,0.0009758265270362672,0.0522752444388682,0.0,0.0,0.0,0.0,0.03361347788329334,0.0003999562959963251,0.015293662504976947,0.0,0.0,0.0,0.0013570399850086963,0.0,0.0,0.018901815100276796,0.0,0.0,0.014722108988952782,0.0,0.0,0.0,0.0,0.0,0.013681902329024019,0.0032830446903005053,0.01607412402526999,0.0,0.0,0.03996488009676438,0.0,0.007031768398093891,0.0023457915639253668,0.0,0.004549636585596146,0.013216761404359121,0.017401365038049853,0.0,0.0,0.027347013505320553,0.01570261249839115,0.0,0.0,0.007704549021299768,0.0,0.0025403925713633033,0.016995910534768056,0.0,0.0017150439445281203,0.020887495208254475,0.013421296709357487,0.0,0.0,0.008564203931900586,0.0,0.010568141628338778,0.005097417878084345,0.0,0.0007570511556938372,0.0,0.0026660848571407806,0.0,0.0,0.026312608557088682,0.0,0.0,0.009289455442971948,0.00813051480749849,0.0,0.0,0.013195232316520129,0.0,0.0,0.0,0.010518118179075605,0.0006492117434260097,0.0006323855679297184,0.0,0.0,0.0,0.02779816005306518,0.0,0.0,0.02622322505098688,0.0043665629673565924,0.0,0.019842091756784832,0.0009637762490861207,0.010448494936260194,0.01373033037070971,0.004001350272304583,0.01078853777870146,0.02415231195767213,0.0018734650954010314
LFQ intensity D7_3,0.0,0.010056260462886836,0.030212504771908007,0.0028583418313458077,0.0,0.016886086402601218,0.0,0.001860278418439177,0.0,0.016321335914005263,0.06577042508625172,0.007862204754990955,0.023707873773941922,0.0008457266303960416,0.0,0.005718709075968915,0.0024863911749624227,0.0,0.009300496007718663,0.0,0.006651426979427605,0.003213771172118297,0.0,0.0,0.008072994898404441,0.00971903200876061,0.012213759544323029,0.003671544120925724,0.024610493585752517,0.0016516577731953224,0.003801328406288152,0.0,0.0,0.0,0.0,0.0007621742878421686,0.0717906717663385,0.0,0.012124548920440974,0.0,0.0,0.0,0.0,0.0,0.0,0.017956790365173524,0.0,0.0006333273059130832,0.007713272558725904,0.026486187624080188,0.0,0.0,0.0,0.0,0.0,0.0,0.0032360680775423488,0.056552806306388634,0.0,0.0,0.0,0.002769650982147913,0.02773070037683436,0.0004164152811893176,0.006304734397198752,0.0,0.0,0.0,0.0,0.0,0.0,0.017424373669133027,0.0,0.0,0.012453396565617343,0.0,0.0,0.0,0.0,0.0,0.007089484413356254,0.0009416744143001186,0.019019024108232207,0.0,0.0006625255782724275,0.032817142702296076,0.0,0.0,0.005848996574407378,0.0,0.0035206215192804874,0.010544910652790876,0.008227891130449728,0.0,0.0,0.02874923088991137,0.014045362157874528,0.0,0.0,0.009465638058954848,0.0,0.0,0.010059698766985608,0.0,0.008801285241913533,0.02247176854494575,0.011982723414552985,0.0,0.0,0.0064287895834333995,0.0,0.012963017345782323,0.0022200765389966052,0.0,0.004318850186092585,0.0,0.0027611376877610164,0.0,0.0,0.04215279902702941,0.0,0.0,0.011444857941075776,0.012914160911677117,0.0,0.0,0.013199156844507148,0.0,0.0,0.0,0.011585339249318928,0.0,0.0,0.0,0.0,0.0,0.02664328991067362,0.0,0.007917089626535614,0.025100764241483046,0.006147551084935043,0.0,0.026333811407276374,0.0,0.009371835877837869,0.011786863621697966,0.002654669115090079,0.01168131726216434,0.023028572164831892,0.0032503109240969016
LFQ intensity D7_4,0.0,0.015842013994377135,0.029324819707783698,0.0,0.0,0.01230176418775598,0.0,0.0016520730972963654,0.0,0.009445454322304491,0.056901073969902155,0.009223449604237871,0.02139394349242854,0.003595734756055527,0.0,0.006829899109305443,0.002639746783889753,0.0,0.012303874892006761,0.0,0.00997248761524174,0.003550978270755244,0.0,0.0,0.00803836689284207,0.007152514251927974,0.013869336976717552,0.003080062996852385,0.026932056684794318,0.0,0.0016357348077917374,0.0,0.0,0.0,0.0,0.0,0.07335471147287477,0.0,0.010686724541491053,0.0,0.0,0.016469336109491205,0.0,0.00020836454482574832,0.0011816032316127694,0.020203273227646798,0.0,0.007020110910712271,0.005409620282624193,0.03202105096718429,0.0,0.0,0.002994759695862639,0.0,0.0,0.0,0.0027003939629945822,0.0528892016717463,0.0,0.0,0.0,0.0,0.02434523587292439,0.0,0.012140077021491773,0.0,0.0,0.0,0.0,0.0,0.0,0.019939674938962343,0.0,0.0,0.013884601936207882,0.0,0.0,0.0,0.0,0.0,0.005206333589029514,0.013739155969943387,0.006138684300965976,0.0,0.002326956374981177,0.03473448022093338,0.0,0.010729701418050049,0.004476858618948556,0.0,0.0,0.01165613393357666,0.017965266386241522,0.0,0.0,0.026926651080720888,0.011589725068200973,0.0,0.0,0.009544719800676383,0.0,0.0006334641391464919,0.008807489939999162,0.0,0.0004516300675693173,0.015769736279129126,0.014764750068272178,0.0,0.0,0.007033594224289353,0.0,0.009594031363064845,0.0063484913603327345,0.0,0.0036689966826139566,0.0,0.0092981979914177,0.0,0.0,0.027921058875831108,0.0,0.0,0.009699923320630658,0.0012248241860958985,0.0,0.0,0.02625400052800125,0.0,0.0,0.0,0.0,0.0007844844038033128,0.0,0.0,0.0,0.0,0.0281016284987516,0.0,0.0044438293621996685,0.023805357873720418,0.011805046594069175,0.0,0.023612337254322387,0.0,0.009660550292199562,0.013661996782107867,0.0018294297229754315,0.009838494199119587,0.023071047882111374,0.0017468145430375483
LFQ intensity D7_5,0.0,0.011070081795766048,0.020856415706201555,0.0,0.0,0.009559170092715265,0.0,0.0006757768927424635,0.0,0.008953954972338028,0.0455211564553843,0.009046950957261029,0.017673409625190605,0.0,0.0,0.0013483230850609123,0.0008831246052417156,0.0,0.007341402336686315,0.0,0.012105916970636238,0.0054225765419579994,0.0,0.0,0.016532990341100152,0.009909363741203304,0.009020764465819333,0.003307400425600384,0.021779134822184135,0.0,0.0030486197909177204,0.0,0.0,0.0025473852932364647,0.0,0.012002141579100085,0.07100734061690933,0.0,0.013181591640738156,0.0,0.0,0.0,0.0,0.0003236676305652279,0.0,0.015710940489855725,0.0,0.005598057607948891,0.004708892934899216,0.02562154502978914,0.0,0.0,0.0,0.0,0.0,0.0,0.0,0.05354625614671161,0.0,0.0,0.0,0.0026847810029516045,0.022465203909335634,0.0,0.010061310836957648,0.0,0.0,0.0,0.0,0.0,0.0,0.008994046184222228,0.0,0.0,0.0240954998777664,0.0,0.0,0.0,0.0,0.0,0.015184874161803849,0.0050867770138440845,0.017792010043773572,0.0,0.00011693791952415666,0.043151232126723435,0.0,0.0,0.00423336845570399,0.0,0.004378380508868729,0.005598369313354935,0.00661800506326346,0.0,0.0,0.0289598390088604,0.015455296816928317,0.0,0.005242724620398075,0.008712495396755312,0.0,0.0,0.012048265650152495,0.0,0.0068629751853528835,0.01983296056505979,0.0195772302069411,0.0,0.0,0.006267103757555966,0.0,0.01557489357415347,0.0014513780044634092,0.0,0.004048036680780673,0.0,0.011508742870487483,0.0,0.0,0.035167238602961476,0.0,0.0,0.008173652507323303,0.001658931549567406,0.0,0.0,0.026816979298798536,0.0,0.0,0.0,0.0110354313007379,0.008758221905432113,0.0,0.0,0.0,0.0,0.030406357122515847,0.0,0.004846226546900507,0.03385478503248619,0.0033603870324374345,0.0,0.02366513921527211,0.0,0.014291807037417446,0.014303171254518372,0.00459628307753231,0.011133900946036333,0.02362439622031834,0.0
LFQ intensity D8_1,0.0,0.014683683959158145,0.018065890087990862,0.0,0.0,0.0039044196444017686,0.0,0.0,0.0,0.009681867865427008,0.048738126661372005,0.01143352677258752,0.037967187184703786,0.011359940200428461,0.0,0.00394548265124861,0.0034787067732674286,0.0,0.0037255647735866325,0.0,0.009371056350993983,0.00138451153542289,0.0,0.013699302061637024,0.002872339971317828,0.011680184924860027,0.017804341957459086,0.002445023924556264,0.025804466757433503,0.0,0.005719008477073589,0.0,0.0,0.0,0.0,0.0,0.06490909255288917,0.0,0.01314823916045086,0.0,0.0,0.006033334103655521,0.0,0.0009086105013159581,0.0,0.0181629133123205,0.0,0.006888818602171368,0.0,0.026767547548479854,0.0,0.0,0.0,0.0,0.0,0.0,0.0,0.04354807665558068,0.0,0.0,0.0,0.0034477479220572905,0.022321118611259676,0.0,0.01619838934710615,0.0,0.0,0.0,0.0,0.0,0.0,0.030379552661453743,0.0,0.0,0.008787876125482699,0.0,0.0,0.007953577694663752,0.0,0.0,0.014211037024771406,0.0011883537010722487,0.012514982629235833,0.0,0.0028427451949178993,0.041282805645422804,0.0,0.004172337919891671,0.0,0.0,0.0,0.009664524884469146,0.019904446713911696,0.0,0.0,0.0204036335340354,0.014557054518239597,0.0,0.009336362215271843,0.008772106485614217,0.0,0.0036304049897618114,0.008924362528435027,0.0,0.0,0.018507309874842125,0.016579308719689857,0.0,0.0,0.007808177105567167,0.0,0.008128595305675529,0.009685704089061336,0.0,0.0036792801823601956,0.0,0.0036071190628106454,0.0,0.0,0.03358696441730563,0.0,0.0,0.009008413008928632,0.006225150702362969,0.0,0.0,0.01691130618625303,0.0,0.0,0.0,0.0,0.008860660262830151,0.0,0.0,0.0,0.0,0.03049990421520313,0.0,0.0038142000411203864,0.03973680733642557,0.008998987470518522,0.0,0.01785110924973839,0.0,0.007825856216816713,0.010340743199574101,0.003331331893717249,0.00815079555189596,0.02111391918708497,0.007123671401353454
LFQ intensity D8_2,0.0,0.017752676693032567,0.020329179646989638,0.0,0.0,0.005378805273040624,0.0,0.0,0.0,0.004807910614006125,0.04324851524205047,0.005207442171640968,0.0212511967287481,0.02306057777003859,0.0,0.00891878374226414,0.0003026613868678154,0.0,0.009255084051665807,0.0,0.013131993894683015,0.006401810606242277,0.0,0.0,0.004533579074213741,0.018076281614808065,0.008786259681856643,0.003389957080446056,0.030222351989503855,0.0,0.0019391533911776334,0.0,0.0,0.0,0.0,0.0,0.07343510078623278,0.0015247101499180663,0.010722391300079435,0.0,0.0,0.0,0.0,0.00182087376945779,0.0,0.007337552560597867,0.0,0.0059819820622916825,0.0,0.016917899499145326,0.0,0.0,0.0,0.0,0.0,0.001855291480098472,0.003184549871266199,0.02979870852095787,0.011940831946868714,0.0,0.0,0.004194368338557501,0.03151706207085472,0.0,0.0059637542113211706,0.0,0.0,0.0,0.002297159537566774,0.0,0.0,0.015605534106228797,0.0,0.0,0.006656531978915625,0.0,0.0,0.0,0.0,0.0,0.014097048106921852,0.008604896793597173,0.022895504375948394,0.0,0.0032271977493781284,0.03979397446029143,0.0,0.016596806793351054,0.0,0.0,0.008452796991361481,0.007469896247843864,0.023178994557090472,0.0031707897337130055,0.0,0.023782789033764566,0.0111568726131908,0.0,0.0,0.011071838435035041,0.0,0.0,0.00821625844495256,0.0008393127699647423,0.004352370059187099,0.015522221049380903,0.018347634692880543,0.0,0.0,0.008181657208916893,0.0,0.013796564520628395,0.006184900375369889,0.0,0.008864939496829089,0.0,0.00902640241614507,0.0,0.005385555206520988,0.028389027179442593,0.0,0.0,0.011252104530720728,0.008094343679289474,0.0,0.0,0.012974012644033169,0.0,0.0,0.0,0.010399513866043984,0.008835320622513035,0.0,0.0,0.0,0.0,0.02256264318127888,0.0,0.0,0.037817398184856535,0.0,0.0,0.032169183315153026,0.0,0.003839729412847019,0.01333200412989925,0.0014112856010759318,0.017726496234911116,0.022231192442036904,0.0
LFQ intensity D8_3,0.0,0.0015738430711828985,0.033818062600831804,0.04591829762205891,0.0,0.0009428713384881284,0.0,0.0,0.0,0.00690586253722558,0.04617590914251393,0.0,0.00382656816247889,0.0,0.0,0.009288607743060813,0.006586915456355432,0.0,0.004249471900524807,0.0,0.009922423128037407,0.0,0.0,0.0,0.007050040104549343,0.0046962840619829485,0.019371079164701162,0.003342859722930158,0.02661578548630514,0.0,0.003903618382294435,0.0,0.0,0.0,0.0,0.013465094845376623,0.06077369807992826,0.002581995047496515,0.00995479546444393,0.0,0.0,0.010512670920893245,0.0,0.0,0.0,0.030326029564317288,0.0,0.004606037857999112,0.002230600079887894,0.029929130800230578,0.0,0.0,0.01746255577589619,0.0,0.0,0.0,0.0,0.046710220346111324,0.01023031241247693,0.0,0.0,0.0020216142076334574,0.021298364889637073,0.0,0.010761914215090372,0.0,0.0,0.0,0.0,0.0,0.0,0.013855436570702493,0.0,0.0,0.0039034757458363562,0.0015468533931641847,0.0,0.0,0.00137242717209505,0.0,0.01048749414043393,0.00817182416594823,0.02867177354190747,0.0,0.000933249838855348,0.028056280131995952,0.0,0.013645659826741933,0.013417891075321228,0.0,0.0,0.01643739419788004,0.00504842046815401,0.009982474379137858,0.0,0.024964022555914202,0.011237360463644942,0.0,0.0,0.008218188088172795,0.0,0.0024632637801521263,0.011708599070304861,0.0,0.0014992678942751519,0.018724463859530034,0.019472948698465477,0.0,0.0,0.006426629221170713,0.0,0.011475752022755765,0.002867804578102503,0.0,0.0008116315637328327,0.0,0.0019122664039175428,0.0,0.0,0.035866641968338935,0.0,0.0,0.010374920079369932,0.010551109536431793,0.0,0.0,0.015277911537758317,0.0,0.0,0.0,0.0,0.00788724297647737,0.0,0.0,0.0,0.0,0.016013851955278713,0.0,0.011397048895523804,0.02408851594318474,0.01630101988436593,0.0014181673382808527,0.017306362640375696,0.0,0.004035845338165584,0.015277880675233398,0.001488041369854324,0.0034071245702262313,0.02494192830988063,0.0
LFQ intensity D8_4,0.0,0.007419437989515001,0.015114012976177489,0.03415945080508926,0.0,0.0,3.872745283062549e-05,0.0,0.0,0.004913978953525503,0.05912772955186978,0.0,0.005773227110246841,0.0,0.0,0.005291754709501334,0.004803393332446537,0.0,0.002066930858757978,0.0,0.011143740710349095,0.0,0.0,0.006141047601263421,0.0005317049818127453,0.008593212058344717,0.010549903306456854,0.0032163953986511606,0.024373850459427623,0.0036365578903260823,0.0040748297848667145,0.0,0.0,0.0,0.0,0.01658192210984758,0.059973027797514435,0.0,0.013710067841429032,0.0,0.0,0.010937344089818887,0.0,0.0,0.0,0.0014706798651730898,0.0,0.002943931602265413,0.003768381217274245,0.031129244249716536,0.0,0.0,0.012383956486646707,0.0,0.0,0.0,4.332931099338341e-06,0.051902015691661973,0.005884092988006396,0.0,0.0,0.0,0.02020828737345558,0.0019019123966066004,0.01612701847044229,0.0,0.0,0.0,0.0,0.0,0.0,0.021637471730187458,0.0,0.0,0.02252355741635617,0.0,0.0,0.0,0.0,0.0,0.013043693044883746,0.015349143556132707,0.0,0.0,0.0029761399734562727,0.04284069525314935,0.0,0.0023179468087762877,0.005768658757125483,0.0,0.0,0.02248202410143352,0.006000866520026365,0.006162537992996593,0.0,0.0366933859802758,0.012799136520020153,0.0,0.002766364233801691,0.008419416509970044,0.0,0.0,0.010010159838935401,0.0006468787416400732,0.01278725115372408,0.007293553092037399,0.003368223336427174,0.0,0.0,0.004848272052851634,0.0,0.014400456746455929,0.0016160413254314217,0.0,0.0020087304931018166,0.0,0.010072723683896919,0.0,0.0,0.042136958937332915,0.0,0.0,0.01207361352196982,0.012537736104153046,0.0,0.0,0.009521909352831212,0.0,0.0,0.0,0.016715957398951528,0.009662394336320256,0.0,0.0,0.00047545156401352057,0.0,0.02327381702138822,0.0,0.005694520999853682,0.031192772663913224,0.01536276239709786,0.0022253486594970145,0.018292439117739756,0.0,0.00272942033225572,0.014993181412378596,0.0028024453754187883,0.009161143606205978,0.01927941963223384,0.0031392776609346263
LFQ intensity D8_5,0.0,0.012308310738825965,0.029393994655445104,0.03409582456420283,0.0,0.0015253489048208436,0.00048060055847547244,0.0,0.0,0.0107870399116533,0.07179546073328276,0.008541390552219785,0.020907200124527996,0.0,0.0,0.008071344656386929,0.0032310214428371187,0.0,0.009430738120275613,0.0,0.0,0.0022583703760423184,0.0,0.012719565912808732,0.007859578997121206,0.0072565213447525635,0.0157377825995667,0.0052093401082746165,0.02413620672840516,0.0,0.002155355688044949,0.0,0.0,0.0,0.0,0.0,0.05498321868652815,0.0,0.014211296361578916,0.0,0.0,0.004980701474740636,0.0,0.0,0.0,0.013514781043213261,0.0,0.006697597369533851,0.0,0.022863980836797224,0.0,0.0,0.021291287694591297,0.0,0.0,0.0,0.0,0.048701947627888105,0.0,0.0,0.0,0.0,0.025726530510770458,0.00035997357734968225,0.011864142566050463,0.0,0.0,0.0,0.0,0.0,0.0,0.019624915109848026,0.0,0.0,0.025610760117492665,0.0,0.0,0.0,0.0,0.0,0.004087718190270324,0.00892747826957204,0.0,0.0,0.0,0.04312902487381152,0.0,0.0,0.0065158898563725766,0.00038632599537986265,0.0,0.021827676137052304,0.00286515028314854,0.0019611979799237047,0.0,0.032234347802654814,0.015504166139499434,0.0,0.0036957370209394435,0.008791105670481313,0.0,0.0,0.010320943404367214,0.002639330161158633,0.004009143565373834,0.0,0.010738068595739354,0.0,0.0,0.0068303702293169245,0.0,0.014688368851219451,0.0,0.0,0.0024391792708648714,0.0,0.0009539516266980661,0.0,0.0,0.03081006822771639,0.0,0.0,0.014036432942601467,0.013552987396751206,0.0,0.0,0.01083036575723069,0.0,0.0,0.0,0.01717863676945389,0.002406413789338386,0.0,0.0,0.0,0.0,0.021124698210676616,0.0,0.007308995725011695,0.02895683466260325,0.012053140133184852,0.0,0.020493529976733756,0.0,0.009071908378629855,0.009649681388431123,0.0018671247242062364,0.008790861787930747,0.021908802661518092,0.009082213849784814
LFQ intensity D8_6,0.0,0.01387682485739656,0.020318314225748143,0.0,0.0,0.011722038872607225,0.0,0.0,0.0,0.00789893917565935,0.05100907283768771,0.006021040091840301,0.022134403113685173,0.0043750379671256955,0.0,0.00640240550269015,0.004306515856104212,0.0,0.005574386936670274,0.0,0.014386645217306801,0.004364426891513592,0.0,0.002577668166373844,0.003199877650490721,0.0,0.021503305548165357,0.003456472069220218,0.026393109817156712,0.0,0.004907243777218787,0.0,0.0,0.0,0.0,0.012484388356257595,0.06716016307083172,0.0,0.011197593939136065,0.0,0.0,0.0,0.0,0.0,0.0,0.017194341973270254,0.0,0.0087028983451704,0.006645322387935632,0.023958689681718652,0.0,0.0,0.0,0.0,0.0,0.0,0.0,0.0480914573746953,0.001989219674616515,0.0,0.0,0.003237055618724367,0.02110031787974661,0.0,0.016155823410780288,0.0,0.0,0.0,0.0,0.0,0.0,0.01774698657427972,0.0,0.0,0.006655899321867281,0.0,0.0,0.0,0.0,0.0,0.004216128768106599,0.006226001086708245,0.02445835978181959,0.0,0.0023500583043666247,0.03559308083636593,0.0,0.021771588124146472,0.006673517131874022,0.0,0.0,0.004863163090369623,0.01597650052922222,0.0,0.0,0.031783595224693637,0.012233568990620646,0.0,0.004043635698081246,0.007940527028731829,0.0,0.004203543222798219,0.00930781320142499,0.0,0.0,0.022894833936240058,0.0,0.0,0.0,0.007695182872066046,0.0,0.007165282216048509,0.010560839235005256,0.0,0.003866649250144699,0.0,0.01184422709279115,0.0,0.0,0.033940449320572275,0.0,0.0,0.006858203802273468,0.005150281241923217,0.0,0.0,0.015353105730240001,0.0,0.0,0.0007651496063589466,0.0,0.010692535365765393,0.0,0.0,0.0,0.0,0.02905048173656919,0.0,0.012058800545000735,0.0481960967778615,0.015274901983008177,0.0018822320709921203,0.016915949603315925,0.0,0.0066084319815181685,0.014057825566216898,0.004310397432986274,0.0016005065519536597,0.024868668878127366,0.0
LFQ intensity D8_7,0.0,0.00597978609894833,0.016539912091804394,0.039708320926005514,0.0,0.0,0.00022972982244589868,0.0,0.0,0.010515693670921509,0.06632418300094577,0.0,0.0022018242052949965,0.0,0.0,0.010729525512469971,0.0064592626697797745,0.0,0.0051358347708483154,0.0,0.004218992559031136,0.0,0.0,0.008549271505687685,0.009080441188170776,0.008187168921658355,0.013272728951533752,0.0036730929481500613,0.020526065057277977,0.0,0.004339809095111085,0.0,0.0,6.778739885013751e-05,0.0,0.010191135877396354,0.061808838062286604,3.8292215005439124e-05,0.014045152945096962,0.0,0.0030352487420416937,0.011715045920931125,0.0,0.0,0.0,0.01945072712500986,0.0,0.007634130430297143,0.0010829322201361105,0.023486028973458216,0.0,0.0,0.010112728910518464,0.0,0.0,0.0,0.0,0.04802873431523772,0.0,0.0,0.0,0.0022440119849716955,0.026444085058305918,0.0038865083904525205,0.014750054447582426,0.0,0.0,0.0,0.0,0.0,0.0,0.020065635022509944,0.0,0.0,0.01709360466596966,0.00019628901022471711,0.0,0.0,0.0,0.0,0.014353316278930087,0.018372521853426096,0.0,0.0,0.0019498313974877007,0.04635472847560789,0.0,0.0018140230266529766,0.006575455625051604,0.0,0.0,0.01692543249729379,0.002541398290633827,0.007425041110072169,0.0,0.03267258845136249,0.017490472975424668,0.0,0.003589553644821283,0.008029476890001084,0.0,0.0,0.011128956307491498,0.0,0.009110839581475431,0.009219825640052092,0.0,0.0,0.0,0.005499258088195235,0.0,0.0193595679954551,0.0,0.0,0.0011291923140798505,0.0,0.00144096764143786,0.0,0.0,0.029278058100899246,0.0,0.0,0.010011499366183113,0.014697291518587053,0.0,0.0,0.008859929950291728,0.0,0.0,0.0,0.01685777387588687,0.011916452969448012,0.0,0.0,0.0,0.0,0.02038920233874805,0.0,0.007058257893538775,0.022849890499989506,0.01705176252951607,0.0,0.01979200458654912,0.0,0.007572005010950872,0.011505006024753173,0.003853332556161148,0.009753646213783605,0.019751810918364032,0.002771012849028991
LFQ intensity D9_1,0.0,0.007427808121149991,0.0014775585962236019,0.009156326997833468,0.0,0.0,0.0,0.0010321578086671878,0.0,0.007935011571370458,0.057973886822031105,0.0,0.022816715203235433,0.0,0.0,0.007403127624022052,0.0,0.0,0.012410890199109709,0.0,0.0001014218989512357,0.0,0.0,0.006789867662398943,0.025394809342489826,0.0022883528751134505,0.01312414140251872,0.010111703990941575,0.02419131437400129,0.0,0.003970405635166162,0.0,0.0,0.004286002588830009,0.0,0.007166261640446122,0.05975524821450124,0.0,0.015349423511123044,0.0,0.0,0.007543247805303017,0.0,0.0,0.0027732974512112004,0.009308657329855098,0.0,0.002536041749905638,0.002047825126950967,0.03917261891766639,0.0,0.0,0.0,0.0,0.0,0.0,0.0,0.051760970366779055,0.0,0.0,0.0,0.0003483498163018562,0.02465893787415072,0.0,0.018157545154490938,0.0,0.0,0.0,0.0,0.0,0.0,0.01501415660704044,0.0,0.0,0.03609304377337495,0.0,0.0,0.0,0.0,0.0,0.015794959155657352,0.0,0.010153943186833053,0.0,0.0,0.04474528872296842,0.0,0.0,0.02207432769057827,0.0,0.024393624206261552,0.017420654371742346,0.0,0.0,0.00018207478498590484,0.05395447770392129,0.019000080775809402,0.0,0.000698826727417472,0.010475184960919396,0.0,0.0,0.007779258280760049,0.003436447833279296,0.019311240569806782,0.0014797254533381187,0.0,0.0,0.0,0.005814045920947893,0.0,0.015501398046738939,0.0,0.0,0.008620513888236567,0.0,0.007561196443431151,0.0,0.0,0.019438666166881714,0.0,0.0,0.013534499964231263,0.01384305063096322,0.0,0.0,0.02124000486321412,0.0,0.0,0.0,0.011006054859763215,0.0028743418773549564,0.0,0.0,0.0,0.0,0.018507821994567616,0.0,0.006957639336702526,0.0,0.020756238157030798,0.0,0.014396590263634384,0.0,0.0,0.0209914530315159,0.0053019777634668855,0.008692851327087654,0.024484412986797682,0.0
LFQ intensity D9_10,0.0,0.009341183222375385,0.011605504158020457,0.0,0.0,0.015844574695509723,0.0,0.0,0.0,0.0,0.03933750761654414,0.0038625797681182353,0.02528811871723941,0.0,0.0,2.553451831465837e-06,0.001962201149238029,0.0,0.005482820529530998,0.0,0.0,0.0,0.0,0.0,0.023873285794170068,0.00952133126515232,0.01387379488757958,0.004592965658664057,0.01961793091656136,0.0,0.004882101687973372,0.0,0.0,0.0,0.0,0.010513153617671621,0.07858919844586557,0.004511007990528487,0.0175850128067145,0.0,0.0,0.01613594382586055,0.0,0.0023453882345513643,0.0,0.007073860042331054,0.0,0.005127763670089567,0.007113558467745844,0.0417720760408445,0.0,0.0,0.0,0.0,0.0,0.0,0.0028542712558205867,0.05492134152103441,0.0,0.0,0.0,0.000929466002630318,0.021597182778790476,0.0,0.01660044685413298,0.0,0.0,0.0,0.0,0.0,0.0,0.01039312651241076,0.0,0.0,0.030762752048624,0.0,0.0,0.0,0.0008936360725851205,0.0,0.011327096794025297,0.0,0.016730149630341733,0.0,0.0,0.05399804600229018,0.0,0.006439835724593012,0.016156280161516167,0.0,0.006167975420098058,0.004559722818004146,0.005338394455163315,0.0,0.0,0.027184902984183804,0.014590295087009986,0.0,0.0,0.010821191957019579,0.003869590053992083,0.0,0.0020500495527941203,0.0,0.0057001522649497765,0.015839422018390423,0.0034750100541629083,0.0,0.0,0.0052632651224311,0.0,0.020892134806054185,0.0,0.0,0.003542473976048789,0.0,0.008312245570547218,0.0,0.0,0.020787059361543722,0.0,0.0,0.0077554183322381945,0.010524958360881884,0.0,0.0,0.02621023809577707,0.0,0.0,0.0,0.011666217860192635,0.004910488406093358,0.0,0.0,0.001393504201691053,0.0,0.023128746440915157,0.0,0.006675401518344653,0.0,0.027841683353236772,0.0,0.02188584045423796,0.0,0.010128617001898205,0.018181260255741183,0.007534775807125591,0.012559193292692018,0.0270483632848138,0.0007023598122206979
LFQ intensity D9_11,0.0,0.017447170623310766,0.010798344848442182,0.008855685931867701,0.0,0.0,0.0020387567855436875,0.006768846938438644,0.0,0.008704544075383923,0.022665988816396847,0.0016711915759474757,0.0,0.005168314939760724,0.0,0.0010710404183243666,0.0,0.0,0.0076196358562776725,0.0,0.0,0.009973442899849189,0.0,0.0,0.023914510777290496,0.0071799298572436,0.009192001449881838,0.0036672310293003265,0.023337259144085663,0.0,0.003837842412816701,0.0,0.0,0.01918224348974081,0.0,0.02710298177336214,0.07320771318033353,0.0,0.0136027751667138,0.0,0.0,0.0013033905339717028,0.0,0.0,0.006734408650033266,0.001409097972232845,0.0,0.0022697638585490653,0.004817426234588206,0.006901717266149551,0.0,0.0,0.0,0.0,0.0,0.0,0.0,0.055610182231553666,0.0,0.0,0.0,0.005570987122450567,0.018647328817987294,0.0,0.011053654777214438,0.0,0.0,0.0,0.0,0.0,0.0,0.007482011455921014,0.0,0.0,0.0,0.032014756586576223,0.0,0.0,0.010573970041692703,0.0,0.004448104935995046,0.0,0.038680287805560466,0.0,0.0,0.05029135232121281,0.0,0.0,0.006918087726584361,0.0,0.00925033582293088,0.0031427783922255755,0.0,0.0,0.0,0.023533774298465728,0.013589212403437688,0.0,0.0060279682869765275,0.007334361180479194,0.0,0.0,0.003852213626191411,0.0017794369978845832,0.010211510672292031,0.011110407525804063,0.0,0.0,0.0,0.0039115959618411566,0.0,0.013298879319676658,0.002724326060319037,0.0,0.005345473194205643,0.0,0.019449421104858235,0.0,0.0,0.03400320735069076,0.0,0.0,0.008899258399932644,0.005709954422947732,0.0,0.0,0.026211045855200094,0.0,0.0,0.0,0.0,0.009360220977843083,0.0,0.0,0.0,0.0,0.02930497469089431,0.0,0.008219003955940335,0.0,0.07363804364157026,0.0,0.02426845777766898,0.0,0.012904729048150565,0.019282996998066494,0.0060897198470398475,0.010262811187272536,0.02421558473116623,0.0013343159394423943
LFQ intensity D9_12,0.0,0.016144583598509073,0.0,0.003338866366930413,0.0,0.0036937894276078327,0.0041726156243883815,0.0,0.0,0.010072330852476736,0.04069504786506232,0.008911704687525756,0.0220043738038304,0.004573043058633988,0.0,0.0,0.0021278461935549287,0.0,0.011003734326778262,0.0,0.001239167153260294,0.0013396003679074554,0.0,0.006344943212421059,0.020018130648168812,0.010914575087804131,0.011022076858134191,0.0038587172313847987,0.01829221901711064,0.0,0.00257172708820438,0.0,0.0,0.026237401949927602,0.0,0.012754791190548148,0.07968118040486215,0.0005059828564479899,0.011915612294102393,0.0,0.0,0.0029102527250770443,0.0,0.004098398427404406,0.005096905394509213,0.005031023120388913,0.0,0.0040310349940091104,0.004135641805172131,0.029416809046760643,0.0,0.0,0.0,0.0,0.0,0.0,0.0,0.0488261137659792,0.0,0.0,0.0,0.0017978767765062342,0.018196670643207607,0.0,0.019630700808350852,0.0,0.0,0.0,0.0,0.0,0.0,0.008446396287940012,0.0,0.0,0.007355932548613537,0.0,0.0,0.0,0.003990190919424744,0.0,0.007677571940406096,0.0045632249406744926,0.02396923757041455,0.0,0.0,0.04772747041778071,0.0,0.0,0.0013300823147312495,0.0,0.014484371240359051,0.013949250209630695,0.010307511382497827,0.0,0.0,0.02317198904833323,0.017712616120896956,0.0,0.0039322951079064465,0.008820589652757966,0.0,0.0,0.008882686118500729,0.0,0.002809207709868487,0.011951386937905777,0.008636335352614582,0.0,0.0,0.0057234382607138515,0.0,0.017590021813714954,0.0,0.0,0.0020380643477087533,0.0,0.014634796530428783,0.0,0.0,0.040021055960002494,0.0,0.0,0.009112243700704797,0.010242559672672891,0.0,0.0,0.022247087426904354,0.0,0.0,0.0,0.0,0.004565729517796948,0.0,0.0,0.0,0.0,0.026772803268116967,0.0,0.0023393625331111665,0.003954786678263884,0.04177127030685349,0.0,0.023424488781858144,0.0,0.009435922671571098,0.013462578830709447,0.005508328088010992,0.013489279579805679,0.027342347536846712,0.0
LFQ intensity D9_2,0.0,0.00823405456346433,0.0003736179791134058,0.0,0.0,0.005787979782769679,0.001065620081827,0.009126400001429101,0.0,0.0027520275262463063,0.021646453722116307,0.0,0.01734916963870289,0.016978161840860855,0.0,0.00834848729937201,0.0,0.0,0.012909962251156978,0.0,0.007773994808169919,0.0,0.0,0.0,0.02074866439923617,0.013055997714638607,0.017785464338493966,0.007748380671883866,0.018977652792125065,0.0,0.0031664940464711587,0.0,0.0,0.02345781385219973,0.0,0.008990137192602688,0.07567087392649073,0.0,0.010073587843434142,0.0,0.0015636580939539495,0.03238202560562022,0.0,0.0,0.0,0.007272913349411239,0.0,0.004691741623662148,0.0,0.006117833295346795,0.0,0.0,0.0,0.0,0.0,0.0,0.0,0.05747510960233158,0.0006149309468178049,0.0,0.0,0.0,0.02567557793907349,0.0,0.01394343204731171,0.0,0.0,0.0,0.008680244604356497,0.0,0.0,0.016838873994621726,0.0,0.0,0.009673185908608013,0.0,0.0,0.0,0.008335633896272046,0.0,0.0,5.781426051392011e-05,0.022762394970930515,0.0,0.0,0.054386106648204306,0.0,0.0,0.011747019984273821,0.0,0.014755072456373048,0.0010681746131343788,0.009291269806470055,0.0030527180682787154,0.0,0.01942214033048578,0.015789774713914476,0.0,0.0,0.01134694642257528,0.0,0.0,0.0052051750825767296,0.0014719551610338243,0.004501626610026766,0.0,0.010650615785493624,0.0,0.0,0.007896760946317707,0.0,0.022592590156741144,0.0,0.0,0.011948468264017667,0.0,0.004452876810911585,0.0,0.0,0.031827875301258704,0.0,0.0,0.016526895948557906,0.011595413571337155,0.0,0.0,0.015203231551519085,0.0,0.0,0.0,0.012799813141366231,0.005374253770272195,0.0,0.0,0.0,0.0,0.0,0.0,0.008915229049927512,0.0,0.06168477859603035,0.0,0.020903494336954643,0.0,0.0028569972922491502,0.02380279897353509,0.0025694578083800645,0.016091676149854968,0.03216242623629159,0.0
LFQ intensity D9_3,0.0,0.016040991364509483,0.00014421674085410977,0.00891177809577482,0.0,0.0,0.004631581614774568,0.0,0.0,0.021797141251758877,0.05330685200167781,0.00021570873228132136,0.015792036853953556,0.0,0.0,0.006410801147205765,0.0,0.0,0.010405436552980922,0.0,0.0029910203133190925,0.003592253816328992,0.0,0.009765309207104342,0.021247963062862356,0.0071951667449401836,0.01621527176951055,0.007875773234834188,0.0037057735979968615,0.0,0.005522735483541732,0.0,0.0,0.023203572941163386,0.0,0.009998661071179929,0.07063293169088249,0.0,0.012654749566644391,0.0,0.004607718313893462,0.0,0.0,0.0005279448646254683,0.0,0.008134930390583394,0.0,0.0025677952925432456,0.0,0.030728083271393102,0.0,0.0,0.007678954883097566,0.0,0.0,0.0,0.0,0.05538857288200423,0.0,0.0,0.0,0.0007375567741379956,0.01867345114996994,0.0,0.011315053772555763,0.0,0.0,0.0,0.0,0.0,0.0,0.014613944526464836,0.0,0.0,0.014453689925469373,0.0,0.0,0.0,0.003908239752352003,0.0,0.004028908751363118,0.0068731231940507564,0.00453081263808792,0.0,0.0,0.048529824635919726,0.0,0.0,0.01314303004089771,0.0,0.016213181104403958,0.018995038655372925,0.0,0.0,0.0,0.040978650145381844,0.016337011091083133,0.0,0.004827431307353308,0.008545230326886285,0.0,0.0,0.006988147374763836,0.0,0.015285939108952214,0.0,0.0,0.0,0.0,0.0035729764991565614,0.0,0.019874009607552832,0.0,0.0,0.001722413624744808,0.0,0.01056319519024234,0.0,0.0,0.031214923417811603,0.0,0.0,0.015508768627634173,0.006377763963039314,0.0,0.0,0.022570248778130988,0.0,0.0,0.0,0.011414481515675347,0.010266752315965345,0.0,0.0,0.0,0.0,0.0,0.0,0.006427957481037334,0.017645531287715874,0.04736800759734436,0.0,0.016839925568887776,0.0,0.00970832100321492,0.0119864735617901,0.004213740933244344,0.006732922906678464,0.0311031087578428,0.004018486332603921
LFQ intensity D9_4,0.0,0.016081613822698244,0.006867065820548025,0.0,0.0,0.0077948434581009115,0.0038621245663297585,0.0,0.0,0.004279539358338806,0.028225414730227914,0.0,0.015356087589787262,0.008355274949128706,0.0,3.921993690075483e-05,0.0,0.0,0.009681271520911005,0.0,0.0,0.004195509804316445,0.0,0.0,0.022333455549881687,0.01028945151680048,0.01445077510325539,0.003976360154462122,0.022300086776318142,0.0,0.0034876963214136043,0.0,0.0,0.01841111939479607,0.0,0.0030893148982251806,0.07453457092182582,0.0,0.01425436050435555,0.0,0.0,0.0,0.0,0.0,0.0,0.00928951347071204,0.0,0.007637236152147302,0.0,0.0020687764790324565,0.0,0.0,0.0,0.0,0.0,0.0,0.0,0.06071817212810082,8.134779226676878e-05,0.0,0.0,0.0,0.024933760149270814,0.0,0.008837168533783675,0.0,0.0,0.0,0.013289930400608867,0.0,0.0,0.015339296231500458,0.0,0.0,0.008615272700688724,0.0,0.0,0.0,0.007733509853532467,0.0,0.0,0.0029032002213421294,0.02324141183916326,0.0,0.0,0.0547398517332195,0.0,0.0,0.011208093274489407,0.0,0.00841242172017827,0.0,0.008088123379502543,0.0029580276306265486,0.0,0.026995947460611232,0.015480953819936309,0.0,0.008532255974673181,0.009771652183199446,0.0,0.0,0.0025446859218345567,0.0026334514223832154,0.0028154405616851574,0.0,0.0,0.0,0.0,0.005971147848499219,0.0,0.02109292569362272,0.0,0.0,0.008495956196356756,0.0,0.001965575361314559,0.0,0.0,0.03146156787435533,0.0,0.0,0.014997961842979565,0.01034785587238058,0.0,0.0,0.02801993429794813,0.0,0.0,0.0,0.015271153229165356,0.012681182971034034,0.0,0.0,0.0,0.0,0.025610463255382885,0.0,0.011197935685983222,0.0,0.07425053285428868,0.0,0.028650775208685645,0.0,0.009502781143192368,0.015424453991702254,0.0037546000013233822,0.013461522384681613,0.03560651581851665,0.0015005007354760846
LFQ intensity D9_5,0.0,0.02128975076598941,0.0003362782148955254,0.0,0.0,0.0006913914225405522,0.004376743567580938,0.0,0.0,0.01426613353232944,0.048534427748174284,0.00369916081022479,0.01804629662298596,0.0,0.0,0.0,0.0,0.0,0.011494093866295043,0.0,0.004991948108175983,0.007721180044975477,0.0,0.0,0.025419417736095816,0.010051721283186864,0.012796212533422259,0.0034780735461316073,0.0192969744413795,0.0,0.004735557127127137,0.0,0.0,0.015243044914856375,0.0,0.0,0.07530615221448898,0.0,0.017231016643380472,0.0,0.0,0.021565218427038697,0.0,0.004382892666704375,0.005306582609067781,0.011979503101307028,0.0,0.008959369669435169,0.0,0.01564166437880576,0.0,0.0,0.0,0.0,0.0,0.0,0.0,0.05560096574403032,0.0,0.0,0.0,0.00020120448778794488,0.023584897358861615,0.0,0.005968531144871477,0.0,0.0,0.0,0.0005973221518882184,0.0,0.0,0.013649909764417927,0.0,0.0,0.0018706813988174633,0.0,0.0,0.0,0.004350724473583531,0.0,0.002923243932483892,0.012249079250051073,0.021449584439622423,0.0,0.0,0.05031424508889893,0.0,0.0,0.0030605929322647016,0.0,0.0061824987730453645,0.0014356057933064225,0.010660410681820255,0.005114024322072147,0.0,0.022198417406279633,0.0162680591163065,0.0,0.004161462797121328,0.010632693912867036,0.0,0.0,0.001876338358686729,0.003229841761885951,0.004751872141890365,0.006006397400010387,0.020106042365953296,0.0,0.0,0.007085082888999544,0.0,0.014855334331151552,0.0021524770059439388,0.0,0.007943831716416896,0.0,0.014539735532963007,0.0,0.0,0.03311036128359649,0.0,0.0,0.018313140005758073,0.012737027245737852,0.0,0.0,0.019554632653247937,0.0,0.0,0.0,0.01156077212378951,0.008464154217861746,0.0,0.0,0.0,0.0,0.025932379721803366,0.0,0.002553975053008988,0.0,0.04302098722280559,0.0,0.015290770012266164,0.0,0.015487376142554255,0.013456220011242151,0.0010004589067394481,0.010319549073028013,0.027260124269043846,7.61575866214143e-05
LFQ intensity D9_6,0.0,0.0194420692168533,0.008682508582812953,0.016404667867762374,0.0,0.0,0.004778396497589773,0.001580101030344896,0.0,0.02561298298809979,0.044366951107533005,0.015375295927178317,0.011809327167194995,0.003984653029088996,0.0,0.007274573242278916,0.0,0.0,0.008688637761039725,0.0,0.0,0.0,0.0,0.008122309068634877,0.02399577236414689,0.011721499479640633,0.010380750666916594,0.00848757409645054,0.012792815446125745,0.0,0.004922768754999446,0.0,0.0,0.016506598087253077,0.0,0.0,0.06713432408792261,0.0038431749447464547,0.012852823389761254,0.0,0.003428297807961783,0.0,0.0,0.0,0.0030890776227531776,0.003974078221285596,0.0,0.005960715855346042,0.0005003958087591794,0.03253714064885302,0.0,0.0,0.0,0.0,0.0,0.0,0.0,0.056592505309615765,0.0,0.0,0.0,0.0,0.029884655058941192,0.00039220568493520807,0.01053678393279402,0.0,0.0,0.0,0.0,0.0,0.0,0.0065369241884830976,0.0,0.0,0.021763599502672717,0.0,0.0,0.0,0.0031342819691266214,0.0,0.0,0.006838432462330115,0.0,0.0,0.0,0.03507393238523365,0.0,0.0,0.008178236751738852,0.0,0.025382494000504463,0.026144491546178036,0.0,0.011524281527988331,0.0,0.03864149814684117,0.021872537309479568,0.0,0.0,0.00891982006174288,0.0,0.0,0.0019409142346492106,0.0,0.0,0.0,0.0,0.0,0.0,0.006216191704049662,0.0,0.01677317680235726,0.0,0.0,0.0061079067585497245,0.0,0.0,0.0,0.0,0.023220271360598642,0.0,0.0,0.01804139301815345,0.010862739777545058,0.0,0.0,0.022882659928282433,0.0,0.0022202170051344025,0.0,0.01129670140951433,0.006379705695369401,0.0,0.0,0.0,0.0,0.0,0.0,0.008682761577181244,0.0006708998704559503,0.05712477309409942,0.0,0.028860607262201094,0.0,0.007872582966410496,0.008857290360834796,0.0028909905762465452,0.012821208648705545,0.032535495642685916,0.0040745516990358
LFQ intensity D9_7,0.0,0.012294727137621388,0.001970851657178022,0.0012211554533955295,0.0,0.012995659140170297,0.0,0.0,0.0,0.012062021380824066,0.056972438275570005,0.00967546243043914,0.020147727007460568,0.005374535543639473,0.0,0.0022401778870412108,0.0,0.0,0.010836629014038732,0.0,0.0,0.0008504734419920267,0.0,0.0016384431432461908,0.021367544759767015,0.007515522147411656,0.014559397916717828,0.003504999640230286,0.024319983429529186,0.0,0.0039384646813281025,0.0,0.0,0.02446820706463848,0.0,0.00605412470442132,0.06022255682357315,0.0,0.013929564042535127,0.0,0.0,0.013815386585683525,0.0,0.0,0.00815946769480651,0.01312754347587803,0.0,0.0031158424486134035,0.0,0.03950629239547816,0.0,0.0,0.002370445058716451,0.0,0.0,0.0,0.0,0.05672544642992409,0.0,0.0,0.0,0.0,0.02476121105632394,0.0,0.00943682188357849,0.0,0.0,0.0,0.0,0.0,0.0,0.016262805579946697,0.0,0.0,0.01756667936905551,0.0,0.0,0.0,0.0007553918389053844,0.0,0.0,0.0008588590365818566,0.011162550017620074,0.0,0.0,0.0488362595967192,0.0,0.0,0.01701166036916314,0.0,0.010207640555898921,0.002757159818744971,0.005750593605493006,0.0,0.0,0.025497299466866654,0.018108187805228163,0.0,0.004913209204827476,0.010333895219110725,0.0,0.0,0.009501094862035592,0.0014288556472378043,0.0,0.0,0.017415126864405283,0.0,0.0,0.005394632981384861,0.0,0.018325091846610728,0.0,0.0,0.0005305480507914885,0.0,0.004143998587268381,0.0,0.0,0.044217605578445764,0.0,0.0,0.015257063617899635,0.011892698389184638,0.0,0.0,0.022989252178153778,0.0,0.0,0.0,0.0,0.005975558455000558,0.0,0.0,0.0,0.0,0.022061924477682973,0.0,0.006758715877078229,0.010323835402423572,0.031508917524179766,0.0,0.022015495600701204,0.0,0.0,0.02140867522677126,0.0040006081175457545,0.010075359785377491,0.025573625693888147,0.0
LFQ intensity D9_8,0.0,0.009233780489482575,0.009341329678081621,0.010978012016231116,0.0,0.0,0.00048596477350506417,0.0,0.0,0.017189788892007073,0.053688940408139735,0.0,0.015902723100826865,0.004392854647027221,0.0,0.010081539771801653,7.329979445283477e-05,0.0,0.005919555421904563,0.0,0.0007952456236501737,0.0003051325019705275,0.0,0.00403171142574588,0.015367816518083003,0.011600040695494486,0.013427718733586684,0.008313005398718662,0.019396916322785916,0.0,0.003584475191254837,0.0,0.0,0.002317419883791839,0.0,0.0,0.06161553865832019,0.0,0.011859469688134073,0.0,0.00454169975545898,0.0,0.0,0.0006539567771776144,0.0031574474873867363,0.0,0.0,0.007191095216876136,0.0,0.03259644172494533,0.0,0.0,0.01808845675843413,0.0,0.0,0.0,0.0,0.05222856215629061,0.0,0.0,0.0,0.0,0.023400064259335402,0.0,0.010694527247054712,0.0,0.0,0.0,0.0,0.0,0.0,0.030267786237598137,0.0,0.0,0.04162521262273684,0.0,0.0,0.0,0.0,0.0,0.024041906589014863,0.0,0.011032481469346274,0.0,0.0,0.0606741291427132,0.0,0.0,0.0,0.0,0.016280435959989042,0.014975336759039587,0.0,0.0,0.0,0.04372711902200858,0.018112583684908735,0.0,0.0031011412071382852,0.00765947428297347,0.0,0.0,0.0015387606564277823,0.0,0.014982487853208144,0.014020795931178729,0.0,0.0,0.0,0.007027928086311136,0.0,0.018884552919614408,0.0,0.0,0.003820209741756158,0.0,0.0,0.0,0.0,0.03637238178948886,0.0,0.0,0.010598721848534063,0.007729198283268821,0.0,0.0,0.024592657027741764,0.0,0.0,0.0,0.016473364204636208,0.008446775469282464,0.0,0.0,0.0,0.0,0.0,0.0,0.006945041492775428,0.0,0.020279260610586537,0.0,0.026168946934373338,0.0,0.011436881130529685,0.014173377994286465,0.005794200611781584,0.009818764560745147,0.02397522975462,0.0029683251034300206
LFQ intensity D9_9,0.0,0.018076129181433618,0.0,0.010481479543087948,0.0,0.0,0.003887112666421525,0.0,0.0,0.01952807520745573,0.05265437412802111,0.01261933178688299,0.01450941488215528,0.0,0.0,0.010524757946161744,0.00017564326083191692,0.0,0.007926805770919197,0.0,0.004497643923549871,0.0018089873365780182,0.0,0.003326284498200497,0.021845753736354365,0.009649400245396489,0.012937402007435494,0.007029810845221643,0.003374499680232102,0.0,0.0028850563454313797,0.0,0.0,0.02588094901149725,0.0,0.00654585004945845,0.07068665114340998,0.0,0.01651757668655,0.0,0.0,0.0,0.0,0.0031008836657123433,0.0005555800702287268,0.00515506834228181,0.0,0.006649644881435453,0.0,0.03691590686238908,0.0,0.0,0.005904277461456373,0.0,0.0,0.0,0.0,0.05311087796016983,0.0,0.0,0.0,6.974531108921865e-05,0.02268323783311575,0.0,0.011479598856919352,0.0,0.0,0.0,0.0,0.0,0.0,0.01576968108600683,0.0,0.0,0.016106143128751426,0.0,0.0,0.0,0.00692559494671693,0.0,0.001347565243040402,0.008235738256365137,0.0004534326670763917,0.0,0.0,0.04672057290630621,0.0,0.0,0.00975326327491742,0.0,0.01932356281995644,0.018382693916457384,0.0003909326848638419,0.007570605424286593,0.0,0.03722381886478357,0.019508498741759885,0.0,0.00546733887099755,0.008963736157499527,0.0,0.0,0.0031880628653856596,0.0010484653749946535,0.01926128962688547,0.0,0.0,0.0,0.0,0.005047234314630232,0.0,0.015606740783504993,0.00044379825906151114,0.0,0.007108503789640868,0.0,0.002019318421062264,0.0,0.0,0.025942006029360577,0.0,0.0,0.01649089616562382,0.01286267230283197,0.0,0.0,0.0174917587761552,0.0,0.0,0.0,0.01101956973752887,0.010074683513179175,0.0,0.0,0.0,0.0,0.02447733319066147,0.0,0.0035699797428807396,0.012761625423319448,0.022637311352195322,0.0,0.02413108633691159,0.0,0.006366832554168361,0.010748763874750367,0.002236156570966542,0.00963419452723106,0.0306947263497997,0.0
