,ADF,ADL,AFD,AIA,AIB,AIM,AIN,AIY,AIZ,ALA,AS,ASE,ASG,ASH,ASI,ASJ,ASK,AUA,AVA,AVB,AVD,AVE,AVF,AVH,AVJ,AVK,AVL,AVM,AWA,AWB,AWC,Amphid sheath,Amphid socket,Anal muscle,Apoptotic germ cells,Arcade cells,BAG,BDU,Body wall muscle anterior,Body wall muscle middle,Body wall muscle posterior,CAN,CEP_ADE_PDE,Cephalic and inner labial socket,Cephalic sheath,Coelomocytes,DA_VA,DB_VB,DVA,DVB,DVC,Distal tip,Dorsal uterine cell,Embryonic cells,Excretory cells,Excretory duct,Excretory gland,GLR,Glia_1,Glia_2,Glia_3,Glia_4,HSN,Hypodermis head,Hypodermis tail,I1,I2,I4,I5,IL1,IL2,Intestinal-rectal valve,Intestine anterior,Intestine middle,Intestine posterior,LUA,M1,M2,M3,M4,M5,MI,Marginal cells,Mature sperm,Meiotic germ cells,Mitotic germ cells,NSM,OLL,OLQ,Oocytes,PDA,PDB,PHA_PHB,PHC,PLM_ALM,PLN,PVC,PVD_FLP,PVM,PVN,PVP,PVQ,PVR,PVT,PVW,Phasmid sheath,Phasmid socket,RIA,RIB,RIC,RID,RIF,RIG,RIH,RIM,RIP,RIR,RIS,RIV,RMD,RMD_LR,RME,RMF,RMG,RMH,Rectal gland,SAA,SAB,SDQ,SIA,SIB,SMB,SMD,Seam cells (bus+),Seam cells (grd+),Seminal vesicle (male),Spermatheca bag distal,Spermatheca bag proximal,Spermatheca neck distal,Spermatheca neck proximal,Spermatheca-Uterine junction,Spermatids,Spermatocytes,Syncitial pachytene spermatocytes,URA,URB,URX_AQR_PQR,URY,Unassigned hypodermis/gonadal sheath,Unassigned sex-specific muscle,Unassigned sheath cells,Unassigned uterine cells,Uterine muscle,Uterine seam cells,Uterine toroid,Uterine-vulval cells,VC,VC_4_5,VD_DD,Vulval cells,XXX,cat-4(+)ptps-1(+) intestine anterior,e1_e3 (pharyngeal epithelium),e2 (pharyngeal epithelium),g1A (pharyngeal gland),g1P (pharyngeal gland),g2 (pharyngeal gland),hmc,hyp4_to_hyp6,hyp7 (hypodermis),pm1_pm2 (pharyngeal muscle),pm3_pm4_pm5 (pharyngeal muscle),pm6_pm7 (pharyngeal muscle),sh2 (gonadal sheath distal),sh3_sh4 (gonadal sheath proximal),sh5 (gonadal sheath proximal),vm1 (vulval muscle),vm2 (vulval muscle),timepoints
glp_1e2141_sterile_1_CB4037_25.Rep_1,0.0008996748291638678,0.00033448308779170127,0.0010085892745247934,0.0,0.0007019331175743891,0.0,0.0,0.0,0.0,1.2763860350563696e-19,3.190965087640924e-20,0.005777383767417999,6.381930175281848e-20,0.000987950014575792,0.00026809376016595103,0.00033087202103044,0.00027437046351210415,0.0,0.0,0.00435421746145176,0.00078900885168869,0.0,1.1168377806743235e-19,0.0,0.0,0.0002468231821618537,0.0,0.00033320585637220497,1.2763860350563696e-19,0.0,0.0,0.00746004428564759,0.0,0.01901475209159073,6.381930175281848e-20,0.0,0.0,0.0,0.00950471167751123,0.0,0.00015353820640438552,6.381930175281848e-20,3.190965087640924e-20,0.0010746100745302948,0.0010904909882562992,0.0012977708055662714,3.5100615964050167e-19,0.0,0.0,0.001464740910257745,0.0,0.008334051036036936,0.0,6.381930175281848e-20,0.0034287382509600975,0.00787784036155282,0.027209862945459934,0.0,0.0,0.018253151235392735,0.0,0.0026031743790376808,0.0021251442477979872,0.010563146000659425,0.03993746985255491,0.0,0.0,0.0,3.190965087640924e-20,0.0,0.0,0.0,0.004775042512407659,0.0985281360411375,0.016686209760440936,1.595482543820462e-19,0.0,0.0,0.0019042270857881289,0.0,0.0,0.0,0.0022793926552546534,0.0,0.0,1.9145790525845545e-19,0.0,0.0,0.0,1.2763860350563696e-19,0.0,3.190965087640924e-20,2.8718685788768316e-19,0.0,0.0,0.0,9.572895262922772e-20,0.00047824436855272963,0.0,0.0,0.0,0.0,0.0011560191715600577,0.0041915137443670454,0.0001472275686781008,0.007150267114203005,0.022583461864768437,0.0,0.0,0.0,0.0003048834513795804,0.0031989474927509227,0.0,0.0,0.0027670957958473336,0.0,6.381930175281848e-20,0.0,0.0,1.2763860350563696e-19,0.004622500784509111,6.381930175281848e-20,0.002154770489706004,0.0007996891435733684,0.0,0.04553996802275362,0.0,0.0,0.0,0.0038344449297101606,0.0040043030511313586,0.0,0.0,0.0,0.025058078360526235,0.0,0.0036729614537557103,0.0005193256967184004,0.00027375859403525103,0.0,0.0,7.658316210338218e-19,0.0,2.5527720701127393e-19,0.0,2.5527720701127393e-19,7.97741271910231e-20,1.9145790525845545e-19,0.0036656947140956153,0.03193533179975204,0.000275030380965733,0.008798319766514547,0.04712751333978094,0.024128849007116926,0.033432953624192255,0.036982198438847556,0.0,0.0,0.0,0.005940958592110981,0.0,0.1022595826277877,0.000609701194732599,0.0009718844805534625,0.01675011620344012,0.01774085776562733,0.006344941185673212,0.008297773513314205,0.07721798912687375,0.0,0.0,0.004172672589386431,0.0,0.0484848976588362,0.0727084711264844,0.0,0.012714074179267931,0.005109876494442141,1
glp_1e2141_sterile_1_CB4037_25.Rep_10,0.00047886276528466765,0.00023788966676845525,0.00023325673420672218,0.0,0.0023010717470566353,0.0,0.0004828548694667383,0.0,0.0,0.0,0.0,0.005359378623081377,0.0,6.687507848854459e-05,5.22311966306601e-05,0.0,0.0019445173039079131,0.0,0.0,0.004755350160850245,0.0006128931062672827,0.0,5.691560331629247e-20,0.0,0.0,0.0008293170272035158,0.0,0.00025883052123094256,0.0,0.0,0.0,0.008971823641094296,0.0,0.012255069646403922,0.0,0.0,0.0,0.001107150784355885,0.015417378700242096,0.0,0.0,0.0,0.0,0.0009583633640892251,0.0012269363847065649,0.0,5.691560331629247e-20,0.0,0.0,0.003851234999400346,0.0,0.002499333931242656,0.0,0.0,0.0018323743302555348,0.008655581484439345,0.023896105857310102,0.0,0.0009767018924973102,0.009978957897341937,0.0,0.0021786254900845775,0.0009313077731783455,0.012588717400210834,0.024071156680278635,0.0,0.0,0.0,0.0,0.0,0.0,0.0,0.006454295311520595,0.08511666400424354,0.021033276593316354,0.0,0.0,1.707468099488774e-19,0.001622684912675472,0.0,0.0,0.0,0.0009753587183822967,0.0,0.0,0.0,0.0,0.0,0.00015534457347307184,0.0,0.0,0.0,0.0,0.0,0.0,0.0,0.0,0.0006608937563785664,9.860523693597696e-05,1.1383120663258494e-19,0.0,0.0,0.0006254185043015654,0.007484128776840815,0.0013293698868489597,0.005266800656835585,0.015456764092521901,0.0,0.0,0.0,6.677132817017006e-05,0.003769346468565476,0.0,0.0,0.004952933179141738,0.0007062504841730755,0.0,0.0,0.0,0.0,0.0033515135139667897,0.0,0.0017788742277841897,0.0011720904117265625,0.0013537132186787655,0.05238214735922609,0.0,0.0,0.0,0.0037054434310690096,0.003816720311961974,0.0,0.0,0.0,0.03810960979290412,0.0,0.0,0.002805168646208443,0.0,0.0,0.0,0.0,0.0,0.0,0.0,1.1383120663258494e-19,0.0,0.0007219019054419216,0.0,0.0296412825534889,0.0,0.03286239991282079,0.049301937339781055,0.03492053141525704,0.04381638046227696,0.03773248964997647,0.0,0.0,0.0,0.010509017224071377,0.0,0.09451393604642712,0.0,0.000592038603404369,0.01868806101937487,0.020947643134394785,0.003266315952701648,0.008015567078256642,0.06448854399766642,0.00048168762362352506,0.004788907664009555,0.006880470994733583,0.0,0.03271608505439895,0.05375189988470123,0.005606165698015771,0.008780249497758286,0.02371615083199233,1
glp_1e2141_sterile_1_CB4037_25.Rep_11,0.0007027427431256008,8.633801381089287e-05,0.0009524742201268433,0.0,0.0014059964438266743,0.0,0.0,0.0,0.0,8.625980560267431e-20,0.0,0.003826269717753243,8.625980560267431e-20,1.4376634267112383e-20,0.0,0.0,0.0017480585337105875,0.0,0.0,0.00542126732456996,0.0005584789009337942,0.0,0.0,0.0,0.0,0.0,0.0,0.0002358508907132964,2.3002614827379813e-19,0.0,0.0,0.007994100010972293,0.0,0.015191210105968961,0.0,0.0,0.0,5.750653706844953e-20,0.009475753692177668,0.0,0.0,0.0,0.0,0.0001221802738739407,0.0013787514140740868,0.0011231730819788379,0.0,2.8753268534224766e-20,0.0,0.0022933546607515256,0.0,0.004257821017253861,0.0,0.0,0.0032452886368262474,0.009527820445556577,0.0169842384704942,0.0,0.0006228201685039228,0.010959068292668012,0.0,0.0024799339118022293,0.0024461421626586956,0.012772259349359057,0.028440710311790438,0.0,0.0,0.0,1.5814297693823622e-19,1.4376634267112383e-20,5.750653706844953e-20,0.0,0.008816066730411798,0.10264528679776949,0.01902926638277451,5.750653706844953e-20,0.0,1.1501307413689907e-19,0.0015560575760451823,5.750653706844953e-20,0.0,0.0,0.0020464854305974533,2.875326853422477e-19,2.0127287973957338e-19,2.0127287973957338e-19,0.0,0.0,0.0,0.0,0.0,2.0127287973957338e-19,0.0,0.0,0.0,0.0,1.4376634267112384e-19,0.0012271489854829237,1.1501307413689907e-19,0.0,0.0,5.750653706844953e-20,0.0015342766938947244,0.005118846001476136,0.001058050669345276,0.00496049955709388,0.016409590697761642,1.7251961120534862e-19,0.0,0.0,0.0,0.0032614155510904074,1.1501307413689907e-19,0.0,0.0034902008411065834,2.8753268534224766e-20,1.1501307413689907e-19,0.0,0.0,5.750653706844953e-20,0.0037986363653575344,2.8753268534224766e-20,0.00254270444156585,0.001124931111376914,0.00032317570971308825,0.05553320491063972,0.0,0.0,0.0,0.0036807642821227635,0.004274562279281083,0.0,0.0,0.0,0.0240909029154215,1.7251961120534862e-19,0.0017527944440077449,0.0010153318777166875,0.00029445905769335845,0.0,0.0001834939904143406,5.750653706844953e-20,5.750653706844953e-20,5.750653706844953e-20,1.7251961120534862e-19,0.0,0.0,0.00036085026025259575,0.0,0.02825777529311087,0.0,0.007639926203005066,0.051463094010838,0.035069028903162644,0.030125891918152438,0.032379277918282365,0.0,0.0,2.8753268534224766e-20,0.008882728208206653,2.8753268534224766e-20,0.0919110166058364,0.0,0.00031935790577205175,0.018696343201693767,0.020754123928677183,0.0044476583479576256,0.008119502722902884,0.07230981731266865,0.0,0.004745594783733585,0.007069177558089897,0.0,0.04971446640473488,0.07793745643269902,0.001410882263309499,0.013062073784565857,0.021303699936906093,1
glp_1e2141_sterile_1_CB4037_25.Rep_12,0.0010065847718855696,0.0,0.0,0.0,0.0026747468066077897,0.0,0.0007222190841293075,0.0,0.0,1.4868542434273913e-20,0.0,0.003461526838291323,0.0,0.0008772493084046685,0.0,0.0,0.00217807885731783,5.947416973709565e-20,0.0,0.0,0.0010927621252042165,0.0,0.0,0.0,0.0,8.420918087379747e-05,0.0,0.0004614837196825845,0.0,0.0,0.0021418223536768433,0.013799882408502015,0.0,0.02528892931661454,7.434271217136957e-20,0.0,0.0,0.0014323947192698687,0.014895767280740674,0.0,0.0,0.0,0.0,0.0008920664782099595,0.0008917297805180208,0.0009153892485945787,2.9737084868547827e-20,0.0,0.0,0.004871239901337819,0.0,0.005206821408115963,0.0,5.947416973709565e-20,0.0,0.007248654304372237,0.015148237140166223,0.0,0.0005714424987347339,0.008159840146030306,0.0,0.002655679612969516,0.0,0.016397530548751788,0.040509817768819505,0.0,0.0,0.0,7.434271217136957e-20,0.0,0.0,0.0009851647940502205,0.010167047597481106,0.10125091598219291,0.018471267068934726,0.0,0.0,2.081595940798348e-19,0.0014943963008597723,7.434271217136957e-20,0.0,0.0,0.0059510452805485465,0.0,2.081595940798348e-19,2.6763376381693045e-19,5.947416973709565e-20,0.0,0.0014542159469312227,0.0,0.0,0.0,1.4868542434273914e-19,2.6763376381693045e-19,8.921125460564348e-20,0.0,1.189483394741913e-19,0.0,0.00034352035428215395,0.0,0.0,0.0,0.004778976088278297,0.009446094381771665,0.0,0.0060354428245270614,0.008227561095039136,0.0,0.0,0.0,0.0007567678057157228,0.0038362162224350703,7.434271217136957e-20,0.0,0.004124757446178802,0.00029514782538990627,0.0,0.0,8.921125460564348e-20,0.0,0.003252737567155458,2.9737084868547827e-20,0.0022524929220136772,0.0006100312548376722,0.0009509662932540233,0.02845922587116223,0.0,0.0,0.0,0.0,0.006032594332160593,0.0,0.0,0.0,0.01617546826630754,1.189483394741913e-19,0.0,0.0029188720020743,0.0,0.0,0.0015981878410978717,4.757933578967652e-19,0.0,2.973708486854783e-19,0.0,0.0,1.3381688190846523e-19,0.0007113772820941839,0.0,0.026011266231195502,0.0,0.03095084035160192,0.053188076268158545,0.006761762396848039,0.03930075905191593,0.030191318084924555,0.0,0.0,2.973708486854783e-19,0.008878615501146695,1.7842250921128696e-19,0.0969594827129621,0.0007055782773614027,0.0013978630357908152,0.006058893385939625,0.028824767811618846,0.009149439245599075,0.007373327724549746,0.05473594125179039,0.0028173647732165677,0.0005719684566660777,0.010838034589695213,0.0,0.05750585734418009,0.07585116267451465,0.0,0.02380482645332807,0.013956258122400674,1
glp_1e2141_sterile_1_CB4037_25.Rep_13,0.0007244999578645379,2.964348197871085e-20,0.0,0.0,0.0003137065677365024,0.0,0.0,0.0,0.0,0.0,0.0,0.003937025326881845,0.0,9.634131643081027e-20,0.0,0.0,0.00163800652945248,0.0,0.0,0.001546572026607071,0.0,0.0,8.151957544145484e-20,2.964348197871085e-20,0.0,0.0,0.0,0.0,0.0,0.0,0.0,0.004941949086815086,0.0,0.013288229020038563,7.410870494677713e-21,0.0,0.0,2.223261148403314e-19,0.016259153588190994,0.0,0.0,0.0,0.0,0.0020887139135425965,0.0010818153175074822,0.0,5.92869639574217e-20,0.0,0.0,0.0007159814592764006,0.0,0.004922725692971143,0.0,2.371478558296868e-19,0.0022907879102216627,0.00857593316079539,0.009761505316145537,0.0,0.0006861196686800365,0.00892439318418367,0.0,0.003515319925516041,0.0013876371049695243,0.010550845506469047,0.04013722648103992,0.0,0.0,0.0,0.0,0.0,0.0,0.0,0.006241454350314912,0.10134996519399285,0.022068993377738384,1.778608918722651e-19,0.0,7.410870494677713e-20,0.001801704291946196,2.2232611484033138e-20,0.0,0.0,0.003839626304816069,0.0,0.0,0.0,0.0,0.0,0.0,1.4821740989355425e-20,0.0,2.964348197871085e-20,2.5196959681904227e-19,0.0,0.0,0.0,0.0,0.0,0.0,0.0,0.0,9.634131643081027e-20,0.0,0.0027369368240092685,0.0013031504394236898,0.0046659503139416325,0.012908254977997682,0.0,1.185739279148434e-19,0.0,0.0,0.0028747603763127965,0.0006052761626295473,0.0,0.000548969236079197,0.0,1.630391508829097e-19,0.0,0.0,0.0,0.004666774658146597,0.0,0.0026024073187727926,0.000597716408001543,3.7054352473388563e-20,0.07436977491931485,0.0,0.0,0.0,0.0038608928575129256,0.003572818503843354,0.0,0.0,0.0,0.046388040717752946,0.0,0.0016082101660440736,0.0019799600553050177,0.0015110601658847392,0.0,0.0012708583864000028,2.371478558296868e-19,0.0,5.039391936380845e-19,0.0,0.0,0.0,7.410870494677713e-21,0.0,0.02879566624621577,0.0,0.006397359495615107,0.05293555960144673,0.03570913063416295,0.027128974762793533,0.02891531190275328,0.0,0.0,0.0,0.011570308504255687,1.4821740989355425e-19,0.09590634809165438,0.0005279965091140403,0.0012446877585759145,0.015440665550729822,0.00973542812440879,0.0014352685218248415,0.007495352382666161,0.06717542749058053,0.0008252942894068687,0.001112129986897617,0.007372070591782646,0.0,0.0529910985972979,0.07244454172001771,0.00016505076548689485,0.012944867460438426,0.021069758260788028,1
glp_1e2141_sterile_1_CB4037_25.Rep_14,0.000732698804667114,0.00018552972982906665,0.0008895719410762176,0.0,0.002171354537090487,0.0,0.00015455654050621197,0.0,0.0,0.0,1.4989472101552279e-19,0.003969583269242679,0.0,0.0006056843839027963,1.7987366521862733e-19,0.0,0.00047982371155237685,0.0,0.0,0.004374610724386081,0.0004398071153481506,0.0,5.995788840620911e-20,0.0,0.0,0.0,1.349052489139705e-19,0.00018573467990190657,0.0,0.0,0.0,0.01094242193838979,0.0,0.018135452876237825,0.0,0.0,0.0,0.0007317171508579817,0.008866696109440622,0.0,0.0,0.0,1.6488419311707505e-19,0.0010095903458553607,0.0023169629765078413,0.000988547787503155,5.995788840620911e-20,0.0,0.0,0.003613066779381085,0.0,0.009689791609400046,7.494736050776139e-20,0.0,0.0011742648471723609,0.005902658368314808,0.012819391759639361,0.0,3.254093589255419e-05,0.011437999143684508,0.0,0.0021967004202106274,0.002062687650138513,0.008943546914478748,0.025807950166316672,0.0,0.0,0.0,0.0,1.4989472101552279e-19,5.995788840620911e-20,0.0,0.00693744108691424,0.10702078346186052,0.019187165578870333,0.0,0.0,0.0,0.0015789122832681139,0.0,0.0,0.0,0.002848297380894739,0.0,0.0,0.0,0.0,0.0,0.001299522623395511,8.993683260931367e-20,0.0,1.1991577681241822e-19,0.0,0.0,0.0,0.0,0.0,0.001162165189033051,0.00029196055097648174,5.995788840620911e-20,0.0,4.4968416304656834e-20,0.001616468250665345,0.005830677115958916,0.0011770876958965087,0.00751663274366522,0.017109643917912306,1.1991577681241822e-19,0.0,0.0,0.0,0.003635555629552086,0.0006536014596698308,0.0,0.004349128312312257,0.0002508483722905385,2.0985260942173188e-19,0.0,0.0,0.0,0.003730757770370515,0.0,0.002764299052138532,0.0010101161653031721,0.0009646477321870072,0.05924718180497621,0.0,0.0,0.0,0.0031317282951038713,0.004233750462661061,0.0,0.0,0.0,0.026329953302046537,2.3983155362483643e-19,0.001136400370979949,0.0016542022207644287,0.00032642161579730326,0.0,0.0,1.7987366521862733e-19,0.0,6.595367724683002e-19,8.993683260931367e-20,1.4989472101552279e-19,0.0,0.0007754226480128488,0.0,0.030147973969273403,0.00026129743449506906,0.013884968631652806,0.052840217103703166,0.02293021972695237,0.03366512008354534,0.035433361378087995,0.0,0.0,5.995788840620911e-20,0.009481488758243076,5.995788840620911e-20,0.09303436641320346,0.0,0.0009712539931099449,0.013797668912526229,0.008721583360862229,0.004343461469870559,0.007967994652025948,0.06793562220545152,8.98163260884699e-05,0.0035641770620308145,0.00794208249195422,0.0,0.05208351654564572,0.07917393064395052,0.0,0.011611727078719018,0.021486435448205752,1
glp_1e2141_sterile_1_CB4037_25.Rep_15,0.0010264377361289762,0.00042172341567457195,0.0009822508159353317,0.0,0.0027877240774988685,0.0,0.0007772880435951275,0.0,0.0,1.0576868526159096e-19,1.662079339825001e-19,0.004006583965203278,0.0,0.0002844144779693816,0.0002221351938445941,0.0,0.0007137633848360081,2.7197661924409107e-19,0.0,0.0038002134637005937,0.0003915744973994307,0.0,1.9642755834295465e-19,0.0,0.0,0.0002938215409314514,0.0,0.00016536559185646924,0.0,0.0,0.0,0.010073172360018699,0.0,0.01715052225594899,1.3598830962204553e-19,0.0,0.0,0.0008791575316227563,0.01198197994572552,0.0,0.0,0.0,1.5109812180227282e-20,0.0008077832037201707,0.0031780744743893003,0.0009007022120598646,0.0,0.0,0.0,0.0037367300705807983,0.0,0.00843304401241507,0.0,0.0,0.0025041731476073436,0.0051270599041422175,0.011675230825514414,0.0,0.0,0.014184238772677136,0.0,0.002706818363483091,0.0007141356546753776,0.0113415508875112,0.03710655754753143,0.0,0.0,0.0,0.0,1.5109812180227282e-20,0.0,0.0,0.004755253026459975,0.10787997913028749,0.01845364081718848,3.0219624360454564e-20,0.0,0.0,0.001581122179202554,4.532943654068184e-20,0.0,0.0,0.003987160787703724,0.0,1.5109812180227281e-19,1.2087849744181826e-19,0.0,0.0,0.001208937613656438,0.0,0.0,4.2307474104636386e-19,9.065887308136369e-20,0.0,3.0219624360454564e-20,0.0,0.0,0.0009681052605890467,0.00017212117178725647,0.0,0.0,0.0,0.0009180317511210867,0.0073251292802711,0.0012245466178354492,0.005620420895110802,0.017748235754061325,6.043924872090913e-20,0.0,0.0,0.0,0.0037335213501728747,0.000916844511753864,0.0,0.005417804670074133,0.00027136935708567004,0.0,0.0,0.0,1.2087849744181826e-19,0.0033972657999898183,3.0219624360454564e-20,0.002901408658410083,0.0007536888008306466,0.00117780123626454,0.06917593387350734,0.0,0.0,0.0,0.0013745636355541359,0.006342434585396917,0.0,1.5109812180227282e-20,0.0,0.016267333393733183,1.8131774616272737e-19,0.0017286082364232633,0.0010039276869172004,0.00041065130071890263,0.0,0.00018626215056232118,0.0,0.0,5.439532384881821e-19,1.5109812180227281e-19,1.8131774616272737e-19,1.5109812180227281e-19,0.001102265816319992,0.0,0.03138045325215403,0.0023165218912619572,0.007271918467157184,0.05150654261680596,0.02571133248641808,0.0267133479996125,0.027299246401789816,0.0,0.0,0.0,0.009777607558621264,0.0,0.10036529449678888,0.0,0.0024910837563407134,0.018432828655602914,0.016846113255823497,0.004752796223913212,0.010676533967112854,0.057691503646143526,1.2087849744181826e-19,0.0005226488095559049,0.00898019832506417,0.0,0.06096232794287375,0.055310635469517394,0.0012965547168708633,0.016917910168769364,0.016398003168615036,1
glp_1e2141_sterile_1_CB4037_25.Rep_16,0.0004035169962140969,0.00016398135851308112,0.00029497356556055924,0.0,0.0016551479492718133,0.0,0.0,0.0,0.0,0.0,0.0,0.004776262761467341,2.7327770075756486e-20,8.881525274620857e-20,0.0,1.7763050549241715e-19,0.00030244834802034987,0.0,0.0,0.002618407950862026,0.000570452660900712,0.0,0.0,0.0,0.0,0.0006313595986847404,0.0,0.00024090752212526726,1.639666204545389e-19,0.0,0.0,0.00858880124939529,0.0,0.01693719660807837,4.4407626373104287e-20,0.0,0.0,8.198331022726945e-20,0.015676974669975082,0.0,0.0,0.0,5.465554015151297e-20,0.0006726264018112288,0.002018772251319617,0.0010068081686167656,2.7327770075756486e-20,0.0,0.0,0.002549163649361297,0.0,0.004110597185547879,4.4407626373104287e-20,0.0,0.001187329832900231,0.00846193555653988,0.01677868433888946,0.0,0.0004671246897470068,0.008682648788221408,0.0,0.00252128827357444,0.001265394382580578,0.010013643528969494,0.03714922922001283,0.0,0.0,0.0,1.6055064919506935e-19,0.0,0.0,0.0,0.007416430422527117,0.0975564497521623,0.01727671412975916,3.006054708333213e-19,0.0,0.0,0.001478914379246658,2.0154230430870407e-19,0.0,0.0,0.0043760936107166085,0.0,2.0495827556817363e-20,2.8010964327650397e-19,2.186221606060519e-19,0.0,2.0495827556817363e-20,6.14874826704521e-20,0.0,0.0,2.8694158579544307e-19,7.515136770833033e-20,0.0,0.0,0.0,0.00140528381523093,0.0,0.0,0.0,6.14874826704521e-20,0.0014038240142196718,0.004648716972386335,0.0010701046829392203,0.004281994050176147,0.01911291040275825,0.0,0.0,0.0,8.733592223912094e-05,0.003234714102229747,0.00033975318185592044,0.0,0.003697867040289182,0.0,3.415971259469561e-20,0.0,0.0,0.0,0.0034250062378978715,1.1614302282196507e-19,0.0026256628921790233,0.0011078763707502268,0.0006444589760302105,0.06255617188096999,9.223122400567814e-20,0.0,0.0,0.003110752386249143,0.003527059074806502,0.0,7.173539644886077e-20,0.0,0.029604182277069523,1.0931108030302594e-19,0.0,0.002055497066612181,0.001497392021282433,0.0,0.000383559536650315,3.825887810605908e-19,0.0,4.50908206249982e-19,2.0495827556817363e-20,1.3663885037878243e-19,1.4347079289772153e-19,0.0006853610974376392,0.0,0.026183675304099138,0.0,0.025178953788286444,0.04892647750896163,0.029236300240634075,0.035962012315905456,0.030371316775479735,0.0,0.0,0.0,0.008007298207138244,0.0,0.09441256588832643,0.0,0.0020394034785475314,0.015233088354985751,0.011091295024812353,0.004784969210288216,0.008747604236241022,0.075267909153473,0.0,0.0,0.00919950692236908,0.0,0.045357089320053015,0.06653836905352727,0.0011104705762160598,0.012663790257648877,0.021332140579174423,1
glp_1e2141_sterile_1_CB4037_25.Rep_17,0.000686683058764779,0.00022027427498290668,0.0007874744002471853,0.0,0.0023716789797119885,0.0,0.0006929169918665038,0.0,0.0,0.0,2.4584152248097887e-20,0.004265014999384463,0.0,0.0005676455355668198,0.0,0.0,0.0004062753912033599,5.619234799565231e-20,0.0,0.001768063159148627,0.0007514901809273294,0.0,0.0,0.0,0.0,0.0,0.0,0.0003173613689571024,5.619234799565231e-20,0.0,0.0,0.006739974745374865,0.0,0.01595691314067946,4.565628274646751e-20,0.0,0.0,0.001055660951229084,0.018091784083220108,0.0,0.0,0.0,0.0,0.0004067062260386995,0.0016925487213688977,0.0,0.0,0.0,0.0,0.003568563646307726,0.0,0.004423886722809149,0.0,2.8096173997826156e-20,0.0,0.005756758321865613,0.013975393613185566,0.0,0.0018281915523278042,0.010507612526954336,0.0,0.0014013645143207884,0.0006451627687004144,0.009435606387559019,0.03573008785650569,0.0,0.0,0.0,0.0,0.0,4.2144260996739236e-20,0.0018184639981226104,0.007867159324284142,0.10029954801466034,0.017964179091619337,0.0,0.0,2.1774534848315274e-19,0.0016486219624010595,0.0,0.0,0.0,0.004242664017121249,0.0,2.1072130498369618e-20,1.4750491348858733e-19,1.6857704398695695e-19,0.0,0.0017717278268163839,2.317934354820658e-19,0.0,4.635868709641316e-19,0.0,0.0,0.0,0.0,0.0,0.0,7.02404349945654e-20,0.0,0.0,6.321639149510885e-20,0.0005804074386444175,0.005917062151878015,0.0011825000235984452,0.005679645911003675,0.019650328394600725,0.0,0.0,0.0,0.000266625244269381,0.004127323579181871,0.0007509781005132875,0.0,0.0037622729225668026,1.636050810181089e-05,7.726447849402193e-20,2.1072130498369618e-20,0.0,0.0,0.003377299960314796,7.024043499456539e-21,0.002433382265690921,0.0013000915925168652,0.0008448790023214654,0.0637021736426346,0.0,0.0,0.0,0.0018292935308563618,0.0052593214584892075,0.0,0.0,0.0,0.0313523519390866,0.0,0.00209794206867298,0.0010247953417243277,0.0002975423023361253,0.0,0.0,8.428852199347847e-19,9.833660899239155e-20,3.5120217497282695e-19,0.0,0.0,0.0,0.0009206376883840864,0.0,0.030605939541684956,0.0,0.005243473313035706,0.05055100880949339,0.030085383077609894,0.028101490818878486,0.03269886634304527,0.0,0.0,1.1238469599130462e-19,0.009190625695403081,0.0,0.09362488790355744,0.0,0.0006852264182528057,0.016183961148585495,0.01477982666338001,0.00560891010035189,0.007455505897240113,0.06366905549453221,0.0,0.0037102995713722514,0.009657916414703963,0.0,0.04717074677899901,0.07176603157662745,0.006003472275309936,0.01377168569066758,0.02339901304564899,1
glp_1e2141_sterile_1_CB4037_25.Rep_18,0.000782055804802071,0.0,0.0010105379764409929,0.0,0.002513306642574385,0.0,0.0010816574483100564,0.0,0.0,0.0,0.0,0.004279436260957019,0.0,0.0006464852751115841,0.0,0.0,0.002071628054613607,0.0,0.0,0.0013550661303559635,3.163053444439607e-05,0.0,9.599527330958517e-20,0.0,0.0,0.0,6.399684887305677e-20,1.3357872087870916e-05,0.0,0.0,0.0,0.011894981042361986,0.0,0.01696076093504053,0.0,0.0,0.0,0.0012323622899924934,0.0041243052960448605,0.0,0.0,0.0,0.0,0.0012472714919909414,0.00199676343145866,0.001025087653865478,0.0,0.0,0.0,0.004495454469249914,0.0,0.006882595828643091,0.0,0.0,0.0,0.0054340158823427106,0.01377581556811658,0.0,0.0,0.015079058945853903,0.0,0.002196356702071726,0.0,0.00939273743847563,0.030979091213949678,0.0,0.0,0.0,0.0,0.0,0.0,0.0,0.006809180160188832,0.114230055252839,0.017553641649829713,7.999606109132096e-20,0.0,2.3998818327396292e-20,0.0016374618818146205,0.0,0.0,0.0,0.0,0.0,1.999901527283024e-19,3.27983850474416e-19,0.0,0.0,0.0017594918096636375,1.999901527283024e-19,0.0,0.0,0.0,8.799566720045307e-20,1.5999212218264194e-20,0.0,0.0,0.0011700991802526318,0.0,4.3197872989313323e-19,0.0,0.0,0.00028884610542345056,0.007797596073535919,0.0,0.005665844120142269,0.0171149454018644,0.0,7.999606109132096e-20,0.0,2.1905014451912683e-05,0.004226826297339233,0.0006029323944605424,0.0,0.0058218544395644166,0.00016645943768845009,1.0399487941871726e-19,0.0,0.0,0.0,0.003491525369497646,0.0,0.002660752692472319,0.0,0.0006466886270886344,0.07324779641451555,0.0,0.0,0.0,0.0036204948977045276,0.003333158633052656,0.0,1.999901527283024e-20,0.0,0.03327432813811968,0.0,0.00346260746039894,0.0010865448086578642,0.00032390579987397726,0.0,0.0,0.0,0.0,7.839613986949455e-19,0.0,0.0,1.0399487941871726e-19,0.0006877322586024928,0.0,0.029001187180272454,0.0,0.009672999143877946,0.051852354447122634,0.0168308587290909,0.02712460202988813,0.029620638531928305,0.0,0.0,0.0,0.007253507611678134,0.0,0.10662155697366187,0.0,4.5703557995078284e-05,0.015509549763950536,0.013649396719342509,0.008165911220681868,0.008132644703723043,0.07251198904678446,0.0,0.00396298786296889,0.006443824302821,0.0,0.05057342741087669,0.0675097334483437,0.0,0.008989926466210258,0.015322706340582191,1
glp_1e2141_sterile_1_CB4037_25.Rep_19,0.0010511580980223554,0.0,0.001089387996396237,0.0,0.0031529971156683784,0.0,0.0012093534484400902,0.0,0.0,2.911211491553471e-20,0.0,0.004440220268619754,0.0,0.0009073500325506019,0.0,0.0,0.0005402325916924915,0.0,0.0,0.0012816766351271419,0.000347208988251992,0.0,0.0,0.0,0.0,0.0,0.0,0.00014662962021657922,0.0,0.0,0.0,0.0072043059482563435,0.0,0.017225020671314664,0.0,0.0,0.0,0.0012765101304194168,0.005323766158234209,0.0,0.0,0.0,0.0,0.0008296333525658196,0.0012656301913455265,0.0011215746890998913,0.0,4.90747080004728e-19,0.0,0.005862995336369605,0.0,0.005966008878016649,0.0,0.0,0.00033481199393748165,0.00602292241302983,0.007919354708094335,0.0,0.000597684308380462,0.010925252880121064,0.0012337008447082518,0.0029487832402112896,0.0,0.01090644865202746,0.018723104583981354,0.0,0.0,0.0,0.0,0.0,7.153262522102815e-19,0.0,0.006580120318202284,0.11877293706578404,0.014923704628882187,0.0,0.0,0.0,0.0018518509302513947,0.0,0.0,0.0,0.005004707179236714,0.0,0.0,0.0,0.0,0.0,0.0018437520539221236,3.4102763186769237e-19,0.0,0.0,0.0,7.485972406851784e-20,1.3308395389958726e-19,0.0,1.3308395389958726e-19,0.0013779750239562905,0.00027712572357250045,0.0,0.0,0.0,2.5476361674502472e-05,0.012304712357009303,0.0,0.002824802963829311,0.017035903085079317,2.661679077991745e-19,0.0,0.0,0.00024045176722713713,0.004854837726798093,0.0006401965732218933,0.0,0.007195395743458507,0.0002381024985926926,0.0,0.0,0.0,0.0,0.0033239451988366802,0.0,0.0025040412289297556,0.0,0.0009781524418251539,0.07352230243979964,0.0,0.0,0.0,0.0023410491189996287,0.004515722645615297,0.0001164058136024256,0.0,0.0,0.015714812485692245,1.996259308493809e-19,0.0,0.003170199850092959,0.0008192093061663465,0.0,0.0,0.0,0.0,1.6635494237448407e-20,2.245791722055535e-19,1.996259308493809e-19,0.0,0.0007982612492493944,0.0,0.03064168932524941,0.0,0.025926226066444756,0.05049756279097291,0.03308840825758977,0.04251417765248602,0.03976055413422529,0.0,0.0,0.0,0.0077918986293524835,0.0,0.10769649678140229,0.0019587097384233506,0.0,0.005039967849944368,0.008403066422079752,0.005712190637216282,0.008788215855064285,0.06782492510204977,0.0020159383360536173,0.0,0.010177665989522923,0.0,0.04644672798010381,0.05983903940266977,0.0,0.014924653920771108,0.00730200757377102,1
glp_1e2141_sterile_1_CB4037_25.Rep_2,0.0004911365969574751,0.00012126529805623586,0.0008368550305208995,0.0,0.0022672419427135276,0.0,0.0005683569761999944,0.0,0.0,6.033256685620924e-20,1.0665532418026503e-19,0.004598790298091435,0.0,0.0005843600988378365,0.0,0.0,0.001878527291106728,4.361118128557447e-20,0.0,0.002600284218794963,0.0,0.0,1.5591562221267557e-19,0.0,0.0,0.0,0.0,0.0,0.0,0.0,0.0,0.005611405687265632,0.0,0.03130112396337199,6.191431954532334e-20,0.0,0.0,0.001099824007704803,0.003709566964880517,0.0,0.00010759562688958294,0.0,0.0,0.0009740457736226585,0.00209666926396242,0.0030196729583182626,0.0,5.423152076962628e-20,0.0,0.003972933414991675,0.0,0.013238898274578073,1.0665532418026503e-19,8.948200926988337e-20,0.0026726984670810603,0.008008283566503783,0.006744193937069212,0.0,0.0,0.011994262851453651,0.0,0.001976931571380839,0.0016553653815725951,0.007591777354501201,0.03824774496662927,0.0,0.0,0.0,0.0,0.0,1.0394374814178371e-20,0.005797176937976922,0.003659459556289626,0.10325291069665757,0.023379398612756095,1.4100195400102835e-19,0.0,0.0,0.0014951719202253317,7.886166978583156e-20,0.0,0.0,0.004278200714814379,4.2210200332359126e-19,2.892347774380069e-20,7.953956379545188e-20,6.778940096203286e-21,0.0,0.001462224246696248,8.677043323140206e-20,0.0,1.4009809532153456e-19,1.8529102929622313e-20,1.4574721206837065e-19,2.0472399090533923e-19,0.0,0.0,0.0011244712457676677,0.0,4.293328727595414e-20,0.0,0.0,0.0010879704706061152,0.006485095016855663,0.0014063899972936948,0.005606465140241134,0.015072854280288511,2.9194635347648815e-19,0.0,0.0,0.0,0.0037122003943712294,0.00042973526692800806,0.0,0.004783457164119235,0.00020250636485918825,0.0,0.0,0.0,0.0,0.0033507063907838395,2.8222987267193014e-19,0.002373839213136598,0.0003720237262552828,0.0005972778141994602,0.06602208656709002,5.4005556099752845e-20,0.0,0.0,0.002206298922667578,0.004567000122373661,0.0,4.1803463926586925e-20,0.0,0.02518458686972603,0.0011646590335825427,0.0006045901857842516,0.001842374780633441,0.0004457778925380497,0.0,0.0011054449152145276,0.0,2.1014714298230185e-19,2.4494570214281203e-19,0.0,1.1298233493672143e-20,8.202517516405976e-20,0.0006351854709766774,0.0,0.03553805768955332,0.0,0.011693294670973825,0.05076709149527021,0.01600731481596607,0.02941666941064847,0.02851296698540962,5.2423803410638745e-20,0.0,0.0,0.006521024887943423,2.0336820288609858e-20,0.0999254509473742,0.0,0.0014803919929367519,0.012033152318266743,0.010402978262894387,0.001330157379488338,0.007022821968763325,0.06924598518649906,0.000749625304072663,0.0008898477287511198,0.006967390781156767,0.0,0.05187367124857301,0.07656126000983582,0.0,0.014073295718461741,0.017310199482396083,1
glp_1e2141_sterile_1_CB4037_25.Rep_20,0.0007637109087777751,0.00023326513105711945,0.001034571451998708,0.0,0.0027440636917172695,0.0,0.0010110497674179842,0.0,0.0,2.187348007530489e-19,0.0,0.004141732886532946,0.0,0.0,0.0,0.0,0.000430235815696992,2.499826294320559e-19,0.0,0.0012299453434019417,0.0003496881861957805,0.0,0.0,0.0,0.0,0.0,0.0,0.00014767660881779437,1.2499131471602795e-19,0.0,0.0,0.006502670454855535,0.0,0.02148645136292354,3.1247828679006987e-20,0.0,0.0,0.0012791181556419632,0.011488671959905827,0.0,0.0,0.0,0.0,0.0005414722682231828,0.0007661462364523895,0.001035335333576974,0.0,0.0,0.0,0.003732330647520717,0.0,0.009344110329251837,1.2499131471602795e-19,0.0,0.0,0.007604471989520444,0.014423821476059655,0.0,0.0010418938096069853,0.009418099993685461,0.0,0.0028283648896242166,0.0,0.013494537983316542,0.03201211768429816,0.0,0.0,0.0,9.374348603702097e-20,3.1247828679006987e-20,0.0,0.0,0.0045035591220025485,0.1115505297335657,0.016377568928247887,0.0,0.0,0.0,0.0016062375595719536,0.0,0.0,0.0,0.004114218506921929,0.0,0.0,1.5623914339503494e-19,0.0,6.249565735801397e-20,0.0,0.0,0.0,0.0,0.0,0.0,6.249565735801397e-20,0.0,0.0,0.001192476641295574,0.0,0.0,0.0,0.0,0.0,0.008268861324838742,0.0013682556396019518,0.005691120554446814,0.01599997491497359,0.0,0.0,0.0,0.00014723215401042303,0.004285999450080504,0.0004370470024761622,0.0,0.005561824851027394,1.5623914339503493e-20,0.0,1.5623914339503494e-19,0.0,1.8748697207404193e-19,0.0034231473008498776,1.8748697207404193e-19,0.002395861469957027,0.0006947294535275359,0.0009167493724149883,0.06239641617065322,2.187348007530489e-19,0.0,0.0,0.002004436275855344,0.004727243482329379,0.0,0.0,0.0,0.029459664441277296,1.8748697207404193e-19,0.0,0.0022300693152100246,0.00020903302386512853,0.0,0.0002143227266224912,1.2499131471602795e-19,0.0,0.0,0.0,0.0,7.811957169751747e-20,0.0008912921224476297,0.0,0.03405381559687156,0.0013095391333727633,0.013694341628195248,0.05763137954292309,0.019722432161695044,0.034421335875072644,0.03518174286967585,0.0,0.0,0.0,0.01119805533455277,4.687174301851048e-19,0.10378016253099999,0.0017814491209261836,0.0,0.0071781660704801735,0.009453176942973658,0.0033003926496339734,0.008854707507786198,0.07088545113265551,0.0,0.00011243501644533904,0.009041780314431197,0.0,0.04898696251656818,0.05694534090531506,0.001249296113054909,0.01159310536062593,0.01987150577159594,1
glp_1e2141_sterile_1_CB4037_25.Rep_21,0.0006494539500537908,0.0,2.923020751206714e-19,0.0,0.0023052528485060786,0.0,0.0006914207731010257,0.0,0.0,0.0,0.0,0.0039921484515788655,0.0,0.0,0.0,0.0,0.0017632543311032964,0.0,0.0,0.002495648022152938,0.0004762699862090867,0.0,0.0,0.0,0.0,0.0,0.0,0.00020113329309237222,0.0,0.0,0.0,0.00976870669893526,0.0,0.01560003976928259,0.0,0.0,0.0,0.0009635980679634181,0.018115555679585667,0.0012488015501368201,0.0005325291852422878,0.0,0.0,0.0005927709721262982,0.002205242810893792,2.547232759932271e-05,0.0,0.0,0.0,0.0035900193713934627,0.0,0.0041024627321818415,5.314583184012207e-20,0.0,0.0017596095487164044,0.007736416387913139,0.006947057220577553,0.0,0.0017115843191398065,0.00964673735729961,0.0,0.003145757646666941,0.0010844556845870353,0.014532771537271462,0.03902253259331972,0.0,0.0,0.0,0.0,1.3286457960030517e-20,1.594374955203662e-19,0.0,0.004280633855456922,0.09486172232631779,0.017510575224469013,2.1258332736048827e-19,0.0,0.0,0.0015259970578634923,3.985937388009155e-20,0.0,0.0,0.0021075528271816127,0.0,0.0,0.0,0.0,3.985937388009155e-20,0.001631680190844999,0.0,0.0,0.0,4.517395706410376e-19,0.0,1.0629166368024414e-19,0.0,0.0,0.0,0.000292036877161124,0.0,0.0,0.0,0.0010456418426236607,0.007518923906868548,0.001150378183082006,0.0034237724323654094,0.013278869373808335,1.0629166368024414e-19,1.3286457960030517e-20,0.0,0.0003298300554883816,0.003782380290156212,0.000839158558152681,0.0,0.0032689319726472055,0.00044328986920901735,7.97187477601831e-20,1.3286457960030518e-19,0.0,0.0,0.003408365700669609,0.0,0.002361537934963864,0.0006572727536566011,0.0008456036876567923,0.059647258116718414,0.0,0.0,0.0,0.0006398178070041819,0.006917958200004015,0.0,0.0,0.0,0.03349645928756064,0.0008204144907824416,0.0,0.00239250714292214,0.001287635779535577,0.0,0.0,0.0,4.783124865610987e-19,1.594374955203662e-19,0.0,0.0,0.0,0.0006682963737463858,0.0,0.032791411101407424,0.0,0.026615393148534516,0.0496851558429602,0.024023942444305356,0.03785624944908738,0.03236606489242804,0.0,0.0,0.0,0.01034677948201,0.0,0.08825386113817395,0.00012393840345190768,0.0013241565368868442,0.017528831607217236,0.0150456807049048,0.006031709031766257,0.00653778083213436,0.0644057333204762,0.0,0.00043081736590786564,0.011738768511639434,0.0,0.04498373332701264,0.06598249484690014,0.007876228604058374,0.008050029934581402,0.022660034238608934,1
glp_1e2141_sterile_1_CB4037_25.Rep_22,0.0007000017788325101,0.0,0.0,0.0,0.0026257547127401712,0.0,0.0006810229059612845,0.0,0.0,0.0,1.616973475878875e-19,0.005060940035582086,0.0,0.0008910001068714609,0.0,0.0,0.0005398681830609696,5.389911586262917e-20,0.0,0.0023182837823150925,0.0008069889535952487,0.0,0.0,0.0,0.0,0.0,0.0,0.00038850160275405465,0.0,0.0,0.0,0.009351926675954856,0.0,0.015120175979877361,0.0,0.0,0.0,0.0009023935007917147,0.012764939159334972,0.0,0.000824378115219022,0.0,2.4254602138183124e-19,0.0010806201183649064,0.0009260243968659329,0.0010350979956082825,0.0,8.084867379394375e-20,0.0,0.003685466861143669,0.0,0.005081940030579421,2.0212168448485939e-19,0.0,0.003987077127738942,0.0077963464521607845,0.009572546311154813,0.0,0.0,0.014235838777573192,0.0,0.0021468322923922714,0.0006515251999168475,0.016603941265423475,0.03041736541503406,0.0,0.0,0.0,8.084867379394375e-20,0.0,1.616973475878875e-19,0.0007902228416818356,0.007832965922804426,0.09620628345748769,0.022255856112536027,0.0,0.0,2.6949557931314584e-20,0.0015006635819181987,4.0424336896971876e-20,0.0,0.0,0.002149566811699877,0.0,0.0,0.0,0.0,0.0,0.0015013361978358755,0.0,0.0,2.4254602138183124e-19,0.0,0.0,0.0,0.0,0.0,0.0013574235114753586,0.0,5.389911586262917e-20,0.0,0.0,0.001126150850302245,0.011056705769821762,0.0011305039479881942,0.00678590099794109,0.013799110821429528,0.0,1.0779823172525834e-19,0.0,0.0006370874917005706,0.0037766079691062865,0.0008604452538091922,0.0,0.005719794014619783,0.00043390452824039927,1.3474778965657293e-19,0.0,0.0,0.0,0.0027918926736384105,0.0,0.002485011339726866,0.0007642291455410994,0.0008349542604199066,0.06179990551568279,0.0,0.0,0.0,0.0007770722814994707,0.006570671638668605,0.0,2.0212168448485939e-19,0.0,0.021974685808060786,0.0,0.0,0.002709144598694454,0.0,0.0,0.0015876196073649623,5.389911586262917e-19,0.0,1.616973475878875e-19,5.389911586262917e-20,0.0,2.6949557931314584e-20,0.0005957207661079145,0.0,0.02902723494104071,0.0,0.02816776735609677,0.050715931790863096,0.017586409798341897,0.03464893680542579,0.028915342854801924,0.0,0.0,2.6949557931314584e-20,0.0094649892742619,5.389911586262917e-20,0.08950476306628635,0.0015703255318884899,0.0,0.016168029767937433,0.01645290550472591,0.004486388266865292,0.007331102837674401,0.06303589619131211,0.0,0.0035229995675958485,0.007902690890056558,0.0,0.05093894168535055,0.07226183352493556,0.0031479383666188528,0.011081740603071925,0.022059595920197753,1
glp_1e2141_sterile_1_CB4037_25.Rep_26,0.0006903078666186691,0.00016553473717999847,0.0009074230780228947,0.0,0.0022456786111923997,0.0,0.0008073587161676074,0.0,0.0,0.0,0.0,0.0037500048379435443,0.0,0.0005706419776215425,0.0,0.0,0.0018660157686779557,0.0,0.0,0.002999693023889075,0.0003892805080893544,0.0,0.0,0.0,0.0,0.0001088243562577649,0.0,0.00016439681860261162,9.444249954082571e-20,0.0,0.0,0.007475503710712011,0.0,0.018514601086024925,0.0,0.0,0.0,0.0009488652942122443,0.011716862121114653,0.0,0.0,0.0,0.0,0.0009511796025419317,0.0026809244071219385,0.0009130563000646208,1.8976763926427596e-20,0.0,0.0,0.003860117271767632,0.0,0.008575576712098718,1.1992873481410927e-19,0.0,0.004548342941249354,0.00722130515050768,0.018733563680028556,0.0,0.0,0.014986376102610997,0.0,0.0019626934609872967,0.0013481895699291254,0.012625926658495462,0.03641049522987446,0.0,0.0,0.0,0.0,8.671939794286099e-20,2.0124196163839497e-19,0.0,0.003157235149989482,0.10082900128243015,0.017654045205792612,0.0,0.0,0.0,0.001458466430023248,9.267721917557663e-21,0.0,0.0,0.004542920967624857,0.0,2.868580593529753e-20,4.4132009131226964e-20,0.0,2.3831284930862563e-20,0.0008577982027158093,0.0,0.0,5.693029177928278e-20,0.0,0.0,9.885570045394841e-20,0.0,5.913689223584413e-20,0.000994069316096154,0.0,0.0,0.0,0.0,0.0009513169537224276,0.006551977134357483,0.001031575542099661,0.006094138629717615,0.017085474565397753,4.060144840072881e-20,4.43526691768831e-20,0.0,0.0002695874510288577,0.0033349315113299248,0.0007630516018827994,0.0,0.004879493296452114,0.00010657692923521918,6.332943310331069e-20,0.0,0.0,0.0,0.003226920987898299,1.2577622602399684e-19,0.0029038520560832675,0.0007713818879386002,0.0006505638701117464,0.06192166238203724,2.5817225341767776e-20,0.0,0.0,0.0032024206230588043,0.0035275244261034557,0.0,0.0,0.0,0.024757499353506154,0.0011332099736778315,0.00047735152953646843,0.0016574406436703293,0.0001979114000136879,0.0,0.0010826868438971846,0.0,0.0,5.693029177928279e-19,0.0,0.0,6.421207328593523e-20,0.0006918534531392157,0.0,0.03165582941410484,0.0012731776793266738,0.005909581343050791,0.048352534563932625,0.02304794607446648,0.02663437161373472,0.020119946425865405,0.0,0.0,0.0,0.008882467133597995,0.0,0.0961668231692455,0.0,1.983472174169654e-06,0.02020762440851054,0.021904841769857446,0.009378585835897046,0.008008755550410104,0.07578578637503482,0.00027501702690944224,0.004977997613515207,0.007482586277756048,0.0,0.04576743137963761,0.0699730249595912,0.001431525881425883,0.010673197001355796,0.01718628583042607,1
glp_1e2141_sterile_1_CB4037_25.Rep_27,0.0006805061275353708,0.0,0.0007173925836739085,0.0,0.002466249114621253,0.0,0.0008215842921049825,0.0,0.0,0.0,0.0,0.0036907754687350363,0.0,1.0441290010969616e-19,0.0,0.0,0.0017504338129388545,0.0,0.0,0.0017144559877707718,0.00031027128956515726,0.0,0.0,0.0,0.0,0.0,0.0,0.00013103048277087994,0.0,0.0,0.0,0.0075820506262322465,0.0,0.017423338529810647,1.7402150018282692e-20,0.0,0.0,0.0011306099693085968,0.020660142255220112,0.0006649253439019155,0.0004906465837927308,0.0,0.0,0.0002100464452971253,0.0018051360552832382,0.0,0.0,0.0,0.0,0.003421003938185947,0.0,0.00448876416050281,3.8284730040221926e-20,0.0,0.00013741985716145464,0.00741352647674663,0.0032009934880119053,0.0,0.0013191072935150971,0.008680767531527448,0.0,0.002714014256136409,0.0,0.009972700122095226,0.038388814718304125,0.0,0.0,9.745204010238309e-20,0.0,0.0,6.960860007313077e-20,0.0,0.005292777679128109,0.09939732186750347,0.017036075952019825,0.0,0.0,0.0,0.0,2.4363010025595772e-20,0.0,0.0,0.0034913004450807363,0.0,9.049118009507e-20,0.0,0.0,0.0,0.0,0.0,0.0,0.0,0.0,0.0,0.0,0.0,1.1137376011700923e-19,0.0011491513665920507,2.3666924024864465e-19,0.0,0.0,0.0,0.0,0.009696068293047425,0.0011720816040291257,0.003507804429434923,0.014256809539982594,0.0,0.0,0.0,0.00021487139567262286,0.003852058206130107,0.0007737612992462297,0.0,0.0045301084797368385,5.515213195897323e-05,0.0,0.0,0.0,0.0,0.0032079658295150024,0.0,0.0025878176919869552,0.0004409377096777425,0.00045150089537585996,0.0567945778864499,0.0,0.0,0.0,0.0014108247998994414,0.004919712769286223,0.0,0.0,0.0,0.03788443561689672,0.00011271364699368235,0.0,0.00243170744328081,0.0,0.0,0.0004992048901298634,5.568688005850461e-20,0.0,0.0,0.0,8.353032008775693e-20,0.0,0.00048015647334915916,0.0,0.0322598053702558,0.0008119550709460794,0.02327795697427858,0.05408356948205041,0.03346654525069235,0.03790400599339102,0.03299868980276564,0.0,0.0,0.0,0.007971876673089346,0.0,0.09619411349817866,0.0016907781717950493,0.00031772512953629715,0.01541686192408956,0.013915825629392255,0.006049395249459408,0.007654765589853628,0.07668820064104419,0.0,0.0,0.008735840803224492,0.0,0.030178572016395643,0.060054591859428,0.006410747312816241,0.00958384416464361,0.026700728239519453,1
glp_1e2141_sterile_1_CB4037_25.Rep_28,0.0007857251103689708,0.0001523258183251852,0.0,0.0,0.0024343581275267476,0.0,0.0007953714337191354,0.0,0.0,8.037139235347652e-20,2.4111417706042953e-20,0.004258906371405244,3.2148556941390606e-20,0.0,0.0,0.0,0.002057379962561073,0.0,0.0,0.0023984890605969014,6.229575269797754e-05,0.0,0.0,0.0,0.0,0.0,1.1251994929486712e-19,2.630808207240564e-05,9.644567082417181e-20,0.0,0.0,0.008445675502548324,0.0,0.01573679582933135,0.0,0.0,0.0,0.001035071745407232,0.012938877476813108,0.0,0.0,0.0,0.0,0.0006426188557235446,0.001112669086836153,0.0010836761470017899,1.2859422776556242e-19,0.0,0.0,0.003929414191381857,0.0,0.005438270355768538,2.4111417706042953e-20,2.5718845553112485e-19,0.0018140188827146667,0.0077240355273976895,0.012936707809069298,0.0,0.0011821912717357732,0.0103133958100909,0.0,0.0033655158281503846,0.0009807629161714107,0.012913264126135703,0.03592958547195198,0.0,0.0,0.0,0.0,0.0,0.0,0.0,0.005099031000396618,0.11476600802637871,0.019485631624070906,0.0,0.0,0.0,0.0017213644189333123,0.0,0.0,0.0,0.0035130656444264173,0.0,0.0,1.6074278470695303e-19,0.0,0.0,4.8222835412085906e-20,0.0,0.0,9.644567082417181e-20,2.4111417706042954e-19,8.037139235347652e-20,1.6074278470695303e-20,0.0,0.0,0.001094274549123141,0.0,1.6074278470695303e-19,0.0,4.8222835412085906e-20,0.0,0.007403564968203299,0.0014287744071746422,0.004978717222475662,0.014808789491206854,0.0,0.0,0.0,4.31415209104613e-05,0.004397670834945377,0.0004190842930220599,0.0,0.004270909733034251,5.9250919335771e-05,1.6074278470695303e-20,0.0,0.0,0.0,0.003902088370667833,0.0,0.0025298538882750966,0.0004557939490783643,0.0005986518332995875,0.07420479538104377,0.0,1.1431195657835829e-05,0.0,0.0042258400598328884,0.0008912096246549483,0.0,0.0,0.0,0.02974875892518178,1.6074278470695303e-19,0.0,0.003010097054163258,0.00030767218432325825,0.0,0.0005936774002150346,0.0,2.2503989858973423e-19,0.0,1.6074278470695303e-20,0.0,0.0,0.0006366466954663475,0.0,0.028727111341758316,0.000665320755789329,0.02832996982895802,0.05019230444168702,0.02946509932187254,0.03105945666773712,0.024394507390521108,0.0,0.0,0.0,0.0045430978950547355,0.0,0.1110675236958438,0.0013169678684120873,0.0006992602876701645,0.014940749484926444,0.008946441685496647,0.003786415351367366,0.009271667229994784,0.07118889700867702,0.0,0.0,0.007802137054273085,0.0,0.04610898296962275,0.048336365155926375,0.0,0.012035332265439578,0.012022890529970803,1
glp_1e2141_sterile_1_CB4037_25.Rep_29,0.00040402087567732487,0.00035285132394867436,0.0,0.0,0.002413633467286291,0.0,0.00087683165149093,0.0,0.0,0.0,0.0,0.005641513861272443,0.0,0.0006956549273273641,0.0,0.0,0.0005351470816209146,0.0,0.0,0.0011551332697983907,0.0003547440122304473,0.0,0.0,0.0,0.0,0.0,0.0,0.0001536163008517917,1.1134838493254707e-19,0.0,0.0,0.009389218303891281,0.0,0.02098485991066887,0.0,0.0,0.0,0.0012241422709916283,0.019057173961780756,0.0,0.0013133420810858925,0.0,8.351128869941031e-20,0.0008216105156764166,0.001415327817250078,0.0009470866851885325,0.0,1.3222620710739966e-19,0.0,0.003544665298274743,0.0,0.005767723323966515,5.915382949541564e-20,0.0,0.002214359945840014,0.0075679521860701066,0.007438043054459721,0.0,0.0004946456183692569,0.009784750447284291,0.0,0.002598159641281192,0.0,0.010438597590313783,0.02775840616829312,0.0,0.0,0.0,0.0,9.395019978683659e-20,0.0,0.0,0.008140207957613811,0.09937467537182278,0.018618319063246923,1.3918548116568383e-20,0.0,4.8714918407989347e-20,0.0014525558322478916,0.0,0.0,0.0,0.0012706866767016438,0.0,0.0,0.0,0.0,0.0,0.0014034436178420266,0.0,0.0,0.0,0.0,0.0,0.0,0.0,2.7837096233136767e-20,0.0010617114879285289,0.0,2.3661531798166255e-19,0.0,0.0,0.0005756368082077695,0.006587550863339771,0.0012201925715659898,0.003939930890946776,0.015674848090493035,0.0,0.0,0.0,0.0002519089319071454,0.003597687263857461,0.0007805661577105612,0.0,0.004863850500232876,0.00026353928917617614,6.959274058284192e-21,0.0,0.0,2.7837096233136767e-20,0.003113220231818913,0.0,0.002474924273040717,0.000841141842763863,0.0009929373455511107,0.06564507988336243,0.0,0.0,0.0,0.000271603080001585,0.006500619813778383,0.0,0.0,0.0,0.03215687725717329,0.0,0.0,0.0023317831718317524,0.0004172847388398517,0.0,0.001224817053091932,0.0,3.7580079914734636e-19,0.0,0.0,0.0,6.263346652455773e-20,0.0009325468964777383,0.0,0.03106851750927846,0.0,0.01939610190765359,0.05565331455627728,0.012138225419512625,0.03223572083370341,0.028707612236697544,0.0,0.0,0.0,0.011381636946497633,0.0,0.09617219681536551,0.0,0.0008379379822775075,0.01343561333766867,0.011094149756267139,0.003920850269455679,0.007915843557322316,0.07224085325921938,0.0,0.0022161294030929087,0.008849440700363507,0.0,0.04607353914063548,0.06747138228395771,0.005351277817108548,0.013830543473559845,0.028685754239321803,1
glp_1e2141_sterile_1_CB4037_25.Rep_3,0.0005724102599971945,0.0002049318450980063,0.0,0.0,0.001900779562584692,0.0,0.00047594957396639436,0.0003507419987819159,0.0,0.0,0.0,0.006188199728212721,0.0,0.0007172552112333172,0.0001372183873517299,0.0,0.00180502896948591,2.412477968758293e-19,0.0,0.0030278660189358686,0.0011179376666108469,0.0,1.4742920920189569e-19,0.0,0.0,0.0023714620622411024,0.0,0.000563765784396364,0.0,0.0,0.0006504896047188892,0.009370928420693123,0.0,0.02105063214010851,1.2397456228341227e-19,0.0,0.0,0.0016516354112822143,0.02241825758311879,0.0031121169053931904,0.0,1.2732522612890991e-19,9.381858767393362e-20,0.0005819696246114429,0.0021848045309572762,0.0007775993624571954,1.3402655381990517e-19,3.6857302300473923e-19,0.0,0.002808033415107262,0.0,0.004295930331246678,0.0,2.9485841840379137e-19,0.004516693314152694,0.004587924393996045,0.024992295406209467,0.0,0.0008795549030542496,0.007678518723038055,0.0,0.002460859695445478,0.0,0.016637816438133227,0.04021839376260009,0.0,0.0,0.0,0.0,1.1727323459241702e-19,0.0,0.003708136332018409,0.004588071517554871,0.09569134054436827,0.016442747345410704,2.6805310763981033e-20,1.5413053689289094e-19,0.0,0.001402241997978251,0.0,0.0,0.0,0.004967467660871903,3.6187169531374395e-19,0.0,6.031194921895733e-20,5.3610621527962065e-20,3.685730230047392e-20,0.0,6.031194921895733e-20,0.0,3.88677006077725e-19,1.4742920920189569e-19,0.0,5.3610621527962065e-20,0.0,1.0722124305592413e-19,0.0,0.0,2.0103983072985775e-19,0.0,0.0,0.0013199313699635165,0.006366417126629908,0.0014405078684608028,0.0027656235764540625,0.011855983472833677,0.0,2.0103983072985775e-19,0.0,0.000924495875799668,0.0034660885523207026,2.2449447764834113e-19,0.0,0.004407808377897121,0.00084337458267098,1.943385030388625e-19,0.0,0.0,0.0,0.0033042411534053716,2.211438138028435e-19,0.0014791876286367465,0.0018436220502408007,0.0018876489934197998,0.01917926776693055,0.0,0.0,0.0,0.0008141942789080619,0.004992512483968395,0.00047107460386550354,0.0,0.0,0.031255845343777504,0.0,0.0,0.002073710841859777,0.0005793793883905513,0.0,0.0007320867567144957,3.216637291677724e-19,0.0,8.711725998293836e-19,0.0,5.3610621527962065e-20,0.0,0.0004156375855996678,0.0,0.03438295475669392,0.0,0.03044335284988282,0.05209214856978038,0.011272016993403786,0.045000682313138474,0.034755098665092465,0.0,0.0,9.381858767393362e-20,0.00754584995690847,1.0722124305592413e-19,0.09260756225794503,0.00041979996102275925,0.0011950096027493378,0.020285881381136423,0.012267267721405994,0.002715626035905099,0.007245159880505189,0.06594512038681304,0.0005451417847888673,0.0009744462240703938,0.010373894561964567,0.0,0.04487461721985824,0.0637134261961275,0.008929528963772328,0.012426818736231799,0.02046194886863302,1
glp_1e2141_sterile_1_CB4037_25.Rep_30,0.0007635633553239199,0.00025920924096192364,0.0001189577471185325,0.0,0.0024474559108776405,0.0,0.0002573327733107192,0.0,0.0,0.0,0.0,0.0026727595321736635,0.0,6.348320556777545e-05,0.0,0.0,0.0019957939070040444,2.8612890657119336e-20,0.0,0.00426231597964634,0.00024314886715287346,0.0,0.0,0.0,0.0,0.0,0.0,0.00010268405269751194,0.0,0.0,0.002743666504712227,0.008711424374767717,0.0,0.01686201910154832,1.2875800795703701e-19,0.0,0.0,0.001057408010337308,0.008313919163180897,0.0,0.0,0.0,4.2919335985679005e-20,0.0009635862416879678,0.0018535896482134938,0.0009072118013097015,0.0,0.0,0.0,0.00322830604062555,0.0,0.0038497087096992376,1.0014511729991768e-19,0.0,0.0002952987070564122,0.008817793259644638,0.011923387076874363,0.0,0.0,0.01452462405442417,0.0,0.0022427121887925506,0.0025049496730421223,0.012044523292725097,0.034950310271714254,0.0,0.0,0.0,0.0,1.4306445328559668e-20,5.722578131423867e-20,0.0,0.006740528443137413,0.10214415672838632,0.01840796611722738,8.583867197135801e-20,0.0,0.0,0.0014209669253392272,0.0,0.0,0.0,0.002292026046092935,0.0,0.0,0.0,1.7167734394271602e-19,0.0,0.0014369937726333938,0.0,0.0,2.289031252569547e-19,0.0,2.8612890657119336e-20,0.0,0.0,2.289031252569547e-19,0.001026576801109099,0.00020123835960214468,2.8612890657119336e-19,0.0,2.8612890657119336e-20,0.00104008599695962,0.007308002206498741,0.001159959434050571,0.005784416936005885,0.014857971514417838,0.0,0.0,0.0,0.0,0.0034841558974654484,0.0007353724324288095,0.0,0.005229368250764072,0.00020636489195027168,8.583867197135801e-20,0.0,0.0,0.0,0.003071297312536619,0.0,0.002704308823310488,0.0005975363994456809,0.00094082072640105,0.06558937686667324,1.0014511729991768e-19,0.0,0.0,0.004209909198996635,0.0018445532156643918,0.0,1.2875800795703701e-19,0.0,0.02975290668158949,5.722578131423867e-20,0.0,0.0021500776178283686,0.0005280401738505009,0.0,0.0014692648837905877,5.722578131423867e-19,1.7167734394271602e-19,5.722578131423867e-20,2.8612890657119336e-20,0.0,0.0,0.0008248211403887402,0.0,0.02852229821106761,0.0,0.030452388347191862,0.045535345167390766,0.031924723495395706,0.044016539726799093,0.03391060523278618,0.0,0.0,0.0,0.007873709043992719,1.7167734394271602e-19,0.09885242802219305,0.001397287227846101,0.0,0.010296142360716668,0.011963392240387897,0.004900152990616673,0.008494750091081258,0.07880747125097053,0.0002469681248666931,0.002890198915213037,0.006779514995709475,0.0,0.046494882381212105,0.04812894937870499,0.0,0.0093131077886082,0.01305893852051351,1
glp_1e2141_sterile_1_CB4037_25.Rep_31,0.0008404753090274073,0.00023016271743076693,0.0009259414441185483,0.0,0.0021826754753030194,0.0,0.0011116853537226378,0.0,0.0,0.0,5.229426928666901e-20,0.00401869346004823,0.0,0.00015692527981758128,0.0,0.0,0.0019135944074364429,1.9523193867023097e-19,0.0,0.0006755499924027049,0.00035890537833409666,0.0,0.0,0.0,0.0,5.9407795425790707e-05,1.1156110781156056e-19,0.00015156911571834688,0.0,0.0,0.0,0.007542527640253344,0.0,0.018935929588255778,1.7431423095556337e-20,0.0,0.0,0.0011313274432132039,0.018373031491052214,0.0,0.0,0.0,1.2550624628800563e-19,0.0009732011128300996,0.0017591919783115672,0.0,0.0,7.669826162044788e-20,0.0,0.003591556577084672,0.0,0.004176104450345985,0.0,0.0,0.0,0.008836721250040971,0.012089326245846757,0.0,2.4496734500929273e-05,0.012992804730055001,0.0,0.001902507644640851,0.0,0.008882206416500433,0.03732106019413758,0.0,0.0,0.0,0.0,0.0,0.0,0.0004087654260497181,0.008383499240252147,0.09956452336161563,0.01745999703853938,0.0,0.0,0.0,0.001513765891807717,1.499102386217845e-19,0.0,0.0,0.0022201973464249704,5.99640954487138e-19,3.4862846191112674e-20,0.0,0.0,6.623940776311408e-20,0.0016010535832294169,1.7431423095556338e-19,0.0,0.0,4.04409015816907e-19,0.0,2.789027695289014e-20,0.0,2.231222156231211e-19,0.0013300674375902033,0.00011563542657648056,3.4862846191112675e-19,0.0,0.0,0.0,0.0071830051210630425,0.0012969911203337557,0.006425142028438923,0.018458143796668117,0.0,2.789027695289014e-20,0.0,0.0002485518388283335,0.003897925060987608,0.0005537673987363064,0.0,0.005439040097850009,9.935232153390776e-05,0.0,6.972569238222535e-20,0.0,0.0,0.003128192886410846,2.440399233377887e-19,0.002505337739261352,0.0006411175055359607,0.0006213192811054688,0.06915006007036946,9.412968471600422e-20,0.0,0.0,0.002182488872893494,0.004131817923199411,0.0,0.0,0.0,0.029611700002060225,5.020249851520225e-19,0.0,0.0024981101459607665,0.00046847937432249796,0.0,0.0,0.0,9.761596933511548e-20,1.2550624628800563e-19,0.0,0.0,1.3247881552622815e-19,0.0005073175784345847,0.0,0.0290383441689769,0.0,0.017401241107810484,0.05221569583937091,0.021814536211923433,0.03227725596691475,0.03147881340290576,0.0,0.0,0.0,0.009415139179951933,0.0,0.09635592670601464,0.0,0.0013861646664655705,0.014521307760583897,0.01201798290230168,0.005814076628901014,0.00865513288629208,0.0632024698882071,0.0,0.0037569038911147864,0.007818276339342033,0.0,0.04323158633371617,0.0652954224034513,0.003910455192430308,0.01744389143750728,0.020146432943883175,1
glp_1e2141_sterile_1_CB4037_25.Rep_32,0.0003162464080556263,3.4360513945574456e-06,0.0,0.0,0.0008453650518696443,0.0,0.0,0.0,0.0,1.3837341775382977e-20,6.645265698301056e-05,0.005733650140527596,0.0,0.0005591298860489786,0.0,5.534936710153191e-20,6.33747687798326e-06,0.0,0.0,0.004480340450439847,0.0002542773411897287,0.0,2.7674683550765954e-20,0.0,0.0,0.0,0.0,0.00010738371191379302,3.3209620260919147e-19,0.0,0.0,0.00865519647780301,0.0,0.01557848845953405,5.534936710153191e-20,0.0,0.0,7.082191674729699e-05,0.00864952859777325,0.0,0.0011193613721762134,0.0,0.0,0.0009319905713878295,0.00199237856966832,0.0010719584563772802,5.12116833444643e-05,2.323116154131005e-05,0.0,0.0016182420893432886,0.0,0.004311550140252095,0.0,0.0,0.0033130229904889813,0.010959792516882326,0.010499620479164525,0.0,0.0,0.015438437390388346,0.0,0.0023300980158800968,0.0034554184387238923,0.012461751306198823,0.02965857581706353,0.0,0.0,0.0,1.3837341775382977e-20,0.0,1.6604810130459574e-19,0.0,0.009905105462882964,0.0909744397550745,0.021167272723741814,0.0,0.0,0.0,0.0015945195585621453,1.3837341775382977e-20,0.0,0.0,0.004849060953388526,1.1069873420306382e-19,8.302405065229787e-20,1.6604810130459574e-19,0.0,6.918670887691489e-20,0.0006183347938584738,0.0,0.0,2.2139746840612763e-19,0.0,2.2139746840612763e-19,1.6604810130459574e-19,0.0,0.0,0.00019239367545735204,0.0,2.7674683550765958e-19,0.0,0.0,0.0016870331675404911,0.004558212719139464,0.0011057283908482332,0.005657261556340089,0.016740793389685118,0.0,0.0,0.0,0.0,0.003156960123915887,0.00046117885766876963,0.0,0.003106376827473785,0.00032506735301666485,8.302405065229787e-20,0.0,0.0,2.2139746840612763e-19,0.0037045847310980297,0.0,0.002582799117852466,0.0008062337970773501,0.00012776304543104562,0.06329833912160128,0.0,0.0,0.0,0.004637227224310454,0.0053190730174990574,0.0,0.0,0.0,0.02008838607366542,1.1069873420306382e-19,0.0,0.0017583157884287722,0.00219693462975702,0.0,0.0007096599616321184,1.6604810130459574e-19,0.0,0.0,0.0,0.0,8.302405065229787e-20,1.4360997957205305e-05,0.0,0.026820130762951238,0.0,0.02736991664558484,0.04864598725991391,0.029497731060850834,0.04031044564514274,0.034771533643745245,0.0,0.0,0.0,0.007588898842349231,0.0,0.08861782124952654,0.0,0.0008011267614357206,0.01849660926793864,0.023478054074438738,0.006362789635773428,0.00801760626946543,0.06710288289024326,0.0,0.0033437086728691843,0.00920206965094749,0.0,0.04765498295720713,0.06843072803995201,0.0,0.009309698914676645,0.018270565314043623,1
glp_1e2141_sterile_1_CB4037_25.Rep_33,0.0006971727012865585,0.0,0.0012489595543787788,0.0,0.002279550441711015,0.0,0.0004185309212666025,0.0,0.0,1.133013967144287e-19,2.5584186354870994e-20,0.003716489910017042,1.1695628047941027e-19,0.000590736219776532,0.0,0.0,0.0018965250601393608,2.923907011985257e-20,0.0,0.004262632161120278,0.00020765079621946173,0.0,0.0,0.0,0.0,0.0,0.0,8.769288358754195e-05,0.0,0.0,0.0,0.010312418782037803,0.0,0.014161536775875288,4.751348894476042e-20,0.0,0.0,0.0008662578454033248,0.010390058665955217,0.0,0.0,0.0,7.309767529963142e-20,0.0,0.0021325161062730256,0.0008547220001792576,2.3391256095882054e-19,2.850809336685625e-19,0.0,0.0033824603956032653,0.0,0.0048530396615432455,0.0,6.140204725169039e-19,0.002604152960259294,0.012406893346674467,0.011877703534642854,0.0,0.0,0.011573350953453129,0.0,0.0018286411350995125,0.002402530839486748,0.00865920876951278,0.03900013494383457,0.0,0.0,0.0,0.0,6.944279153464985e-20,1.9005395577904167e-19,0.0,0.008712272337389877,0.10437953287223657,0.018131969937124376,0.0,0.0,0.0,0.001403491362586509,4.020372141479728e-20,0.0,0.0,0.004067957262962883,2.777711661385994e-19,6.578790776966827e-20,1.242660480093734e-19,2.3391256095882054e-19,4.020372141479728e-20,1.0797814466566092e-05,0.0,0.0,0.0,1.608148856591891e-19,0.0,0.0,0.0,0.0,0.0011199956002293252,2.777711661385994e-19,2.1929302589889426e-19,0.0,0.0,0.0012900783611530663,0.006219208135443209,0.0011767146055331036,0.0037500626846625747,0.017612756607819902,0.0,0.0,0.0,0.0,0.00358446918423288,0.0005177523139221757,0.0,0.004815929527891796,2.1929302589889424e-20,0.0,4.385860517977885e-20,0.0,1.4619535059926283e-19,0.003329600459592442,2.997004687284888e-19,0.002748399603341174,0.000554123167623498,0.0005984691840820112,0.06660337189913691,1.0964651294944712e-20,0.0,0.0,0.003792946996165561,0.004363682835468737,0.0,1.9370883954402324e-19,0.0,0.01927515351938827,1.4619535059926283e-19,0.001987246067304038,0.0012614015792607603,0.0014215353985196435,0.0,0.0,0.0,0.0,4.239665167378622e-19,0.0,1.1695628047941027e-19,3.654883764981571e-20,0.00051840151206581,0.0,0.027824106277127756,0.0,0.011036366734722181,0.047478736999547154,0.016421645420907457,0.03574251832246904,0.037839736856774685,0.0,0.0,7.309767529963142e-20,0.008141495318800878,2.3391256095882054e-19,0.09710868170920975,0.0014245475986977767,0.0,0.01920111514984746,0.021522730877453013,0.00859197334483404,0.009559350626601702,0.06701014383667382,0.0,0.0042415214750985124,0.007558258814640368,0.0,0.04588357775935764,0.06994420696461943,0.0011924363930894317,0.010146312299785142,0.01617164902480199,1
glp_1e2141_sterile_1_CB4037_25.Rep_34,0.0007532188615978717,0.00010861026091588223,0.0008656152101997252,0.0,0.002626514805908866,0.0,0.0007044871701719621,0.0,0.0,1.1007740942056947e-19,2.4856189223999558e-20,0.003781127490758877,0.0,0.0006321593652334682,0.0,0.0,0.00042792882739185577,2.5566366058970973e-19,0.0,0.004165763499060769,0.00017018075223117744,0.0,1.8464597709256815e-19,0.0,0.0,0.0,5.681414679771328e-20,7.186893171590081e-05,0.0,0.0,0.0,0.005848473773681755,0.0,0.018664930080439582,1.0297564107085531e-19,0.0,0.0,0.0011188895213588995,0.010241198355303878,0.0,0.0,0.0,0.0,0.0003727720167897087,0.0005189308012059767,0.0010402516493691256,5.681414679771328e-20,2.1305305049142478e-20,0.0,0.003576287273554099,0.0,0.008599379889955084,1.7754420874285397e-20,0.0,0.003155912117796725,0.008796199216503478,0.021590171326808735,0.0,0.0010991022648108584,0.012474566388662537,0.0,0.0034069222366733504,0.00039622213252645986,0.011370430184817542,0.03899643591700719,0.0,0.0,0.0,1.8109509291771107e-19,2.4856189223999558e-20,2.1305305049142478e-19,0.0019154964900930426,0.005833102431653093,0.10140941690299363,0.018343504715406515,0.0,0.0,0.0,0.001681324845555145,1.0652652524571239e-20,0.0,0.0,0.003500660955857496,0.0,0.0,6.391591514742743e-20,0.0,0.0,0.0016492646718510415,0.0,0.0,0.0,1.8464597709256815e-19,0.0,5.681414679771328e-20,0.0,0.0,0.0,1.420353669942832e-20,0.0,0.0,0.0,0.0002212832722481265,0.008605581163130297,0.0011652712785987242,0.004761066755500441,0.017449099138960217,2.840707339885664e-20,0.0,0.0,0.0,0.004184362127459734,0.0,0.0,0.0052242394888964315,0.0,0.0,0.0,0.0,0.0,0.0031655256378250985,0.0,0.0014619777707786333,0.0002921422578528671,0.0008126531939981272,0.06186584896105777,0.0,0.0,0.0,0.0035261913069148643,0.00338088271433118,0.0,8.877210437142699e-20,0.0,0.030222150592904097,0.0,9.723552966760485e-05,0.0025020734248460247,0.00036913831444189323,0.0,0.0015772697392400646,8.522122019656991e-19,4.403096376822779e-19,1.420353669942832e-20,0.0,0.0,4.9712378447999116e-20,0.0008642301614069708,0.0,0.031865291732049966,0.0,0.014194172849677738,0.04936672962133272,0.03212167934046782,0.034787652594296455,0.03364439764024721,0.0,0.0,0.0,0.009720689090839976,0.0,0.09131096246659579,8.697255647609623e-05,0.0012366368390073507,0.016539244032266816,0.01546317262948364,0.007130901730566487,0.007111629729948621,0.06230032832045636,0.0,0.0005528285000737425,0.009598051588293379,0.0,0.040945294379955054,0.06069200851294938,0.00043957665198422844,0.012526139564476957,0.01671009546263381,1
glp_1e2141_sterile_1_CB4037_25.Rep_35,0.00040830413644768877,0.00014984995184721974,0.0,0.0,0.0025301302506200575,0.0,0.0004464606595863354,0.0,0.0,2.5788544877188607e-20,1.1052233518795117e-20,0.005367889287916555,0.0,5.259479490959712e-05,4.107791926020657e-05,0.0,0.0004966956273023576,0.0,0.0,0.003397519445472121,0.0005967126858026817,0.0,0.0,0.0,0.0,0.0,0.0,0.00025199737753954916,0.0,0.0,0.0,0.006128510573846369,0.0,0.01594700888009538,0.0,0.0,0.0,0.0010620210843672471,0.016881248407023052,0.0,0.0,0.0,2.947262271678698e-20,0.0006729246351021016,0.0008524176454651139,0.0,0.0,0.0,0.0,0.004115148791366023,0.0,0.0039489595135202005,1.1420641302754954e-19,0.0,0.0008832057996766134,0.0048600468891591584,0.009447522839391247,0.0,0.00044126994523278434,0.008793046591689108,0.0,0.002409312409873911,0.0018046739878097358,0.010511912609312689,0.03892756248819052,0.0,0.0,0.0,9.947010166915605e-20,0.0,2.5051729309268933e-19,0.0,0.006241664091597239,0.10289585868592643,0.017754963052528046,7.368155679196745e-20,0.0,0.0,0.001540687310255203,0.0,0.0,0.0,0.00035313037038730877,0.0,0.0,7.368155679196744e-21,0.0,0.0,0.0,0.0,0.0,0.0,0.0,0.0,2.947262271678698e-20,0.0,1.7683573630072188e-19,0.0010461271159668912,0.0,4.420893407518047e-20,0.0,0.0,0.0014021834275239492,0.006555250593507773,0.001227383768629357,0.004731252349976048,0.018375085727108095,0.0,0.0,0.0,0.0,0.0037758257652719027,0.0008083207859585399,0.0,0.005039712364870964,0.0005389130909607248,7.368155679196744e-21,0.0,0.0,0.0,0.0033896520607736205,0.0,0.002790925656836352,0.0011767580858790556,0.0012707535882206101,0.06682298202430993,0.0,0.0,0.0,0.0032588843039092247,0.003965743792435094,0.0,0.0,0.0,0.0314604889196335,0.0,0.0,0.002918630395861855,0.0,0.0,0.00012261805568351177,0.0,0.0,0.0,0.0,2.947262271678698e-20,1.1052233518795118e-19,0.0009388258459522831,0.0,0.02982679275216498,0.0,0.03364349467377318,0.04962018501544177,0.02012565281978919,0.04134663027344172,0.03444658504290584,0.0,0.0,0.0,0.008628632940674041,8.841786815036094e-20,0.09788435565181793,0.00011975731394118076,0.000631532894031391,0.016810428225915566,0.012959431024111043,0.0036660448636569583,0.00676272003381569,0.07056069861762508,0.0,0.0017199484210594564,0.00583230054306592,0.0,0.03876138213969334,0.06479855424694804,0.0026954391618428434,0.010626066956895042,0.016704719929600816,1
glp_1e2141_sterile_1_CB4037_25.Rep_36,0.0005379902158197337,0.0,0.0002388393648963353,0.0,0.002272167286329097,0.0,0.0005113716226024875,0.0,0.0,6.586666938881121e-20,1.6825556250923888e-19,0.004471314702270001,0.0,0.00014369677045918233,0.0,0.0,0.0017926204077543285,2.714889001090103e-19,0.0,0.003379439208392,0.0005100002612677319,0.0,1.809222296993949e-19,0.0,0.0,0.0,0.0,0.0002153779053835152,0.0,0.0,0.0,0.008897526705897815,0.0,0.019155712351201573,4.3488890686202274e-20,0.0,0.0,0.0007889806020343813,0.01559478101268463,0.0,0.0007357613345091417,0.0,4.3277779566366343e-20,0.0006666246522576528,0.000989849431354078,0.0008596113344080207,8.676667025256862e-20,6.713333610782681e-20,0.0,0.0029899575965417493,0.0,0.0049175074427281916,9.668889288485748e-20,0.0,0.0033582978299920726,0.01384548766202926,0.016948929878280793,0.0,0.00032991064955452686,0.012539880130035921,0.0,0.0021097109211597157,0.0017382745025938367,0.014733479614019064,0.026128800891028207,0.0,0.0,0.0,1.17166671508943e-19,0.0,4.420666849364445e-19,0.0,0.008953331936047772,0.09646568915264245,0.020184658537306194,2.5080001036508884e-19,0.0,7.346666970290481e-20,0.0014008632367334493,4.053333500849921e-20,0.0,0.0,0.002454545730886503,2.3306667629887043e-19,1.999222304846289e-19,4.581111300439754e-19,3.2637779126635297e-19,1.7057778482743415e-19,0.0015872401721465823,3.7113334867157087e-19,0.0,0.0,2.1913334238969883e-19,0.0,5.636666899619421e-20,0.0,2.88377789695885e-19,0.0011814878652580162,0.0,7.718222541201724e-19,0.0,0.0,0.0008639854493711329,0.008360177861942198,0.000929687345002547,0.0073015868509678115,0.015516318699359445,1.8831111889365256e-19,1.0914444895517755e-19,0.0,0.00035318919802596516,0.0034912866545704444,0.0008006409144042386,0.0,0.0047578622857747084,0.0005407641229635585,1.3447778333548956e-19,0.0,0.0,0.0,0.0031159367837845266,3.5044445892764937e-20,0.002564617212122651,0.00036369652038872457,0.000884037056604876,0.0595662227615996,7.008889178552987e-20,0.0,0.0,0.0033731886878001984,0.0035944837580424785,0.0,6.523333602930341e-20,0.0,0.03170074266373973,0.0010617318529823172,0.0,0.002141315861839055,0.0006309501959990354,0.0,0.0008870084813427285,0.0,3.5635557028305554e-19,8.115111446493278e-19,0.0,1.2033333830648202e-19,1.688888958687467e-19,0.00041830690781542094,0.0,0.02996060715482974,0.0,0.01728723583763381,0.04947967371545695,0.02219301863663394,0.025153556717892805,0.022182743023815673,0.0,0.0,1.5917778435629377e-19,0.009216355236443742,1.9717778592676177e-19,0.09335695647211484,0.0,0.000964164246878861,0.017745325682732085,0.017443506668010863,0.007063833326446816,0.007534574676124716,0.07442635259907376,0.0,0.002938283954234847,0.007158782024489034,0.0,0.041534348624949716,0.07023461833690671,0.004752395491179445,0.008536721614102172,0.023989488915100124,1
glp_1e2141_sterile_1_CB4037_25.Rep_37,0.0006862425147604207,0.00021871687900319696,0.0008541099792085269,0.0,0.002472318853335491,0.0,0.0006222475403629534,0.0,0.0,0.0,0.0,0.004505856095275012,0.0,4.9136760392298365e-20,0.0,0.0,0.00040340291932272767,0.0,0.0,0.003093373481566411,0.00042163720695761363,0.0,0.0,0.0,0.0,0.0,0.0,0.00017806135675411713,0.0,0.0,0.0,0.007745923134547322,0.0,0.020989443561428595,0.0,0.0,0.0,0.0008245680356803906,0.010748155289277668,0.0,0.0,0.0,0.0,0.0009455779283444974,0.0023261989451512657,0.0009484433611534133,2.807814879559907e-20,4.9136760392298365e-20,0.0,0.0034970783554562988,0.0,0.008493718249225114,0.0,1.9654704156919346e-19,0.0013718901081955421,0.010220327638965701,0.011608504469592988,0.0,0.00018114404162992336,0.012726825202555973,0.0,0.0024839680337943233,0.0020393897006128927,0.011564074008012461,0.03129422698065157,0.0,0.0,0.0,3.860745459394872e-20,5.264652899174825e-20,2.386642647625921e-19,0.0,0.006003898817674881,0.10023520047622365,0.019020371964071154,0.0,0.0,0.0,0.0015807609557958776,8.072467778734732e-20,0.0,0.0,0.0033008018779755732,2.10586115966993e-19,0.0,9.125398358569696e-20,0.0,3.860745459394872e-20,0.001380888824900492,0.0,0.0,1.8250796717139392e-19,0.0,0.0,5.615629759119814e-20,0.0,0.0,0.001138719328440517,7.766009204626993e-06,0.0,0.0,0.0,0.001481567510773269,0.00713765373885215,0.0011271978208256862,0.004134455799017092,0.01698485501703055,0.0,0.0,0.0,0.0,0.003891789679232,0.0006029346792276967,0.0,0.004890881179003694,0.0002148874343505352,0.0,0.0,0.0,2.807814879559907e-20,0.0031566132511715796,0.0,0.0025342031323661533,0.0008793842700011032,0.0008659498562679867,0.06729687089740868,0.0,0.0,0.0,0.003225740990307084,0.0040761407621138545,0.0,1.2986143817964568e-19,0.0,0.021538566320629827,1.1231259518239628e-19,0.0,0.0020035854695507355,1.5205932680112217e-05,0.0,0.0016301654322952342,0.0,0.0,0.0,0.0,8.423444638679721e-20,9.125398358569696e-20,0.0009141285422989632,0.0,0.029372624347742134,0.0008974795604470456,0.030869541151506287,0.05254120788432626,0.03463639517944541,0.045392692527401364,0.035511868668136826,0.0,0.0,0.0,0.008354981424474533,0.0,0.09325303449114646,0.000498136509216825,0.0007744509308873249,0.010053997046265903,0.009497917721480509,0.005035223395004654,0.007198764786556559,0.05079626624738724,0.0,0.0013555100799898516,0.006984274097085747,0.0,0.04253989996422279,0.0645438794728972,0.000736350391915217,0.013471928886546055,0.020946965395404558,1
glp_1e2141_sterile_1_CB4037_25.Rep_38,0.0006751703370464908,0.00013120434244536097,0.0009738829056791198,0.0,0.0021868748847583778,0.0,0.0005804174669652957,0.0,0.0,0.0,0.0,0.004026072917437589,0.0,0.0,0.0,0.0,0.0017684724336608586,0.0,0.0,0.0028024938721033553,0.0008172033567827234,0.0,1.0946277564125865e-05,0.0,0.0,0.0,1.381256099571778e-20,0.0003451126609596834,1.1050048796574225e-19,0.0,0.0,0.008838991700898082,0.0,0.019056983111450213,9.668792697002445e-20,0.0,0.0,0.0010103942521604548,0.008254236408669709,0.0,0.0,0.0,0.0,0.0009516354558829338,0.0015827176889370638,0.0010587133852593925,0.0,8.287536597430669e-20,0.0,0.00349665705855301,0.0,0.008362667817807248,1.381256099571778e-20,0.0,0.0033147849581218144,0.010796680539877092,0.014851401188815757,0.0,0.0004447786972462561,0.008850437319021959,0.0,0.0027595163242287823,0.0014209834956731592,0.011345292119907278,0.028861511623395387,0.0,0.0,0.0,0.0,0.0,0.0,0.0,0.006768480963675294,0.0986179559467855,0.017564053866779582,0.0,0.0,0.0,0.0015765148365500298,0.0,0.0,0.0,0.004403083625169814,3.867517078800978e-19,5.525024398287112e-20,1.933758539400489e-19,0.0,0.0,0.001626392629487631,0.0,0.0,0.0,0.0,8.287536597430669e-20,5.525024398287112e-20,0.0,5.525024398287112e-20,0.0011131956251860693,0.0006828905171705154,1.6575073194861337e-19,0.0,1.381256099571778e-20,0.0014154501585874934,0.00803439820684351,0.001073626168603777,0.004508468795225495,0.014145023112693946,0.0,0.0,0.0,0.0,0.003935830966025206,0.0007734285448830062,0.0,0.004633154445090957,0.0007673945064997393,0.0,0.0,0.0,0.0,0.0031522535413932387,0.0,0.0023879162085372187,0.0012315014616043577,0.0010731463698960793,0.06908624539427936,0.0,0.0,0.0,0.001819310079894112,0.0057915473131452296,0.0,0.0,0.0,0.03625799232225567,0.0,0.0,0.0033802080115577534,0.0004317602711554911,0.0,0.0017129764606611724,0.0,0.0,1.6575073194861337e-19,0.0,1.381256099571778e-19,0.0,0.0005483693569947047,0.0,0.029800817356238244,0.0,0.027584898419641336,0.05159387963979292,0.016501220419215763,0.03746972816094293,0.02964018466736766,0.0,0.0,0.0,0.009392925129189175,0.0,0.09543986366100406,0.0,0.0,0.015245045290750478,0.018840345977430076,0.00441741859822295,0.00756787474277688,0.06260159925162828,0.0007282680374666576,0.003858308074840726,0.005013075764949742,0.0,0.042471605826619116,0.06086797075627741,0.0007817301896662867,0.013950622278398501,0.018143813449640216,1
glp_1e2141_sterile_1_CB4037_25.Rep_39,0.0006783504447179668,0.0002223066819106763,0.0009348469519203861,0.0,0.0023094331214202663,0.0,0.00029049430272822327,0.0,0.0,0.0,0.0001497148288761549,0.00461525002063535,1.6653143149256594e-19,0.0,4.8571667518665066e-20,0.0,0.0004100239765510049,0.0,0.0,0.004073266633582538,0.0006139901521971104,0.0,0.0,0.0,0.0,0.0010177631976819729,0.0,0.0002592938140415937,2.220419086567546e-19,0.0,0.0,0.008306485601041613,0.0,0.019699763770850517,1.2836797844218625e-19,0.0,0.0,0.0007512141712518604,0.013467927101228723,0.0,0.0,0.0,0.0,0.000934703394807767,0.0006909939720591611,0.0010935051969942226,0.00011537760499684006,5.233875562930113e-05,0.0,0.0035097730262947865,0.0,0.007227154053551555,9.367393021456834e-20,1.3877619291047162e-19,0.000929812184882871,0.014423008215211983,0.016476466013346226,0.0,0.00028373868867387174,0.013940453803306628,0.0,0.002619377899804582,0.0018645682285326818,0.013940785139287386,0.02663705929868033,0.0,0.0,0.0,0.0,0.0,0.0,0.0,0.007263201054487542,0.09908245460889134,0.020396764360546188,1.3877619291047162e-19,0.0,6.938809645523581e-21,0.0016618095299541166,0.0,0.0,0.0,0.003978651230669479,7.077585838434053e-19,6.938809645523581e-21,0.0,0.0,0.0,0.0,0.0,0.0,4.1632857873141485e-20,2.3591952794780175e-19,0.0,0.0,0.0,0.0,0.0,0.00022669045341782202,6.938809645523581e-20,0.0,0.0,0.0013463138912181932,0.00619517344886111,0.0012822721024634365,0.005518195426319166,0.01663276530087457,0.0,0.0,0.0,0.0,0.004016402908235129,0.0008169714980321353,0.0,0.0046414846885780665,0.00019476922845732502,0.0,0.0,0.0,3.330628629851319e-19,0.0033753796603900725,1.3183738326494804e-19,0.002382904487770021,0.001087815155900362,0.0010598036593346572,0.05121778421910954,3.8163453050379695e-20,0.0,0.0,0.0021392675879875725,0.007676576481708186,0.0,1.1449035915113908e-19,0.0,0.02443363373963435,0.0,0.0,0.002782966249010099,0.0003931023299529973,0.0,0.0011584872571243322,4.995942944776978e-19,0.0,5.689823909329336e-19,0.0,0.0,0.0,0.0009291321456509784,0.0,0.030647781242698218,0.0,0.02958952509654786,0.05101625063617744,0.018364546661094987,0.0372668498573337,0.03300108296894035,0.0,0.0,1.3877619291047162e-20,0.00793173422159114,0.0,0.08984229503367182,0.0,0.000488759175613632,0.018209346139460788,0.01787830390390336,0.006495767476083769,0.008959280927030898,0.06597690335853693,0.0,0.003862375065745179,0.008258417770969686,0.0,0.039146511562848915,0.06667597139351107,0.002832336833910903,0.0071330914211157476,0.021992856301938722,1
glp_1e2141_sterile_1_CB4037_25.Rep_4,0.0006780555991655019,0.0,0.0,0.0,0.002622404318433488,0.0,0.0006819921668776697,0.0,0.0,1.040369052970913e-20,2.046059137509462e-19,0.003680848631172822,0.0,0.0005605136588410097,0.0,0.0,0.0016370964245795289,0.0,0.0,0.0035197413229018032,0.0003160909715733524,0.0,0.0,0.0,0.0,0.0,0.0,0.00011887903573430652,0.0,0.0,0.0,0.0046022199647835485,0.0,0.03159279697125655,4.508265896207289e-20,0.0,0.0,0.0009204440107400304,0.005451292466255965,0.0,0.0,0.0,0.0,0.0,0.0016259067897516919,0.0026928567351579857,0.0,1.317800800429823e-19,0.0,0.0047746923564472785,0.0,0.011009445811905843,5.201845264854565e-20,5.271203201719292e-19,0.0013881553089166356,0.006762633588916077,0.007257044127760183,0.0,0.0,0.010196313913598626,0.0,0.0020063514502347566,0.0008294651919141922,0.009194575426751023,0.028921628066146517,0.0,0.0,0.0,0.0,1.040369052970913e-20,0.0,0.0015863835330385688,0.008220530288164034,0.09903938834233814,0.019430197870548727,0.0,0.0,2.080738105941826e-20,0.001380390326933546,7.976162739443665e-20,0.0,0.0,0.004468272773299208,0.0,0.0,0.0,1.9420222322123708e-19,1.040369052970913e-20,0.0014661758854646054,0.0,0.0,1.5258746110240056e-19,1.3871587372945505e-20,0.0,0.0,0.0,0.0,0.0015359376793552056,0.0004040242271980925,9.710111161061854e-20,0.0,0.0,0.000860602195031185,0.012263665055944908,0.0012447980332041682,0.0052731191551814985,0.017360597626577354,0.0,0.0,0.0,0.0,0.0036946739881648792,0.0005714730224106573,0.0,0.0064557724607437,0.0005028826393324474,6.242214317825478e-20,0.0,0.0,0.0,0.002524012647772977,0.0,0.0027602045282532437,0.000170831127313595,0.0005645579923364703,0.06332787159772696,0.0,0.0,0.0,0.0030115410505283592,0.003267291909718537,0.0,0.0,0.0,0.02411624808683084,0.0,0.0,0.00271004108655687,0.0,0.0,0.0015716384103864314,1.6645904847534607e-19,4.3001920856131067e-19,0.0,7.629373055120028e-20,1.6645904847534607e-19,3.467896843236376e-20,0.00019598443482178176,0.0,0.03537151014355144,0.0,0.02512068526843443,0.049505741516550475,0.018480955264777797,0.035367248187174107,0.03279081244111327,0.0,0.0,1.1097269898356404e-19,0.006476453819966778,0.0,0.09584771484781611,0.0,0.0010053631446924488,0.015751527882332025,0.014962291573189089,0.001920949576208796,0.008035036896958505,0.06642021006247019,0.000150855184428782,0.0029022193471224473,0.006990171539189318,0.0,0.049029632947964946,0.07135382253674545,0.0,0.01243312496823572,0.01706312056608466,1
glp_1e2141_sterile_1_CB4037_25.Rep_40,0.0008064659910116984,0.0,0.0009699915758636637,0.0,0.002729767219296008,0.0,0.0009554721584711942,0.0,0.0,6.186972427885655e-20,0.0,0.004992314922758934,0.0,0.0,5.774507599359945e-20,0.0,0.000349898231539247,1.6498593141028414e-19,0.0,0.0029217188687239042,0.00021839536877595232,0.0,0.0,0.0,0.0,0.0,1.8148452455131254e-19,9.22304175992022e-05,0.0,0.0,0.0,0.004560361128240436,0.0,0.018912297465826036,5.3620427708342344e-20,0.0,0.0,0.0014684824325534305,0.007971943636922035,0.0,0.0,0.0,0.0,0.0008351062614787664,0.001197388201859776,0.0012066214293296835,0.0,0.0,0.0,0.003749352795298161,0.0,0.008137068340127557,2.0623241426285517e-20,3.6296904910262507e-19,0.0020694692214761235,0.0066919346416881645,0.013971249787463523,0.0,0.0010028357473701442,0.01197302158529466,0.0,0.0023799664202739062,0.0,0.011921505645731818,0.028021121018512375,0.0,0.0,0.0,0.0,2.8872537996799725e-20,0.0,0.0,0.005084942586366915,0.11779550020233785,0.02113271433862406,3.2997186282056824e-20,0.0,0.0,0.0018960734109050878,0.0,0.0,0.0,0.003428006360285107,4.454620148077672e-19,0.0,0.0,0.0,0.0,0.001022380652760539,2.0623241426285515e-19,0.0,4.949577942308524e-20,4.949577942308524e-20,0.0,0.0,0.0,6.599437256411365e-20,0.0016376938664590453,8.249296570514207e-20,0.0,0.0,0.0,0.0,0.008486983553205483,0.001525282827697193,0.0049353999625552265,0.01689570684097842,0.0,0.0,0.0,0.0,0.004860012191669012,0.0,0.0,0.006116046708860811,0.0,7.424366913462786e-20,0.0,0.0,6.599437256411365e-20,0.0036395190886527803,1.4023804169874152e-19,0.0018009760840648624,0.0006134165361674522,0.0007455655072627225,0.054126403466857265,1.237394485577131e-20,0.0,0.0,0.0032730488337295483,0.002886384811658676,0.0,8.661761399039917e-20,0.0,0.02180481785339725,0.0,0.0,0.0028351797305889905,0.0008095432233042765,0.0,0.0005774482640548006,0.0,3.794676422436535e-19,2.8047608339748304e-19,0.0,6.599437256411365e-20,0.0,0.000792884595101483,0.0,0.031973041659997425,0.00017735920570122616,0.02558766312682108,0.056413284339961456,0.012201924571580557,0.03074344815011973,0.019655347050792294,0.0,0.0,9.899155884617048e-20,0.009570195146129726,1.319887451282273e-19,0.11018454553068179,0.0,0.0001741212127691775,0.01867081394304222,0.012492080910203979,0.006134826574407831,0.009101317522275889,0.06441344368977131,0.0,0.0064152542694468845,0.005669842126452183,0.0,0.05335934149198391,0.06798817694520204,0.0,0.014276210526558548,0.015969849995069545,1
glp_1e2141_sterile_1_CB4037_25.Rep_41,0.0006747888599582656,7.511209696164013e-05,0.000717022232026828,0.0,0.0014335848483682104,0.0,0.0,0.0,0.0,0.0,0.0,0.0036676122066205555,0.0,9.080941568765975e-20,0.0,0.0,0.0016641530360011498,1.941293922063985e-19,0.0,0.00409371747749404,0.00019355066526271518,8.112107478630521e-06,9.080941568765975e-20,0.0,0.0,0.0,0.0,8.173826571431039e-05,0.0,0.0,0.0,0.0122023830202519,0.0,0.017359769598145097,2.502112166215803e-20,0.0,0.0,0.000302197645291936,0.015129913263188452,0.0,0.0,0.0,0.0,0.0,0.0020068271102539866,0.0008578685440722913,0.0,0.0,0.0,0.0028720297077451727,0.0,0.004497154541275077,8.520123324614156e-20,5.996441225930976e-20,0.003907124588963814,0.01514530450960263,0.015399332508644873,0.0,0.0,0.013083423527669823,0.0,0.0014346582306495272,0.0024935950860835417,0.009417849189028426,0.03527861175562966,0.0,0.0,0.0,0.0,6.77295879475657e-20,6.082720955800487e-20,0.0,0.007754822092767627,0.0977198637708324,0.02002103849165901,0.0,0.0,0.0,0.0013691692876278447,0.0,0.0,0.0,0.0048159992240063895,2.6056478420592155e-19,4.313986493475523e-21,0.0,1.3157658805100343e-19,0.0,0.0014362998930123763,5.3062033869748925e-20,0.0,0.0,0.0,0.0,2.221703044139894e-20,0.0,0.0,0.001169983404131207,1.7083386514163068e-19,0.0,0.0,7.797530586957006e-20,0.0012166371068824213,0.004797719928208162,0.0009572298781099166,0.004600911651923628,0.017449686938897296,0.0,0.0,0.0,0.0,0.0027734023959747932,2.824074321818683e-05,0.0,0.0037016795581968384,0.0,0.0,0.0,0.0,7.549476363582164e-20,0.0033776344712074507,0.0,0.002339625244518064,0.0007456408159264743,0.0002951961462834149,0.06090647040379172,5.0905040623011165e-20,0.0,0.0,0.003475248910840023,0.0030640220746574157,0.0,0.0,0.0,0.023397438250394868,0.0010271793857019305,0.0,0.002061430936223665,0.0006346302446138698,0.0,0.0009653252737623983,1.2769400020687547e-19,4.072403249840893e-19,2.329552706476782e-19,0.0,0.0,0.0,0.00031393147167008985,0.0,0.0302541830725866,0.0,0.01542332254934972,0.05071256218678934,0.03367404397255949,0.03551785087995824,0.034689651566090926,0.0,0.0,0.0,0.008109994003734706,0.0,0.09538593931141064,0.0,0.0,0.015493361715307378,0.01448687496931953,0.003966826527174552,0.008262285445667136,0.06256622880584539,0.00033131456531432875,0.00468113894203086,0.007690917999402418,0.0,0.040986311753419484,0.06301741134390894,0.0046530609031638645,0.009832098076694577,0.02385072879284991,1
glp_1e2141_sterile_1_CB4037_25.Rep_42,0.00023744639921584955,0.0001782287827429726,0.0,0.0,0.0024864765935893674,0.0,0.000351266091523589,0.0,0.0,3.2891379858746296e-20,0.0,0.005676909570514217,0.0,0.000498989765513575,2.6313103886997038e-20,0.0,0.0003876816968205513,1.973482791524778e-20,0.0,0.004108540153629571,0.0004175573010593169,0.0,0.0,0.0,0.0,0.0,7.236103568924185e-20,0.00017633837413376984,6.578275971749259e-20,0.0,0.0,0.009477436594325107,0.0,0.016548603551905787,1.6445689929373148e-19,0.0,0.0,0.0011820631617915846,0.01654646922747557,0.0,0.0,0.0,6.5782759717492594e-21,0.0003184944098882069,0.001028728649663071,0.0,6.5782759717492594e-21,1.5130034735023297e-19,0.0,0.0029953081378247385,0.0,0.004109309038477038,7.893931166099112e-20,2.762875908134689e-19,0.00313390879127816,0.005409286284360934,0.002763407830279396,0.0,0.0014933134793667366,0.009182207489676521,0.0,0.0024344994772923577,0.0009976210414679258,0.01396362827359192,0.04690275240559718,0.0,0.0,0.0,9.538500159036426e-20,2.40107072968848e-19,0.0,0.00019138444599525286,0.008603513293932165,0.09739669640865564,0.016367248843489137,0.0,0.0,0.0,0.0014917956265606599,0.0,0.0,0.0,0.004922452220575822,5.131055257964422e-19,0.0,0.0,6.578275971749259e-20,0.0,3.2891379858746296e-20,2.894441427569674e-19,0.0,2.2366138303947484e-19,0.0,1.3814379540673445e-19,1.3156551943498519e-20,0.0,0.0,0.0,0.0,3.946965583049556e-20,0.0,0.0,0.0011069831916617268,0.008698007624862907,0.001217023639232437,0.006410927600077062,0.013752259805315022,1.8419172720897927e-19,0.0,0.0,0.0,0.003680112673448577,0.0,0.0,0.003943071189996045,0.0006010893190459023,9.867413957623889e-20,0.0,0.0,0.0,0.0031388328030653627,2.6313103886997038e-20,0.001562872042059279,0.0007887791531044311,0.0013743498314394366,0.045219821862513436,0.0,0.0,0.0,0.0010577913840196654,0.006585459633223067,0.0,0.0,0.0,0.04043040160745098,2.762875908134689e-19,0.0,0.0012518459199651563,0.0,0.0,0.00024418208982999,0.0,0.0,5.2626207773994076e-20,2.4997448692647187e-19,0.0,0.0,0.0008785035690508762,0.0,0.02692274089901457,0.0,0.03634453800582458,0.04809052056413042,0.03359014288909036,0.046563260253381616,0.03259948749709929,0.0,0.0,1.8419172720897927e-19,0.009167735161338352,3.946965583049556e-20,0.09090707538780829,0.0020101208240100965,0.0,0.016609515823594972,0.017886119059902554,0.004555095219309817,0.008069598708379448,0.05962842028755332,0.0011946210259492144,0.0038324630023263075,0.006986321418867275,0.0,0.037517192983565255,0.05940827452834535,0.0023074093343066963,0.009012525403874488,0.022874943370752597,1
glp_1e2141_sterile_1_CB4037_25.Rep_43,0.0007078622216067763,0.00023313172824399413,0.0008000866032532389,0.0,0.002419202746005179,0.0,0.0003275367026511743,0.0,0.0,4.344410399579494e-20,7.964752399229072e-20,0.003972468824789882,0.0,3.620341999649578e-20,0.0,0.0,0.0020303803924091855,0.0,0.0,0.00435220840032634,0.0006371381989586891,0.0,6.516615599369241e-20,2.4618325597617133e-19,0.0,0.0004223964585070328,0.0,0.00026906945182820135,0.0,0.0,0.0,0.010083575562973996,0.0,0.019030029413296203,0.0,0.0,0.0,0.0006494737328853747,0.006943983183649225,0.0,0.0,0.0,0.0,0.00045309549914525636,0.0018049628148906409,0.0008506593248071171,0.0,1.3033231198738482e-19,0.0,0.0034085938364225195,0.0,0.007794972089284887,1.3033231198738482e-19,2.896273599719663e-20,0.0008902331217307721,0.01130286630903926,0.021183183513926677,0.0,0.001065964324102937,0.008605729187818137,0.0,0.0018851497664793067,0.002610798688217513,0.012715866846309726,0.0431459870240141,0.0,0.0,0.0,0.0,0.0,1.4481367998598312e-19,0.0,0.004259598318990809,0.10339305736117366,0.01773135464102011,0.0,0.0,4.344410399579494e-20,0.0014602816790030954,0.0,0.0,0.0,0.004499078231986654,0.0,0.0,1.8825778398177808e-19,0.0,0.0,0.001615745295807319,0.0,0.0,8.688820799158987e-20,5.792547199439326e-20,0.0,1.4481367998598315e-20,0.0,0.0,0.0016393719778300512,0.0,0.0,0.0,0.0,0.0012367213404584935,0.006081765151839451,0.0010896147405815685,0.005102128245395729,0.015316799890940263,0.0,0.0,0.0,3.153001500621653e-05,0.003734285080343742,0.000597188063210673,0.0,0.0044463314690086665,0.00011026874571880427,1.4481367998598315e-20,5.792547199439326e-20,0.0,2.896273599719663e-20,0.0035947124572325755,0.0,0.0027317101670646642,0.001027161851826303,0.0009162250894042477,0.06120316319206235,0.0,0.0,0.0,0.002169160259720685,0.0057384207321321086,0.0,5.0684787995094095e-20,0.0,0.02996798751792215,5.792547199439326e-20,0.0,0.0024812352790123484,4.02447902563158e-05,0.0,0.0,3.475528319663595e-19,0.0,3.185900959691629e-19,4.344410399579494e-20,0.0,8.688820799158987e-20,0.0009743754934442225,0.0,0.028998495138586565,0.0004982403207561491,0.028190484690211383,0.051193455558594704,0.01916350007513999,0.03110591578012679,0.0275809560678013,0.0,0.0,0.0,0.007799811246526939,0.0,0.0937509027258429,0.0,0.0,0.015135138167979683,0.008436608922208506,0.00204052782416017,0.008122265205382256,0.06664608519860475,0.0,0.004898394965600068,0.005676977852482645,0.0,0.04687724828617222,0.06988370817744882,0.0,0.013167119095320635,0.017048041655086766,1
glp_1e2141_sterile_1_CB4037_25.Rep_44,0.0006659188397352032,6.578116489897662e-05,4.0869884623234354e-20,0.0,0.002398768874950463,0.0,0.00028409597554063666,0.0,0.0,0.0,0.0,0.003622516425406348,0.0,0.0,0.0,0.0,0.0018832135774330039,0.0,0.0,0.002522530871489409,0.00022977754796549594,0.0,1.3623294874411452e-20,0.0,0.0,0.0,0.0,9.703721888681317e-05,0.0,0.0,0.0,0.00891545357182702,0.0,0.016629818173548142,0.0,0.0,0.0,0.0010296292950669847,0.011785791044732654,0.0,0.0,0.0,1.2260965386970308e-19,0.0009175738071871247,0.0,0.0008533605471787978,2.4521930773940616e-19,0.0,0.0,0.0033800088569612436,0.0,0.004190723245320214,9.876888783948302e-20,3.814522564835207e-19,0.0008556895033046879,0.008951560905823821,0.01248385535676957,0.0,0.0,0.013684395703281494,0.0,0.002009653121544694,0.0027290860105826267,0.011571299952986079,0.03450668544148941,0.0,0.0,0.0,1.6007371477433456e-19,0.0,5.585550898508696e-19,0.0,0.006170113588346747,0.09714143078689498,0.019448877860295668,2.1797271799058324e-19,0.0,0.0,0.0013354526060995132,0.0,0.0,0.0,0.003236194647035422,5.858016795996924e-19,6.811647437205726e-21,6.811647437205726e-21,0.0,0.0,0.0006185588022154245,1.4304459618132025e-19,0.0,0.0,2.0434942311617178e-19,0.0,0.0,0.0,0.0,0.000892977874419741,9.536306412088017e-20,2.5884260261381757e-19,0.0,0.0,0.0017811420720441236,0.006946177040852749,0.0008529540008005975,0.004839039289204642,0.013001749442723535,0.0,0.0,0.0,3.420315172947779e-05,0.002894818423121646,0.00040304603866456965,0.0,0.005141462956366408,0.0,0.0,9.536306412088017e-20,0.0,3.2695907698587483e-19,0.002834965300790021,0.0,0.0026279081913622914,0.0005942369854446391,0.0008047031058325466,0.05935521554327945,0.0,0.0,0.0,0.004365645165520288,0.0045451863509342605,0.0,4.427570834183722e-20,0.0,0.026106276420815436,2.1797271799058324e-19,0.0,0.0021113345659509934,0.00041276551636429165,0.0,0.0,0.0,9.536306412088017e-20,1.3623294874411452e-20,0.0,0.0,1.7029118593014315e-19,0.0008557755019910167,0.0,0.02888475628176507,0.0,0.0293755185378402,0.050886493929141685,0.03635152533092068,0.03970695132479371,0.03260087837088679,0.0,0.0,1.3623294874411452e-20,0.008068454595902226,0.0,0.0941321023545582,0.0,0.0009749233042215134,0.015697764207275648,0.015199371633542872,0.002802453787250874,0.008542135469952075,0.06714018361373385,0.0,0.0019646157810751267,0.007189734321438439,0.0,0.0379211436488971,0.06708528797152406,0.0024694523062282372,0.015502451137876988,0.021887365828163235,1
glp_1e2141_sterile_1_CB4037_25.Rep_45,0.00036267971187920226,0.0,0.00010496736919907962,0.0,0.002188144522385919,0.0,0.0005166195295600572,0.0,0.0,0.0,0.0,0.004429811429985813,0.0,0.0,0.0,0.0,0.0016852641975232381,0.0,0.0,0.004325467129054076,0.0007137842264194974,0.0,4.174578561078049e-05,0.0,0.0,4.899369942296158e-05,7.398342161621996e-20,0.0003014377898550127,0.0,0.0,0.0,0.00876297479796979,0.0,0.021097383881018065,3.841446891611421e-20,0.0,0.0,0.0011619753866791284,0.012047628093859696,0.0,0.002180531483624262,0.0,0.0,0.0007708201780694446,0.0006832045063765254,0.0007576837606334189,0.0,0.0,0.0,0.0026720523163696213,0.0,0.009030880350673122,0.0,2.84551621600846e-21,0.0030892741338859678,0.011146897344629217,0.010051234671578516,0.0,0.0,0.01271646312381075,0.0,0.0021264180387556147,0.002707783928331317,0.014379220796680515,0.03158450350031431,0.0,0.0,0.0,0.0,4.207298976526794e-20,0.0,0.00039338224859286245,0.00913316611822459,0.09287413694929986,0.01738849239439419,0.0,0.0,0.0,0.0013396300563834039,4.695101756413959e-20,0.0,0.0,0.0037459148010073667,0.0,1.0203208145973192e-19,6.097534748589557e-21,1.5447088029760212e-20,0.0,0.0012950789282351299,5.0406287255007007e-20,0.0,0.0,0.0,0.0,0.0,0.0,0.0,0.0005034934667089493,6.554734738761976e-06,0.0,0.0,0.0,0.0011675116762691004,0.007429118463515326,0.001033369114250792,0.006243023105699486,0.013321172611083416,0.0,0.0,0.0,0.0,0.0031138509901224693,0.0006952698625857563,0.0,0.005105658665577736,0.0006507903171899739,0.0,0.0,0.0,0.0,0.002752215703736505,0.0,0.0024460033681002976,0.0011391482900880382,0.001013502059038933,0.06187698206061724,1.565033918804653e-20,0.0,0.0,0.0017638106899912891,0.00509898743593049,0.0,0.0,0.0,0.03294275685957806,0.0009977425627086332,0.0,0.0018242459769579138,0.0006998310708248889,0.0,0.001420387126155905,0.0,0.0,0.0,0.0,2.6829152893794052e-20,0.0,0.0005612827301822131,0.0,0.030984886423751048,0.0,0.027443777606862153,0.04795216424285925,0.022453033517214938,0.03881868070390878,0.03298325382024864,0.0,0.0,0.0,0.00967324303715711,0.0,0.08715726739046288,0.001310617030069585,0.0005096918564790697,0.013318360622126718,0.01081662370853948,0.0047389666952545335,0.00729323325994734,0.06533999833785167,0.0006503038267960119,0.0008173636030397941,0.0051916162185008064,0.0,0.04533427567410861,0.0694950999397874,0.0030683065881255585,0.010187732772070905,0.022799147002893278,1
glp_1e2141_sterile_1_CB4037_25.Rep_46,0.0005828331747395987,0.0,0.0,0.0,0.002120845430908152,0.0,0.0004392894159046918,0.0,0.0,3.577061225009453e-20,5.961768708349088e-20,0.004080013928293355,0.0,4.7694149666792705e-20,0.0,0.0,0.0016241202646285766,1.1923537416698176e-20,0.0,0.00527253456959303,0.001201080997028302,0.0,1.0731183675028359e-19,0.0,0.0,0.0,0.0,0.0005072277976738115,0.0,0.0,0.0,0.006740681332667913,0.0,0.014742778197651884,4.7694149666792705e-20,0.0,0.0,0.0008727556577753706,0.016856344208353184,0.0,0.0012928914532021039,0.0,0.0,0.00041149011710440146,0.0014072568504250886,0.0007489940413855557,0.0,2.3847074833396352e-20,0.0,0.0028549443635385195,0.0,0.003234840303672666,1.490442177087272e-19,0.0,0.0029499028837093014,0.010828322647469175,0.016970372408535998,0.0,0.0011314475973902202,0.008887354605302248,0.0,0.0020712696598973045,0.0016025253187291102,0.022577619643332585,0.0429375304150172,0.0,0.0,0.0,0.0,4.7694149666792705e-20,0.0,0.00032911460189106957,0.008171149389592295,0.08513083765236139,0.017699903789380148,4.7694149666792705e-20,0.0,1.3115891158367993e-19,0.001276799133416297,9.538829933358541e-20,0.0,0.0,0.004131836651453609,0.0,0.0,4.7694149666792705e-20,1.1923537416698176e-19,2.3847074833396352e-20,0.0013611802674345548,0.0,0.0,1.9077659866717082e-19,2.1462367350056718e-19,0.0,0.0,0.0,1.6692952383377446e-19,0.0,0.00020993636222466967,0.0,0.0,0.0,0.001171839231213925,0.006514472946876596,0.0009954446082898604,0.006243493885761045,0.011105666540177412,0.0,0.0,0.0,0.0004874762310367013,0.0031653277142544697,0.0,0.0,0.0037806985809045995,0.00026068421371563006,1.4308244900037812e-19,0.0,0.0,9.538829933358541e-20,0.002938069153382736,9.538829933358541e-20,0.0015178767308620391,0.001410427350669547,0.0008909673832378912,0.03827611243795862,0.0,0.0,0.0,0.0017249845618811216,0.005672621514810019,0.0,0.0,0.0,0.04018963957155091,0.0009774882026095419,0.0,0.0010252753470441974,0.0,0.0,0.0014817746191089943,0.0,4.76941496667927e-19,0.0,0.0,2.3847074833396352e-20,0.0,0.0006943273802024251,0.0,0.02893316844691255,0.0,0.03280954874053174,0.046305901192290985,0.03187103382478403,0.038916061174935415,0.02848454888453296,0.0,0.0,1.4308244900037812e-19,0.012846856806471081,2.6231782316735985e-19,0.08238738534869496,0.0,0.0011882393342508336,0.01580911666809194,0.021337717848967104,0.0069011383379140884,0.007431681964227082,0.06873354797276894,0.0010978226454703194,0.0024166312255992843,0.009719454323285972,0.0,0.03854963566474524,0.05774681982924255,0.006287594344104133,0.006978653017470551,0.029464749067476512,1
glp_1e2141_sterile_1_CB4037_25.Rep_47,0.0006823758225434389,0.0002316448698082576,0.0009003154238870679,0.0,0.002457208144403536,0.0,0.0001226505592027815,0.0,0.0,5.245894988153369e-20,0.000999482048893385,0.004005839099377287,0.0,0.0005640849651108174,0.0,2.4866196617442165e-20,0.0019700163634479326,3.2064306164596476e-20,0.0,0.0074900457971634644,0.000926092456389136,0.0,0.00017946415961270448,0.0,0.0,0.0,0.0,0.0003910975515046992,1.330559643564888e-19,0.0,0.0,0.010106951522705096,0.0,0.016533743303111532,0.0,0.0,0.0,0.0006888959012786336,0.007360831792328862,0.0,0.0,0.0,0.0,0.0010070535513239426,0.0021810262918016245,0.0009014208302695721,0.000770249987287801,0.00034940858634769354,0.0,0.003451873180181078,0.0,0.008088553720982652,5.594894238924487e-20,9.946478646976866e-20,0.004595235019833821,0.010050312420894433,0.021618662226574416,0.0,0.0,0.01495641087712142,0.0,0.0018979150333999094,0.003952630255186001,0.013700723372728768,0.028339083351699525,0.0,0.0,0.0,0.0,0.0,9.684729208898528e-20,0.0,0.0075313047925097245,0.08620901755751514,0.016178955911625444,0.0,0.0,7.547108797925429e-20,0.0014281959979967841,0.0,0.0,0.0,0.003262644429487262,0.0,1.0251852991401595e-20,1.701371347509201e-20,0.0,0.0,0.0014152970133422817,1.7886211602019803e-20,0.0,4.4279279941585614e-20,8.13604503360169e-20,0.0,0.0,0.0,2.922868725208114e-20,0.0009808307084897402,0.0003254647831868898,2.586956946340913e-19,0.0,2.4539009819844243e-20,0.0019261971231536459,0.005891442861156906,0.0012915385352534592,0.0075571987725109105,0.017838715694902835,7.852483142350157e-20,0.0,0.0,0.0,0.003728551764453092,0.0006108888345870631,0.0,0.004736103597011429,0.0004142163180926422,0.0,0.0,0.0,0.0,0.003167261908608043,2.748369099822555e-20,0.0029460812563286845,0.0014338268294077062,0.0011776010580430722,0.06255737979586955,0.0,0.0,0.0,0.007794033533092572,0.005746715734749615,0.0,0.0,0.0,0.018592703781241088,1.5355967033929198e-19,0.0,0.0013850782837130605,0.0019987286583816213,0.0,0.0014925533968708467,7.765233329657378e-20,0.0,0.0,2.0721830514535137e-20,6.325611420226516e-21,0.0,0.0009681611594583889,0.0,0.028600368530343742,0.0019392517206737632,0.02818101739903433,0.043805758799292334,0.024769687679403244,0.04168299307029492,0.03235364864584063,0.0,0.0,5.234988761566772e-21,0.008236978324238744,1.83224606654837e-20,0.08664461017492744,0.00016083509051455675,0.00016097300215784822,0.01833485066056682,0.02055172594747999,0.0058032130049186234,0.007603207713036253,0.05526155901753833,0.001889498800643119,0.0029652259281484007,0.004268513014194756,0.0,0.04862680612984307,0.07118741494008228,0.0,0.009007879473048788,0.015905994356337244,1
glp_1e2141_sterile_1_CB4037_25.Rep_48,0.0004182578332511289,0.00021026255615582548,0.00022858088238244617,0.0,0.0024373064814685935,0.0,0.0005304213197319062,0.0,0.0,0.0,0.0,0.00577782388795977,1.1610676452982198e-19,0.0,2.249568562765301e-19,0.0,0.00199173429543714,0.0,0.0,0.00384698214794526,0.000148453679220441,0.0,1.3062011009604974e-19,0.0,0.0,0.0,0.0,6.269338450434642e-05,0.0,0.0,0.0,0.00846964089453745,0.0,0.012716083800159891,7.619506422269567e-20,0.0,0.0,0.0010439217389821723,0.010643597383018474,0.0,0.00018238755545628722,0.0,0.0,0.0009775216545623835,0.0006728975412261067,0.001130482578270094,8.708007339736649e-20,1.959301651440746e-19,0.0,0.0039651371361730595,0.0,0.0053790062261893845,2.539835474089856e-20,2.9026691132455495e-20,0.0030142094531349713,0.00703463989547154,0.021525859699497815,0.0,0.0,0.015024456987754887,0.0,0.002239748546432081,0.002367821076777978,0.012294734908378863,0.023550113734133887,0.0,0.0,0.0,6.89383914395818e-20,0.0,5.079670948179711e-19,0.0,0.007924354325049942,0.08962635736127744,0.020020166419621586,5.805338226491099e-20,0.0,1.2336343731293586e-19,0.0016587511597511537,0.0,0.0,0.0,0.005541714591549968,0.0,0.0,4.136303486374908e-19,0.0,0.0,0.0004825965280052694,1.8141681957784684e-19,0.0,2.177001834934162e-19,1.3062011009604974e-19,0.0,0.0,0.0,0.0,0.0009306853066448531,0.0,0.0,0.0,1.2336343731293586e-19,0.0015545297940956423,0.006748288655812633,0.001103655594600523,0.005466387517494602,0.014862675251928366,0.0,0.0,0.0,0.0,0.003988783843310128,0.0009886253600467543,0.0,0.004942808679764885,0.0001295934989388877,0.0,0.0,0.0,3.7734698472192143e-19,0.003331177765003874,1.088500917467081e-19,0.002759886192619879,0.0007301942242552865,0.000835131649945509,0.06080142614473621,0.0,0.0,0.0,0.003852970012349737,0.004371872004852848,0.0,0.0,0.0,0.02854953857656247,4.0637367585437695e-19,0.0,0.0026765750741511145,0.0007636835835825861,0.0,0.000741892880571108,2.9026691132455494e-19,0.0,2.467268746258717e-19,0.0,0.0,1.378767828791636e-19,0.0008787936479103149,0.0,0.02784393879100742,0.0015412002871943297,0.03357693853217449,0.04664165711770399,0.02745149160800572,0.0455284963940505,0.03647024781430043,0.0,0.0,0.0,0.00722439542221303,0.0,0.09230356434823447,0.0005328802069616285,0.0,0.01665352854845542,0.018693167384321727,0.005263282462354918,0.009071847732771011,0.07423630744264464,0.0,0.004584087125419873,0.00562519584801745,0.0,0.035560002656484055,0.06194586253097241,0.0009449984462058754,0.0023441762101971773,0.021814840167661716,1
glp_1e2141_sterile_1_CB4037_25.Rep_49,0.0005007693169121068,0.0,0.0009047731693650933,0.0,0.002245860799110366,0.0,1.0185071906416668e-05,0.0,0.0,4.0539933144772945e-20,0.0,0.004075246172930038,0.0,4.26074623487103e-05,0.0,0.0,0.001723550143911587,4.215346282217685e-20,0.0,0.003825304976116843,0.000254771191235044,0.0,8.26933959669498e-20,0.0,0.0,0.0,0.0,0.00010759226943113468,0.0,0.0,0.0,0.007663773041721058,0.0,0.018137100747811614,5.828875959621583e-20,0.0,0.0,0.0009596058111042693,0.014668749570565454,0.0,0.0,0.0,9.459317733780354e-20,0.0008694123310129983,0.0006419842531202648,0.0008684803528678742,3.305718926581237e-19,8.067648387019493e-20,0.0,0.0027997273619461325,0.0,0.004217784451266561,1.118377757650577e-19,0.0,0.0033493997773847805,0.009729925570637031,0.013740185951384324,0.0,0.0,0.01311632243692345,0.0,0.0024444785504986436,0.002050992260328953,0.014398639354728165,0.030842333743806332,0.0,0.0,0.0,2.0370812177224217e-20,2.2186033064303604e-21,3.404547619322226e-19,0.0,0.006363209517598161,0.09216132978924363,0.020170241959878498,1.2847730056328542e-19,0.0,0.0,0.0013782584837610677,1.2948575661166284e-19,0.0,0.0,0.004751516055842075,5.56667738704345e-20,0.0,0.0,0.0,0.0,0.0013987581236849598,0.0,0.0,0.0,0.0,0.0,0.0,0.0,0.0,0.0009508430996993339,0.0,0.0,0.0,0.0,0.0009666641257806946,0.006933522946854278,0.001373508425868538,0.0049893894149380825,0.015616737605252262,0.0,0.0,0.0,0.0001764360521870157,0.0032336125179855332,3.512416605978896e-05,0.0,0.004704046693002677,3.368243201580638e-20,2.4626496701377e-19,1.8817789862722965e-19,0.0,4.659066943503757e-20,0.002770660358522199,1.2101472580529239e-20,0.002082379392407252,0.0003196673808504597,0.0005603072641451254,0.061443298446136003,0.0,0.0,0.0,0.0011225799529404942,0.005371676648436703,0.0,1.35334801692252e-19,0.0,0.02967678897439959,0.001063131175095539,0.0,0.0021178067189200154,0.0001534445835699984,0.0,0.0,1.0568619386995535e-18,2.23070477901089e-19,0.0,0.0,2.267009196752477e-19,3.166551991905151e-20,0.000496282658577512,0.0,0.025941492857255055,0.0,0.03124575079970256,0.047914560586766394,0.031623628787504715,0.04281145707273312,0.030788780013698933,0.0,0.0,0.0,0.007504718747302989,0.0,0.0891913107045994,0.0,0.0002704545724566682,0.014019882344398986,0.012512058413543784,0.006044823508423936,0.007818995512710642,0.07532518572332478,0.0,0.0033273456603492018,0.009252872782506073,0.0,0.03543166040396063,0.06332777480500765,0.001882543182750075,0.016944267931800292,0.02024965691719138,1
glp_1e2141_sterile_1_CB4037_25.Rep_5,0.0006580649127076686,0.0,0.0008068965670224949,0.0,0.0024553353343563567,0.0,0.00034950196648866915,0.0,0.0,0.0,1.0096965069968504e-19,0.0037873928761498576,2.692524018658268e-19,0.0005439883874281437,0.0,0.0,0.001790762483863828,2.6925240186582678e-20,0.0,0.003772642012169845,0.0004923231490877124,0.0,0.0,0.0,0.0,0.0,0.0,0.00020791269470872478,0.0,0.0,0.0,0.009960867847627024,0.0,0.015358425292592622,3.365655023322835e-20,0.0,0.0,0.001022077367436935,0.009554089210422197,0.0,0.0,0.0,0.0,0.0009067518311533867,0.0016949484664540845,0.0009155114670988846,8.750703060639371e-20,6.73131004664567e-20,0.0,0.003579121279930995,0.0,0.006113936984866415,1.6828275116614174e-19,0.0,0.0013567085062111065,0.006987718945795268,0.020201522483530007,0.0,0.0,0.014591209894906606,0.0,0.0017591030216395167,0.0018875029211225592,0.013416814991989474,0.03468509245531665,0.0,0.0,0.0,0.0,4.711917032651969e-20,1.8847668130607876e-19,0.002039993007618711,0.004268683348722028,0.09611947239184102,0.01764188816525899,0.0,0.0,0.0,0.0014322915076012857,3.702220525655118e-20,0.0,0.0,0.004693525247785543,4.038786027987402e-20,0.0,2.221332315393071e-19,0.0,0.0,0.0,0.0,0.0,3.029089520990551e-19,0.0,0.0,1.6155144111949607e-19,0.0,0.0,0.0005353371380316881,0.00022412272895925824,3.904159827054488e-19,0.0,0.0,0.0013738107507478383,0.008967299057818215,0.0009707160492203299,0.0054109467832121425,0.016258309018951807,0.0,0.0,0.0,0.00010731644032806631,0.0033492764040101534,0.0008063197481592517,0.0,0.005276020314187699,0.00027126013121304125,0.0,5.048482534984252e-20,0.0,6.7313100466456696e-21,0.002880863322208839,0.0,0.0029443153339967516,0.000600869165716929,0.0008295575586750985,0.05933017807510511,1.3462620093291339e-20,0.0,0.0,0.0034176776117770197,0.00399987613550668,0.0,6.73131004664567e-20,0.0,0.02599454037773813,0.001131356644149745,0.0,0.0014059537541674992,0.0016568763224042915,0.0,0.0,0.0,0.0,1.2116358083962206e-19,1.6155144111949607e-19,8.077572055974804e-20,5.3850480373165357e-20,0.0006211485920238767,0.0,0.02806100385845784,0.0,0.02527835064190213,0.043874476766093094,0.03283946745754978,0.03921881993818186,0.03382990426236576,0.0,0.0,0.0,0.0066282465635375465,0.0,0.08942399907059917,0.0,0.0002954668103324602,0.017681637450872575,0.019819532426003275,0.00529193773426249,0.008304416705676583,0.061015589232034914,0.0,0.004442954259030115,0.007133089051727698,0.0,0.046572517741372506,0.07105706448204813,0.0011347100660925153,0.00822913039188091,0.01645166061076465,1
glp_1e2141_sterile_1_CB4037_25.Rep_50,0.0003006265774460435,0.0,0.0,0.0,0.0022462962846262436,0.0,0.0005633767984934652,0.0,0.0,3.691306162385373e-20,0.0,0.004828497712267985,0.0,0.0005549982749104873,0.0,0.0,0.0018489964659681138,0.0,0.0,0.003026686910500666,0.00015923675567971224,0.0,0.0,0.0,0.0,7.446344247944686e-05,0.0,6.724717907616687e-05,0.0,0.0,0.0,0.008100283454684006,0.0,0.01823338744739616,0.0,0.0,0.0,0.0008893129988991954,0.010797050550501742,0.0,0.0,0.0,8.369822112385439e-21,0.0016167730502269688,0.0008033237705561432,0.000792835557821255,3.004551527522978e-20,2.7040963747706802e-20,0.0,0.0029977307722848802,0.0,0.008240648139627795,1.3091260227064404e-20,0.0,0.002576958817398814,0.0057986099408213945,0.011861266127561592,0.0,0.0,0.01086368924448425,0.0,0.0012404849064779858,0.0013124313258683034,0.014531149753277683,0.023100594272705957,0.0,0.0,0.0,0.0,0.0,1.7125943706880975e-19,0.0,0.00500977838195458,0.09806485321311116,0.01151740052207888,0.0,4.2707553855505184e-20,0.0,1.2018206110091912e-20,2.596790963073431e-20,0.0,0.0,0.0035838235519192246,0.0,0.0,0.0,2.2362447797706734e-19,0.0,1.459353599082589e-20,0.0,0.0,0.0,0.0,0.0,0.0,0.0,0.0,0.00019247424754031866,0.0,0.0,0.0,0.0,0.0013982301595049094,0.005708548925477966,0.001083499494972201,0.0031881684468529777,0.010861272054614473,5.536959243578059e-20,0.0,0.0,0.0,0.0035019938881546663,0.00042513471297350394,0.0,0.0042960450847399564,0.0003528913846771287,0.0,0.0,0.0,0.0,0.0031631966742961225,0.0,0.0025402478946629117,0.0007093356209861322,0.001042690126936595,0.06017842462158483,0.0,0.0,0.0,0.0019346740904467657,0.005162830280504874,0.0,3.433773174311975e-21,0.0,0.03028718421420214,0.0009653372323098638,0.0,0.001941553404206208,0.0004910304475266644,0.0,0.0013801868630026754,1.1503140133945114e-19,0.0,1.4250158673394695e-19,0.0,0.0,4.3995218795872176e-20,0.0007502406223337654,0.0,0.0289011576897945,0.0013715840505332244,0.030584585469110328,0.05303418930431298,0.030047103725642198,0.04418895287038071,0.03482668103972999,0.0,0.0,7.060696089678997e-20,0.007434674665940384,5.622803572935858e-20,0.09206321642938382,0.000537119478249882,0.0,0.02079093420521656,0.02149776440623691,0.005947634568077785,0.007998359479281408,0.062250495688934836,0.00019457942742178637,0.004424082434636045,0.007392401335541357,0.0,0.04789721791407886,0.06676481227115252,0.00021983131750250232,0.017827484284016613,0.016647135251210816,1
glp_1e2141_sterile_1_CB4037_25.Rep_51,0.0014760682862240005,0.0,0.0009161430121927662,0.0,0.0023409783161355666,0.0,0.00031259493217785625,0.0,0.0,5.804642263271341e-05,0.0,0.0032732213864529423,0.0,2.2139932932474198e-19,0.0,0.0,0.002433735218032342,0.0,0.0,0.004256451520201536,0.0003498922012128186,0.0,1.100718782843235e-19,0.0,0.0,0.0,3.5365299296674286e-20,0.00014776276627765037,0.0009473202920438608,0.0,0.0,0.007926287246686847,0.0,0.01769019716382373,8.496042316242462e-20,0.0,0.0,0.0008679857023212843,0.008113515120971134,0.0,0.0003163772422418858,0.0,0.0,0.0007878990242169618,0.0,0.0007177901968006116,1.695023220728176e-19,0.0,0.0,0.003117585926337381,0.0,0.00936825049022902,1.1362933442659253e-19,3.7667182682848354e-20,0.0025601595583586672,0.009557922073852263,0.00972689806402545,0.0,6.346141100112764e-05,0.010293690297435104,0.0,0.0021606610736780627,0.0019404109024863212,0.009769252588606543,0.03743704429752055,0.0,4.0178328195038246e-20,0.0,0.0,8.642525804453539e-20,2.2349195058490025e-19,0.0,0.00471183591800001,0.095620804888685,0.020609674569802044,2.4274406617835605e-20,0.0,5.963970591450989e-20,0.0012618552024391927,3.7667182682848354e-20,0.0,0.0,0.0032437728107185455,0.0,0.0,0.0,2.8082977311323606e-19,4.080611457308572e-20,0.0012997043035124281,0.0,0.0,0.0,0.0,0.0,0.0,0.0,3.7248658430816706e-20,3.6997349391708916e-05,0.0002925409985113468,3.9341279690974946e-19,0.0,0.0,0.0013490448956383922,0.006904261371942203,0.0008227405560549107,0.00410411685896414,0.014165406955463755,1.2681284836558946e-19,0.0,0.0,0.0,0.0033031603137103475,0.00089685021602368,0.0,0.004992739118749223,0.00025134708459545094,0.0,2.0821581538574506e-20,0.0,0.0,0.0028961184325589587,0.0,0.00273093137731157,0.0004348616510142637,0.0006057666976125139,0.06065442305540132,3.097079465034198e-20,0.0,0.0,0.0038493319387808184,0.0042028857335148955,0.0,0.0,0.0,0.03311596104884536,0.0009357249739210694,0.0,0.001882649327256177,0.002613627394385307,0.0,0.0013739158433288567,1.255572756094945e-19,3.005004129587235e-19,0.0,5.650077402427253e-20,0.0,0.0,0.00038878133110114313,0.0,0.02944891747863043,0.0008749612736903434,0.026536047265407266,0.049470384304691965,0.03272140510297675,0.04026737990935421,0.032670604871796724,0.0,0.0,2.8250387012136264e-20,0.008579702585917882,0.0,0.09253929970578582,0.0,0.0010545474152736883,0.012526849094073846,0.010416690212282368,0.004101246676311612,0.007302776117790905,0.06069904055798586,0.0019209233692533577,0.0021377997133332186,0.007105137509240874,0.0,0.04470253116528537,0.07350681294762687,0.001300345708966339,0.009859034708813772,0.021778127354098887,1
glp_1e2141_sterile_1_CB4037_25.Rep_52,0.0004892195147731816,0.0,7.21615635073148e-05,0.0,0.00242419969110952,0.0,3.197939180766701e-05,0.0,0.0,0.0,0.0,0.004559522876158349,0.0,0.00012659386861047018,0.0,0.0,0.0017492233542434278,4.8094300220705626e-20,0.0,0.0036530009055982513,0.0010145092773733296,0.0,1.0232829834192687e-19,0.0,0.0,0.0,0.0,0.00042843680630607635,0.0,0.0,0.0,0.008106977003744678,0.0,0.019557747295199764,2.74239839556364e-20,0.0,0.0,0.0009567998027992405,0.01281794679969718,0.0,0.0,0.0,0.0,0.0004102259723393978,0.0012969934086141351,0.0,1.575855794465674e-20,0.0,0.0,0.0034375686988506126,0.0,0.0037169125419007176,7.84858048282579e-20,0.0,0.003805878587890086,0.010753340166672261,0.0182175030960048,0.0,0.0009105442124037762,0.009774073098966673,0.0,0.0022446706600387097,0.0022466986988900484,0.014520033850545013,0.03306139287975852,0.0,0.0,0.0,6.139697900515612e-22,3.069848950257806e-20,1.3425472742460806e-19,0.0,0.005190972790171561,0.09351634179234736,0.017185037887494908,2.4354135005378596e-20,0.0,8.329523485032847e-20,0.0013874663731639212,0.0,0.0,0.0,0.0034301362680400067,0.0,0.0,1.039655511153977e-19,1.2852434271746015e-19,3.622421761304211e-20,0.0014662431831301904,3.601956101635826e-20,0.0,2.865192353573952e-21,0.0,0.0,0.0,0.0,3.4791621436255134e-20,0.0003251648289296208,0.0004479342142673288,0.0,0.0,0.0,0.0014084605904034963,0.01012158155153748,0.0011060892930878537,0.006013402866898488,0.014603156759333831,0.0,0.0,0.0,8.049940785177642e-05,0.003601831122359035,0.0008406337293760253,0.0,0.005556348927179361,0.0008095136354455563,0.0,0.0,0.0,2.4558791602062447e-21,0.0028158711471800322,0.0,0.0025827506899230414,0.0008602791849887647,0.0011333279731163845,0.05763816212134946,0.0,0.0,0.0,0.003997960115682472,0.004285960339235481,0.0,5.259674534775041e-20,0.0,0.02390443020626863,0.0010578686709989773,0.0,0.0021548980769197806,0.0003664055938286669,0.0,0.0014803451483565882,0.0,4.052200614340304e-20,1.751860467613788e-19,0.0,0.0,0.0,0.0004477637615023486,0.0,0.024957274900283977,0.0003432993099577162,0.028871464367546663,0.04824525949822178,0.029485909603057112,0.045497656944003255,0.0322234349798433,0.0,0.0,5.730384707147904e-20,0.007347632148207628,0.0,0.0905026556781763,0.0,0.000219053952529979,0.015409261657929678,0.015314221431155805,0.006774191045139276,0.008010047030289033,0.07550389661464665,0.0,0.004284404261682159,0.006193212315028887,0.0,0.03987974066826254,0.061129576562821315,0.0,0.012355351014209775,0.01725146374283553,1
glp_1e2141_sterile_1_CB4037_25.Rep_53,0.0007641587672711323,0.00016033313216234243,0.0009111317680890071,0.0,0.002493477987378685,0.0,0.000976740049252485,0.0,0.0,3.517442230417628e-20,0.0,0.004509848417277533,0.0,2.3449614869450854e-20,2.579457635639594e-19,0.0,0.0020233898214572035,0.0,0.0,0.0033319877138289463,0.00023379864615977254,0.0,0.0,0.0,0.0,0.0,0.0,9.873536646083978e-05,0.0,0.0,0.0023665134294170906,0.009067993303816175,0.0,0.013786302616538864,0.0,0.0,0.0,0.0016915503614207115,0.011357694726412175,0.0,5.9578338942952194e-05,0.0,0.0,0.0008741465339510486,0.0006646443533004538,0.0,5.471576802871866e-20,3.9082691449084756e-20,0.0,0.003263285690480916,0.0,0.004279116943490596,0.0,1.4069768921670512e-19,0.0016078517432817389,0.008209151154630227,0.018937403277195165,0.0,0.0004378880351047186,0.011569729315626167,0.0,0.0022034034470041356,0.0,0.009437488442069238,0.0252030544857942,0.0,0.0,6.253230631853561e-20,0.0,0.0,2.0322999553524073e-19,0.0,0.007409086814328113,0.11161594565417844,0.016530719744361048,1.4069768921670512e-19,0.0,2.266796104046916e-19,1.1724807434725427e-19,3.517442230417628e-20,1.1724807434725427e-19,0.0,0.0,0.0,0.0,0.0,2.5012922527414244e-19,0.0,0.0009013011109262522,3.986434527806645e-19,0.0,0.0,6.253230631853561e-20,1.0161499776762037e-19,1.3288115092688817e-19,0.0,2.266796104046916e-19,0.0013104583911569302,0.00010072206113615517,1.5633076579633902e-19,0.0,2.3449614869450854e-20,6.703586360678141e-05,0.008295730799340423,0.0014145646626636122,0.0063848896250774025,0.011860962431670067,0.0,0.0,0.0,0.0,0.004202526689481676,1.758721115208814e-19,0.0,0.005427072539447189,8.65389690670498e-05,2.5012922527414244e-19,7.034884460835256e-20,0.0,0.0,0.0035683461381903207,0.0,0.0016264768371422554,0.0006378224344817244,0.0007128179619646129,0.06558479421372254,0.0,0.0,0.0,0.0036065234286299292,0.0031246102816831103,0.0,1.4851422750652207e-19,0.0,0.026819245315319703,0.0,0.0,0.002286556905903214,0.0007326812073019856,0.0,0.0003713129912768299,1.5633076579633902e-20,4.84625373968651e-19,0.0,2.266796104046916e-19,0.0,2.735788401435933e-20,0.0006226624345646433,0.0,0.027570901288366253,0.0,0.03372488169819737,0.050320929475202655,0.021157489194276107,0.04330979110273464,0.034818310262403784,0.0,0.0,2.3449614869450854e-19,0.010410863629664775,7.034884460835256e-20,0.09981033828417064,0.00014240875985342764,0.0,0.013655826939168435,0.013501036762546983,0.0037089649480387308,0.007356428919546455,0.07129120481991595,0.0005815499830198905,0.004002558874640595,0.005194636699557125,0.0,0.04404541020071257,0.06547167812705668,0.0,0.004480270883487852,0.019622715773002404,1
glp_1e2141_sterile_1_CB4037_25.Rep_54,0.00026193033189098264,0.0,0.0,0.0,0.0019958321482365046,0.0,0.0,0.0,0.0,6.59763443948721e-20,0.0,0.006086074581699152,0.0,0.0007102229702633424,0.0,0.0,0.0016599775569236998,1.6494086098718026e-19,0.0,0.0036969159601971556,0.000618773343948679,0.0,2.345992800345081e-05,0.0,0.0,0.0,0.0,0.0005028537580781693,0.0,0.0,0.0,0.009653397804471827,0.0,0.018756624629467207,0.0,0.0,0.0,0.0012423809502789217,0.007614259282384208,0.0,0.0,0.0,3.298817219743605e-21,0.0009334807197656535,0.002316654189547212,0.0008444005820112489,0.0,8.576924771333373e-20,0.0,0.0032055505056104417,0.0,0.009033409547883824,0.0,1.187574199107698e-19,0.004087448465594047,0.013713841506385525,0.0234294833400416,0.0,0.0,0.013975566532585764,0.0,0.0011428818445135673,0.0014596735887733125,0.013884586748895148,0.03670612751321216,0.0,0.0,1.319526887897442e-20,0.0,6.927516161461571e-20,0.0,0.0,0.005995000944824771,0.09421065690975917,0.014250429382816303,1.979290331846163e-19,1.3855032322923142e-19,0.0,9.236688215282094e-20,0.0,3.298817219743605e-20,0.0,0.003962921215726313,0.0,0.0,0.0,3.232840875348733e-19,1.979290331846163e-20,0.001389404014709391,0.0,0.0,0.0,0.0,4.618344107641047e-20,0.0,0.0,0.0,0.0009370948483355657,0.0,0.0,0.0,0.0,0.0013207926315929657,0.008592259935947096,0.0009809140754764064,0.00677732071617539,0.014683343698958155,0.0,0.0,0.0,0.000824608797377434,0.0032727937401800787,0.00055081841973848,0.0,0.0049352178392565215,0.0009456836478699084,1.319526887897442e-20,0.0,0.0,0.0,0.0027893923485240142,0.0,0.0025105647884911954,0.0010313269372648989,0.0011461300534070559,0.06044989288878599,0.0,0.0,0.0,0.0020596218098577275,0.005320534529291769,0.0,1.0556215103179536e-19,0.0,0.02500165740286339,0.0009778525360432209,0.0,0.0021057393249622972,0.0005683092274153359,0.0,0.0,1.319526887897442e-20,2.1112430206359072e-19,0.0,0.0,2.639053775794884e-20,7.917161327384652e-20,2.028256588833656e-05,0.0,0.02734324366929856,0.0014250383830629184,0.027310113183791597,0.0478064152597086,0.013487385505117808,0.039289480618765096,0.03127678075294613,0.0,0.0,6.59763443948721e-20,0.00809419113909648,5.93787099553849e-20,0.08542482790533404,0.001434311105173155,0.0,0.015283311124583353,0.013733343281248549,0.008870322178307752,0.008601726972437667,0.07266799158711951,0.0,0.004361827306933094,0.007132746713085439,0.0,0.043216033863448515,0.07039391727319301,0.0,0.011687213123135242,0.015993405492011305,1
glp_1e2141_sterile_1_CB4037_25.Rep_55,0.0006803828549458542,0.0,0.0007767509768490943,0.0,0.0020938504571911087,0.0,0.0,0.0,0.0,0.0,4.9428891617900756e-05,0.0037287077108768656,0.0,0.0005624374813920065,0.0,0.0,0.0017771021584859143,5.741669223450946e-20,0.0,0.004429549553556334,0.0007268528643797584,0.0,0.0,8.395016364591155e-20,0.0,0.0,0.0,0.00030695679853767505,0.0,0.0,0.0,0.009953812408187327,0.0,0.013655004355293906,7.612061470484208e-21,0.0,0.0,0.00034414149283021854,0.010409277772316705,0.0,0.0,0.0,0.0,5.780923532866868e-05,0.0008146103475381921,0.0010023460566880628,3.8092333106424165e-05,1.7279829251626986e-05,0.0,0.0035672781659941252,0.0,0.004374139604253302,0.0,3.5667945175983146e-19,0.0056503374361662065,0.009720517250711009,0.01905052347293386,0.0,0.00042540727688588617,0.00998740441935898,0.0,0.0025928377508661875,0.0025498766801290897,0.015287407500236952,0.03971787024801225,0.0,0.0,0.0,0.0,0.0,1.3745208140988627e-19,0.0,0.00902632654567319,0.09397553662572136,0.021299071068517157,0.0,0.0,7.851297688127998e-20,1.9530374858556624e-19,0.0,1.49631379762661e-19,3.3493070470130516e-20,0.0045399657130340285,0.0,0.0,7.220584023430734e-20,0.0,0.0,1.7855721335050099e-19,2.888233609372294e-19,0.0,7.786051446952419e-20,0.0,0.0,1.739899764682105e-21,0.0,8.612503835176418e-20,0.0011244278971765263,0.00015876760527943435,0.0,0.0,0.0,0.0013317913923935457,0.007752905063643435,0.0009950844917347415,0.005855340964640655,0.01947003987224007,1.531111792920252e-19,0.0,0.0,0.0,0.0038031783147251417,0.0005965039423608778,0.0,0.0049045340522955415,0.0003469403868180253,0.0,0.0,0.0,0.0,0.003137791515980189,4.3280006646467355e-20,0.002402387553331649,0.0010744869473677942,0.0006392743213199931,0.06911104245187792,1.0243659864565891e-19,0.0,0.0,0.004684913683454828,0.004789003026175809,0.0,6.06790042932884e-20,0.0,0.0244986907722334,0.0011942773375393362,0.002132302770010527,0.0008965286683612318,0.0018486976828088809,0.0,0.0,0.0,0.0,2.2357711976165044e-19,3.342782422895494e-19,0.0,0.0,0.0005412196592678006,0.0,0.028159062167915205,0.0,0.009468617793992171,0.04822513383706188,0.033770103552939225,0.025134093880278353,0.02587900666652367,0.0,0.0,1.2266293341008838e-19,0.008054871646349965,0.0,0.0924567692539439,0.0016030227524884157,0.0,0.021883705991384565,0.019235894085037984,0.003926069839019695,0.009687735863189932,0.05777789719242636,0.0004267274052484257,0.0011802905314478368,0.008259641776171351,0.0,0.04407239938006793,0.07130793407824973,0.0020197055845219062,0.008908674000931942,0.022083619010904894,1
glp_1e2141_sterile_1_CB4037_25.Rep_56,0.0009242597425192968,0.0,0.0,0.0,0.0020742677414471076,0.0,0.0,0.0,0.0,0.0,0.000640963954675308,0.005593490389028961,0.0,0.000507871283087885,0.0,0.0,0.0026471677534307234,0.0,0.0,0.004981218875429095,0.00044322438053916136,0.0,0.00012724302579901036,0.0,0.0,0.0005812272244471613,3.6528058420118956e-20,0.00018717782312138338,0.0008715411016919247,0.0,0.0,0.00993019021355653,0.0,0.016254014354719844,7.816218952262013e-20,0.0,0.0,0.0009976266173419316,0.013814126840456043,0.0,0.0,0.0,7.835857693348099e-20,0.0,0.0013024275112368004,0.0007072088163467577,0.0004939583242012362,0.00022407436887024663,0.0,0.003267059131362762,0.0,0.006710838230533671,0.0,7.894773916606355e-20,0.004180167566082534,0.011986496450715468,0.02115980824217941,0.0,0.0,0.01118800764773955,0.0,0.0016910056012205694,0.002466746457425783,0.013088510901971235,0.037642748788539654,1.3315066456365941e-19,1.0094312918247927e-19,0.0,2.5530363411911098e-20,0.0,1.1390469829929567e-20,0.0,0.007021065142935883,0.08934160143341498,0.01629464135065811,5.97017729016998e-20,0.0,0.0,0.0011533107325886669,0.0,0.0,0.0,0.004162070418148029,0.0,0.0,3.0400771201260293e-19,1.9638741086085462e-20,0.0,0.0012381526855396391,2.513758859018939e-20,0.0,7.305611684023791e-20,0.0,2.1406227783833153e-20,0.0,0.0,0.0,0.0010411582991745427,0.0,0.0,0.0,0.0,0.0011284318759751683,0.00769801783736409,0.0009115730634800418,0.006742793560512514,0.013293889576384709,2.4744813768467682e-20,0.0,0.0,0.00014040121374036347,0.0028846285569473296,0.0006323220889626899,0.0,0.005074185075583321,0.00046616321128766295,0.0,0.0,0.0,4.713297860660511e-20,0.002624305188204751,0.0,0.002942309662801452,0.00047073480088340733,0.0018753704649997662,0.05662757287842196,8.95526593525497e-20,0.0,0.0,0.004817396279945013,0.005874967047139234,0.0,0.0,0.0,0.027052100863346473,0.0007807861260269604,0.0,0.0017295022304736356,0.0,0.0,0.0010711829670957405,1.5396773011491e-19,0.0,0.0,0.0,2.9183169253922993e-19,0.0,0.00013995131914757897,0.0,0.027240423302414885,0.0,0.029631999238699656,0.047164624282313335,0.030313418481539147,0.04294925029763077,0.030921441415886628,0.0,0.0,8.483936149188919e-20,0.006308349187077091,0.0,0.08136909520251163,0.0036258043121704547,0.0,0.014464055249273092,0.01475381000759349,0.004437286456444664,0.009669985474707628,0.059398062203462686,0.0,0.0018419399545936235,0.005263940650186561,0.0,0.042898241570292636,0.06597571868931146,0.0034687993244972614,0.0161270747638077,0.020261424624684866,1
glp_1e2141_sterile_1_CB4037_25.Rep_57,0.0004624058026862043,0.0002183638410272099,0.0007158432103060902,0.0,0.002531611972907726,0.0,9.980718650677231e-05,0.0,0.0,0.0,0.0,0.0044697874881595425,1.394285123298344e-19,0.0005633932403812525,0.0,0.0,0.0019436288794607967,5.577140493193376e-20,0.0,0.001561088243817451,0.00017465438899581253,0.0,1.5337136356281784e-19,0.0,0.0,0.0,0.0,7.375819058298194e-05,5.577140493193376e-19,0.0,0.0,0.008160211253772054,0.0,0.01719339407372853,0.0,0.0,0.0,0.0012372696244994247,0.009042095664251168,0.0,0.0,0.0,0.0,0.000939096981077783,0.002179792713439396,0.0009395028756284304,0.0,0.0,0.0,0.0035594839255715218,0.0,0.00936840258410761,9.759995863088408e-20,4.461712394554701e-19,0.002187459824786425,0.008061891591154294,0.010773529450214597,0.0,0.0,0.014707393347410122,0.0,0.0022366018939719823,0.002576915942694715,0.01212826036611416,0.03859255193061923,0.0,0.0,0.0,0.0,6.97142561649172e-20,5.577140493193376e-20,0.0,0.0056190130657986555,0.09954819306088365,0.018358694059993963,2.2308561972773503e-19,0.0,0.0,0.0014681716000719792,9.759995863088408e-20,0.0,0.0,0.005028347241094974,0.0,0.0,0.0,2.788570246596688e-20,0.0,0.00047677690050122723,2.509713221937019e-19,0.0,3.3462842959160256e-19,0.0,0.0,0.0,0.0,2.788570246596688e-20,0.001213700030731046,0.0,0.0,0.0,1.2548566109685096e-19,0.001423259816862178,0.008908762749988757,0.0008768142430197705,0.007102120634655854,0.014278449377240581,0.0,0.0,0.0,0.0,0.0031243086384289604,0.0005385225109903369,0.0,0.0051311545068224995,0.00020090204442301245,2.788570246596688e-20,0.0,0.0,0.0,0.003028748992511219,1.6731421479580128e-19,0.002707091456348024,0.000732763970597867,0.001050168529918017,0.07517471983645213,0.0,0.0,0.0,0.003988101571400416,0.004411094530237353,0.0,0.0,0.0,0.0101021977896636,0.0,0.0,0.0018891326715709308,0.00011772754014709198,0.0,0.0015936867578019433,0.0,5.577140493193376e-20,0.0,2.788570246596688e-20,3.067427271256357e-19,5.577140493193376e-20,0.0008067282737772509,0.0,0.02843619676281193,0.0009985514356207232,0.02979422650532522,0.0463161254806864,0.033627369048137214,0.041161706794999024,0.031308194556659466,0.0,0.0,0.0,0.0055069798125934565,0.0,0.09634012267052805,0.002243437141590151,0.0,0.017388457112333097,0.018482168946027135,0.004039008094715502,0.007613928158006725,0.05328437416107507,0.0,0.0029407502558424546,0.006340745967655814,0.0,0.04782298815392799,0.06574688418054625,0.0,0.013009320155055359,0.012000915716056318,1
glp_1e2141_sterile_1_CB4037_25.Rep_58,0.000343723386144848,0.0,0.0,0.0,0.0025463538650690987,0.0,0.00012809050972892828,0.0,0.0,0.0,0.00012157735851656803,0.005350602114106478,0.0,0.0006008707995847113,0.0,0.0,0.0019316929931103364,0.0,0.0,0.0026050408715109306,0.001083497332171592,0.0,9.868516834199729e-05,0.0,0.0,0.0009017387126141708,0.0,0.0006084065442219828,0.0,0.0,0.0,0.00930180336293118,0.0,0.016132358351394514,3.2907133376970908e-21,0.0,0.0,0.00107663368098065,0.012770608796373019,0.0,0.0,0.0,0.0,0.0001638929347173238,0.0,0.0009251125856165181,9.369348749740305e-05,4.250218702596414e-05,0.0,0.003965685564534607,0.0,0.005312985312162195,8.402288055586572e-20,2.1543203317456953e-19,0.0,0.00902827280433422,0.02071709936468386,0.0,0.0012330827589355994,0.009233551817751763,0.0,0.002171938912124108,0.0027436264829553574,0.012401723275590252,0.03660175466417022,0.0,0.0,0.0,0.0,7.941588188308979e-20,0.0,0.0,0.008428635363148746,0.10024450004384539,0.017816842604821862,0.0,0.0,1.7901480557072173e-19,0.001517105627840638,0.0,0.0,0.0,0.002399752756974028,8.108317664085631e-19,3.7294751160567025e-20,6.068075394713435e-19,0.0,2.3034993363879635e-20,0.0015148084083011107,3.891816974049759e-19,0.0,2.720323025829595e-20,0.0,0.0,0.0,0.0,0.0,0.0,0.0,2.6808344657772297e-19,0.0,0.0,0.0016131643856170659,0.008959700035844807,0.0007288692305093668,0.0066759588237559125,0.013553712311122814,0.0,0.0,0.0,0.0003502405171486812,0.0031876989321500417,0.0004158592894711759,0.0,0.004430668255684299,0.00042647938563194647,1.4917900464226812e-20,0.0,0.0,2.54481831448575e-19,0.0032378192277786664,6.647240942148123e-20,0.0028485350598203203,0.0019725256546770905,0.0011602126728341587,0.055095592676698495,0.0,0.0,0.0,0.005006292989429903,0.005048666105874337,0.0,1.9349394425658893e-19,0.0,0.028730723385347247,0.001118397908685563,0.0,0.0025326047830879508,0.00028520929763264084,0.0,0.0011006153730284804,1.95687753148387e-19,0.0,4.1331359521475457e-19,0.0,3.0713324485172847e-19,0.0,0.0008004381176588399,0.0,0.029133509788674964,0.0,0.02584231994918029,0.05041542767247322,0.01791019633656766,0.029953169751156687,0.027329828886319196,0.0,0.0,1.1495558593021837e-19,0.009136739604662748,0.0,0.09036267513607266,0.0035939451804839293,0.0,0.015750998510590326,0.017684555774285293,0.002332188881665857,0.00910086611151303,0.07374752577745607,0.0,0.003818751691586483,0.006170886578500731,0.0,0.04434301345504638,0.0673209134478788,0.0031728928788802443,0.009276513666077959,0.02216484569760546,1
glp_1e2141_sterile_1_CB4037_25.Rep_59,0.0007054980981322162,5.586596718796363e-05,0.0007946325744806566,0.0,0.0015239446663244983,0.0,0.0,0.0,0.0,0.0,0.0,0.0038750877846509555,0.0,0.0005735277074716467,0.0,0.0,0.0017651508579506275,0.0,0.0,0.005645569786052374,0.00020595400293191586,0.0,0.0,2.894699353374861e-20,0.0,0.0,0.0,8.697631182886816e-05,1.3922125461469568e-19,0.0,0.0,0.009663872042792884,0.0,0.020810528201084106,0.0,0.0,0.0,0.00011839178443521028,0.012240287700092813,0.0,0.0,0.0,1.7689829381735262e-20,0.0010812795945320554,0.0011163994083553455,0.0010272324885772963,1.1831509261809946e-19,0.0,0.0,0.002970737206473133,0.0,0.010401519970868463,0.0,0.0,0.003704607274793447,0.0072485124029702626,0.015409882624935735,0.0,0.0,0.014744893673885252,0.0,0.0020377769184320572,0.0025617682094894326,0.012719382894689617,0.03949834000661081,0.0,0.0,0.0,0.0,0.0,0.0,0.0,0.004248722107294455,0.10497712649345453,0.020110944369807423,0.0,0.0,2.664961309456221e-20,0.0014770582807545178,0.0,0.0,0.0,0.004400837266770114,0.0,0.0,0.0,1.1992325892552995e-19,0.0,0.0005165361811549924,0.0,0.0,8.867888495259494e-20,0.0,7.420538818572064e-20,0.0,0.0,3.905546746616876e-20,0.0012980655398827248,1.3508596982416017e-19,9.465207409447958e-20,0.0,0.0,0.0008718612022963302,0.00548893012564884,0.0013684799548704422,0.007456832353488433,0.017788374394669307,0.0,0.0,0.0,0.0,0.0033210920897078903,3.248688441625927e-05,0.0,0.004180255202315993,0.0,0.0,0.0,0.0,0.0,0.003567679529904063,0.0,0.0025237934640177716,0.0007538880054579411,0.00029882623995905564,0.058865638161268205,0.0,0.0,0.0,0.004138930390510146,0.0016702368452178814,0.0,0.0,0.0,0.021896874415772687,0.0011129244694859063,0.0015998523655374281,0.0009692708083148581,0.0002951144401211903,0.0,0.0006352873271442829,0.0,1.415186350538821e-19,0.0,0.0,4.778551313507707e-20,0.0,0.00031779195787304964,0.0,0.031551414097957364,0.0011251612269089627,0.0036847585799140077,0.049090655549991466,0.03565133412317718,0.02141887148929951,0.02672466284077041,0.0,0.0,0.0,0.009246425340684032,0.0,0.10159410164073523,0.0,0.0010260966614329407,0.016538617186502447,0.01551134284547254,0.007511228732941038,0.008771563728245477,0.06661281375959811,0.0,0.002406011626645248,0.01039564385583859,0.0,0.04770423607412656,0.06656641966109622,0.0,0.010531859595925943,0.01756545035559026,1
glp_1e2141_sterile_1_CB4037_25.Rep_6,0.000703347473201554,0.0,0.0,0.0,0.002642804900760764,0.0,0.000560750719374778,0.0,0.0,0.0,0.0,0.004044798692360372,0.0,0.0005814211491299197,0.0,0.0,0.0017383620817229772,0.0,0.0,0.0016856578857249607,8.633403461365179e-20,0.0,0.0,0.0,0.0,0.0,0.0,0.0,0.0,0.0,0.0029936760089142272,0.0021335779047196293,0.0,0.034898083341036855,1.4389005768941965e-20,0.0,0.0,0.0012444617527181874,0.005907384626780721,0.0,1.037581742552075e-05,0.0,1.4389005768941965e-20,0.0005255498701612018,0.0012615154383124544,0.002926553979004342,8.633403461365179e-20,0.0,0.0,0.004722440010821541,0.0,0.01333219519312986,0.0,1.1511204615153572e-19,0.0008116082785164299,0.005096003663337652,0.005069540678248578,0.0,0.000539286566301204,0.008865493438419931,0.0003246562259788173,0.002340449107896476,0.0,0.011266058313094882,0.029942880877866156,0.0,0.0,0.0,0.0,0.0,0.0,0.0034887906356027712,0.008854344899462513,0.1027336159803739,0.01990478253162015,1.7266806922730358e-19,0.0,8.633403461365179e-20,0.001496201439784926,0.0,0.0,0.0,0.0029881096909261345,0.0,0.0,0.0,0.0,0.0,0.0014881257067803147,3.165581269167232e-19,0.0,2.3022409230307143e-19,2.877801153788393e-20,0.0,0.0,0.0,0.0,0.0014686219357370486,0.0005034623904859644,0.0,0.0,0.0,0.0002066642902911152,0.012214485807013621,0.0017591074548219132,0.003614353738379642,0.012547303273623155,0.0,0.0,0.0,0.0,0.004163153952094694,0.0005192515853588177,0.0,0.006223127564907313,0.0006317899119526797,0.0,4.3167017306825894e-20,0.0,0.0,0.0023472605642024993,0.0,0.002976906639492922,0.0,0.0007688083321887778,0.06371303326510218,0.0,0.0,0.0,0.0031351684203369053,0.0028705350695367054,0.0,0.0,0.0,0.024930174713049646,0.0,0.0,0.0017358572962461408,0.0013943234190640556,0.0,0.0013237025114267117,0.0,0.0,0.0,0.0,1.7266806922730358e-19,5.755602307576786e-20,0.00027837333511998363,0.0,0.03749769931950067,0.0,0.022721933762145412,0.05356235371517998,0.019286563592231482,0.035482302335552864,0.02911438833724586,0.0,0.0,0.0,0.005727016879553157,5.755602307576786e-20,0.09942289118078627,0.00026613633543198215,0.0012885951769575435,0.012088353408663505,0.008694704764217626,0.0,0.008295499706337209,0.06521417520298613,0.0006686751550886436,0.001408074612072703,0.00702960557279152,0.0,0.05083237749404652,0.07319466224193522,0.000357242993923808,0.014371280881028648,0.01702709698237992,1
glp_1e2141_sterile_1_CB4037_25.Rep_60,0.0006695250298486857,9.453170637259715e-05,0.0006048956164717876,0.0,0.0013517334931461508,0.0,0.0,0.0,0.0,0.0,5.8160492120103734e-05,0.003530962812414106,1.095765593423332e-19,0.0005534618763239853,1.3697069917791648e-19,0.0,0.0001743549308725601,2.73941398355833e-20,0.0,0.005095985306743127,0.00015953877267821227,0.0,1.2327362926012482e-19,0.0,0.0,0.00027014217339884586,0.0,6.737472369421374e-05,5.47882796711666e-20,0.0,0.0,0.00688910168395503,0.0,0.016774338852983985,0.0,0.0,0.0,0.0001104766201023147,0.012169448223566021,0.0,0.00043747566103805453,0.0,0.0,0.0006788771073890978,0.0006416870571759292,0.0007839629984495709,4.482133357548763e-05,2.033230647360985e-05,0.0,0.0021579244182068223,0.0,0.003553784503467831,4.109120975337494e-20,0.0,0.0031829801278293445,0.011297577138500632,0.017651852759890306,0.0,0.0,0.007609646122217268,0.0,0.0024138924228844245,0.002375058991158362,0.017517412023387764,0.03530412778338093,0.0,0.0,0.0,0.0,0.0,0.0,0.002167529780904857,0.01096349072513199,0.09779338083441518,0.019320098619738706,0.0,0.0,0.0,0.0013522502490786775,0.0,0.0,0.0,0.004483637669237565,0.0,0.0,8.218241950674988e-20,2.73941398355833e-20,0.0,1.095765593423332e-19,1.3697069917791648e-19,0.0,0.0,0.0,0.0,0.0,0.0,1.3697069917791648e-19,0.0,0.000184493727322284,1.6436483901349976e-19,0.0,0.0,0.0011551900903661381,0.004095671843866621,0.0009451944537538221,0.0030233221285576707,0.015600647142648577,5.47882796711666e-20,0.0,0.0,0.0,0.002629561123760501,5.932006241993896e-05,0.0,0.0032326249334429617,0.0001902808839143643,0.0,0.0,0.0,8.218241950674988e-20,0.0036358615324456685,1.095765593423332e-19,0.002215980377520127,0.0007080970929907962,0.0005500995840998392,0.04521468293279093,0.0,0.0,0.0,0.0028190912069570224,0.006071332118402784,0.0,0.0,0.0,0.03549135854833902,1.6436483901349976e-19,0.0,0.002099915197935725,0.0,0.0,0.0006235815665691544,0.0,2.191531186846664e-19,0.0,0.0,0.0,9.587948942454154e-20,0.0003950958487577565,0.0,0.02970503248877184,0.0,0.03162376476581768,0.051194358072063274,0.03243371761420389,0.043838989969249086,0.03307351457279689,0.0,0.0,1.9175897884908307e-19,0.00836924268908787,0.0,0.09246686167191574,0.0014777599726042688,4.980225498154201e-05,0.01370712268109315,0.012635198095433241,0.0010721486394408006,0.007883714847555194,0.06558458211887279,0.0,0.0009493311677007217,0.008446114919193093,0.0,0.041237863518580456,0.06462990313971635,0.0024797584276587624,0.007797736364533297,0.02807624666364425,1
glp_1e2141_sterile_1_CB4037_25.Rep_61,0.0007027203212798298,0.00015475945645940107,0.0008879936786566914,0.0,0.001959546539236737,0.0,7.673668909879573e-05,0.0,0.0,3.930985505628425e-20,0.0,0.0038513288066415246,0.0,0.0005809027149207967,0.0,0.0,0.0018742048211098596,0.0,0.0,0.00419174297664822,0.0006490254394546974,0.0,4.896884801297124e-20,1.2444376972103702e-19,0.0,0.0,0.0,0.00027408954525414623,0.0,0.0,0.0,0.012845697266314082,0.0,0.01659402757166406,0.0,0.0,0.0,0.0007460946071426164,0.0074458324874398085,0.0,0.0,0.0,2.1788891088340415e-20,0.0009682828028125702,0.002166651370997103,0.0010890165307265093,2.4035168520128084e-20,0.0,0.0,0.0028936135904000567,0.0,0.005439154562889461,0.0,0.0,0.0014808002710587184,0.010707809797465665,0.018743091770363176,0.0,0.0001819553350333603,0.011820453608862327,0.0,0.0014697432000011193,0.0027568083087533284,0.014152616258580929,0.030092555479118172,0.0,0.0,0.0,0.0,0.0,1.0557503929402056e-19,0.000510733237309327,0.00913476034802084,0.10264201177741218,0.02004257871365056,0.0,0.0,0.0,0.0015762916129670834,8.782944758289796e-20,0.0,0.0,0.002728422548967219,0.0,1.6869543512725414e-19,0.0,0.0,0.0,0.0017396371580925074,0.0,0.0,0.0,2.5068456138750416e-19,0.0,0.0,0.0,0.0,0.0011900441277181873,0.00013477757932193823,0.0,0.0,3.120962125061765e-05,0.001577118930995606,0.005689554110258239,0.0014419938412173216,0.008949660365258563,0.017372760488361234,0.0,0.0,0.0,0.0,0.0037796953381954335,0.0008253974976079918,0.0,0.004243859046330723,0.0002845229513649003,9.322051341918837e-20,0.0,0.0,0.0,0.0035999525307326007,0.0,0.0025320970485226434,0.0011378222965622987,0.0007188739251358848,0.06393170332400652,0.0,0.0,0.0,0.004217758275268151,0.004562076291299152,0.0,0.0,0.0,0.017662665006389872,0.0012462417468208837,0.0,0.002309404702269206,0.000688321589483475,0.0,0.00037418570655422097,0.0,0.0,0.0,0.0,1.1950195937110411e-19,0.0,0.0006468181010307119,0.0,0.02549569046565651,0.0,0.027159171066273878,0.04963248811380434,0.021040412991503964,0.037060514642822645,0.033038849234599696,0.0,0.0,2.762921241098836e-20,0.006308625844775166,0.0,0.09035419614972875,0.0,0.0008192516610498067,0.018881489820063276,0.021164459500979445,0.0071766967655210595,0.006483665092987278,0.05857063364383941,0.002051591535302159,0.0033566321896251815,0.008225648634921723,0.0,0.046541381637132846,0.0690355386628842,0.0,0.009713835400027114,0.013569021299741704,1
glp_1e2141_sterile_1_CB4037_25.Rep_62,0.0007015734138132321,5.824418517422958e-05,0.0011897175608158723,0.0,0.001271855219777184,0.0,0.0,0.0,0.0,8.252809547076004e-20,0.0,0.0038386387535580954,0.0,6.458720515102959e-20,0.0,0.0,0.0016935983707666703,2.870542451156871e-20,0.0,0.003452394921136929,0.00039641447102622165,0.0,0.0,0.0,0.0,0.0,0.0,0.00016740955822475758,0.0,0.0,0.0,0.006866659295395122,0.0,0.018104165898271532,0.0,0.0,0.0,0.0,0.012545031773867711,0.0,0.0,0.0,0.0,0.000966702471715391,0.0017412508453255784,0.001234546000541924,7.176356127892177e-20,2.1529068383676533e-20,0.0,0.002336565152361458,0.0,0.004760856342123733,0.0,0.0,0.004201740403458877,0.010738402056201649,0.014493001753995816,0.0,0.0008531224403159989,0.013418698836209374,0.0,0.0024324847534442197,0.0021692724752087277,0.019647223916328473,0.045154021502651125,0.0,0.0,2.1529068383676532e-19,1.3993894449389746e-19,3.9469958703406973e-20,0.0,0.0009550204197934235,0.005679861574161576,0.10247449009612687,0.021974453268030804,0.0,0.0,0.0,0.0,1.3993894449389746e-19,1.7223254706941226e-19,9.32926296625983e-20,0.0056294749092895115,4.3058136767353066e-20,1.3635076642995136e-19,3.588178063946089e-20,1.4352712255784355e-19,6.817538321497568e-20,0.0018940827241913274,0.0,0.0,0.0,1.578798348136279e-19,0.0,5.741084902313742e-20,0.0,0.0,0.0017650992018971013,1.4352712255784354e-20,0.0,0.0,0.0,0.001254550647294305,0.00536358181513856,0.0012353989586159273,0.005450245026021475,0.015266194994185354,5.741084902313742e-20,0.0,0.0,0.0,0.003512007339428974,0.0007931791683615831,0.0,0.0035766338952887976,8.499392384128256e-05,0.0,0.0,0.0,1.4352712255784355e-19,0.0037872556321071962,3.588178063946089e-20,0.002519990552262031,0.0009657656640764997,0.00022064853809194212,0.06843401858806498,0.0,0.0,0.0,0.003682173327835709,0.004134554986990122,0.0,0.0,0.0,0.016758313308156372,1.1482169804627483e-19,0.0018823439101942631,0.0018393127722195397,0.000626305790443887,0.0,4.997600128920085e-05,0.0,3.875232309061776e-19,1.2917441030205918e-19,2.224670399646575e-19,8.611627353470613e-20,0.0,0.00024343193050926386,0.0,0.0263461072871648,0.0,0.013908522846265618,0.04359645804960842,0.03426835883232272,0.03730703105297313,0.03258444257901453,0.0,0.0,1.0046898579049048e-19,0.006432720922647655,5.741084902313742e-20,0.09917211596621058,0.0,0.0004038391754741079,0.01631535036682501,0.014427618640478871,0.005609478169461909,0.009369797489268852,0.05798368612054891,0.0031228984980411823,0.0034069633566647882,0.00917230925766165,0.0,0.04816058244313864,0.054548948511728805,0.0,0.013483057062238303,0.013892762036643722,1
glp_1e2141_sterile_1_CB4037_25.Rep_63,0.00022724025699726266,0.0,0.0,0.0,0.0022888177594953896,0.0,8.323108493347597e-05,0.0,0.0,6.28745381053465e-20,7.520603347392763e-05,0.006216378172063232,0.0,0.0004598265737973371,0.0,0.0,0.0017917974077233942,1.9205313457633113e-19,0.0,0.004057579410549066,0.0007136744089575799,0.0,2.432673037966861e-19,0.0,0.0,0.0,0.0,0.00030139141290833564,0.0,0.0,0.0,0.004592211865260583,0.0,0.014765879890880242,0.0,0.0,0.0,0.0011235923968167783,0.010310101554782547,0.0,0.0,0.0,7.133402141406584e-20,0.0006509612135399846,0.0006214890617262558,0.0010444193756223748,5.79574654606309e-05,2.6291251423711626e-05,0.0,0.0038361430012626495,0.0,0.005748271698151918,9.534066323610724e-20,2.039421381453421e-19,0.0020576227773164463,0.007678771716802739,0.012008364266245108,0.0,0.0008344402809870765,0.009665526850708536,0.0,0.0030629302528831785,0.0026618273608775746,0.0046940244799725354,0.040537012926212604,0.0,0.0,0.0,0.0,2.4235276506060833e-20,0.0,0.0,0.008896337721552253,0.09636726635775723,0.018931017585713,3.4752471970955154e-20,0.0,0.0,0.0016268582865992401,9.78556447603211e-20,0.0,0.0,0.004313063973459004,3.0637047658605205e-19,0.0,3.406656791889683e-19,3.4523837286935713e-19,0.0,1.1523188074579868e-19,9.556929792012668e-20,0.0,3.571273764383681e-19,0.0,0.0,2.2406199033905297e-20,0.0,4.2526051227616177e-20,0.0005723197898545785,0.0,0.0,0.0,0.0,0.0014842146100358955,0.007406725605388976,0.001139352066903922,0.004043372424709877,0.0190289513242387,5.249452345086384e-19,0.0,0.0,0.0,0.004029185868127437,0.0005969052423382304,0.0,0.005233259926474849,0.0007509448735657993,1.0654376275305988e-19,0.0,0.0,1.5592885450125932e-19,0.003267738725651405,2.679598496707858e-19,0.0027724176025671473,0.0012353107473791272,0.0015220431191326133,0.06481428418111548,1.5318523829302602e-20,0.0,0.0,0.004771137837590017,0.004910433881210228,0.0,4.526966743584948e-20,0.0,0.018104722452601373,3.7038818811149576e-19,0.0,0.00133241126097359,0.0,0.0,0.00015424128762560647,0.0,3.8136265294442897e-19,7.764433869300244e-19,3.9325165651343993e-20,2.0714302372161428e-19,1.2529180684265411e-19,0.0005759563865130795,0.0,0.028737214682185368,0.0,0.03172692987908447,0.0522355360139117,0.03520550343111327,0.03746612480029363,0.03255551998129618,0.0,0.0,0.0,0.007638968184758383,0.0,0.09081950990123622,0.0,0.0008858313789250278,0.01983240834142022,0.02025027794281122,0.0026625412390543246,0.007968183695841848,0.05307724323728036,0.0021043401644953107,0.0020200200254060392,0.00851670391861577,0.0,0.04812888722209547,0.0692910983493047,0.0,0.010077481345605556,0.018726220918353832,1
glp_1e2141_sterile_1_CB4037_25.Rep_64,0.00043104077535051425,0.00026667043160964906,0.00010512046567807205,0.0,0.002321408163028391,0.0,0.00014913119647957736,0.0,0.0,0.0,0.0,0.004130692226520186,0.0,8.419233344165589e-05,0.0,0.0,0.0017760875443223415,9.90470545189991e-20,0.0,0.004211353110217643,0.0003124741205054327,0.0,0.0,0.0,0.0,2.1802216484515893e-05,0.0,0.00013196075898809438,0.0,0.0,0.0005898302280454767,0.009649875016138733,0.0,0.016153747887942285,3.714264544462466e-20,0.0,0.0,0.0009124041855458375,0.0153516020110197,0.0,0.00019632068269386532,0.0,0.0,0.0001896268511187474,0.001165716210160513,0.0007313741776466034,0.0,0.0,0.0,0.003164095743888369,0.0,0.0035058489619942826,0.0,1.2380881814874887e-19,0.0029961593891513053,0.012504779236179273,0.016493029969423863,0.0,0.0,0.011831160359870054,0.0,0.002432092973860708,0.0022556184530244747,0.014730058406409844,0.0415009253646236,0.0,0.0,0.0,0.0,0.0,0.0,0.0,0.005354619020156255,0.088396153166688,0.017348309345942753,9.90470545189991e-20,0.0,7.428529088924933e-20,0.0012192873190901767,0.0,0.0,0.0,0.005283866231047428,4.952352725949955e-20,9.90470545189991e-20,0.0,0.0,0.0,0.001338570339806622,2.971411635569973e-19,0.0,0.0,2.4761763629749774e-19,0.0,0.0,0.0,0.0,0.000263598844493247,0.0,0.0,0.0,0.0,0.0012539341057250957,0.007645802669958678,0.0011085448269554435,0.004415231354755816,0.014229751015149457,0.0,0.0,0.0,0.0001314048240322347,0.002750088823905821,0.0006304008032229517,0.0,0.00457916399394714,0.0001948134805382119,9.90470545189991e-20,0.0,0.0,0.0,0.0028756937660311043,0.0,0.00253502223284903,0.00022100359811754158,0.0008334252028123738,0.06250733815263865,2.4761763629749774e-20,0.0,0.0,0.0040304867474471595,0.004254342397149068,0.0,7.428529088924933e-20,0.0,0.03138130185431519,0.000910281730277614,0.0,0.0016259954069548358,0.0019927429494953045,0.0,0.001335345132013407,0.0,0.0,0.0,0.0,0.0,3.714264544462466e-20,0.0007716640069942251,0.0,0.027454182321143418,0.0,0.028140834193458343,0.046979887019128815,0.03053312296397267,0.041586147971833964,0.029687808263434753,0.0,0.0,7.428529088924933e-20,0.0076657276831667235,0.0,0.08554747181069439,0.00475624896220533,0.0,0.015187959591561289,0.015852899712466912,0.0054521116761081425,0.008499330306220942,0.0651668320245172,0.000605990183205717,0.0,0.007399287037135651,0.0,0.03840243907602668,0.06301774294549266,0.0032104645975444485,0.009812319163938373,0.023326809702869187,1
glp_1e2141_sterile_1_CB4037_25.Rep_65,8.453170845353467e-05,0.0,0.0,0.0,0.0020209807034919833,0.0,0.00013459987092247282,0.0,0.0,3.997079305780837e-20,0.0,0.006818104704596265,0.0,0.0005356293039036484,0.0,0.0,0.0016631885212508401,0.0,0.0,0.0026053550580373516,0.00043796856741814037,0.0,6.156162809823254e-05,0.0,0.0,0.0,0.0,0.0003068176589379236,0.0,0.0,0.0,0.00912760573709893,0.0,0.02181391572109421,1.3323597685936123e-20,0.0,0.0,0.0014568067811330427,0.015862856558625328,0.0,0.0,0.0,2.6647195371872246e-20,0.0005997597616461587,0.0013161941952219258,0.000872808978969168,5.329439074374449e-20,2.664719537187225e-19,0.0,0.00338477356017119,0.0,0.007947222231743392,0.0,3.7306073520621147e-19,0.0033149704934103694,0.008565731461040853,0.012468823421221202,0.0,0.0008240713159159872,0.009740558502064204,0.0,0.0021072148251034353,0.0009583953719358543,0.0162591972233996,0.024593282999238467,0.0,0.0,0.0,0.0,1.3323597685936123e-20,0.0,0.0,0.003127364474757881,0.09512688994109757,0.01728208076456087,0.0,0.0,0.0,0.0014950460348860566,0.0,0.0,0.0,0.0008663666323434707,2.1317756297497797e-19,1.3323597685936124e-19,7.994158611561674e-20,0.0,0.0,0.0016225039001106798,0.0,0.0,0.00034899324071598986,0.0,0.0,0.0,0.0,0.0,0.0,0.0,0.0,0.0,0.0,0.0012703136628317976,0.0077862668882085475,0.0011174032529272554,0.006283726967201637,0.014857986219370527,0.0,0.0,0.0,0.0,0.0036626927741676752,0.0010107129456364125,0.0,0.005171781138405115,0.0006029916561927417,0.0,0.0,0.0,0.0,0.0030376057206627518,0.0,0.0027322165531655307,0.0012465035384216392,0.0017636194044633707,0.06352868905266795,7.994158611561674e-20,0.0,0.0,0.002933332456543454,0.003670969217741111,0.0,0.00015012989370048727,0.0,0.02591942743052725,2.1317756297497797e-19,0.0,0.002333216616109391,0.00012613272801438588,0.0,0.0015353042941852939,5.32943907437445e-19,0.0,0.0,0.0,1.0658878148748899e-19,0.0,0.00040253809160754775,0.0,0.033924631743543036,0.0007078623722217283,0.03525355255001977,0.05206777372838897,0.017631398171794665,0.04035880965124812,0.03483185040595753,0.0,0.0,1.3323597685936124e-19,0.007721041491042593,1.3323597685936124e-19,0.09206130181173784,0.0017747090948116158,0.0,0.013856758836517742,0.011908161308469653,0.0009551926777126679,0.010261728261797375,0.07734966812553971,0.0,0.003759429887997841,0.0061733528412827475,0.00021072626797247182,0.032673299906204996,0.057281871081537906,0.00680694379726125,0.009788324252221325,0.02574587937935023,1
glp_1e2141_sterile_1_CB4037_25.Rep_66,0.0003466315221254477,0.00026961058021918605,0.0,0.0,0.002136078883891138,0.0,5.834980599190644e-05,0.0,0.0,1.046103141428743e-19,1.7326083279913557e-19,0.005489745461400131,0.0,0.0006662960313234325,0.0,0.0,0.0018047470495401769,1.961443390178893e-20,0.0,0.0035894703074345904,0.00031726659806624667,0.0,0.0,0.0,0.0,0.0,0.0,0.00013398466732116021,0.0,0.0,0.0014058919327419915,0.010985604577247215,0.0,0.013484389729984588,0.0,0.0,0.0,0.0013216157229631693,0.007512330123154495,0.0,0.0,0.0,0.0,0.0008807311768554874,0.0015897930708432676,0.0,9.807216950894465e-20,4.707464136429343e-19,0.0,0.003455660475067388,0.0,0.004163341129481654,2.3210413450450237e-19,0.0,0.004140603491861583,0.013107478849913118,0.010098900219668288,0.0,0.0,0.012634994919675242,0.0,0.001733921279978954,0.0022491942591344924,0.012120219099463477,0.03513353234304646,0.0,0.0,0.0,7.845773560715572e-20,1.5691547121431145e-19,3.792123887679193e-19,0.0,0.007027564354475051,0.08422258066393204,0.01988579266615062,0.0,0.0,0.0,0.0013563902463277389,1.765299051161004e-19,0.0,0.0,0.0046848257209750055,9.153402487501501e-20,5.557422938840197e-20,1.3076289267859288e-19,2.6152578535718575e-20,6.538144633929644e-20,0.0013407563747132023,2.419113514553968e-19,0.0,0.0,2.092206282857486e-19,0.0,0.0,0.0,0.0,0.0012156515905765526,0.0,2.3537320682146717e-19,0.0,2.288350621875375e-19,0.0011444070448132942,0.007607774262472253,0.0012850697268057339,0.004811422540702984,0.013391029656229902,0.0,0.0,0.0,0.0,0.0032791786529281037,0.0006042430897579098,0.0,0.004994371646876053,0.0009522883475097315,3.4652166559827113e-19,0.0,0.0,0.0,0.0029042031930183445,0.0,0.0025700245584957602,0.0006436545815160181,0.001408039370956381,0.05977856885821859,2.2229691755360788e-19,0.0,0.0,0.0041429471690689855,0.004392847096699673,0.0,0.0,0.0,0.02485045205703522,0.0010511418271833015,0.0,0.002127887094196567,0.00023922294825930065,0.0,0.0014673578238090794,4.707464136429343e-19,0.0,7.4534848826797935e-19,0.0,3.269072316964822e-20,1.3076289267859288e-20,0.0005651450670854873,0.0,0.024417789067014903,0.0018934272382122145,0.031214842384621733,0.045714952930912746,0.03245148810107174,0.04740325512378564,0.03635135698459264,0.0,0.0,0.0,0.008020502952190325,3.269072316964822e-19,0.0868578383132593,0.0,0.0001520549857186238,0.019044365117369972,0.02103572503508282,0.0037874284888972025,0.0074262413292200975,0.07282095586214878,0.0,0.004891917532210683,0.004256208068794699,0.0,0.041624627524318,0.06709318096655403,0.0,0.010800668628322376,0.017965951826518146,1
glp_1e2141_sterile_1_CB4037_25.Rep_67,0.0003926322163088209,0.0,0.00019298014695639848,0.0,0.0025690509496197494,0.0,0.000654702188360319,0.0,0.0,0.0,0.0,0.004554015024751316,0.0,4.1809782388057554e-20,0.0,0.0,0.0018704365467731153,1.3379130364178418e-19,0.0,0.0023876184402321587,0.0005575300208260418,0.0,3.087491622502712e-20,1.1149275303482015e-20,0.0,0.0002697672735048001,5.295905769153957e-20,0.0002354501697223701,0.0,0.0,0.0,0.008979106809647123,0.0,0.020373444762460512,2.1290827646841618e-19,0.0,0.0,0.001231475790266136,0.0078037779556027614,0.0,0.0,0.0,0.0,0.0008528574121052899,0.00046683953947444106,0.0009658890328709088,0.0,0.0,0.0,0.0029638308521958115,0.0,0.008350868126604629,6.003455932644162e-21,2.307042351258971e-19,0.0007046414664146395,0.00911595521167413,0.016526129641143316,0.0,0.0012846485546461847,0.008121214465615124,0.0,0.0028489054689461854,0.0006504560910203646,0.006591567080161005,0.03113560438399104,0.0,0.0,0.0,1.1985470951243166e-19,0.0,0.0,0.0,0.00828800384524718,0.08474058927217121,0.019291665849965632,3.9408400014999893e-19,0.0,3.8593645281283895e-20,0.0014222026117346812,0.0,0.0,0.0,0.0032290128116177776,0.0,0.0,7.718729056256779e-20,3.1946961927285005e-19,6.518037869727948e-20,0.00010238111588130615,0.0,0.0,7.204147119172995e-20,0.0,0.0,0.0,0.0,2.3413478137312233e-19,0.0013559187033076923,0.00021465777005115673,0.0,0.0,0.0,0.000585329888985316,0.008617456514071694,0.0010406840826077777,0.005772395205222555,0.009904852123144143,0.0,0.0,0.0,0.0003861048628513873,0.0034292303954237104,0.0007648182084459357,0.0,0.0037508955449899657,0.00031158884080381276,7.9116972826632e-20,8.297633735476038e-20,0.0,0.0,0.003388296615936863,2.0583277483351412e-19,0.0024823992344130815,0.0007422404331726502,0.0009304332351660222,0.0667723372369106,0.0,0.0,0.0,0.001963025260628615,0.004276546706692024,0.0,0.0,0.0,0.03555643582392113,0.0010891415924581735,0.0,0.00048177982207046454,0.002678205852529049,0.0,0.0,0.0,0.0,0.0,0.0,0.0,1.9361145382777421e-19,0.0007696959211792088,0.0,0.02883745064994543,0.0,0.031414776006447404,0.04988053361282424,0.020011177465399925,0.04097070124723803,0.03342750424174373,0.0,0.0,0.0,0.01119960530529485,6.11066050286995e-20,0.09114813083862852,0.0004466032197454698,0.0006018041894769206,0.01737868081914071,0.016691867109090545,0.004574429810373986,0.006971456009186573,0.07078449217073698,0.0006927137640676687,0.0017179651198019291,0.0069889629564684,0.0,0.04724168344350708,0.06819714191089829,0.0005071269047955187,0.008226661703988851,0.025098810497703447,1
glp_1e2141_sterile_1_CB4037_25.Rep_68,0.000686434699259848,1.040060138340171e-19,0.000780741863431229,0.0,0.0010464249246481226,0.0,0.0,0.0,0.0,0.0,3.805202527776355e-05,0.004092614370843193,0.0,1.6303052379467238e-19,0.0,0.0,0.0015519455967181852,0.0,0.0,0.004803958578366393,0.00016570958420392208,3.510751521823362e-21,0.0,0.0,0.0,0.0,0.0,6.998071541982606e-05,0.0,0.0,0.0,0.00705273619651594,0.0,0.014348168415187651,0.0,0.0,0.0,0.0,0.0127541399021981,0.0,0.0,0.0,0.0,0.0,0.0007554219483333586,0.0,2.932476077876906e-05,1.3302594453487956e-05,0.0,0.002161040436606392,0.0,0.0022126771717913174,1.2155977144313391e-19,0.0,0.0027724464204518886,0.007534511727450956,0.013911754245897029,0.0,0.0,0.011199165459465343,0.0,0.0023609739222584408,0.0030792716475033133,0.007042929663566091,0.041658497277918115,0.0,0.0,1.1190520475811966e-19,0.0,0.0,2.7208324294131053e-20,0.0,0.006884737427517614,0.08374235432698078,0.019894351024760733,4.4542659933133905e-20,0.0,0.0,6.582659103418804e-21,0.0,2.8195723159643875e-19,0.0,0.00447495277430247,2.3873110348398863e-19,1.0707792141561254e-19,0.0,8.206381682262109e-20,0.0,0.0,0.0,0.0,0.0,4.607861372393163e-20,0.0,0.0,0.0,0.0,0.0,0.0,0.0,0.0,1.8431445489572652e-20,0.0012762112654533307,0.00487345759064368,0.0010242903227579384,0.005101799263573149,0.019522703439325547,5.748855616985756e-20,0.0,0.0001517139537823463,0.0,0.002941250411112979,0.0,0.0,0.002853903058742784,0.0,4.322612811245014e-20,0.0,0.0,5.134474100666667e-20,0.0036679756412474032,0.0,0.0017139613075849978,0.0004879839605686829,2.2161618981509975e-20,0.06367913384267594,0.0,0.0,0.0,0.004651516419005791,0.004804865914236405,0.0,0.0,0.0,0.03492751412600791,0.0011920894129038707,0.0,0.002401625083567305,0.000652541466692062,0.0,0.0005967104758479436,5.029151555011966e-19,2.4794682622877495e-19,1.298978063074644e-19,0.0,1.9660208522210827e-19,0.0,0.0,0.0,0.026363775628198693,0.0015631679480018715,0.030723601985843813,0.05082547778297613,0.030984225283294985,0.04603817678680895,0.03561986185692472,0.0,0.0,0.0,0.007941562680327575,8.338034864330485e-21,0.09327915031371393,0.0004744967683586051,0.0,0.016380790768770394,0.016108865409936165,0.0022351784824360117,0.009109017066701561,0.06364602767274423,0.0006585720270393839,0.004359315782102094,0.005576546565926365,0.0,0.04381561126211738,0.0698014379271316,5.624969365106298e-05,0.009393200202398201,0.021405823446760154,1
glp_1e2141_sterile_1_CB4037_25.Rep_7,0.0007377645823569252,7.54655361405754e-20,0.0009797615914499658,0.0,0.0005525812582389343,0.0,0.0,0.0,0.0,7.54655361405754e-20,0.0,0.004383328994878961,1.2074485782492065e-19,0.0,0.0,0.0,0.0016679962365510252,1.2074485782492065e-19,0.0,0.0029088868601506047,0.0005188529833610319,0.0,1.2074485782492065e-19,0.0,0.0,0.0,0.0,0.0002191164931572898,0.0,0.0,0.0,0.010293972685375349,0.0,0.011893236492378249,1.2074485782492065e-19,0.0,0.0,1.509310722811508e-20,0.013726177937184019,0.0,0.0,0.0,3.018621445623016e-20,0.0016434568940204989,0.0023136475721522087,0.0,0.0,0.0,0.0,0.0013696572459306379,0.0,0.00424173363456418,0.0,0.0,0.0,0.006737405996807384,0.021855701567194852,0.0,9.06645853985826e-05,0.01407653926819832,0.0,0.0021855569648762353,0.0019247646078786374,0.01259190521199231,0.024541996513139503,0.0,0.0,0.0,0.0,2.263966084217262e-19,0.0,0.0,0.006484196261470043,0.09522272588996865,0.01969966543780286,1.0565175059680556e-19,0.0,0.0,1.2074485782492065e-19,1.509310722811508e-20,2.565828228779564e-19,1.0565175059680556e-19,0.0007321470068447447,0.0,7.54655361405754e-20,3.018621445623016e-20,1.2074485782492065e-19,0.0,9.055864336869048e-20,0.0,0.0,0.0,0.0,0.0,0.0,0.0,0.0,0.0012291084676117614,0.0,0.0,0.0,0.0,0.0011976141849252882,0.0037819386858232423,0.001196419372666503,0.006325589156616898,0.015925210150127638,0.0,1.6602417950926587e-19,0.0,0.0003593199513881446,0.002889277226117273,0.0003038068090079828,0.0,0.002028964418847748,0.0,0.0,0.0,0.0,3.622345734747619e-19,0.00427002427558804,4.527932168434524e-20,0.0028043514825394824,0.0011151431006640063,0.0,0.06641758189580091,0.0,0.0,0.0,0.0036076991530419617,0.0037697741112541648,0.0,0.0,0.0,0.028054765277971065,0.0013389125393040776,0.0018418218654786035,0.0013280423701825732,0.00032967642629383676,0.0,0.0002003787527979816,0.0,0.0,7.244691469495238e-19,1.2074485782492065e-19,1.2074485782492065e-19,1.0565175059680556e-19,0.0,0.0,0.03328292932225786,0.0004763038079793831,0.010151171166256997,0.05654417654233171,0.021103269055623954,0.025905741471299006,0.030623016049406114,6.037242891246032e-20,0.0,0.0,0.00905525625712669,3.018621445623016e-20,0.10025433365767998,0.0,0.00015797723148250277,0.017597311416801608,0.017294872297078538,0.00440600394495271,0.007728172746720537,0.08062553806758656,0.0,0.003972674976163446,0.006739451409010411,0.0,0.04412971882477212,0.07547187683797825,0.006367811756194018,0.00981714383049958,0.02438638888342672,1
glp_1e2141_sterile_1_CB4037_25.Rep_70,0.0007359833366457795,0.00025971604977306865,3.079222465382817e-19,0.0,0.002239787971243279,0.0,0.0005550329345020258,0.0,0.0,0.0,6.556036842504624e-20,0.004548071052693328,0.0,0.0006204037251950208,0.0,0.0,0.0019014930655925765,6.407997300899681e-20,0.0,0.003592126320866971,0.0004238919042413165,0.0,2.4532266894533432e-20,0.0,0.0,0.0,0.0,0.00017901353661581163,0.0,0.0,0.0026566278164942498,0.006730869757056609,0.0,0.014791159150130927,2.601266231058286e-19,0.0,0.0,0.0010691994985951086,0.012646026596899828,0.0,0.0,0.0,0.0,0.0009116298067436161,0.0015079375236226344,0.0011572271546402872,0.0,0.0,0.0,0.003266614966765464,0.0,0.004194072927550366,8.353659847707505e-21,7.372369171926168e-19,0.0020781441663557183,0.009972606152352343,0.012619850989729701,0.0,0.0,0.014227629805232216,0.0,0.001817940241365015,0.0016633752435801263,0.011064959269887157,0.03898978343134957,0.0,0.0,0.0,1.9520070985908928e-19,6.439720059815025e-20,3.730596448444567e-19,0.0,0.007983984647715605,0.08358490930512875,0.024331503925385415,0.0,0.0,1.0997223090652918e-19,0.0015990816201278217,1.3683083345485458e-19,0.0,0.0,0.004410590854620796,1.7468665909383289e-19,1.7130289814286276e-19,2.797947336333425e-19,0.0,0.0,0.0017262452509886437,0.0,0.0,0.0,1.0362767912346019e-19,0.0,0.0,0.0,0.0,0.0011159811604434307,0.0,5.752393616649218e-20,0.0,4.8430078610759966e-20,0.0010935246133148015,0.0057081783120090665,0.001209022118811774,0.006447693203290989,0.015687556776655665,2.876196808324609e-20,0.0,0.0,0.00011475187970088447,0.0034882978467253387,0.000713308984005532,0.0,0.004383338047475042,4.432819160241243e-05,4.229701188712661e-20,0.0,0.0,0.0,0.003166894016066501,0.0,0.0028066977425409323,0.0007423666590667542,0.0007392700732954518,0.05982706439452746,0.0,0.0,0.0,0.0032747744484207895,0.0038107852961411135,0.0,1.7172586826173403e-19,0.0,0.0341944744571879,0.001270922559162463,0.0,0.0024293418275948752,0.0021295554055827666,0.0,0.0,0.0,0.0,1.0193579864797512e-19,2.1486882038660317e-19,2.6329889899736314e-19,2.886771061296391e-20,0.0007861896064472277,0.0,0.027172833367552662,0.001765522727006439,0.028095501077163992,0.04918967908209584,0.03333865525428356,0.04043325897348188,0.03490137070712717,0.0,0.0,0.0,0.010800684085094854,0.0,0.09352231897390766,0.0,0.00013953375115520678,0.017002715800906912,0.018213414803778426,0.00222764999361846,0.007990293883476243,0.06134382960020594,0.0,0.004877935973599893,0.007020494592884573,0.0,0.03358475646627075,0.059077560272802754,0.0024403031179834954,0.007268472123920178,0.024351407751926644,1
glp_1e2141_sterile_1_CB4037_25.Rep_71,0.0006723498032321091,0.00018762655800215082,0.0009579536470515558,0.0,0.002068712757769634,0.0,0.0,0.0,0.0,1.203550147019051e-19,2.338325999922728e-19,0.003992520177123161,1.169162999961364e-19,7.565172352691179e-20,4.1264576469224607e-20,0.0,0.0018661610721220424,1.375485882307487e-20,0.0,0.001968168172660969,0.00012104457966059391,0.0,0.0,0.0,0.0,0.0,0.0,5.111826405838031e-05,5.777040705691445e-19,0.0,0.0,0.008102862729177361,0.0,0.011837253158350892,1.169162999961364e-19,0.0,0.0,0.0007057446932448665,0.01258247586151423,0.0,0.0,0.0,0.0,0.00036578998768326394,0.0007857419732138445,0.0,0.0,1.375485882307487e-19,0.0,0.002692535698562803,0.0,0.0034063576536960075,0.0,0.0,0.00437784060313616,0.008577739471218926,0.01403853817431556,0.0,0.0012872785790592437,0.009921112550648157,0.0,0.00245968884345435,0.00287207787665153,0.016057427996294154,0.04012729873652313,0.0,0.0,0.0,4.814200588076204e-20,0.0,4.126457646922461e-19,0.0,0.007172550008626774,0.08494236471565338,0.0231203283277105,1.994454529345856e-19,0.0,0.0,0.0015241380328119222,0.0,0.0,0.0,0.00458414011792887,5.501943529229948e-20,2.0632288234612303e-20,1.4442601764228613e-19,3.0948432351918456e-19,0.0,0.0,1.788131646999733e-19,0.0,2.407100294038102e-19,0.0,2.6821974704995997e-19,0.0,0.0,1.169162999961364e-19,0.0005517328212304458,9.628401176152408e-20,1.1003887058459896e-19,0.0,6.189686470383691e-20,0.0014971047243228879,0.005832149112226497,0.0008579214965159899,0.004689176938081429,0.014625271412730607,2.338325999922728e-19,0.0,0.0,0.0,0.0029439400499419854,0.00039032496267301807,0.0,0.004387965985224039,4.149626727722722e-05,0.0,1.3067115881921125e-19,0.0,6.877429411537435e-20,0.0032584541258758887,1.788131646999733e-19,0.0025674387646716264,0.0006728510714908144,0.0007373863745402082,0.06237250703567208,0.0,0.0,0.0,0.004026509067212994,0.004885178254037136,0.0,1.4786473234805484e-19,0.0,0.030278216610354004,0.0012024741021853145,0.0,0.0016808880180846763,0.0015876663560185885,0.0,0.0006071893637313958,0.0,2.200777411691979e-19,2.338325999922728e-19,2.338325999922728e-19,2.544648882268851e-19,0.0,0.0007841863542711337,0.0,0.026431354796340633,0.0009155218495431128,0.026963671570464826,0.048074022841664836,0.025936519856529616,0.04128114083566047,0.03560169569235695,0.0,0.0,1.375485882307487e-20,0.008554594054352148,0.0,0.09136516325108275,0.0,0.0011823341503893606,0.02144160274352361,0.025228657674652225,0.008976106100349641,0.007217851817916657,0.06349567738138207,0.0,0.002349654570496427,0.007773608620461853,0.0,0.03943964903060729,0.06278709476486179,0.0007583727874699318,0.00898710365589167,0.021333631864475587,1
glp_1e2141_sterile_1_CB4037_25.Rep_72,0.0008509780019149004,0.0,0.0,0.0,0.0024719333851428945,0.0,0.00040887004404262977,0.0,0.0,0.0,0.0,0.0034623323725507813,0.0,0.0002043776073244223,0.0,0.0,0.0019123020990739741,0.0,0.0,0.003291285659426659,0.00029485632418697655,0.0,1.1657340281967075e-05,2.2401712771517246e-19,0.0,0.0,0.0,0.00012452059795933256,0.0,0.0,0.0017300940153226493,0.009240118835705259,0.0,0.014104470288438855,5.929865145401624e-20,0.0,0.0,0.0009566176476684754,0.010335871780957653,0.0,0.0004397137005133649,0.0,8.894797718102436e-20,0.0011338584690021294,0.0023381440619862776,0.0008212381348007916,0.0,0.0,0.0,0.003595042859690673,0.0,0.003714991755924326,0.0,0.0,0.003047425077322623,0.008066443612069563,0.00852509845317316,0.0,0.0,0.0118816345904353,0.0,0.0016084083502953899,0.0019505188783738132,0.011786911144127318,0.03788138488473099,0.0,0.0,0.0,0.0,0.0,3.030819963205275e-19,0.0,0.006660692230676908,0.0940836355579848,0.019438726537424143,0.0,0.0,0.0,0.0,6.588739050446249e-20,0.0,1.0541982480713998e-19,0.0018458945579727468,0.0,0.0,0.0,0.0,0.0,0.001347360458344041,9.224234670624749e-20,0.0,0.0,0.0,0.0,2.1083964961427996e-19,0.0,1.0541982480713998e-19,5.2157653907265415e-05,0.00013214538373319107,0.0,0.0,0.0,0.0013438296168026653,0.00969986767356513,0.0011143561448333534,0.004625081249887425,0.010677473097347918,0.0,0.0,0.0,0.0,0.0034246383467272067,0.0007456981285634464,0.0,0.005124390933852055,0.00028094305007952416,2.306058667656187e-19,1.2518604195847873e-19,0.0,5.270991240356999e-20,0.002852390108038261,4.6121173353123745e-20,0.002341022893124428,0.00047918157091557693,0.0007320724706876678,0.05798780978086597,0.0,0.0,0.0,0.0034203298197015447,0.0043184958700139804,0.0,4.6121173353123745e-20,0.0,0.031597133776953806,0.001021704479275883,0.0,0.0013200772613698505,0.0,0.0,0.0003842486002195091,0.0,1.7130721531160248e-19,0.0,0.0,9.883108575669373e-20,1.0212545528191686e-19,0.0006044876133146618,0.0,0.02983960301354582,0.0,0.030259873592757558,0.05004088399631178,0.027942022569677243,0.042772396074444066,0.032337732656156234,0.0,0.0,1.9107343246294122e-19,0.009433530897381526,1.5812973721070998e-19,0.09105166766213375,0.0,0.0004537359442778213,0.01716637461720591,0.017551874413214825,0.0021690105361179372,0.007601688452599779,0.0667809046287435,0.001035312565578782,0.0037322219441081974,0.0071970216633461094,0.0,0.04390441732166069,0.06856477483190447,0.0041609832220150765,0.008813754410401553,0.023343270147791112,1
glp_1e2141_sterile_1_CB4037_25.Rep_73,0.0005983243081862431,0.00029921827446990136,0.0003677843348896737,0.0,0.0023635325347017783,0.0,0.00015135240247364347,0.0,0.0,8.709092090052537e-20,0.0,0.0040165611535199,0.0,0.0006470094688033989,0.0,0.0,0.00193698315555389,2.22986415832263e-20,0.0,0.005684074827044048,0.0004928812357641644,0.0,3.7670031350442144e-06,0.0,0.0,0.0,0.0,0.00020814837995935148,0.0,0.0,0.002217106095851668,0.006125811512908035,0.0,0.013899114207083757,7.867633917100601e-20,0.0,0.0,0.0008712484450876499,0.011035269404777198,0.0,0.0,0.0,0.0,0.0005575479311829566,0.0014591703974162432,0.0,0.0,0.0,0.0,0.0032367102766421947,0.0,0.003431377875239423,8.309399457900368e-20,0.0,0.003201460201815022,0.01258969272386373,0.009764260135250365,0.0,0.000497710372499923,0.010979645794237498,0.0,0.001925594477307712,0.003982742566704889,0.012482323232457845,0.042206169378094426,0.0,0.0,0.0,1.114932079161315e-20,3.0292494226269693e-20,0.0,0.0,0.007680824035744428,0.09612454641187923,0.017754277611084543,5.700879121749366e-20,0.0,0.0,0.00100378311312561,0.0,7.425868376300834e-20,0.0,0.004253066594113943,0.0,2.7768119707413886e-20,3.4079056004553404e-20,0.0,0.0,0.0014274579238270312,1.5819413651496395e-19,0.0,7.446904830624634e-20,0.0,0.0,0.0,0.0,0.0,0.001064027105646511,0.00017253220045232193,4.4513137349157415e-19,0.0,0.0,0.0012568011336463762,0.006768383812112357,0.001075353516066452,0.00621674808128845,0.010700404630564746,0.0,0.0,0.0,0.0,0.0030553411667124993,0.0006167800846202129,0.0,0.004763015760567604,0.00030615690703393616,0.0,1.7565439360371663e-20,0.0,1.670294473309593e-19,0.0030055680242594145,0.0,0.0025114165345948786,0.0008512309879920742,0.0009231858691828463,0.07046483322346304,0.0,0.0,0.0,0.005028293363353001,0.002829235203349473,0.0,1.0181643892718425e-19,0.0,0.033167206368234045,0.0009816795101897345,0.0,0.0018985353092224276,0.001580685077886538,0.0,0.0014927185282115139,0.0,0.0,0.0,0.0,1.3084674589402604e-19,0.0,0.0008311317903612443,0.0,0.025065283453766102,0.0,0.027171122226595616,0.04705238941325227,0.03337137980806607,0.03146106596877315,0.025346976136003556,0.0,0.0,3.8917440499027037e-20,0.00885573464744248,0.0,0.09302680750122201,0.003985272526965182,0.0,0.017682570841168022,0.01738181918383363,0.0019097661399683462,0.007103014110976139,0.06451956732043085,0.0006265134640179333,0.003793190326972385,0.005241406836733858,0.0,0.044145305894932096,0.06675062688244648,0.0,0.011886108650472224,0.016586266680253665,1
glp_1e2141_sterile_1_CB4037_25.Rep_74,0.0006891703621739729,0.0,0.0010480950072458315,0.0,0.0026531249171094485,0.0,0.00046468875185302205,0.0,0.0,0.0,2.220588086902086e-19,0.003845616201954054,0.0,0.0005697016612536379,3.3132584153777163e-19,0.0,0.0018938223446264713,0.0,0.0,0.003454218018979924,0.00015682850159248914,0.0,0.0,4.37068131390252e-19,0.0,9.040339277567934e-06,0.0,6.623015073259688e-05,0.0,0.0,0.0,0.01070021617458285,0.0,0.017339254458215998,1.7623714975413384e-20,0.0,0.0,0.0009270572477381217,0.004314909113181856,0.0,0.0,0.0,4.229691594099212e-20,0.0007829208984820647,0.0,0.00114402665590979,8.459383188198424e-20,7.75443458918189e-20,0.0,0.00401729889142799,0.0,0.005416712553508618,8.811857487706692e-20,2.8197943960661414e-20,0.003169478437497721,0.007443918766855721,0.022780520476108127,0.0,0.000536705046782332,0.00942138594441955,0.0,0.0022601980987485906,0.0020569496358725367,0.01618385856688956,0.03384218426860743,0.0,0.0,0.0,0.0,1.515639487885551e-19,2.1148457970496062e-19,0.0,0.0044919449861262365,0.10066285304240667,0.019042095691328427,0.0,0.0,0.0,0.0016018346894157225,8.106908888690156e-20,0.0,0.0,0.0029162978911021057,0.0,7.75443458918189e-20,6.344537391148819e-20,0.0,0.0,1.339402338131417e-19,9.16433178721496e-20,0.0,1.832866357442992e-19,0.0,0.0,1.1279177584264566e-19,0.0,0.0,0.0,0.0003548343689349972,0.0,0.0,0.0,0.001624793597471462,0.009538499257853291,0.001099607207144839,0.0042576945491299275,0.01536854353689028,0.0,0.0,0.0,0.0,0.004177521756763777,0.00040093581847439416,0.0,0.005664156337732498,0.0005805567073290053,1.1984126183281102e-19,0.0,0.0,0.0,0.003008481435285163,6.344537391148819e-20,0.0025184956436631826,0.0004876736565176475,0.0010066272543411054,0.06454809244234559,0.0,0.0,0.0,0.003558892277676494,0.004154415905419851,0.0,5.992063091640551e-20,0.0,0.016182708053631006,2.5378149564595275e-19,0.0,0.002217904604806487,0.0007258912702028709,0.0,0.0018264419810615758,0.0,5.498599072328976e-19,7.049485990165353e-20,2.114845797049606e-20,1.1279177584264566e-19,1.6213817777380312e-19,0.0007562642704651625,0.0,0.0239094834519016,0.0,0.036179110813308185,0.05114695659208868,0.026983193668957718,0.04496410411220077,0.03256069145995354,0.0,0.0,0.0,0.005620258639520176,0.0,0.09741886127997901,4.698612021340632e-05,0.00024511847208262473,0.016000853761394325,0.012811722229308615,0.0070095489949340084,0.00855751517250627,0.059309689106528986,0.002975199309808903,0.0036057330803555463,0.005840549456688457,0.0,0.042755192492719196,0.06483725190225716,0.0,0.01715119391755706,0.010108596240588155,1
glp_1e2141_sterile_1_CB4037_25.Rep_75,0.0006335241559342368,0.00017219986967198706,0.0008490112015480079,0.0,0.002178926838847053,0.0,0.0,0.0,0.0,0.0,0.0,0.0033254575891330613,0.0,0.0,0.0,0.0,0.001749927902483198,9.720425979147823e-20,0.0,0.00436094965047691,0.000598382011491335,3.904476243553046e-06,0.0,0.0,0.0,0.0,0.0,0.00025270234947295843,0.0,0.0,0.0,0.00895895571130642,0.0,0.014793793997755208,0.0,0.0,0.0,0.000809188689390071,0.00916703654897465,0.0,0.0,0.0,1.9440851958295647e-20,0.0006386974596839566,0.000745407175688928,0.0008139144380753067,6.480283986098549e-21,1.2960567972197098e-20,0.0,0.0029762335113880708,0.0,0.004779571747549191,0.0,0.0,0.0058424734418228074,0.010867058643521102,0.016302445483712305,0.0,0.0007365597448707325,0.009291933320162841,0.0,0.002088008098444454,0.002442499240353951,0.016779092763654423,0.041760140666353994,0.0,0.0,0.0,0.0,0.0,0.0,0.0,0.004857571056636188,0.08657734765430058,0.018909137391799783,0.0,0.0,0.0,0.0013809872010251917,0.0,0.0,0.0,0.0046034418858635386,1.8144795161075936e-19,9.396411779842896e-20,0.0,0.0,0.0,0.0,0.0,0.0,0.0,1.9440851958295647e-20,0.0,3.8881703916591294e-20,0.0,5.184227188878839e-20,0.0011386948320663967,7.177203790789938e-05,0.0,0.0,5.184227188878839e-20,0.0011981973303254588,0.0052609860229063605,0.001089796603322625,0.005608435966854714,0.015447886799718535,0.0,0.0,0.0,0.0002601857124101762,0.0029811297907391026,1.359268368745925e-05,0.0,0.0038904418841505537,9.807260983551888e-05,2.00888803569055e-19,0.0,0.0,1.9440851958295647e-20,0.0030648565976253267,1.9440851958295647e-20,0.0017154833369167467,0.0006317082327755259,0.000770476692893595,0.059470041559067585,0.0,0.0,0.0,0.0039846972232816195,0.004273922173501987,0.0,9.396411779842896e-20,0.0,0.03486330601378657,0.0010668206689066998,0.0,0.0019506165360206804,0.000951741481947401,0.0,0.0015377526971587603,0.0,0.0,2.2032965552735065e-19,0.0,1.2960567972197098e-20,0.0,0.0007197104154225973,0.0,0.026966326299405357,0.0,0.02815509206338452,0.047053276042625054,0.03251221047631673,0.044662757288549765,0.03328485792788384,0.0,0.0,0.0,0.00912399344530794,0.0,0.08898844932552191,0.00025685476159676584,0.0005224594543475201,0.016346249912772063,0.01758462025496202,0.007777311386384648,0.0076105237239638,0.06401930649556342,0.0018951892267097782,0.0022225539701843633,0.006586881926119748,0.0,0.03517382251582673,0.0633707210941422,0.001410202953910383,0.01224784589361605,0.01992168574003932,1
glp_1e2141_sterile_1_CB4037_25.Rep_76,0.0007789097153548653,0.00020369982270407728,9.560909918430348e-20,0.0,0.0026271563368022157,0.0,0.0008322656068743014,0.0,0.0,1.593484986405058e-20,0.0,0.002100284530485771,6.373939945620232e-20,0.0,0.0,0.0,0.002136725748894601,0.0,0.0,0.0029926155721526956,0.0005913772540858363,0.0,0.0,0.0,0.0,0.0,6.373939945620232e-20,0.0002497441745615065,0.0,0.0,0.0022633141764218643,0.00707186665555415,0.0,0.025316255272798165,7.96742493202529e-20,0.0,0.0,0.0012169830878692237,0.005763607083346389,0.0,0.0001786613851440301,0.0,7.96742493202529e-20,0.0010732646537788375,0.002016997439882089,0.000840805608175117,3.186969972810116e-20,0.0,0.0,0.0030950109213075164,0.0,0.009537066898958106,1.593484986405058e-20,0.0,0.0006554335219686058,0.00754923002333178,0.02286015616795787,0.0,0.0,0.013412941418931623,0.0,0.002160023677561875,0.001671631502831318,0.017058534128254147,0.026781664994358093,0.0,0.0,0.0,0.0,0.0,0.0,0.0,0.006614570506803302,0.11377052542238703,0.013679776076223359,0.0,0.0,3.186969972810116e-20,0.0014927621804012514,0.0,0.0,0.0,0.0004594573539618577,1.2747879891240464e-19,0.0,3.186969972810116e-20,0.0,0.0,9.560909918430348e-20,2.230878980967081e-19,0.0,0.0,0.0,0.0,0.0,0.0,0.0,0.0011967296187004872,7.760057898100748e-05,0.0,0.0,3.186969972810116e-20,0.0011033590447414223,0.007206949137475762,0.0015825453558904843,0.003914795754306699,0.016805106611566124,0.0,0.0,0.0,0.0002068105534202097,0.003956125620091617,0.0007573453321181467,0.0,0.006000550298214743,0.00025616916060386115,0.0,0.0,0.0,0.0,0.0034828414892798037,0.0,0.002823877938931291,0.000885862936079333,0.0008642686425582531,0.07749172929856986,0.0,0.0,0.0,0.0030234683394015894,0.0035505854494184545,0.0,0.0,0.0,0.03609760541567707,0.0,0.0,0.0018101647554497593,0.00047988904983295135,0.0,0.0011256263046552416,0.0,3.186969972810116e-19,1.9121819836860695e-19,0.0,9.560909918430348e-20,0.0,0.0008513646630460261,0.0,0.031245983491265457,0.002754548987255839,0.010872785857300886,0.05078503610869051,0.0030002468506070586,0.03339185479065582,0.03462840460215203,0.0,0.0,0.0,0.009781967546814043,0.0,0.11436272548476603,0.0,0.0006400782470005412,0.004303889982471358,0.00796534298866047,0.003505577158464945,0.005584206659493214,0.08777758511702417,0.0,0.0033624768729213356,0.008041186041440399,0.0,0.04366613878632057,0.052178600299549405,0.0,0.009345635316297106,0.008201038541715187,1
glp_1e2141_sterile_1_CB4037_25.Rep_77,0.0006746692141623282,7.2521081793675e-05,0.0004221460962459158,0.0,0.0019053891280576656,0.0,0.0,0.00022414339519372673,0.0,5.733492708274601e-20,0.0,0.004121616374634949,0.0,0.0005148334889233287,0.0,0.0,0.0020816657555172277,5.0964379629107557e-20,0.0,0.004555997809416121,0.00027714444378352875,3.2096179829558565e-05,0.0,0.0,0.0,0.0,0.0,0.00011704070433689533,0.0,0.0,0.0018378056621307908,0.010159316129193414,0.0,0.01839634681167933,2.5482189814553778e-20,0.0,0.0,0.001044694658179293,0.010108067573322154,0.0,0.0,0.0,5.4149653355926785e-20,0.0008581547319923018,0.000989047032011716,0.0008092061091529233,0.0,4.4593832175469113e-20,0.0,0.0035775219856159332,0.0,0.008554001604816055,1.0829930671185357e-19,1.0192875925821511e-19,0.004131361703376159,0.008906542970254703,0.019844114255365367,0.0,0.00018873653381893128,0.009799878708718238,0.0,0.001850362503807471,0.0023940779357798036,0.013347822794834974,0.04099559433477268,0.0,0.0,0.0,7.963184317048057e-20,1.9111642360915335e-20,6.370547453638445e-20,0.0,0.004890273249957875,0.0854747912908726,0.01973024309132461,0.0,0.0,0.0,0.0,0.0,0.0,0.0,0.004558665857743986,5.0964379629107557e-20,4.140855844864989e-20,5.733492708274601e-20,0.0,1.4333731770686502e-19,0.0014501410594660934,0.0,0.0,0.0,0.0,0.0,6.3705474536384446e-21,0.0,2.0385751851643023e-19,0.0,0.0,0.0,0.0,4.4593832175469113e-20,0.0010422087731891104,0.006575153760854878,0.0009674399285087866,0.006824435384675671,0.013164062813523735,2.2933970833098403e-19,0.0,0.000581687226597858,5.76747004248641e-05,0.0031202993802996997,0.00011173668189666996,0.0,0.004109578400759992,0.0005561986203864086,0.0,0.0,0.0,0.0,0.0030285674654575577,1.401520439800458e-19,0.0019057558219096847,0.00014403719954922498,0.0008383506471338527,0.06372709663536162,4.4593832175469113e-20,0.0,0.0,0.004336685569608837,0.004432148372054505,0.0,0.0,0.0,0.024838781308703838,0.0011238957773461438,0.0,0.0022749276055400477,0.0,0.0,0.001568918815147014,0.0,8.918766435093823e-20,1.2741094907276889e-20,0.0006372843642319054,0.0,4.4593832175469113e-20,0.0003031023078242949,0.0,0.026362117688569532,0.0,0.030366440205802155,0.04532374054811952,0.03226525694331904,0.045251569840512276,0.030506395912998325,0.0,0.0,2.2933970833098403e-19,0.011990926934871587,2.6756299305281467e-19,0.08803641563786835,0.00011574513653777144,0.0,0.016733995263662812,0.01875731038294661,0.008346376638106496,0.008195006480453005,0.05503188298921356,0.0,0.0038562548689337612,0.004674150391301221,0.0,0.04359570662265504,0.06569919160810447,0.0,0.012303433697861004,0.017422022387095063,1
glp_1e2141_sterile_1_CB4037_25.Rep_78,0.0006535442103333838,0.00026140822715655027,0.0009907753268725847,0.0,0.002625709783045138,0.0,0.00035766247905084697,0.0,0.0,0.0,0.0,0.0041697366673862785,0.0,0.0004226288544946357,0.0,0.0,0.00048214313614263675,0.0,0.0,0.0026021358787090094,0.0007333152432954491,0.0,0.0,0.0,0.0,0.0,0.0,0.0003096859219134087,0.0,0.0,0.0,0.0064896201855106,0.0,0.01978882345652743,2.6740272115972673e-20,0.0,0.0,0.0011805884224503147,0.009733103358048082,0.0,0.0,0.0,0.0,0.0008270964323019203,0.001024144194394536,0.0010843122778022509,1.0696108846389069e-19,1.8718190481180873e-19,0.0,0.0037842816076255515,0.0,0.010694490964265663,0.0,0.0,0.003819177615000225,0.009479193079861477,0.013531749954740952,0.0,0.0009787848603752584,0.009975538153113677,0.0,0.0025493723887933272,0.0017851844846450322,0.011969244654610554,0.03743609037074477,0.0,0.0,0.0,1.6044163269583606e-19,0.0,0.0,0.0,0.00600031034523379,0.0954591613515989,0.019512423398072288,0.0,0.0,2.4066244904375406e-19,0.0016596259938889333,0.0,0.0,0.0,0.001602907906551132,5.3480544231945347e-20,0.0,0.0,0.0,0.0,0.0016481766020009084,1.0696108846389069e-19,0.0,0.0,0.0,2.1392217692778139e-19,0.0,0.0,0.0,0.0012178256430769138,0.00017421325087515834,0.0,0.0,9.359095240590437e-20,0.0010858025475122643,0.007766304980901518,0.0011704399182053892,0.00503676332043685,0.01793241334731899,0.0,0.0,0.0,0.0,0.004075763823309957,0.000848568339298958,0.0,0.0047759131976713625,0.00014968155892059883,0.0,0.0,0.0,0.0,0.0030855950141562925,5.3480544231945347e-20,0.0021263351865139467,0.0010243834961931077,0.0011703897955074735,0.05922980795313174,4.0110408173959014e-20,0.0,0.0,0.003007965218459235,0.00488015296593356,0.0,0.0,0.0,0.01858193230193518,1.0696108846389069e-19,0.0,0.0028629502569870484,0.0,0.0,0.0016528324229736584,0.0,0.0,5.348054423194535e-19,0.0,0.0,0.0,0.0010925572947302355,0.0,0.02913364696565673,0.0,0.032173293032374845,0.05153152179793134,0.031055709290222777,0.04607973032315875,0.03359750328555111,0.0,0.0,0.0,0.007066626975377474,1.0696108846389069e-19,0.09238286534255986,4.9483116588150925e-05,0.0006383952368560912,0.014965061333926428,0.010719551354399415,0.005508296401596232,0.009890373801353389,0.0645452551859057,0.002498875810603617,0.003011583575648033,0.006464024130411084,0.0,0.03945248749460332,0.05822197272496948,0.000470326858426713,0.014085017737297732,0.01788765860397482,1
glp_1e2141_sterile_1_CB4037_25.Rep_79,0.0006507132067014482,9.67520531604652e-05,0.000939092992904167,0.0,0.00148670952074622,0.0,0.0,0.0,0.0,0.0,0.0,0.003558372033969236,2.6624439389919382e-20,0.0,0.0,0.0,0.0016496337885306752,0.0,0.0,0.0037596546147682314,0.000555441595311667,0.0,0.0,0.0,0.0,0.0,0.0,0.0002345682079921598,0.0,0.0,0.0,0.007747929207321975,0.0,0.011930489174053004,0.0,0.0,0.0,0.00018893126816868348,0.014600799794339633,0.0,0.0,0.0,2.6624439389919382e-20,0.0009407164691649463,0.0012288337711546487,0.0,2.1299551511935505e-19,0.0,0.0,0.0025575533307104882,0.0,0.004525690841027956,0.0,1.0649775755967753e-19,0.004307520360451696,0.011919244839255895,0.0184719917817117,0.0,0.0011401904204211923,0.00950341905303254,0.0,0.002289414620570456,0.0014695489857772337,0.012530471896708624,0.04113149709181152,0.0,0.0,0.0,2.5293217420423415e-19,0.0,0.0,0.0,0.0030643854815804866,0.09479824058233645,0.017899474960546263,0.0,0.0,1.0649775755967753e-19,0.0005008022675805832,0.0,1.331221969495969e-19,0.0,0.004747427196126164,4.259910302387101e-19,1.8637107572943569e-19,0.0,2.1299551511935505e-19,7.987331816975815e-20,0.00019362050303238244,0.0,0.0,1.331221969495969e-19,3.194932726790326e-19,2.1299551511935505e-19,0.0,0.0,1.597466363395163e-19,0.001438596674429157,0.0,3.194932726790326e-19,0.0,0.0,0.0006159479926758456,0.004911163065372751,0.0012219573495759054,0.005032216534151559,0.010249015169077863,2.1299551511935505e-19,0.0,0.0,0.00023294658156566185,0.003458546795764344,0.0001654454065813133,0.0,0.0026873771387925793,1.597466363395163e-19,1.331221969495969e-19,0.0,0.0,0.0,0.0036378209007521343,5.3248878779838763e-20,0.002199763841262833,0.0009075278711922665,0.00036811784386701045,0.05709454956650634,0.0,0.0,0.0,0.0035344967265754043,0.004050708098437859,0.0,0.0,0.0,0.04521319048652628,0.0,0.0,0.002435033451831177,0.0011080142854077153,0.0,0.0016354843012780162,6.922354241379039e-19,1.597466363395163e-19,2.662443938991938e-19,0.0,0.0,0.0,0.00040437580182695927,0.0,0.030903061504599157,0.0010886762685782094,0.03071398163248193,0.05034372240274424,0.02122077804482199,0.04382372214316331,0.036098673949940034,0.0,0.0,0.0,0.01356503060171936,0.0,0.08601251866540345,0.0,0.00045018862759874545,0.015613676996246623,0.015441737053853818,0.004899617715392963,0.007280787489742046,0.07333075035787115,0.0007377300612348756,0.0033994299403261362,0.005599447496180272,0.0,0.03372266091133921,0.0554590346743544,0.006534005103176639,0.008277777401272144,0.02226156316353948,1
glp_1e2141_sterile_1_CB4037_25.Rep_8,0.0007288201507473247,0.0,0.0006956847311310601,0.0,0.00295657793918229,0.0,0.0007877314254436792,0.0,0.0,0.0,0.0,0.003973717844046467,0.0,0.0006024781003728985,0.0,0.0,0.0018203233148377607,0.0,0.0,0.0013461199016633083,4.473036907016458e-20,0.0,5.964049209355277e-20,0.0,0.0,0.0,1.0437086116371735e-19,2.6838221442098747e-19,0.0,0.0,0.0,0.002524514293525447,0.0,0.028762935208596047,1.0437086116371735e-19,0.0,0.0,0.0009517802245806419,0.0038899634941347433,0.0,0.0,0.0,5.964049209355277e-20,0.0003957582214184503,0.0019580457132731166,0.0029369015145848582,1.1928098418710553e-19,2.982024604677638e-20,0.0,0.005177281406329915,0.0,0.01137658932987612,4.473036907016458e-20,1.1928098418710553e-19,0.0,0.005368795459416919,0.0046996086581469,0.0,0.00040536788711319964,0.009988812917072638,0.0,0.002362187430980663,0.0,0.009108070650683519,0.024715307483090202,0.0,0.0,0.0,1.0437086116371735e-19,1.491012302338819e-20,2.982024604677639e-19,0.00212322633825799,0.008469735513941996,0.10645425246900338,0.019736184289537443,5.964049209355277e-20,0.0,0.0,0.0015371667280348516,0.0,0.0,0.0,0.004020109634224981,0.0,0.0,0.0,0.0,1.491012302338819e-20,0.0015456310570572413,1.4910123023388194e-19,0.0,0.0,0.0,8.946073814032916e-20,1.1928098418710553e-19,0.0,1.4910123023388194e-19,0.0013754607881516724,1.531185690853188e-05,0.0,0.0,0.0,0.0005622526289420038,0.013810081641011288,0.0013770397542025353,0.004442713355448227,0.012434172539507448,0.0,0.0,0.0,0.0,0.004315652172070287,0.0007102758640751857,0.0,0.006622738144551487,0.00018395171116454803,8.946073814032916e-20,1.491012302338819e-20,0.0,0.0,0.002560429870476065,2.6838221442098747e-19,0.002610521525824917,0.0,0.00038024096244640096,0.06866405725722738,4.473036907016458e-20,0.0,0.0,0.002641043516362778,0.004651905050841416,0.0,0.0,0.0,0.02397345310227756,3.5784295256131664e-19,0.0,0.0027381879501558516,0.0,0.0,0.0017157856172717676,1.1928098418710553e-19,0.0,6.560454130290805e-19,0.0,0.0,7.455061511694097e-20,0.00025639940477847174,0.0,0.03470210467167376,0.0,0.027617787425171413,0.04880084981105331,0.017513331750798524,0.04000965192540798,0.03642609778981213,0.0,0.0,2.982024604677639e-19,0.006743563197212059,0.0,0.1030236253046873,0.0,0.0010812387729597446,0.012404053585878249,0.008905708655014043,0.0001410121726672497,0.007938478367406465,0.06757599453077527,0.0020137966949067693,0.0019278281872968084,0.006420227856187525,0.0,0.051449535586246445,0.0733990067119837,0.0,0.010678760067447989,0.013765992891411323,1
glp_1e2141_sterile_1_CB4037_25.Rep_80,0.0005747531488602901,2.7265334298216436e-05,0.0005611690920371377,0.0,0.0023994375715074598,0.0,0.0005565246947772142,0.0,0.0,0.0,1.668911246408166e-20,0.004265378452739647,1.9359370458334727e-19,0.000145383236540746,0.00011354813461433466,0.0,0.0019352959461471583,0.0,0.0,0.003666222875475691,0.0008242120627855858,0.0,4.672951489942865e-20,1.2016160974138796e-19,0.0,0.0,0.0,0.0003480725034009267,0.0,0.0,0.0,0.006860873694637441,0.0,0.016083357504480006,0.0,0.0,0.0,0.0008700317185368313,0.009699034872108155,0.0,0.0,0.0,7.009427234914297e-20,0.000396172816041587,0.0018043148511117915,0.0008602271359107809,1.2683725472702062e-19,7.34320948419593e-20,0.0,0.0033010386988308435,0.0,0.004114494977831492,3.671604742097965e-20,0.0,0.003450927029758201,0.010277423383100415,0.01488051684049772,0.0,0.0009520005258065893,0.008200561105923404,0.0,0.0023833983546987796,0.002416793802852677,0.012861207133183014,0.03903880688443784,0.0,0.0,1.2016160974138796e-19,0.0,8.344556232040831e-20,3.738361191954292e-19,0.00036602725792195387,0.004074021981269038,0.09532460538108788,0.015012768657269339,0.0,0.0,0.0,1.9359370458334727e-19,6.6756449856326644e-21,7.34320948419593e-20,0.0,0.004836537719064802,0.0,0.0,3.337822492816332e-20,0.0,0.0,0.0,0.0,0.0,0.0,0.0,4.005386991379599e-20,1.3351289971265329e-20,0.0,2.0026934956897995e-20,0.000263217308589186,0.0001160192095488787,0.0,0.0,0.0,0.0011674197814534072,0.007467095832161342,0.00098301352995199,0.0051692344117244635,0.01563539806462441,2.269719295115106e-19,0.0,0.0,0.0,0.0033348594437895996,0.0006736859352215465,0.0,0.004409086381477497,0.00023020923655575422,0.0,1.3351289971265329e-20,0.0,0.0,0.0031271235038455767,1.2683725472702062e-19,0.0025097771907727595,0.0011399565358665993,0.0008273758568751563,0.061816096481636794,0.0,0.0,0.0,0.004034663209481476,0.004394975460718989,0.0,0.0,0.0,0.028107469008569006,0.0010397524099142466,0.0,0.0016336681796282845,0.0,0.0,0.00137969542384188,0.0,0.0,0.0,1.134859647557553e-19,0.0,3.337822492816332e-20,0.0007785852119280851,0.0,0.024411337949887296,0.0,0.030286639405353213,0.04622283060683408,0.01847582358800087,0.044340059883697554,0.0316465979610057,0.0,0.0,8.678338481322464e-20,0.0102648439395226,6.6756449856326644e-21,0.0886845007664359,0.0,0.001815010048949553,0.01753541785606975,0.019655633352257246,0.0061381984497364765,0.008044110808873907,0.07608421120370011,0.0,0.0030104626747878608,0.007119896054138383,0.0,0.04566283536500276,0.07013315976276849,0.0,0.011465483725768591,0.015282163609487856,1
glp_1e2141_sterile_1_CB4037_25.Rep_81,0.0005965353705551758,0.00011163998766707895,0.0009048617945449067,0.0,0.0017297761571398644,0.0,0.00017540709886624045,0.0,0.0,6.87933093012947e-20,0.0,0.004896392011318802,0.0,0.0,0.0,0.0,0.0018064586608888638,1.8827642545617496e-19,0.0,0.0011255603130103243,0.0001470840737999168,0.0,5.068980685358556e-19,0.0,0.0,0.0,8.689681174900383e-20,6.211498725815451e-05,2.896560391633461e-20,0.0,0.0,0.007621012806470326,0.0,0.017856486470796573,1.3396591811304757e-19,0.0,0.0,0.0007427221232121952,0.012893094764723338,0.0,0.0,0.0,2.896560391633461e-20,0.0009943711200919453,0.0022197726215263595,0.0,0.0,0.0,0.0,0.0032801160869037173,0.0,0.004498915238112237,7.603471028037835e-20,3.475872469960153e-19,0.000422224749840109,0.007704330838412363,0.011142931873631261,0.0,0.0011036120509077324,0.009466108303423279,0.0,0.00229061942824009,0.0,0.008721686943410337,0.03783811658665213,0.0,0.0,1.3034521762350573e-19,0.0,1.122417151757966e-19,3.765528509123499e-19,0.0,0.005554175581879749,0.08943773701053638,0.021052693305068686,2.172420293725096e-19,0.0,0.0,1.231038166444221e-19,0.0,1.4482801958167304e-20,0.0,0.0042134815981499886,1.1731069586115517e-18,7.241400979083652e-21,3.4034584601693162e-19,0.0,8.3276111259462e-20,0.0,1.375866186025894e-19,0.0,0.0,1.0137961370717113e-19,1.66552222518924e-19,1.520694205607567e-19,0.0,1.0137961370717113e-19,0.0003581960730391055,0.0,5.503464744103576e-19,0.0,1.8827642545617496e-19,0.0,0.005532070643830209,0.0011968957668004004,0.0064828244896032,0.012184766812775173,0.0,7.965541076992018e-20,0.0,0.0001018597636374805,0.004070881378968239,0.0004468097675816702,0.0,0.003925086491171874,0.00017383159838335225,0.0,0.0,0.0,5.793120783266921e-20,0.0035878716935637185,2.244834303515932e-19,0.002233022885687547,0.000564148510300057,0.00043875348264181834,0.0679744012404524,1.7017292300846581e-19,0.0,0.0,0.003834973949008556,0.00332770069468732,0.0,1.8465572496663314e-19,0.0,0.03102820413903592,0.0,0.0,0.0031764252220712777,0.00022707185505469471,0.0,0.0017082127809813637,0.0,0.0,1.5931082153984035e-19,0.0,1.4482801958167304e-20,1.3034521762350573e-19,0.000466600015753193,0.0,0.025266684587999824,0.0022961913106590193,0.034071876142749175,0.049664928849283765,0.0353280045268734,0.04658750457787069,0.034020587016899355,0.0,0.0,2.172420293725096e-19,0.010213257421166765,2.896560391633461e-20,0.09791573146938218,0.0007787023114241031,0.0008368194796614212,0.01412371988932077,0.011355252060827749,0.000838194311722458,0.008219688172780331,0.07607137741214216,0.0003529076922938605,0.0005594402951524873,0.007281973248327838,0.0,0.03786848217194504,0.06275359446927359,0.0,0.014764867534227673,0.01517956583594953,1
glp_1e2141_sterile_1_CB4037_25.Rep_82,0.0007969595487909993,3.936404208147906e-05,0.0,0.0,0.0012556045127633767,0.0,0.0,0.0,0.0,0.0,1.2635686323078193e-19,0.004343426471016527,0.0,5.706438984615958e-20,1.2228083538462767e-19,2.2825755938463834e-19,7.260331056470165e-05,1.6304111384617024e-20,0.0,0.0012858779385662386,0.00014339725254268533,0.0,0.0,8.152055692308512e-20,0.0,0.0,5.706438984615958e-20,6.055800797753179e-05,1.304328910769362e-19,0.0,0.0,0.010638549677382494,0.0,0.020192231770756366,1.4266097461539895e-19,0.0,0.0,0.0,0.003686423339636332,0.0,0.0,0.0,8.967261261539363e-20,0.002794908508792334,0.0017540820581301666,0.0013044767229547542,1.7934522523078725e-19,1.2228083538462767e-19,0.0,0.0027570011091126497,0.0,0.01206359401980006,6.114041769231383e-20,0.0,0.0,0.008956953851604409,0.004777479987765933,0.0,0.0004616403332429882,0.00830344844633192,0.0,0.002928416943199681,0.0,0.017106003502392997,0.04763000630800552,0.0,0.0,0.0,1.2635686323078193e-19,6.929247338462234e-20,0.0,0.0,0.009970638925165025,0.11640695297404484,0.01624704403996201,0.0,0.0,0.0,0.0019886329778684773,0.0,0.0,0.0,0.004417485569127248,0.0,2.4456167076925534e-20,8.967261261539363e-20,2.608657821538724e-19,0.0,0.001424900491504541,1.548890581538617e-19,0.0,0.0,0.0,8.152055692308512e-21,1.2228083538462767e-19,0.0,0.0,0.0012368554725839366,0.0,6.358603440000639e-19,0.0,1.0597672400001065e-19,0.0,0.0071244077498574835,0.0013161169063051546,0.003093631649360553,0.011401662769554026,0.0,1.304328910769362e-19,0.0,9.930653858643866e-05,0.004224794252273172,0.0,0.0,0.00040595194717403787,0.0,8.152055692308512e-21,5.706438984615958e-20,0.0,4.891233415385107e-20,0.004549769950097786,2.4456167076925534e-20,0.0019067824812414405,0.0006250254995698128,0.00013067408523533718,0.05949911713464104,0.0,0.0,0.0,0.002209046029593412,0.00451945386653821,0.0,0.0,0.0,0.03520830726662249,0.0,0.0,0.004113015764344989,0.0,0.0,0.001861423993653467,0.0,0.0,3.097781163077234e-19,0.0,2.4456167076925533e-19,0.0,0.0001645222562197019,0.0,0.032715266199943326,0.0,0.026313631821939354,0.0525578509991601,0.040468247334349484,0.030913878087846954,0.02169537420279548,0.0,0.0,0.0,0.012131128530458883,1.304328910769362e-19,0.11124716680345707,0.0,0.0,0.011269665481462767,0.008596889560979171,0.005767041903838041,0.005113242181861317,0.054888862494388756,0.000728693639438223,0.006342965403232117,0.005034751503999824,0.0,0.04789943749415224,0.057427003066788454,0.0,0.018143579804972002,0.0032467952303995144,1
glp_1e2141_sterile_1_CB4037_25.Rep_83,0.0008377319408409453,0.0002701676690814919,0.0,0.0,0.0022227340075553007,0.0,0.0011242329666919192,0.0,0.0,0.0,0.0,0.003684557719424896,5.766921506029856e-20,0.00013141083818597719,0.00010263532370832789,0.0,0.001960469138291384,2.883460753014928e-20,0.0,0.0010552015848906146,0.00042178270558245026,0.0,1.441730376507464e-20,0.0,0.0,0.0,0.0,0.0001781228021913717,0.0,0.0,0.0011412344710971718,0.007004492884634519,0.0,0.017096195574102007,1.3336005982694041e-19,0.0,0.0,0.0013407722782694963,0.008217703100209337,0.0,0.0,0.0,0.0,0.0011964161466198342,0.002415976682234902,0.001264240172783753,0.0,0.0,0.0,0.004068316695878516,0.0,0.007645733273902575,8.289949664917919e-20,8.650382259044784e-20,0.0,0.011359694331651356,0.013637665450530304,0.0,0.001404413615714344,0.011982151785715687,0.0,0.0025783320026401177,0.0,0.009181193799814108,0.048566211193453605,0.0,0.0,1.5859034141582104e-19,0.0,8.289949664917919e-20,4.325191129522392e-20,0.0,0.00519737755638119,0.08903325656639252,0.01916232405544586,0.0,6.487786694283589e-20,0.0,7.20865188253732e-21,0.0,0.0,0.0,0.001468532246161085,0.0,3.60432594126866e-20,1.2254708200313444e-19,4.3251911295223922e-19,0.0,0.0,7.20865188253732e-21,0.0,0.0,7.20865188253732e-20,7.20865188253732e-21,0.0,0.0,5.766921506029856e-20,0.0016500031343442054,0.00020468822265125067,0.0,0.0,0.0,0.0,0.00709866690772001,3.60432594126866e-21,0.0033123642641791624,0.011547625965910186,0.0,0.0,0.0,0.0002414183248518234,0.004623598138241386,0.000877520395674373,0.0,0.003322525448391589,0.0001758652232549238,0.0,0.0,0.0,1.7300764518089568e-19,0.0030954658553224916,5.0460563177761244e-20,0.0022924883249269977,0.00021209643138415715,0.0007265846723232554,0.06911071430866877,1.081297782380598e-20,0.0,0.0,0.0034471383017892735,0.002987165602885614,0.0,1.4777736359201507e-19,0.0,0.05459664891717106,0.0,0.0001613282647354595,0.0030808244641010586,0.0001955316731939372,0.0,0.0,0.0,1.0092112635552249e-19,1.441730376507464e-20,7.929517070791052e-20,0.0,0.0,0.0005939758422835596,0.0,0.03046407034050479,0.0,0.021740920043267196,0.051776453147038604,0.031912537330240645,0.03652094120555036,0.033373609726811776,0.0,0.0,0.0,0.016620814082256158,0.0,0.09576538218819963,0.0,0.00030395141571535277,0.015196573868496445,0.01276494939340363,0.004170505627560993,0.007449162559539163,0.06534242801678883,0.0008964030870274809,0.0036453521601249447,0.004752847200927934,0.0,0.03872481293273023,0.04644539258329389,0.000677388978173719,0.014068026746084187,0.016881958102182505,1
glp_1e2141_sterile_1_CB4037_25.Rep_84,0.0007075491102685963,0.0,3.61874060026199e-19,0.0,0.0024348882988151567,0.0,0.00043770843208187557,0.0,0.0,0.0,0.0,0.003803006283221685,0.0,0.0005848944262011036,1.085622180078597e-19,0.0,0.0018643462107209555,2.8949924802095924e-20,0.0,0.0027460214876606336,0.0006393582175788342,0.0,4.342488720314388e-20,0.0,0.0,0.0,0.0,0.0002557527930627076,0.0,0.0,0.00016509378344316765,0.00561291666364674,0.0,0.017647009436782237,0.0,0.0,0.0,0.001021483781475033,0.006356933250893883,0.0,7.036705806494238e-05,0.0,0.0,0.00121169619895248,0.0031015405757090306,0.0010815143095559275,0.0,1.9541199241414747e-19,0.0,0.003449368016664488,0.0,0.006566346971696549,1.085622180078597e-20,0.0,0.0,0.01068709100622001,0.0246516727933313,0.0,0.0005376601833837027,0.013144761878338986,0.0,0.0019709816907076947,0.0022384295156417395,0.013237998735283994,0.045969341570464936,0.0,0.0,0.0,1.085622180078597e-20,0.0,1.0132473680733572e-19,0.0,0.0057425032807687975,0.10334732312425485,0.019102244932250895,0.0,0.0,7.237481200523981e-21,0.0017190321015237613,0.0,0.0,0.0,0.004421694459560833,0.0,7.237481200523981e-21,0.0,1.4474962401047961e-19,0.0,0.00010563728556318525,2.967367292214832e-19,0.0,0.0,1.4474962401047962e-20,1.5198710521100359e-19,0.0,0.0,5.789984960419185e-20,0.0017024858318384867,2.2278766502150325e-05,3.61874060026199e-19,0.0,0.0,0.0011482566502169932,0.008287607222258079,0.0012048156975387398,0.005007177512039112,0.012949789562650579,1.157996992083837e-19,0.0,0.0,0.00044277313810910936,0.0032132719514099154,0.0,0.0,0.004436991550237068,3.0405578351669468e-05,0.0,0.0,0.0,5.789984960419185e-20,0.002833362388807628,0.0,0.0023861197413442394,0.0007104904547336272,0.0005930023728033287,0.06300149354789572,0.0,0.0,0.0,0.003802992642909145,0.004059612269057556,0.0,2.0626821421493343e-19,0.0,0.03421481592083754,0.0,0.001666992263409783,0.0025711239411939455,0.0005358983968326007,0.0,0.000637062770649736,0.0,0.0,8.250728568597337e-19,7.961229320576378e-20,5.789984960419185e-20,0.0,0.0005997389713303804,0.0,0.028419999148387182,0.0,0.01157339295027207,0.04796443641374272,0.03337207754196681,0.027589510773348275,0.028602356875503963,0.0,0.0,0.0,0.013047777887455887,1.157996992083837e-19,0.09614837344651045,0.0,9.465640147912039e-05,0.016649907782551925,0.015906914398401677,0.0054764677572034445,0.007375995878461289,0.07000177135568122,0.00037450171369186766,0.005247097018322268,0.006156615919077339,0.0,0.044347244130715446,0.054928393876450834,0.0,0.007426324593832147,0.016603457130196148,1
glp_1e2141_sterile_1_CB4037_25.Rep_85,0.0006713027786855362,0.00021050284784336173,0.0008123126425032559,0.0,0.0024059150642969217,0.0,0.0005371939815307005,0.0,0.0,9.613407236498939e-20,0.0,0.004152719971287156,2.4720190036711555e-19,0.0005549314497723427,0.0,0.0,0.0019059870632939424,0.0,0.0,0.00229562199854779,0.0009445036359339668,0.0,0.0,0.0,0.0,0.0,0.0,0.00039887276572939096,2.1973502254854717e-19,0.0,0.0,0.010443475423946108,0.0,0.01804717250571086,6.866719454642099e-20,0.0,0.0,0.0008989530081179391,0.006865475378193804,0.0,0.0,0.0,0.0,0.0006739390568926006,0.003421497214242875,0.0008873548777778818,1.0986751127427359e-19,0.0,0.0,0.0037356639592835365,0.0,0.008314764193989726,4.1200316727852595e-20,0.0,0.0018174009887827803,0.008789951998943989,0.02120642036972518,0.0,0.0010968593461536703,0.008627136831675986,0.0,0.0023352073595554706,0.0018811956896386812,0.019075689202531297,0.03349585661847665,0.0,0.0,0.0,4.1200316727852595e-20,2.7466877818568397e-20,0.0,0.0,0.006472414980276442,0.09805304561359358,0.012391493037751552,0.0,0.0,0.0,0.0014844025939269628,0.0,0.0,0.0,0.0032606799752068014,1.0986751127427359e-19,2.7466877818568397e-20,0.0,0.0,0.0,0.00025202079888106676,5.493375563713679e-20,0.0,3.2960253382282076e-19,0.0,0.0,0.0,0.0,1.3733438909284198e-19,0.0010958771529594386,0.0001687468850312535,0.0,0.0,8.240063345570519e-20,0.0016531467125794834,0.006884455536609692,0.0009764566912164772,0.0049741361239802615,0.014012961317994148,1.0986751127427359e-19,0.0,0.0,0.0004277388506067978,0.0036204621826195216,0.0009286845563293064,0.0,0.004007610205415614,0.00024675572110040094,2.7466877818568397e-20,1.3733438909284198e-20,0.0,0.0,0.003467346159654114,1.3733438909284198e-19,0.0025985689397906154,0.0012806492556090552,0.0009658397538856694,0.07087954368012524,0.0,0.0,0.0,0.0033485043111162087,0.003927195475151453,0.0,1.3733438909284198e-20,0.0,0.03136449037449476,0.0,0.0,0.002364910407807661,0.0002704427197115283,0.0,0.001207089810741914,3.2960253382282076e-19,0.0,0.0,0.0,3.2960253382282076e-19,6.866719454642099e-20,0.0008797979484977012,0.0,0.028923272437226928,0.0,0.017865800377416797,0.047844006139419706,0.034263152982570495,0.02678909602677163,0.018983304287783064,0.0,0.0,0.0,0.010483915557382983,5.493375563713679e-20,0.09122288378856835,1.4793149356333297e-06,0.0,0.017416625904924744,0.018844789679179918,0.010300446315647156,0.007545338601795337,0.07058124092040438,0.00030118075622860715,0.004115409603010387,0.005686447689372791,0.0,0.045546177934925686,0.06346572208224863,2.9278938434438834e-05,0.012908064561937329,0.016913020104086872,1
glp_1e2141_sterile_1_CB4037_25.Rep_86,0.0007989809752140915,0.0001043463290775546,0.0008084291780805223,0.0,0.0018802095914512704,0.0,0.0005176650753937521,0.0,0.0,2.86045646347092e-20,0.0,0.004354175970486224,0.0,0.0,0.0,0.0,0.001998856164452476,0.0,0.0,0.0010992316538560119,0.0,0.0,4.903639651664434e-20,0.0,0.0,0.0003317350473357231,0.0,8.172732752774055e-21,0.0,0.0,0.0,0.007025156516338098,0.0,0.018502750945450532,0.0,0.0,0.0,0.0009562897293044701,0.004337923490237988,0.0,0.00035109423795266645,0.0,0.0,0.002167921350198084,0.0017733435122661218,0.0010241724323242496,0.0,1.2259099129161084e-19,0.0,0.0036987119908689498,0.0,0.00803866629813043,1.185046249152238e-19,0.0,0.002848414963979373,0.007343854575297377,0.009863039175915092,0.0,0.0,0.009490353442535767,0.0,0.0012792834670759911,0.0,0.010849379778685648,0.02606744169636543,0.0,0.0,0.0,0.0,2.86045646347092e-20,0.0,0.0,0.0068380615295606075,0.11670221023136769,0.016965282204178728,9.807279303328868e-20,2.451819825832217e-20,0.0,0.0016666345874434114,0.0,0.0,0.0,0.002927844544464134,0.0,5.72091292694184e-20,0.0,0.0,0.0,0.0,0.0,0.0,0.0,0.0,2.451819825832217e-20,0.0,0.0,0.0,0.0017350216783674933,2.1249105157212545e-19,1.7980012056102924e-19,0.0,7.35545947749665e-20,0.0,0.005864063997823233,0.001322132828099294,0.0055802892348708,0.012637397794651482,3.269093101109622e-20,0.0,0.0,0.0,0.004091685737253809,0.00043387738686348986,0.0,0.005252867596233346,0.00036358661537973187,8.172732752774055e-21,0.0,0.0,0.0,0.0038105571800800537,8.990006028051462e-20,0.0022905434875947132,0.0006591636526441708,0.0004100888600972768,0.0677295834383679,6.129549564580542e-20,0.0,0.0,0.0037305488370895533,0.0032017636718641657,0.0,0.0,0.0,0.01107116046761654,0.0,0.0,0.00268410450553415,1.634546550554811e-20,0.0,0.0005182556376106644,1.9614558606657735e-19,0.0,0.0,0.0,0.0,0.0,0.00043611612477571364,0.0,0.028843439062969652,0.0,0.02494879010403737,0.04564543919199586,0.03602432805412747,0.042480728751995434,0.037008807685178995,0.0,0.0,0.0,0.007204501330088979,0.0,0.10857298817375266,0.0012772609541030768,0.0,0.01769000173063059,0.024966172790034803,0.007314663278273981,0.008132157456075087,0.05745204248320692,0.0020986827351699407,0.004330839553995131,0.006407781905618042,0.0,0.051778660699780384,0.07090377788321353,0.0,0.007001482023725303,0.003483184733920699,1
glp_1e2141_sterile_1_CB4037_25.Rep_87,0.0006245381308030701,0.0,0.0009400077619734069,0.0,0.00249889797695948,0.0,5.347799317778882e-05,0.0,0.0,0.0,0.0,0.0034981296327106443,0.0,0.0004945065395388885,0.0,0.0,0.0017876225857481884,3.346235153040541e-20,0.0,0.0048669469606713546,0.0008541223546644335,0.0,0.0,0.0,0.0,0.001073891055715462,0.0,0.00036070390087955263,0.0,0.0,0.0,0.008106618712506947,0.0,0.015729536388850815,0.0,0.0,0.0,0.0009069919343010722,0.014833477241233522,0.0,0.0,0.0,5.019352729560812e-20,0.0014714707613673816,0.00017063289432704695,0.0009215015678895288,0.0,1.137719952033784e-19,0.0,0.003188460106542214,0.0,0.003978320402070434,8.700211397905407e-20,0.0,0.003773340639697386,0.010340688867378807,0.010079138673958717,0.0,0.0,0.012451593951292623,0.0,0.00193263778563876,0.003457890813184951,0.013400031427391441,0.03433251444686623,0.0,0.0,0.0,0.0,0.0,0.0013537912412299993,0.0,0.0048718829500893675,0.09556486187100122,0.017079874070825177,0.0,0.0,2.1415904979459465e-19,0.0,3.011611637736487e-20,0.0,1.3384940612162165e-20,0.0020670120981932383,0.0,0.0,3.346235153040541e-19,1.2046446550945947e-19,0.0,1.3384940612162165e-20,1.3384940612162165e-20,0.0,9.369458428513515e-20,0.0,0.0,0.0,0.0,6.023223275472974e-20,0.0011070085310355424,0.00041938164719312914,0.0,0.0,0.0,0.0013023522680183867,0.008688690596339895,0.0011598143380799329,0.0047823608556702805,0.013905098666606342,0.0,0.0,0.0,0.0,0.003809465412501433,0.0005972965794302393,0.0,0.00547065269525392,0.000542858136049467,3.0785363407972977e-19,6.023223275472974e-20,0.0,0.0,0.0027963291663717802,9.369458428513515e-20,0.0023579916443464853,0.0011301654657169698,0.0010014745570136676,0.06264145794482683,6.692470306081082e-20,0.0,0.0,0.004370242904274488,0.0024276201483160306,0.0,6.692470306081083e-21,0.0,0.021317219527020346,0.0010993906493280959,0.0,0.0024518052640106714,0.0012101868620108618,0.0,0.0013972777861713014,6.023223275472974e-19,0.0,3.4800845591621626e-19,0.0,0.0,8.700211397905407e-20,0.0006538213020319482,0.0,0.026279251333939064,0.0,0.03164523754592715,0.04680098199919502,0.03022769290721961,0.04458224587457327,0.03209541585591388,0.0,0.0,0.0,0.0052137867442841185,0.0,0.08890802151198403,0.0,0.0010580155500346134,0.01723248112318082,0.018937064871013005,0.007523066465797294,0.007970636279262465,0.07373133565073474,0.0018766828980410304,0.0028746063047133553,0.00709193104143353,0.0,0.035266763166491785,0.0648818989064847,0.00025284781870388474,0.012188663562444486,0.019656295902330968,1
glp_1e2141_sterile_1_CB4037_25.Rep_88,0.0004997924790464145,0.00027869436149783423,0.0002942701931077715,0.0,0.0022905665310473215,0.0,0.00020524984256109548,0.0,0.0,0.0,0.00026241632358088975,0.004900122798694895,1.7493863913104426e-19,0.0006503513654911837,6.982761198500028e-05,0.0,0.0019589897842270084,1.2607945938613697e-19,0.0,0.004482080673043463,0.0007049451185389272,0.0,0.0,0.0,0.0,0.0,0.0,0.00029770495149127654,0.0,0.0,0.0015938931693377728,0.008917495728606247,0.0,0.012999641419328857,0.0,0.0,0.0,0.0012207742274787888,0.010342438933762153,0.0,0.0,0.0,0.0,0.000935018485146193,0.0011816611187737485,0.0,0.00020223091562883335,9.173803247239521e-05,0.0,0.003509722273414894,0.0,0.004321004888578976,0.0,0.0,0.004657130859215005,0.010875144408366505,0.014361270866944238,0.0,4.41435494707526e-05,0.013453606263633804,0.0,0.002016689603942103,0.0027608001096098016,0.013167614032151217,0.0336295164302309,0.0,0.0,0.0,0.0,0.0,0.0,0.0,0.00565652188829804,0.08756941435045291,0.018058150204410622,0.0,0.0,0.0,0.0015361904182765612,0.0,0.0,0.0,0.0018709874219523378,0.0,0.0,3.909818934081925e-20,1.4728249965279487e-19,0.0,0.0,7.120100222537542e-20,0.0,0.0,0.0,0.0,0.0,0.0,1.0791317168963982e-20,0.0011977299916467073,0.0,0.0,0.0,9.001802261547844e-21,0.0014914425397184689,0.006120658613674201,0.0011641160794097678,0.004598514578520292,0.015271086132805686,1.5205453940590455e-19,0.0,0.0,0.0,0.003578388654108981,0.0007127875124542205,0.0,0.004748076572386354,0.00047580269588710065,0.0,0.0,0.0,4.6744298490688206e-20,0.0032645210953389818,0.0,0.0025913553699072668,0.0012275165548446237,0.001078103631623528,0.0642746462134435,0.0,0.0,0.0,0.005045081182707132,0.004981068847922123,0.0,0.0,0.0,0.016891091486137978,0.0,0.0,0.0024983565013548354,0.0007746371953289522,0.0,0.0010032489111390457,0.0,0.0,0.0,0.0,0.0,0.0,0.00080068892211197,0.0,0.027315848112600568,0.00022454287749395347,0.026384552757247066,0.04703284023851625,0.033648350615730106,0.04092173897130641,0.03447289272240751,0.0,0.0,0.0,0.006945704345867927,8.671013142298194e-20,0.09221166064848227,0.0,0.0009424666051429149,0.01823283647874139,0.020437377183672386,0.00845256537843805,0.007903852863940875,0.06564895380139321,0.0026483375384101122,0.0027514045290441087,0.008339622861728666,0.0,0.046576361668861886,0.06622548073153128,0.0007826344417213972,0.013757490580583858,0.012485753130869219,1
glp_1e2141_sterile_1_CB4037_25.Rep_89,0.0006754218677197769,0.00014065623151126777,0.0009823022648527105,0.0,0.00212957042600638,0.0,0.0002513518402578839,0.0,0.0,0.0,0.0,0.003669799362670813,1.3817706782753182e-19,6.90885339137659e-21,0.0,0.0,0.0017864742433529868,1.6581248139303817e-19,0.0,0.003624239592365293,0.00028668425481105767,0.0,9.672394747927227e-20,0.0,0.0,2.1952957836505368e-05,0.0,0.00012106945622764209,0.0,0.0,0.00040625157319676425,0.006710159255602446,0.0,0.01508849219351822,7.25429606094542e-20,0.0,0.0,0.0010485455487597225,0.011490194266973765,0.0,0.0,0.0,0.0,0.0009306680899244413,0.002774095935258303,0.0010721446939823752,2.763541356550636e-20,0.0,0.0,0.003558621775507866,0.0,0.005091637733783441,3.454426695688295e-21,1.9344789495854454e-19,0.005793373623711593,0.012283892506566566,0.010835900516226446,0.0,0.0005100977436625745,0.014808461610228784,0.0,0.0019079819129920518,0.0018127715186508286,0.01638534493132829,0.0349054597263405,0.0,0.0,0.0,0.0,0.0,0.0,0.0,0.00528835911824939,0.08705417632458816,0.018231333441696574,0.0,0.0,0.0,0.0016345362221639184,2.4180986869818067e-20,0.0,0.0,0.0005448029080531779,0.0,1.3126821443615522e-19,6.90885339137659e-21,0.0,0.0,0.0,2.0035674834992113e-19,0.0,1.381770678275318e-20,0.0,2.072656017412977e-20,0.0,0.0,0.0,0.000965228697078925,0.0,2.3490101530680407e-19,0.0,6.90885339137659e-21,0.001128072612854492,0.0057462641243232445,0.0011060473445513085,0.0032651501483942718,0.014460561022653464,0.0,1.5199477461028498e-19,0.0,0.0001985367258277432,0.0038070878346598987,0.00037221164584173237,0.0,0.004332936616165208,2.072656017412977e-20,0.0,0.0,0.0,0.0,0.003178861500617716,1.0363280087064886e-19,0.0020928196079541004,0.0004820978667226217,0.0005527894862804712,0.0664875714751266,0.0,0.0,0.0,0.0034550580363809508,0.0038381673860652657,0.0,7.25429606094542e-20,0.0,0.024645330548047444,0.0,0.0,0.0027362200291642584,0.0007400287345189688,0.0,0.0,0.0,0.0,2.901718424378168e-19,0.0,5.527082713101272e-20,7.599738730514249e-20,0.0005878735855351208,0.0,0.029809678636076167,0.0009022778639309961,0.028442797209177577,0.04649197788951936,0.03480394523031699,0.040289931950618,0.03299367541491292,0.0,0.0,0.0,0.008313491679014153,0.0,0.09178262403129621,6.727500187934406e-05,3.356967054610158e-05,0.01658696102406719,0.016888135171047283,0.007689559562135979,0.00843624556364575,0.07611524072037215,0.0011415780319098034,0.003791018956517964,0.004677012853998914,0.0,0.04333089518311086,0.06430454074710787,0.0015292296565311513,0.009842733229671623,0.013699864025253302,1
glp_1e2141_sterile_1_CB4037_25.Rep_9,0.0006998459128806878,0.00016558528455914228,0.0007736533431216036,0.0,0.002280983353843335,0.0,0.0003881087930933073,0.0,0.0,0.0,0.0,0.0038057373663892254,5.726948492171493e-20,0.0,0.0,0.0,0.0018876733643323391,0.0,0.0,0.003621461180732572,0.0004618646201184863,0.0,7.158685615214366e-20,1.288563410738586e-19,0.0,0.0013942300175714738,0.0,0.00019504977155227707,5.726948492171493e-20,0.0,0.0,0.005893991283026508,0.0,0.014613475035159515,0.0,0.0,0.0,0.0008912081011309274,0.012591609372684009,0.0,6.335850897144522e-05,0.0,4.29521136912862e-20,0.00048086204913897005,0.0018153680869169733,0.0,2.8634742460857466e-20,0.0,0.0,0.00252484978470542,0.0,0.0037021176128053893,0.0,2.8634742460857464e-19,0.0010920416395733474,0.006545067263872433,0.01106291805192514,0.0,0.0006768018655370718,0.008363951288889058,0.0,0.002543974157475185,0.0025468356289942537,0.009670284206035197,0.03352746401739323,0.0,0.0,0.0,9.664225580539394e-20,1.1095962703582268e-19,1.4317371230428733e-20,0.0,0.008564708592347656,0.10222216471760254,0.017333971415370995,0.0,0.0,0.0,0.0014249306963156061,6.800751334453648e-20,0.0,0.0,0.0020753118457808527,0.0,7.158685615214367e-21,2.6487136776293155e-19,2.577126821477172e-19,0.0,7.874554176735804e-20,1.2169765545864423e-19,0.0,0.0,1.4317371230428733e-20,9.306291299778676e-20,0.0,0.0,2.0044319722600225e-19,0.0015617392606555095,0.0002159957788693767,2.14760568456431e-19,0.0,7.158685615214367e-21,0.0013862645506641943,0.006807580831131663,0.0011991889293203391,0.005018657225947625,0.016078098038473574,3.1498216706943214e-19,0.0,0.0,0.0,0.003577868431321642,0.000482880821674793,0.0,0.004759219534309952,0.00018558051548332226,9.306291299778676e-20,2.14760568456431e-20,0.0,0.0,0.0032478274440554842,7.158685615214367e-21,0.002781358516075264,0.0009499928198620935,0.0008281035849927688,0.07324653033670811,0.0,0.0,0.0,0.0038620512234895546,0.004347829584696015,0.0,1.3243568388146577e-19,0.0,0.03205655214082118,2.2907793968685973e-19,0.0,0.002287905107722499,0.0006185638761506376,0.0,0.0,0.0,0.0,2.4339531091728846e-19,7.874554176735804e-20,0.0,7.874554176735804e-20,0.0006920647162215356,0.0,0.030149229674862523,0.0,0.022472480902319597,0.050787962009102086,0.026206072404883634,0.02993568109895061,0.027439340054385496,0.0,0.0,0.0,0.009138793079131189,5.726948492171493e-20,0.09892792210218881,0.0,0.0007850552288363851,0.014476265668511807,0.011809974987434612,0.0011513051435972461,0.008553636688230634,0.07844447225311023,9.859355202142062e-05,0.002591952745162809,0.008276308439594222,0.0,0.04572089362416761,0.06875922795960357,0.003939816389986448,0.006718659437716672,0.021523045057709057,1
glp_1e2141_sterile_1_CB4037_25.Rep_90,0.0006483444948998574,0.0001411420187220156,1.8527815934123607e-19,0.0,0.0020024433788330084,0.0,0.0009738965891341412,0.0,0.0,0.0,0.0,0.002590723343678908,0.0,2.7770999274860886e-20,0.0,0.0,0.0017261515769272854,0.0,0.0,0.00291992135520544,5.3987651575382545e-20,0.0,0.0,0.0,0.0,0.0,8.994487824843003e-20,2.7646651516913747e-19,0.0,0.0,0.0016601779637974512,0.007987348260939314,0.0,0.01704219293257309,5.865069249840023e-20,0.0,0.0,0.0011964876187396318,0.009366933610035499,0.0,0.0,0.0,1.4507238427166135e-21,0.0011857767186734794,0.0015394348744735666,0.0010754518668922857,0.0,1.202028326822337e-20,0.0,0.003332804898577748,0.0,0.009383191870461561,0.0,2.9180273864928455e-19,0.001958001826268647,0.010724259576734103,0.010517536153624003,0.0,0.0006301142729614841,0.009299783354093295,0.0,0.002700483647795302,0.0,0.01289466797856972,0.040163744018934994,0.0,0.0,0.0,3.315940211923688e-20,0.0,0.0012084166475561486,0.0,0.00798007920576573,0.094699671072742,0.020986406911088426,2.942896938082273e-20,6.279561776330484e-20,0.0,0.0012984331230977498,1.1626515368057432e-19,0.0,0.0,0.005003054454662623,0.0,0.0,1.2206804905144076e-19,2.835128881194753e-19,0.0,0.0,1.5066803337928258e-19,0.0,0.0,0.0,0.0,0.0,0.0,0.0,0.0014626402339049719,1.554346974339229e-19,1.255912355266097e-19,0.0,3.1190562618407194e-20,0.0,0.005419719310569865,0.0012039942364508614,0.004914061853483432,0.012420563137872877,1.9273902481806436e-19,0.0,0.0,0.0,0.0038888376044382018,0.0,0.0,0.00328964429567271,1.2994340705475953e-19,2.7812448527509934e-19,0.0,0.0,0.0,0.003396837168683717,0.0,0.0015252500109268834,0.0005087903533890672,0.0005546986662704765,0.06050175596729722,0.0,0.0,0.0,0.0035830765197852,0.0028227862329318777,0.0,0.0,0.0,0.03376502770346059,0.0012311243954833569,0.0,0.0024742599877492816,0.0005464311770525447,0.0,0.0016751766643478842,2.0393032303330682e-19,1.3678253374185213e-19,9.645241091433027e-19,0.0,0.0,0.0,0.0005899039361731338,0.0,0.028056336521728585,0.0,0.02993755065028497,0.0475420704190655,0.030339107245466516,0.041590772092459,0.032131128196017475,0.0,0.0,9.574777361929649e-20,0.010557981127864583,5.761446118217408e-20,0.09164785062875792,0.0,0.0022746854830161907,0.014945427612863337,0.015143255995745045,0.004328290012156368,0.00749407784227565,0.06673141482078775,0.0001337240969967626,0.00030239760001218375,0.0067547497653743845,0.0,0.04283055173038307,0.0656546602247225,0.0,0.01175344596511074,0.019238866896508805,1
glp_1e2141_sterile_1_CB4037_25.Rep_91,0.0006986024059163662,0.0,0.0007969968913764988,0.0,0.0023567270948527696,0.0,0.000615111729601441,0.0,0.0,4.011956803000942e-20,0.0,0.003564819547756602,1.8722465080671064e-19,4.4371937424584524e-05,3.465565111678804e-05,0.0,0.0018245006464605734,1.6047827212003768e-19,0.0,0.00258163243921812,0.00043620948229519023,0.0,0.0,0.0,0.0,0.0011298797881998176,0.0,0.0001842153656385,0.0,0.0,0.0,0.009168486587058747,0.0,0.012575992487716653,4.011956803000942e-20,0.0,0.0,0.0010797028173882843,0.008128887558002722,0.0,0.0,0.0,0.0,0.0007365783092753723,0.0007916994584390648,0.0009552457347640346,8.023913606001884e-20,1.069855147466918e-19,0.0,0.0035651311927987228,0.0,0.003812549874630175,8.023913606001884e-20,2.4071740818005656e-19,0.003978949759184657,0.0062598689603562815,0.0263821414568966,0.0,0.0005241815817556668,0.007675762265079826,0.0,0.0022568221491360203,0.0024312274070097672,0.010998436677981348,0.025367631408249554,0.0,0.0,0.0,2.674637868667295e-20,8.023913606001884e-20,0.0010116057495769323,0.0,0.006367982174638669,0.09548096098457401,0.013284327864813112,1.069855147466918e-19,0.0,1.3373189343336475e-19,0.0013698788964431699,8.023913606001884e-20,0.0,0.0,0.0016834259859929287,0.0,0.0,0.0,2.139710294933836e-19,0.0,0.0,5.34927573733459e-20,0.0,8.023913606001884e-20,0.0,0.0,0.0,0.0,0.0,0.0010684443530118077,9.88988240844859e-05,0.0,0.0,0.0,0.001223859071118207,0.007153910287596306,0.0010985375227561508,0.0034756024295370443,0.01035982997950287,0.0,0.0,0.0,0.00025814543017596976,0.003648422673228541,0.0005062011557749041,0.0,0.004063022444014644,0.00027613742087011597,4.011956803000942e-20,0.0,0.0,1.8722465080671064e-19,0.0033501078873652275,5.34927573733459e-20,0.0024947114764598184,0.0006624292777224137,0.0007441193920728961,0.06471989758658064,6.686594671668237e-20,0.0,9.263798514054706e-06,0.00373929300213609,0.004193226696524275,0.0,8.023913606001884e-20,0.0,0.030001522322703603,0.0010430660343336527,0.0,0.0023523545927468777,0.0,0.0,0.001437558529012827,6.419130884801507e-19,0.0,3.2095654424007537e-19,2.139710294933836e-19,0.0,2.674637868667295e-20,0.0007049933197967588,0.0,0.027752014793407703,0.0,0.031025448823992375,0.04934916806747277,0.032253458484528735,0.04832500528087407,0.03390903942261828,0.0,0.0,0.0,0.007464444549891067,2.674637868667295e-20,0.08882996497876355,0.0,0.0008206461092287124,0.0175641802184242,0.019687873385168028,0.0027520655500065357,0.007493486850818422,0.06631871971934696,0.00025541924207312045,0.002684630397263178,0.007464162124096345,0.0,0.04571190486291463,0.06903637543195189,0.0004914561945991409,0.01454739484951457,0.017424384833785916,1
glp_1e2141_sterile_1_CB4037_25.Rep_92,8.26951812484605e-05,0.0,0.0,0.0,0.0008915066535900126,0.0,0.0,0.0,0.0,0.0,0.00021986456610620383,0.0068522428403200485,0.0,0.0005820945948213956,0.0,0.0,0.001667545690184687,1.8106836472327063e-19,0.0,0.006799265823989901,0.0,0.0,0.0,0.0,0.0,0.0005098137792865788,0.0,0.0,0.0,0.0,0.0,0.0070600084774064525,0.0,0.01925208993864677,4.903934877921913e-20,0.0,0.0,0.00023749202572313676,0.012828262362987477,0.0,0.0,0.0013457805164805573,0.0,0.0008818427435017377,0.0025974384211890538,0.0007519500217611973,0.00016943844007588188,7.686237818495567e-05,0.0,0.0019286830001472776,0.0,0.003877032044894897,3.7722575984014715e-21,2.112464255104824e-19,0.0,0.010060136509949196,0.010798242081029901,0.0,0.0003354689598281678,0.008534247904005378,0.0008399846428141576,0.0017090196321459692,0.0038272045403172266,0.006304681656061926,0.04683763735283307,0.0,0.0,0.0,0.0,0.0,0.0,0.0,0.009594073989606933,0.09318146695545139,0.021603886298043756,0.0,0.0,1.1316772795204413e-19,0.0015027895046797963,0.0,0.0,0.0,0.004444888180085456,0.0,3.7722575984014715e-20,6.790063677122649e-20,0.0,0.0,0.0,0.0,0.0,1.3580127354245297e-19,0.0,0.0,0.0,0.0,0.0,0.0003040107815065509,0.0,0.0,0.0,0.0,0.0012767833689083612,0.0037772406310737946,0.0010918585138487468,0.003641785230843174,0.018303486103120985,0.0,0.0,0.0,0.0,0.002741820556519305,0.0008193638874331548,0.0,0.003237507580244498,0.0004884250811042432,7.544515196802943e-21,0.0,0.0,0.0,0.003905703001535779,0.0,0.003139564851091603,0.0006084953888729673,0.00036793842150984526,0.07199875300266291,0.0,0.0,0.0,0.005511218667501115,0.0054575873970345865,0.0,0.0,0.0,0.022669495284292164,0.0,0.0,0.0012278249110625257,0.0,0.0,0.00023693363552927362,0.0,0.0,4.979380029889943e-19,8.298966716483237e-20,0.0,0.0,0.0,0.0,0.02668087123605262,0.0,0.037291521623323096,0.048931965509053134,0.024102348498680964,0.041788099232570194,0.031121782957501433,0.0,0.0,7.544515196802943e-20,0.0070348972017471294,3.017806078721177e-20,0.10022725372503426,0.0,0.0028152216572060965,0.011717137189031527,0.009792972793010161,0.0026891863229556758,0.01055413597506816,0.05773696962957549,0.0011299135161630634,0.005200457686312263,0.0031530713980888274,0.0,0.04728553962932831,0.06957829872677206,0.0,0.00869495618284615,0.013481965306584713,1
glp_1e2141_sterile_1_CB4037_25.Rep_93,0.00031959045427889724,0.0002493871900048846,0.0,0.0,0.00216342417067722,0.0,0.00011582638613357304,0.0,0.0,2.975438499474473e-05,0.0,0.0053336600766712506,0.0,0.0006078591510576412,0.0,0.0,0.0017943101435522963,0.0,0.0,0.004169566891978506,0.00043069897341446376,0.0,3.586002714030292e-05,0.0,0.0,0.0006927860409659999,0.0,0.00018188822592806554,0.0,0.0,0.0013201681834099379,0.009028898952359971,0.0,0.01816912300404983,0.0,0.0,0.0,0.0011301242371553157,0.007817807541659234,0.0,0.0,0.0,0.0,0.0,0.0024960700227450614,0.0011038346722643275,1.029421158563494e-19,2.5735528964087347e-19,0.0,0.0037919756135886746,0.0,0.008008875703022954,0.0,1.544131737845241e-19,0.0032851703305145203,0.010791167301431768,0.01118895297611328,0.0,0.0,0.011850371608513504,0.0,0.001409955975773598,0.0025834836783944853,0.012233973629613844,0.04036405811432648,0.0,0.0,0.0,0.0,0.0,0.0009339919235291718,0.0005691755936890543,0.006882495580613477,0.0918723639459194,0.01743143936351247,7.720658689226205e-20,0.0,5.14710579281747e-20,0.0013120805151333329,0.0,0.0,0.0,0.003978960891053336,5.661816372099217e-19,3.8603293446131025e-20,2.3161976067678614e-19,2.3161976067678614e-19,0.0,0.0013553263874025014,0.0,0.0,0.0,0.0,1.2867764482043675e-20,1.2867764482043675e-20,0.0,1.029421158563494e-19,0.0006649904312580677,0.0,2.573552896408735e-20,0.0,0.0,0.001154669529141061,0.007197183475307705,0.0012104635033933823,0.0049354223373569974,0.013813818379005777,0.0,0.0,0.0,0.0,0.0030271326704216736,0.0004891240102209878,0.0,0.004494920290003879,0.0006653084001369148,0.0,0.0,0.0,5.14710579281747e-20,0.002839934180274564,0.0,0.0022647059947197177,0.000939349314399543,0.0010806595866216114,0.06573375011565112,3.8603293446131025e-20,0.0,0.0,0.004239842203334823,0.0034755928838064607,0.0,2.3161976067678614e-19,0.0,0.0167551568503662,0.0009822042467943872,0.0,0.0020000354034338734,5.6533033113043905e-05,0.0,0.0014606602550213002,0.0,1.029421158563494e-19,2.5735528964087347e-19,0.0,0.0,1.1580988033839307e-19,0.0005705699020964028,0.0,0.02720248374898296,0.0,0.02925071679834589,0.04643653641973811,0.03182390888905778,0.04902071784522411,0.03612646555161476,0.0,0.0,5.14710579281747e-20,0.008517963917025433,2.058842317126988e-19,0.08891165716255647,0.0004946740808634303,0.0006483819994695246,0.011673274487689561,0.011873492755054444,0.00786981528413143,0.0069792001635974165,0.07098217324260037,0.0022415095292230886,0.0007956401126851057,0.005977395005761626,0.0,0.04325014014301295,0.06268316937882484,0.00013575315302931748,0.015075412122487444,0.01494303335055688,1
glp_1e2141_sterile_1_CB4037_25.Rep_94,0.0006152399599677258,0.0001311999395420348,0.0007982214727575408,0.0,0.0021329755287483334,0.0,0.00012272832418650504,0.0,0.0,4.010962025799411e-20,0.0,0.0033975078018622725,0.0,0.00048055168940621334,0.0,0.0,0.0018273822943015753,0.0,0.0,0.005844777265624001,0.00048406119034740715,0.0,0.0,0.0,0.0,0.0,0.0,0.00020442359185330895,0.0,0.0,0.0012978262435235778,0.009488272990008617,0.0,0.016209438792457762,1.3369873419331369e-20,0.0,0.0,0.0007014271214872696,0.01044548319304546,0.0,0.0,0.0,0.0,0.0,0.0007776558517745437,0.0007985594279019338,1.203288607739823e-19,0.0,0.0,0.0029890348188180258,0.0,0.006662736861247153,0.0,2.6739746838662738e-20,0.0033397542595342737,0.0138953079861301,0.020652663216541443,0.0,0.0,0.013008272830636788,0.0,0.0014683401226182155,0.004178801542621402,0.007931058192203527,0.03896148573037956,0.0,0.0,0.0,4.010962025799411e-20,0.0,0.0015653191788718873,0.0,0.005123393720062651,0.09298710045218195,0.018529244020725512,1.0695898735465095e-19,0.0,0.0,0.0013696003365182667,0.0,0.0,0.0,0.004489441940746286,4.278359494186038e-19,0.0,1.6043848103197643e-19,0.0,0.0,1.0695898735465095e-19,1.6043848103197643e-19,0.0,0.0,0.0,0.0,1.203288607739823e-19,0.0,5.3479493677325477e-20,0.0011301860708519613,8.059721389390912e-05,0.0,0.0,2.6739746838662738e-20,0.0012182728534316592,0.005298850550977025,0.0012026980902275664,0.006182167872987668,0.015285983290098443,5.3479493677325477e-20,0.0,0.0,0.0,0.0032934359859268895,0.0004351603926870178,0.0,0.004046680053686895,0.0003074735714950049,1.6043848103197643e-19,0.0,0.0,0.0,0.0031450538780684514,0.0,0.002437098544829089,0.0010116879022662162,0.0008115874951337144,0.06539707467817779,5.3479493677325477e-20,0.0,0.0,0.005149228587076103,0.002904826391623822,0.0,2.2728784812863326e-19,0.0,0.0090259648923976,0.001046180158675371,0.0,0.0019202101228675543,0.0006095873650423768,0.0,0.0015260842233564922,4.278359494186038e-19,0.0,4.278359494186038e-19,2.6739746838662738e-20,1.0695898735465095e-19,5.3479493677325477e-20,0.0007927234734696509,0.0,0.026318885067472927,0.0,0.029643479612013215,0.04612614533881403,0.029467001752462037,0.043565932955775356,0.03138676554530052,0.0,0.0,1.6043848103197643e-19,0.009340423377667046,0.0,0.08880793931190997,0.0005798548882903891,0.0,0.016953325889050276,0.018340978137971902,0.0071403757580552575,0.007550169998103574,0.06752390901221858,3.7435645574127834e-19,0.0034768475964823795,0.00558582338023443,0.0,0.04460280126636603,0.0689762735821055,0.0,0.01299391274024196,0.0144510532415831,1
glp_1e2141_sterile_8_CB4037_25.Rep_1,0.0030261951114509706,0.003768221622964221,0.0,0.0008087351978021537,0.0003343171341929961,0.0,0.0010790749882156733,0.001997993774552476,1.6264705721483772e-19,0.0,0.001587368837350293,0.016051211196789365,0.0026858720430878264,0.0,0.0,0.003133440072499183,0.006654299659994788,9.758823432890264e-20,0.0006118744378877855,0.017318546091530364,0.0022987291747694444,0.0,2.1144117437928906e-19,0.0,0.0,0.008541631624571267,0.0,0.0019200986359843605,0.0007599108072214405,0.0,0.0,0.017136088103230862,0.0007141433294601998,0.040988191703848695,0.0,0.0,0.0,0.0007789304865634519,0.0050874742793536746,0.0,0.0,0.0,0.0,0.0013483123917027013,0.0033299696737655944,0.004215727667471506,0.000506111400933258,0.001630668408207956,0.0028526456831833103,0.0,0.0,0.01263892282159056,0.0,2.6023529154374035e-19,0.0035290305628389975,0.012341460376938463,0.01277006597663123,0.0,0.0,0.007879591708878702,0.01516815129803275,0.0,0.009587648573227631,0.005370140843150342,0.016713996498340808,0.003403500775698804,0.0,0.0008489429204496876,0.0,1.0572058718964453e-19,0.0014429083829165857,0.0,0.010555001090370402,0.04650188275459689,0.0009065739652636785,0.0,0.00045371840207928147,1.789117629363215e-19,0.0,0.00239897323076709,0.0025218078995183526,0.0,0.008431002063129333,0.000415727164762741,0.0,1.6264705721483772e-20,0.0009929014174641208,3.1716176156893356e-19,0.0013970015357053676,0.0,0.0,0.0,0.005757099646535005,0.0,0.0,0.004629147542914498,0.0,0.0013656056576400628,0.00037002086549834995,1.9517646865780528e-19,0.0,0.004664548524257965,0.007709483254878245,0.004430493925643029,0.0015453713448397247,0.01961163823945829,0.020285265066873913,0.0,0.0,0.0,0.00043247368441924513,0.0012495570651616524,2.1957352724003093e-19,0.0,0.0029084952453700785,0.0010295905783655993,0.0,0.0035106921627579292,0.0005454927861652613,0.0,0.0039157918312390716,0.0,0.002460533212762926,0.005747670463909227,0.0031235545663416252,0.020115197317231787,1.4638235149335395e-19,0.0,0.0,0.011542563715647509,0.012517359973927798,0.0,4.066176430370943e-20,0.0013775770486814194,0.0,0.0005694599310697153,0.003365829962686973,8.584515952314447e-05,0.002150652476781925,0.0,0.0,3.9035293731561057e-19,0.0,3.2529411442967543e-20,0.00031809426609593337,0.0,0.0024867270276261733,0.0,0.0,0.021152880684182487,0.003279321763445253,0.0,0.042108577649649856,0.0017770614770541407,0.010221961852519628,0.00640463728681887,0.0006225416321906395,0.0,6.505882288593509e-20,0.00346880729384926,3.2529411442967543e-20,0.02098192458054882,0.0037276132923896215,0.0015378823594697005,0.037540083909692434,0.05567649980382765,0.00905293135729234,0.01578036848943515,0.020203394762885758,0.0,0.0023883794388624407,0.022732298772809762,0.0,0.08877968136256381,0.11349921083278308,0.0,0.04180737505248757,0.0,8
glp_1e2141_sterile_8_CB4037_25.Rep_10,0.0030301166847720336,0.00625699476870241,0.0,0.0,0.0006882748982376312,0.0,0.0,0.001764969707582319,0.0,0.0,0.002080571616133161,0.02435532428197031,0.0027557176271200785,0.0,0.0,0.0,0.0024790977466056506,0.0,0.0,0.023090119514673667,0.0,0.0,1.5590669039893119e-19,0.0,0.0,0.006246505521231857,0.0,0.00327631132907702,0.0,0.0,0.0,0.00866755226803227,0.0,0.02903045427707845,3.637822775975061e-20,0.0,0.0,0.0,0.015359896486548336,0.0,0.0,0.0,0.0,0.0019567180014164473,0.0025082891639414723,0.004177470635926338,0.0006844640494814868,0.001887928537787775,0.0,0.0,0.0012016335119261349,0.008083643537158833,0.0,2.494507046382899e-19,0.004447951219712992,0.0035732245166571544,0.011088457291824307,0.0,0.0,0.007208570420069089,0.012059483367177392,0.0,0.016103950796790126,0.003775176436467647,0.018951334367454647,0.0,0.0,0.0,0.00035368372588418456,0.0,0.0027649703765550214,0.0,0.013263599652855805,0.03938787727804682,0.00175286076608537,0.0,0.0,0.0,7.275645551950122e-20,0.0034508134139972853,0.0038564876951314867,0.0,0.008151767458487218,0.0006778957002302747,0.0,0.0,3.429947188776486e-19,0.0,0.0019394103603551924,0.0,0.0,0.0,0.0055163520277609936,0.0,0.0,0.00016821706889513747,0.0,0.0025845487754516372,0.0,0.0,0.0,1.0393779359928745e-20,0.004333121727183571,0.003186499742967838,0.002059183351994322,0.01041536136784957,0.024231909790712308,0.0,0.0,0.0,0.0,0.0010685688019295573,0.0,0.0,0.003492580327769547,0.0011536448596730499,1.143315729592162e-19,0.0026113634267737186,0.0,0.0,0.005574417647081448,0.0,0.003498960613025223,0.007628949635289993,0.0015742512707395448,0.019223621079589,0.0,0.0,0.0,0.02028447286364229,0.011866088277642241,0.0,1.0393779359928745e-19,7.753529163954585e-07,0.0,1.2472535231914494e-19,0.0028628576024641427,0.0,0.0023521593111183047,0.0,0.0,1.475916669109882e-18,0.0,0.0,0.0,0.0,0.003178230519028413,0.0,0.02600874209871923,0.02653618068422815,0.005581125846350807,0.0,0.032202537323586154,0.0009967896568773532,0.01254089744065888,0.0,0.0009766258440385865,0.0,0.0,0.001631149538993443,1.4551291103900245e-19,0.014188144099529811,0.0032204694340256857,0.0,0.02937363756158318,0.04823452233049563,0.001570802436422037,0.0234413785789261,0.0218686564518223,0.0010308026386603518,0.0030254740674856605,0.01596300513198535,0.0,0.11515973521039516,0.1315139930596421,0.0,0.04367962611489011,0.0,8
glp_1e2141_sterile_8_CB4037_25.Rep_11,0.0022588999921256993,0.0009153432887594562,0.0,0.0,0.001035915953364913,0.0,0.0,0.00013228537109708513,0.0,0.0,0.0020552159228467426,0.01793808435045344,0.0010289595799777276,0.0015480052978671575,0.0003579910078575095,0.0,0.002698524274872258,1.7660455320363534e-19,0.0,0.01882866004309209,0.002262935158780944,0.0,0.0002693163137568123,0.0,0.0,0.004926106587329536,0.0,0.0016772452804779809,0.0,0.0,0.0,0.009510652146991426,0.0,0.03997193916261319,1.394246472660279e-20,0.0,0.0,8.316542875901203e-05,0.011370081788977072,0.0,0.0,0.0,1.6266208847703257e-19,0.0018069959382801684,0.0,0.002095771316369436,0.0006799890703491413,0.0018398101705047363,0.0,0.0,0.0,0.010648505414156911,0.0,3.3461915343846697e-19,0.003510788060078774,0.006384916810696971,0.022456595081578927,0.0,0.0,0.007278313457121382,0.008684210464141338,0.00036434759260300546,0.01639156083010461,0.0012323222050066173,0.017874287689239328,0.0,0.0,1.0224474132842046e-19,1.9054701793023815e-19,1.2083469429722418e-19,0.0021067468591044803,0.0,0.015195318015393417,0.05479215100399197,0.0022203108912125205,8.279493341564615e-05,0.0,0.0,1.858995296880372e-20,0.002242858573164937,0.0020330575233628713,0.0,0.010473133180556695,0.0006930277402937536,1.9984199441464e-19,3.067342239852614e-19,7.807780246897563e-19,1.858995296880372e-20,0.001291142646962235,0.0,0.0,0.0,0.0012322080793192435,0.0,0.0,0.00015043360509300134,0.0012294464535650405,0.003409573116266118,0.0,6.320584009393265e-19,0.0,1.394246472660279e-19,0.0026952635569210707,0.004538382258051494,0.001357810280669079,0.008818828627105504,0.020356045506644757,0.0,0.0,0.0,0.0,0.0007580776254367977,0.0,0.0,0.004243061676211105,0.0015252768024819029,2.3237441211004653e-19,0.0004968287053147684,0.0,0.0,0.005067813451068361,0.0,0.003163141670800956,0.0056482659132545375,0.0015653273175322286,0.02463698640365975,0.0,0.0,0.0,0.021595601895341085,0.013209379641581425,0.0005205732969236051,1.9984199441464e-19,0.0,0.0,3.1602920046966325e-19,0.004259963660892996,0.0008852471881488833,0.0014536302752310955,0.0,0.0,5.948784950017191e-19,0.0,1.858995296880372e-20,0.0,1.1153971781282232e-19,0.0028422363909579797,0.0,0.024482669681967814,0.025626457708583926,0.005268683710282506,0.0,0.037775530671868986,0.0008697747308090724,0.01441054787607458,0.00771764113772169,0.0,0.0,0.0,0.0051388519008481685,0.0,0.02620455659537078,0.006343991975164176,0.0002784806490241459,0.01885128535375535,0.03327613826843971,0.0030760224132592193,0.01653145765104823,0.021333526412030384,0.0012944778963318118,0.0023035895199649643,0.018316077490040723,0.0,0.1123987587078114,0.13094775738722006,0.0,0.040646036446219724,0.0,8
glp_1e2141_sterile_8_CB4037_25.Rep_12,0.0026844494725926458,0.008142382198878258,0.0,0.0037835226640739405,0.000513329940496792,0.0,0.000901889816540099,0.0020066985748436817,0.0,0.0,0.0026014123302329655,0.030084119216787598,0.0033067914971792478,0.0,0.0,0.00023299644028312275,0.0008463792192338792,0.00042185155190367613,0.0007402500177386315,0.02149093300698595,0.0,0.0,0.0,0.0,0.0,0.0074898111072321935,0.0,0.0031498604951885633,0.0,0.0,0.0,0.011032166814402966,0.0,0.025641409423025334,0.0,0.0,0.0,0.0,0.01601673613019436,0.0,0.0,7.768425813389284e-20,2.2195502323969385e-20,0.002741450954395102,0.007383239735754962,0.004951937854571226,0.0014729022869481576,0.0020442051881820276,0.0,0.0,0.0010350841629230719,0.0097151110616635,0.0,1.3317301394381632e-19,0.0009164065143448246,0.009793158845140567,0.009104628296592704,0.0,0.0,0.00874088076940246,0.012301830831641233,0.0,0.012689590082681437,0.0009114979101823384,0.019829066269429735,0.0,0.0,0.0,1.0542863603885457e-19,3.884212906694642e-20,0.0028151391972281474,0.0,0.013475334996881904,0.04205562247316667,0.0031428112657999113,0.0,0.0009607387907773882,5.548875580992346e-20,2.774437790496173e-19,0.0038653951834407853,0.004582127442540599,0.0,0.003857475450079381,0.0009521453994035234,0.0,1.8866176975373978e-19,3.1073703253557137e-19,6.103763139091581e-20,0.0020602590344776946,0.0,0.0002274408527900027,0.0,0.006599747096948555,0.0,0.0,0.00017961042919516687,0.0,0.002001783860097912,0.0,6.658650697190816e-20,0.0,1.5536851626778569e-19,0.008553455854181219,0.0018393866917528756,0.0013709540878068332,0.017077054214252697,0.02082310557960419,3.1073703253557137e-19,0.0,0.0,0.0004990401770539097,0.0,1.9421064533473211e-19,0.0004117218891128817,0.003335499277508843,0.0017475874712769303,1.8866176975373978e-19,0.0047949776058634425,0.0,0.0,0.004887875194500092,0.0,0.00262680767587277,0.007099285586245524,0.0016699975944813974,0.023069603187473895,1.9421064533473211e-19,0.0,0.0,0.015050605664195969,0.008309624046818417,0.0,2.053083964967168e-19,0.0027084199548087708,0.0,2.6634602788763263e-19,0.005220398948608046,0.0,0.0,0.0,0.0,7.990380836628979e-19,4.217145441554183e-19,7.324515766909897e-19,0.0,3.9951904183144895e-19,0.0006874766937420606,1.7756401859175508e-19,0.011391196367843507,0.026256570028171226,0.007240423482374266,0.0,0.03319657852586072,0.003950171776503162,0.015293170708183606,0.005003939375509531,0.0023968014672565486,0.0,1.5536851626778569e-19,0.001113789000575363,1.7756401859175508e-19,0.030182446268572638,0.0,0.0017464120653452586,0.01880505562669326,0.044747528470541684,0.00016983460650262156,0.01960280850527934,0.020424931181684657,0.0,0.002908025355334095,0.009941818362710169,0.0,0.11402281006624145,0.13280689299643456,0.0,0.03552230621272672,0.0,8
glp_1e2141_sterile_8_CB4037_25.Rep_14,0.0041383625591725854,0.0060041105406365165,0.0,0.0024939045694222384,0.0,7.168470995606614e-05,0.0,0.00022997039658855016,0.0,0.0,0.002377771105479919,0.025310466937074762,0.003539233106191035,0.0014421629000738667,0.0,0.001503327913662189,0.001614635011693893,0.00015051550426019837,0.0008659635161716978,0.018246980039050283,0.0003771598013046212,0.0,0.0,0.0,0.0,0.008682063323608182,0.0,0.0020214651566358463,0.0014928527845801188,0.0,0.0,0.013855717276174866,0.0,0.021144899050034114,0.0,0.0,0.0,0.0,0.007827187071856269,0.0,0.0,0.0,0.0,0.0018141237308544314,0.007842530052672061,0.005120132643909142,0.0009033459725133252,0.0017542101137422066,0.0,0.0,7.064470582189598e-05,0.01869711642941231,8.804276575066639e-20,0.0010774859476767624,0.007660632438956254,0.0015283114505885477,0.015702736185242233,0.0,0.0,0.00727570940406867,0.011965707743035955,0.0,0.011577775710794448,0.0065096017827145,0.013542254021871635,1.369554133899255e-19,1.369554133899255e-19,0.0,0.00517160893368499,0.0,0.002875752637110155,0.0,0.013315141357829496,0.03380673727263512,0.0018934086675789891,0.0,0.0,3.9130118111407286e-20,0.0,0.005897390752682661,0.004055892762706044,0.0,0.006078159160361526,0.0006348684494901639,1.7608553150133278e-19,3.717361220583692e-19,0.0,0.0,0.0012265673046813967,3.5217106300266556e-19,0.0017127877341524384,0.0,0.005053701344603001,0.0,0.0,0.00015832435792312717,0.0,0.0038046690214998988,0.0,0.0,0.0,0.0,0.009827018433324059,0.0013826020456425285,0.0011518680055671328,0.017838517183255145,0.027765049498964786,0.0,0.0,0.0,0.0011530214096532822,0.0,0.0,0.0003629277210059011,0.002443301651569559,0.0008468742214773603,0.00018569213099535597,0.005311321891019718,0.0,3.9130118111407286e-20,0.005523356279970999,0.0,0.003202248844410884,0.007644411161486841,0.002972403639544165,0.02143414555872272,0.0018758103525216901,0.0,0.0,0.009454802231151704,0.008170600160672581,0.0,0.0,0.0,0.0,0.0007798670486893283,0.0002922704954495133,0.0024363418780299177,0.0,0.001353784402248686,0.0,7.043421260053311e-19,7.826023622281457e-20,3.9130118111407286e-20,0.0,4.499963582811838e-19,0.00299132133000449,0.0,0.011567555419349966,0.022847156439756197,0.005831039726829686,0.0003816146971335285,0.04614145232096825,0.0,0.0069828941447422485,0.010365655975479069,0.001620783701321001,0.0,3.326060039469619e-19,0.0006441528537924041,1.7608553150133278e-19,0.011092276398673901,0.005205893622268944,0.0,0.026292168318194444,0.03536676054019543,0.00292147424819469,0.035399732407455635,0.013960980315768087,0.0011868870942847293,0.002876802964499225,0.017519606473320588,0.0,0.1105470855976162,0.13806546050383672,0.0,0.03466524729649953,0.0,8
glp_1e2141_sterile_8_CB4037_25.Rep_15,0.002062028124917817,0.0021631737911438254,0.0,0.0008873799360250272,0.0020062028563780647,0.0,0.0,0.0,2.792900744189089e-20,0.0,0.0023964738481177636,0.015652148354912555,0.002869283493712172,0.0013502398347173,0.0,0.0009497112918178992,0.0010981124907123421,0.0,0.0,0.014971002114961102,0.0021401664346233033,0.0,0.0,0.0,0.0,0.0051265303738778755,0.0,0.0009685847799624389,7.712206535021889e-05,0.0,0.0,0.009462014579050593,0.0,0.03016308667449063,0.0,0.0,0.0,0.0008513111031277845,0.009176043468849308,0.0,0.0,0.0,0.0,0.0019504870137242438,0.0027569234062819956,0.0006471863334942951,0.0005427382397197252,0.0014052617892992975,0.0,0.0005606481023943552,0.0,0.012387332816681524,0.0,0.0011496963718442585,0.0026820767765454775,0.003673348138891307,0.03466194705787514,0.0,0.0,0.006054644151674181,0.004636991692398742,0.0,0.011319852670148648,0.0009383725327137403,0.016925174054560996,0.0,0.0,0.00031682229501389073,0.002822690451891121,0.0,0.0015372129442613688,0.0,0.017030230865768693,0.04950942869534571,0.0029828294499387024,0.0,0.0,1.4212761564873362e-19,0.0,0.002732896564759313,0.0,0.0,0.006042153062658756,0.0006691996503175066,2.5446429002611696e-20,0.0,0.0,0.0,0.0011448773484883502,2.228114149253073e-19,0.0,0.0,0.0018712196199083295,0.0,3.668009644035003e-19,0.00016071615680734379,0.0002292362995754495,0.002504515595550043,0.0,0.0,0.0,8.834731859051387e-05,0.002498804746972658,0.005375200397400292,0.0016875663029201147,0.011037233710710095,0.021412859055671474,0.0,0.0,0.0,0.0,0.001531100114307731,0.0,0.0,0.00491968647317808,0.0014662670621100374,4.96515687855838e-20,0.0017835329799932864,0.0,0.0,0.004277616430082987,0.0,0.0021789640650265577,0.0031253106226735955,0.0019326369504700596,0.015803898157443295,7.323606395873609e-20,0.0,0.0,0.010556787119902695,0.008583703677400236,0.0,0.0,1.4699642851658173e-05,0.0,0.0008355981968625607,0.004441267994373141,0.0,0.002688733878877946,0.0,0.0,1.675740446513453e-19,3.33906800083051e-19,0.0,1.6447082160224632e-19,5.958188254270056e-20,0.0,0.0005652006064693139,0.033087962343604775,0.02436353384890004,0.006396670988344105,0.0,0.04311833870370241,0.0011655295376657548,0.01700025629900985,0.017663144357867894,0.0,0.0,1.1668118664612192e-19,0.00397939713778697,0.0,0.01397271562019835,0.001528086411577701,0.00044405122999761345,0.03092218404439806,0.05159090608469538,0.0013722345635741268,0.01757412906219939,0.019340674114934914,0.0010035315352169252,0.0005747695481561651,0.007893650090903367,0.0,0.12386364209390288,0.144476914103206,0.0,0.035645337010588515,0.0,8
glp_1e2141_sterile_8_CB4037_25.Rep_16,0.0017332468999986948,7.08528569808798e-05,0.0,0.0,0.0005651508837064225,0.0,0.0,0.0,0.0,0.0,0.0018215251305674879,0.018814981418093735,0.000901486487860098,0.0007195679801652731,0.0023945591987129724,0.0,0.004665821994796728,0.0015540588813217587,0.0,0.02198863139192,0.0020244666182789106,0.0005004433328071502,6.271696899497159e-20,0.0,0.0,0.006275459292467875,0.0,0.0017979153573034156,0.0008426786443009458,0.0,0.0,0.02030576903461314,0.0009374661174593664,0.050381709451601385,2.4098145722205833e-20,0.0,0.0,0.0003737857173875057,0.0192054420412067,0.0,0.0,0.0,0.0,0.0020045989488855056,0.0,0.002366806881197135,0.0007727921864485154,0.0018658712511854093,0.0,0.0,0.0,0.017237636151111964,3.0895058618212606e-21,0.0,0.004423127852105592,0.011947368261066054,0.020585796025456654,0.0,0.0,0.006925791196360132,0.008664232642778555,0.0005903133505069533,0.014648105851603315,0.0009070440764361015,0.02005263537972961,0.0,0.0,0.00033621478017432227,0.0,8.187190533826341e-20,0.0011242301471570155,0.0,0.004482867039524933,0.027949693680243654,0.0007411331125390403,0.00035392797633660057,0.0,9.886418757828035e-21,4.745481003757456e-19,0.002021640693109469,0.0018325327641425411,0.0,0.011244669552062552,0.000615354694437606,6.179011723642522e-20,0.0,0.0,0.0,0.0007079217157557459,0.0,0.0,0.0,0.0017927303302900256,0.0,0.0,0.00016000574263904117,0.00017311417013168493,0.002245848750208487,0.0,4.819629144441167e-19,0.0,9.37550000942902e-05,0.004781324999776502,0.0028604616915733233,0.0015492818495936533,0.015502397702939345,0.022970751627800694,0.0,0.0,0.0,0.0,0.0,0.0,0.00036678196763658864,0.003412266612429664,0.0003955789074283271,0.0,0.005428186258235094,0.0,0.0,0.00596185739028605,0.0,0.0038719683512003617,0.005204237693018151,0.00037801588457840477,0.03220006214241114,0.0,0.0,0.0,0.022714187508361627,0.014263147299977331,0.0005872164632530356,0.0,0.0,0.0,0.0,0.000978380092458097,0.002013408668803229,0.0,0.0,0.0008351275267922851,0.0,5.474604387147274e-19,3.6950490107382277e-19,0.0,0.0,0.0029745020868673392,9.175832409609145e-20,0.0,0.03236512553614039,0.003730045643715424,0.0,0.06265752574508646,0.0,0.013419759643960074,0.011091685546988281,0.0015147096986094062,0.0,0.0,0.009618164990492908,0.0,0.023767465654334564,0.00570079689945564,0.0,0.0037904304968224885,0.004410888446495364,0.008307330398503615,0.03298673334559874,0.03445781414909117,0.0011665451121593052,0.008616551574980414,0.02910151770934317,0.0005034345441238746,0.09651797075468604,0.0807347971645962,0.0033487064945141925,0.0562000787896131,0.0,8
glp_1e2141_sterile_8_CB4037_25.Rep_18,0.0010671442586133492,0.0,0.0,0.0,0.0006602970908670259,0.0,0.0,0.0007328377480043955,0.0,0.0,0.0022758299729781846,0.019669445843116404,0.0,0.0007114686146448783,0.00042018160972446996,0.0,0.004141895609183059,0.0003495440389907512,0.0,0.013523705010696958,0.0008896716498069588,0.0,1.1802082238647279e-19,0.0,0.0,0.005635606242338134,0.0,0.0016369461850935573,0.001108840266698915,0.0,0.0,0.010694615296229695,0.0011053184300157208,0.04593918951332916,0.0,0.0,0.0,0.0001977410104136356,0.014147659783843618,0.0,0.0,1.6860117483781826e-19,0.0,0.0013877111208626218,0.0027471675958496192,0.004054792807571764,0.00038998149700981326,0.0012535295651608127,0.0,0.0,0.0,0.011983695725922693,0.0,2.697618797405092e-19,0.003443764768714597,0.004716021638856687,0.01462157943999869,0.0,0.0,0.00553036511544567,0.004960199555256196,0.0,0.009894922569498957,0.0006003105352861935,0.01615619047220211,9.528699245626197e-06,0.0,0.0,2.567398590498049e-05,0.0,0.00023537298750448928,0.0,0.010305114737009463,0.05721890526151773,0.0007540779420892864,0.0,0.0,1.6860117483781826e-19,3.372023496756365e-20,0.0030918460651559606,0.0027413701133361264,0.0,0.008015673824178084,0.0006052676900186861,6.74404699351273e-20,0.0,0.0,0.0,0.0013704151869988756,0.0,0.0,1.348809398702546e-19,0.0,0.0,0.0,0.0018663206522775606,0.002095728833817355,0.002517219784533852,0.0,0.0,0.0,0.0012982179068452648,0.0030905092719520277,0.003678014348610134,0.0008715578874585589,0.017243018133124087,0.01788182558022273,0.0,0.0,0.0,0.0006720407246994126,0.0005197473908827404,0.0,2.274005338825857e-05,0.00410996701181269,0.0014468815101476731,0.0,0.004683588928178183,0.0,0.0,0.004873435104341056,0.0,0.003005069816828065,0.005560403047631706,0.0014145850407298454,0.01774180087427744,0.0,0.0,0.0,0.009335720349690046,0.009663081594681133,0.0,0.0,0.0,0.0,0.0,0.0015766049293171435,0.00022529389853421456,0.00015470368688096258,0.0,0.0001889793313056042,0.0,0.0,0.0,0.0001284175168733522,3.3720234967563653e-19,0.0005696396733832034,0.0,0.008708583054413755,0.031352570899786034,0.003202087447460799,0.0,0.045426395639701495,0.006278529641117286,0.008667251787910415,0.014372968010527582,0.0003278057546892441,0.0,2.0232140980538192e-19,0.0053923178210021445,0.0,0.04159927291570666,0.004430305605779877,0.0011964990115974272,0.029855517938765785,0.05608683779362328,0.01880554397957482,0.019636904971373978,0.0190998901011875,0.0011447455869737612,0.0,0.02097214045052947,0.0,0.0945762228501503,0.12045483406409449,0.0016596269383010803,0.03929661777812397,0.0,8
glp_1e2141_sterile_8_CB4037_25.Rep_19,0.0038463995738319836,0.004207503131417041,0.0,0.001398729349324216,0.00021745674648126286,0.0,0.0,0.0,0.0050304608535878485,0.0,4.4440604587734365e-20,0.016006660489523983,0.0014190443683233134,0.0,0.0,0.0,0.0012956887554780344,0.0,0.001047996857353065,0.008199761299755194,0.0013105823872256322,0.0,0.001251337697381914,0.0,0.0,0.007299046092534607,0.0,0.0013292014917848452,0.0,0.0,0.0,0.020188305206870098,0.0,0.020648366820982044,0.0,0.0,0.0,0.0005038616951496853,0.006583056159890489,0.0,0.0,0.0,0.0,0.001838803247914563,0.002223619777091545,0.004211069768158674,0.0,7.900551926708332e-20,0.0,0.0009016020035677202,0.0010072146024796868,0.007742130130442346,0.0,0.0008375465637601304,0.0,0.0013925636081770264,0.008854667420938532,0.0,0.0,0.0069556830101951996,0.005868037473963472,0.0,0.004920688817401272,0.0006246236051005277,0.011377143292659035,2.5676793761802075e-19,0.0,0.0,0.002887417603186887,0.0,0.0023095452392988794,0.0,0.012924307513542684,0.051176802309357186,0.0022904296034845294,0.0,2.5659067066453688e-05,0.0,3.950275963354166e-20,0.002565793521706832,0.0028013711870545385,0.0,0.007146098494166991,0.0006343291478886154,1.975137981677083e-20,1.0863258899223955e-19,0.0,0.0,0.0016438189895543963,0.0,0.002455730715755848,0.0,0.003583350424235476,0.0,0.00010550291154553156,0.00013712783604102684,0.0,0.0015967024219717203,0.0,0.0,0.0,0.0005701802041495282,0.00801911500156251,0.0067519272131069475,0.000270813486751036,0.016871464331798314,0.02488322254019786,0.0,0.0,0.0,0.0007555069430306577,0.0,0.0,0.00034321548384412174,0.0007271524487668924,0.0007626747868523193,0.0,0.00044802087306680785,0.0,0.0,0.00534776230735743,0.0,0.0018988180302444192,0.0018923922638259308,0.0008293026394190821,0.016953265259187587,2.3701655780124995e-19,0.0,0.0,0.003683670442314051,0.004182651090052757,0.0,0.0,0.000583270276241375,0.0,0.0008649158997712856,0.003423044258739294,0.001564483817494074,0.0005018825825412851,0.0,0.0,0.0,0.0,1.5801103853416663e-19,1.975137981677083e-20,1.0863258899223955e-19,0.002937972965207505,0.0,0.03945748280131478,0.031145698404007268,0.0047155196720393,0.0,0.03900243499270548,0.0013297795680549678,0.011741512183233046,0.005329586743469641,2.320787128470572e-19,0.0,0.0,0.0012917928042670002,0.0,0.050117275531736685,0.005700922669284357,0.0,0.03616097474818043,0.046714459349219056,0.000909174539206096,0.01950550267067352,0.012649565262570363,0.0,0.002578164464711971,0.02496313119314447,0.0,0.12675692018438578,0.14303522992233614,0.0,0.03700530786533387,0.0,8
glp_1e2141_sterile_8_CB4037_25.Rep_2,0.0009611992972218998,0.0034688410596165377,0.0,0.0,0.0014348834241298038,0.0,0.0,0.0008870386102722887,0.0,0.0,0.00218464310852917,0.015362584160764806,0.0029228737822708122,0.0,0.0,0.00217903792617143,0.008391900719869942,0.0,0.0005472559352542203,0.013351351308641372,0.0013915021956640101,0.0,1.8395547908022848e-20,0.0,0.0,0.0014676960697411405,0.0,0.0008528303962946778,0.0008641227890468258,0.00549754236060203,0.0,0.010498446344209246,0.0,0.034695772563827006,0.0,0.0,0.0,0.0,0.008060294859854367,0.0,0.0,9.197773954011424e-21,0.0,0.0017026265522349494,0.0025535505644353022,0.002009550291481604,0.0009748336604137427,0.0019083568571759925,0.0,0.002086626623199343,0.0,0.01581563452904091,0.0,0.0009974483295277037,0.0002591736965063459,0.0077195571627876585,0.007204555635953421,0.0,0.0,0.0061536436682029915,0.009162543526072724,0.0,0.007413641337357668,0.0006273890820444073,0.017476547631219936,0.0,0.0,0.0,0.0,1.3796660931017137e-20,0.0006020296847239577,0.0,0.01535074160883358,0.07942087556074158,0.002340659229498083,0.0,0.00021680269828626005,9.197773954011424e-20,0.0,0.0008081066197202431,0.0007325148640929311,0.0,0.01075472502731459,0.0006541843743801019,1.7475770512621704e-19,1.2876883535615993e-19,0.0,0.0,0.0016989356164216196,0.0,0.0,0.0,0.004080358245974549,0.0,0.0,0.00029600023891295185,0.0,0.0018410494650070615,0.0,7.358219163209139e-20,0.0,0.0,0.0074488271340452565,0.006441020349801308,0.0015133637837489518,0.008468477544454353,0.024764263911483085,0.0,0.0,0.0,0.0,0.002276127845082234,3.219220883903998e-20,0.0,0.004747749843023992,0.001646849157830085,0.0,1.6891028776354446e-05,0.0,0.0,0.004718919859690484,0.0,0.0016304696913804584,0.002533842104529081,0.001541545790475911,0.027297645769836995,0.0,0.0,0.0,0.008541442507830014,0.0104034667451621,0.0,1.2876883535615993e-19,0.0,0.0,0.0008864847908323729,0.0021673242768963613,0.00023458353549502174,0.002069647980982775,0.0,0.000496225511575969,0.0,3.6791095816045694e-19,9.749640391252108e-19,0.0,0.0,0.0,0.0,0.0,0.02523287022866064,0.005543781393166455,0.0,0.03978012296889487,0.002929295388080428,0.007781698345233534,0.007092328194516717,0.0,0.0,1.0117551349412566e-19,0.004374660552013353,0.0,0.05499051345991101,0.0008971199506031662,0.00015679408443025554,0.045068776459749944,0.07373134442127097,0.008084121693656196,0.018790438988998893,0.02104209571500353,0.0012210495569650365,0.008462404875796919,0.011353804055286743,0.00085961758886962,0.08446732108553237,0.11533081850384595,0.0,0.02508137403303644,0.0,8
glp_1e2141_sterile_8_CB4037_25.Rep_20,0.0021301956869831783,0.0008212394044664189,0.0,0.0,0.0012477151670788771,0.0,0.0,0.0,0.0,0.0,0.0029780418470822774,0.02031325118420754,0.0017106052863822949,0.0010939914686280859,0.0,0.0,0.004776107126351687,0.0005526813162517884,0.0,0.01866642481271169,0.0006755185073714317,0.0,6.804614891888823e-20,0.0,0.0,0.004744258891370387,0.0,0.0016496565111926123,0.000370779258534545,0.0,0.0,0.007806512275761589,0.0,0.053538517620223706,4.8604392084920165e-21,0.0,0.0,0.0028577289807978218,0.017532196245249845,0.0,0.0,0.0,0.0,0.001640705414701646,0.002600781075134635,0.0053837075669438995,5.138771666164663e-05,0.0007019018868984385,0.0,0.0,0.0,0.00839031048031444,0.0,3.6939337984539326e-19,0.0031311404437645886,0.008450437124778531,0.005951601083221437,0.0,0.0,0.007443506384613339,0.013519281749653382,0.0003581140600549402,0.01188272529350519,0.0013206075447840615,0.02201793748109937,0.0,0.0,0.0,5.83252705019042e-20,0.0,0.0016850846505324219,0.0,0.011357005132474162,0.058584360532094606,0.0026931124641657606,0.0006377282434277964,0.0,0.0,0.0,0.001864496705690183,0.0016900883096876201,0.0,0.010288946693440652,0.0008048765468559897,2.624637172585689e-19,0.0,0.0,0.0,0.0016189981105322183,0.0,0.0,0.0022853896863168285,0.003077374134296143,0.0,8.74879057528563e-20,0.0006454986294819021,0.0,0.0018295548450581248,0.0,0.0,0.0,0.0,0.002507596689760685,0.004202336142532844,0.0015950543320862535,0.007965317656052016,0.020240779178072505,0.0,0.0,0.0,0.0,0.0012695718468019796,0.002101305418704144,0.0,0.004859456399869612,0.0007039487258972541,0.0,0.0,0.0,2.1385932517364873e-19,0.0043753280602233284,0.0,0.0029664764402381276,0.0034831470561028045,0.0006726946136937425,0.030308614887906187,0.0,0.0,0.0,0.013007176632762492,0.015665311567759396,0.0,3.402307445944412e-20,7.664932666846928e-06,0.0,1.9441756833968066e-20,0.004716170329491927,0.0,0.0,0.0,0.0,0.0,0.0,4.4716040718126555e-19,0.0,1.749758115057126e-19,0.0009006853768231414,0.0,0.0,0.029843507937428907,0.006660651474841559,0.0,0.042460069292387555,0.002765845145156538,0.02057559043648048,0.028935552364934516,0.0,0.0,0.0,0.006070840828868098,0.0,0.03843581278601945,0.0,9.090190839328605e-05,0.02107310935056249,0.019302183649136304,0.012258050425503151,0.026275528234074478,0.02596344368587468,0.0013895888511748185,0.009122925633088844,0.016361420726362277,0.002049472231672905,0.08972081655236193,0.09589488235162852,0.00190715193293162,0.045921936332842445,0.0,8
glp_1e2141_sterile_8_CB4037_25.Rep_21,0.0034780110398640774,0.002773311676480012,0.0,0.0,0.0002640650118190392,0.0,0.0,0.001962200115861618,0.0,0.0,0.0024535398223523974,0.02792470965855383,0.00332107153267496,0.0003926507127430767,0.0,0.0019655025039251026,0.0015580411934472392,0.0,0.0,0.022285917563691898,0.0,0.0,0.0,0.0,0.0,0.010387070904513882,0.0,0.0035651316003790954,0.0,0.0,0.0,0.010718135719084141,0.0,0.060285589640456404,0.0,0.0006007653746840933,0.0,0.0,0.017592803549706496,0.0,0.0,1.9702674706582886e-19,0.0,0.002502476181363754,0.0029039130038604035,0.004574258218575869,0.0011752182895101086,0.0021180840870627183,0.0,0.0,0.0005166607985011468,0.017700729917484167,0.0,0.0,0.006802509177587834,0.01044412999990202,0.021414616299416822,0.0,0.0,0.00810424785849387,0.008110970692891616,0.0,0.014728611310017913,0.000840624777557267,0.023047938474159653,0.0,0.0,8.756744314036838e-20,0.0,2.1891860785092095e-20,0.00231680160365044,0.0,0.00276651856754667,0.026394769756286438,0.0004797752111138122,0.0,0.0008561759652541637,0.0,0.0,0.003519371427453271,0.004249872512542376,0.0,0.00914771386069525,0.0008816653166069598,6.567558235527629e-20,0.0,0.0,0.0,0.001695311037742154,0.0,0.00044813225548565586,0.0,0.007272915236175701,0.0,0.0,0.00017715330133551323,0.0,0.003338446397274339,0.0,0.0,0.0,0.0008871951580194588,0.003947723282574247,0.0,0.0014858336983025033,0.018514902836073027,0.023672605784764624,0.0,0.0,0.0,0.00024121511728289287,0.0,0.0,0.0004060894025768728,0.003329833654803831,0.0009677438149991179,0.0,0.0044549284965207684,0.0,0.0,0.00649773039451109,0.0,0.003661916352116973,0.00816960719071454,0.001604279261611211,0.006365158158444488,0.0,0.0,0.0,0.013136490562027148,0.015337569713357077,0.0,6.567558235527629e-20,4.3308451224645823e-07,0.0,0.0,0.004418515790640899,0.0,0.00011378752000511,0.0,0.0,0.0,0.0,0.0,0.0,6.567558235527629e-20,9.851337353291443e-20,9.851337353291443e-20,0.0,0.035385640806749316,0.010892918342688178,0.0,0.05787049531967106,0.0003881788797600635,0.015484447914594893,0.009623064327306093,0.0016596141857131124,0.0,0.0,0.006971820898128036,0.0,0.006832996359489129,0.004178622097102199,0.0,0.013016825279943056,0.019678474630806977,0.02115649169709327,0.025061949420857887,0.027236084198801483,0.0015117230159429295,0.0015421478971066663,0.025972075204019413,0.0,0.10386762131192499,0.07160716949640318,0.0,0.06278995028625471,0.0,8
glp_1e2141_sterile_8_CB4037_25.Rep_22,0.005471915408941575,0.00793380350285033,0.0,0.0,0.0003385216123642182,1.6144487163501993e-05,0.0,0.0011928217554808235,7.027399093286577e-20,0.0,0.0007259391781668539,0.023244670607118424,0.002545870803476062,0.0003082746677664899,0.0,0.0011112597444859185,0.0028800999525033003,0.0,0.0010956748852678825,0.012877402914258254,0.0,0.0,0.0,0.0,0.0,0.006257565008012237,0.0,0.0026505380198712236,0.00010766942132513117,0.0,0.0,0.018816815831944427,0.0,0.03714754735301414,0.0,0.0,0.0,0.0,0.013368727201707339,0.0,0.0,0.0,0.0,0.00242622499854432,0.0026448311263426007,0.004694199389047443,0.0005594444076047447,0.0002537808280784273,0.0,0.000707649614884757,0.0,0.01747546174289738,0.0,0.0,0.0046966846399654864,0.004122450267429315,0.032887039808167845,0.0,0.0,0.00719398763100769,0.007341511920586243,0.0,0.007647476445457443,0.0007155683387662982,0.01730672663005886,0.0,0.0,0.0,0.0,6.008819329447443e-20,0.0017975587775607195,0.0,0.011715276295135944,0.03169315681541206,0.0,0.0,0.0,3.2050576536158257e-19,0.0,0.0032123579417168077,0.0029118681664916345,0.0,0.009747552778833605,0.0007562842781540797,1.2112310098758933e-19,1.2792493195893526e-19,0.0,0.0,0.0018949709768934513,0.0,0.0013557455879828913,0.0,0.004809604453813955,0.0,0.0,0.0001739730839177603,0.0,0.0034443509655141184,0.0,0.0,0.0,3.5335093177617786e-20,0.0049264447461367464,0.0013237500729577443,0.0007138710341856652,0.0251583227905137,0.023871779427798032,0.0,0.0,0.0,0.003318170738566567,0.0,0.0,0.00039879937421440954,0.0027209667301166,0.0008301424534949073,0.0,0.0025263776204784184,0.0,0.0,0.006811649561282099,0.0,0.0029425295379304117,0.006335891797452036,0.0007912664567473928,0.0206649567578593,0.0,0.0,0.0,0.008920040624496332,0.006471520090416124,0.0,0.0,0.00012472624806852874,0.0,0.0,0.0037564588967529586,0.0,0.0,0.0,0.0,3.3340922745727576e-19,0.0,0.0,0.0,0.0,0.003286982518650343,0.0,0.0,0.027453748390999115,0.006129671032584402,0.0,0.04975112936955028,0.000931464191639907,0.01393987085002457,0.008113380416936329,0.0003178029479683188,0.0,0.0,0.0014562950982071506,0.0,0.011828436771189804,0.004367634115792575,0.0010810216959624252,0.016158091508445015,0.016656028094098073,0.0030992039084512626,0.024853453165073876,0.018683878066568745,0.0009443687279917968,0.006997760017695794,0.022633963377861614,0.0022816721435026184,0.10843343239702671,0.13973422636267765,0.0,0.06598181960564962,0.0,8
glp_1e2141_sterile_8_CB4037_25.Rep_23,0.0012331365087400008,0.0010049088498998756,0.0,0.0,0.0012883364060235685,0.0,0.0,0.0,0.0,0.0,0.0025530131997445627,0.017817416289206647,0.00099294106669483,0.002381113526219777,0.0,0.0,0.002558165180888827,5.4284869431966255e-22,0.0,0.011062180292223903,0.0006354271724706306,0.0,4.0442227726814855e-20,0.0,0.0,0.005006728203153987,0.0,0.0012981183236294258,0.0,0.0,0.0,0.01108795943737483,0.0,0.04984062402101702,6.785608678995781e-20,0.0,0.0,0.0013409261479449437,0.01082524004012834,0.0,0.0,0.0,0.0,0.0018840277878000378,0.002335828786775632,0.005944770777742368,0.0007616131328355982,0.0019688297962643523,0.0,0.0010147084197107967,0.0,0.01374383297830925,0.0,0.0,0.004605940387305446,0.002727045487747083,0.016357250344037882,0.0,0.0,0.006215309875705447,0.00871641624593261,0.0,0.007733570531721348,0.0008591134461241539,0.01883396100909062,0.0,0.0,0.0,0.0,0.0,0.0012657635107718153,0.0,0.013433137893396936,0.05759734216572959,0.0019825682796689704,4.397074423989267e-20,0.0,1.1236967972417015e-19,3.273377626747565e-19,0.001839268430478555,0.0016672199329945282,0.0,0.0051468052222299245,0.0006575148287389721,2.377677281120122e-19,3.897653625215177e-19,2.1225383947898805e-19,0.0,0.0015052906399615276,3.143093940110846e-19,0.0,0.0,0.0014573115112305659,0.0,9.499852150594095e-20,0.0,0.00040271635165235617,0.0014212463607171288,0.0,0.0,0.0,0.0,0.0029688916414022993,0.005893989616148502,0.0015332535040048216,0.009504317830636313,0.016683813971279046,0.0,0.0,0.0,0.00048468401056914987,0.0021822107683200313,2.9042405146101946e-20,0.0,0.00479722552162558,0.001056121920522331,0.0,0.0016791027671500451,0.0,0.0,0.004877271368251359,0.0,0.002790332854871107,0.003701100797993664,0.002207021499077133,0.011810118158206246,7.844163632919124e-20,0.0,0.0,0.008110025145650696,0.008892036764610185,0.0,0.0,2.221139451854724e-06,0.0,0.0007966661988596667,0.0030153037669136697,0.0020694127906346243,0.0,0.0,0.0,1.8348285868004594e-19,1.4222635791175158e-19,7.187316712792332e-19,0.0,4.690212718921884e-19,0.002655893649854511,7.46416954689536e-20,0.023146953330152775,0.027441659760946098,0.004672594931487806,0.0015744070580948517,0.042977770213566115,0.002851176361579716,0.018847223326991677,0.024201877155211923,4.67682265763112e-05,0.0,1.1996956144464542e-19,0.0035004867570459135,7.81702119820314e-20,0.025623728888509795,0.0027396867529482743,0.0,0.03210990694330087,0.06030112476093049,0.0015384093842697923,0.01920682471462005,0.02268701952377587,0.0009831283200698426,0.0014009241070809776,0.01178160331596268,0.0,0.1051766677925504,0.12244083499486423,0.0,0.04403356889339599,0.0,8
glp_1e2141_sterile_8_CB4037_25.Rep_24,0.0016248394685612632,0.000306883233282238,0.0,0.0,0.0009576537553430867,0.0,0.0,9.248697759552198e-05,9.82576050646761e-20,0.0,0.0025746778908425135,0.017403550054664676,0.00025841762629920574,0.0006991600287669614,0.0,0.0,0.004251176908825676,0.0,0.0,0.013111595668742905,0.0015986891890203121,0.0,4.2585470466770616e-05,0.0,0.0,0.0068620849604925874,0.0,0.0017508850531385814,0.001453249307031485,0.0,0.0,0.013618417538236713,0.0,0.03493306087339661,1.577362086638267e-19,0.0,0.0,0.0011912605355943373,0.009634069749508421,0.0,0.0,2.2638552206901375e-19,1.0873841627157488e-19,0.0018018160648212303,0.004987695054431364,0.0018213759121882154,0.0004506898251644146,0.0016267045428895632,0.0,0.0011418357942213032,0.0,0.012894292182087949,0.0,0.0009195602074156911,0.003009180549755863,0.005641053275410127,0.006682324361361708,0.0,0.0,0.00734008676519359,0.009077520557296145,0.0,0.009362022884344009,0.0010803462028866374,0.016370909275181464,0.0,0.0,0.0,0.0,2.352942115948777e-19,0.0016869458168969102,0.0,0.012809091947451135,0.036173839046826695,0.0028389499847226887,3.8417922244133534e-05,0.000122594574552348,6.498102948277246e-20,6.55050700431174e-20,0.002393959559945486,0.0021700242503947327,0.0,0.008318894631336872,0.0006010663486273637,0.0,0.0,0.0,0.0,0.0015076545133698763,2.987031193966153e-19,0.0008438569629637816,0.0,0.0004543744111274366,0.0,0.0,0.001811524391620633,0.0015763071140366218,0.002142709348905165,0.0,0.0,0.0,0.0,0.0030793742197776273,0.0035671680652785494,0.0012682496814174508,0.020420578003621986,0.01562799039460071,0.0,0.0,0.0,0.001003972264878462,0.0008426215149417987,9.90436659051935e-20,0.0,0.0038424823116823465,0.0020517835128850094,2.8822230818971655e-20,0.0027569027844253895,0.0,0.0,0.0048292817162264474,0.0,0.0027615112426789736,0.005218146510503114,0.0019606878552470373,0.016527195008883888,5.502425883621862e-21,0.0,0.0,0.008229103019643158,0.009121690263890994,0.0,0.0,0.0,0.0,0.0007319440015647755,0.002674565740500898,0.0027389983234422793,0.0,0.0,0.00033504249722030553,1.2472165336209554e-19,0.0,0.0,0.0001636597170399435,2.8979442987075137e-19,0.0025638746321949304,0.0,0.04765114691389317,0.023288265202596383,0.005590511892336975,0.00041357464456486534,0.04177494525963996,0.008546190183148675,0.019724597694680768,0.02458176675251132,0.0006310936617293432,0.0,9.170709806036436e-20,0.0018716065373262395,1.5039964081899754e-19,0.02534621743848278,0.005789074878214178,0.0,0.01787033027417921,0.0286740913441286,0.001193314976105018,0.02418440463321623,0.019479169382963284,0.001104937194616371,0.0,0.014869645989508991,0.0,0.1153400455893569,0.13113397589369785,0.0,0.05656190181107586,0.0,8
glp_1e2141_sterile_8_CB4037_25.Rep_25,0.0023872434279895286,0.006618486241588153,0.0,0.0,0.0002631356411236262,0.0,0.0,0.002540409700195446,0.0,0.0,0.00013932281656185241,0.020693372707273398,0.0031173788478296677,0.0,0.0,0.003239674610581519,0.002341772265919465,0.0,0.0019073946821744378,0.011987093453673037,0.0,0.0,1.6401800577359735e-20,0.0,0.0,0.007230708658851068,0.0,0.0018839598950336925,0.0015136868656747027,0.0,0.0,0.014045318758617042,0.0,0.031715180493440895,3.205806476483948e-20,0.0,0.0,0.0,0.005643524828402984,0.0,0.0,0.0,0.0,0.002589112109979901,0.004457225403142528,0.006585692743683835,0.00010736900958299718,4.870581561195067e-05,0.0,0.002320159863910092,0.0004960398008281162,0.016669545439622638,0.0,0.0013664356210169632,0.0,0.005198228488343114,0.002531651938981519,0.0,0.0,0.007593561291334966,0.012301541969360638,0.0,0.007629843865993185,0.0008624231271698331,0.010547544609709343,0.0,2.795761462049955e-19,0.0,0.0,1.1183045848199818e-19,0.0025429787861995295,0.0,0.01573543306255559,0.054568090475792724,0.0023086450263698215,0.0,0.0003874590870710107,0.0,0.0,0.002145218284036588,0.001944550683577786,0.0,0.00936766463001618,0.0009051655929373969,3.8022355883879386e-20,0.0,0.0,1.0810277653259824e-20,0.0016095381343848424,0.0,0.003071805800332232,8.886793767369456e-19,0.006726777129387439,0.0,1.714733696723972e-20,0.0001930569305617952,0.0,0.0019025622958457552,0.0,0.0,0.0,0.0008339916897705358,0.004320768404606392,0.0018321536737013187,0.001046786985565734,0.01490465766506824,0.0185564464178103,1.3866976851767776e-19,0.0,0.0,0.00035204960236824193,0.0,1.975671433181968e-19,0.00044254537174378894,0.0016151583338243347,0.0,1.0139294902367836e-19,0.003294028329354472,0.0,0.0,0.007368033784790834,0.0,0.0033065321644949112,0.002956701746205188,0.0,0.02447432452763457,2.0054928887771676e-19,0.0,0.0,0.007788281298160925,0.006773501028985968,0.0,0.0,0.0015355151231142552,0.0,0.0010981921732675648,0.0047072540255231375,0.00017962870831529374,0.0032973424736487678,0.0,0.0,0.0,0.0,0.0,1.2674118627959795e-20,0.0,0.0,0.0,0.0,0.03446815034149278,0.006885156919557756,0.0,0.0488181749444891,0.0035845615331852017,0.021979891368315838,0.020253235352973107,0.0,0.0,0.0,0.0,0.0,0.012743796591290745,0.0,0.0027337920349095575,0.0288092640727764,0.016489530647708146,0.0042221144633295266,0.016949813067509877,0.010119955986605443,0.0,0.0026721968015444753,0.02328780345139019,0.0,0.12572835751046207,0.15818971687263866,0.0,0.04939890359959554,0.0,8
glp_1e2141_sterile_8_CB4037_25.Rep_26,0.005562897043874722,0.006405176441395205,0.0,0.0006122433703872932,0.0007051839982860128,0.0,0.0,0.002556947663619705,0.0,0.0,0.0019816556641763287,0.023489513869680886,0.003276553064030575,0.0,0.0,0.0,0.0035662621880736653,0.0,0.0,0.01515174564920505,0.0,0.0,2.5566308173216586e-20,0.0,0.0,0.007126758501611216,0.0,0.002457659381677168,0.00127677301199438,0.0,0.0,0.011903698813092218,0.0,0.03736561364637859,4.147423325877357e-20,0.0,0.0,0.0,0.011151403462570725,0.0,0.0,0.0,1.8294113848390535e-19,0.0018895754793778821,0.0026392302505459327,0.006108703698762772,0.000845092138719921,0.0016882867856068168,0.0,0.0,0.00150063767669272,0.01939846307865674,0.0,0.0009977840763133556,0.006954342547655188,0.005447101620001836,0.001838317960311166,0.0,0.0,0.0072083266094713425,0.009937501255686345,0.0,0.011699946966519676,0.000698909640093449,0.019262771311901388,0.0,0.0,0.0009258696968970912,0.003295385692181024,2.2725607265081412e-20,0.0017843471328729548,0.0,0.01286502962344097,0.04920514749589033,0.0019895902978709023,0.0,0.0,0.0,0.0,0.004455694874657057,0.0020198841185693098,0.0,0.007279752551050598,0.000659658558082977,0.0,2.3861887628335482e-20,0.0,0.0,0.0018166661728857309,0.0,0.0,0.0,0.005495001313268903,0.0,2.8975149262978797e-20,7.453912920664517e-05,0.0,0.0018510306042759828,0.0,0.0,0.0,0.00035041486490481656,0.007917243795919906,0.004322157555178509,0.0013163081475897737,0.020812345502955482,0.017430626181294234,8.067590579103901e-20,0.0,0.0,0.0,0.0009612285742432085,0.0,0.00011169342458447171,0.00310262151113347,0.00012038917053280419,0.0,0.004259191318115485,0.0,0.0,0.0044134961382063485,0.0,0.0028097639531362954,0.004283574711742955,0.00011504409850483232,0.02289310308138551,0.0,0.0,0.0,0.011154525233425515,0.013231655531891718,0.0,3.6645041714943776e-20,2.0869722695455142e-05,0.0,0.0007970939469233954,0.003962684284542652,0.0,0.002426397064362048,0.0,0.0,0.0,0.0,0.0,1.6362437230858617e-19,0.0,0.0027796325502846037,8.351660669917419e-20,0.0,0.02526412115145647,0.004628202621603816,0.0,0.0433760169665984,0.0012841944540919,0.01353259904123294,0.017119723294061223,0.0013705998193423439,0.0,0.0,0.003186840764978852,4.7723775256670964e-20,0.014604650115316784,0.004686943682217423,0.0,0.03939200689880261,0.054752527325472373,0.00157430799301919,0.01593131974528247,0.02309239618905461,0.0009750028344724872,0.0017985066216074136,0.01745156427542476,0.0,0.09159704317989938,0.11865292554321892,0.0,0.049713772991771474,0.0,8
glp_1e2141_sterile_8_CB4037_25.Rep_27,0.0,0.0009781240457006285,0.0,0.004744650518342468,0.0013005021278186236,0.0,0.0011574887061510612,0.004005060249717902,0.0,0.002634379748872856,0.0008015652145668025,0.004242938709595321,0.003430758631144691,0.0,0.005034645061101188,0.010893982729697198,0.009787497073126187,0.0025107322641011527,0.0009904613731006654,0.019520735258302543,0.006024395184247149,0.00393502092125257,0.008809595759941743,0.0,0.0,0.010823465184860213,0.0,0.0008062706779439377,0.0028210948780860398,0.00012089376240936799,0.0,0.015060636656143857,0.0,0.04490216779655433,0.0,0.0,0.0,0.0,0.021229304037124988,0.002948736657253476,0.0,0.0,0.0012440537577811644,0.0013254929976670108,0.010075381860486472,0.004069560441174275,0.0,0.005256669483347711,0.005466634247524186,0.0,0.0007526482147572598,0.005472561490813175,0.0,0.0007707518537166837,0.0035390889691441223,0.0022746794936207124,0.019302374967033006,0.0,0.0,0.002305822281003532,0.010522851262501126,0.0,0.00474804246205868,0.0004153963037413,0.0033589226378673022,0.002842407469939543,0.0005689125367713839,0.0019180169685381462,1.1840969727407357e-19,1.0019282077036994e-19,0.0021377491619730448,0.0,0.017640813858304093,0.04814821904803591,0.0,0.00016910967611986634,0.0003752535872892514,1.2751813552592538e-19,0.0,0.004445757057292762,0.0,0.0,0.014877237218358617,0.0,0.0,0.0,7.377834983999968e-19,0.0029742763983997777,0.0,1.8216876503703626e-20,0.0,0.0019166748518824573,0.003617690945474232,0.0,0.0,0.006265212612981188,0.0,0.0020763785238178192,0.0007882907647520502,3.643375300740725e-20,0.0,0.0064660388531936055,0.012976550942158523,0.005750998746079639,0.0015038960138394285,0.026200494640876745,0.01858755349726825,5.465062951111088e-20,0.0047325933760577225,0.0,0.0026236261522163858,0.0,0.001054964920733051,0.0035785024751075296,0.0002725507889912026,0.000900415002494643,0.00439404045200483,0.015955503999683773,0.007897924833553022,0.0,0.009231661311767132,0.0001251472949108169,0.0029775450785339275,0.012892650065137887,0.003901007716723656,0.04425565575838686,0.0,0.0,0.0,0.008715471765770163,0.006857196657631766,0.0,0.005586718758031251,0.0,0.0,9.108438251851813e-20,0.000989411259952386,0.00029404694924124546,0.0,0.0,0.00041665170982079083,7.833256896592559e-19,1.45735012029629e-19,0.0,0.0,0.0,0.0,0.0,0.0,0.036453528565224574,0.004255252737469783,0.0,0.057110115044254596,6.346911446909448e-05,0.0021820659529182733,0.0,0.0027060069044440973,0.0,0.0006547852106049698,0.0014873168468003209,0.0,0.023897335228701137,0.015731141828548866,0.0,0.04122505284220195,0.05449112838413394,0.0016204046252424255,0.03372238197546017,0.006530237953080597,3.643375300740725e-19,0.0068992157870424765,0.04387542086165013,0.0,0.03640933905232275,0.0069852659675219645,0.00922152652006764,0.010856849443203243,0.013305303503145939,8
glp_1e2141_sterile_8_CB4037_25.Rep_28,0.002662328864622923,0.005278040241530208,0.0,0.0,0.0002850459281159016,0.0,3.48693597155667e-19,0.00043010942652228524,0.0,0.0,0.0014900172200690166,0.020745728106911467,0.002399819918879803,0.0,0.0,0.00020106959755694979,0.0006583339521073008,4.358943356707652e-20,0.0010717951847605506,0.010187964621992517,0.0,0.0,0.0009259536106991369,0.0,0.0,0.006534873289270402,0.0,0.0022894088939273746,0.00021759660786541574,0.0,0.0,0.009330680601932222,0.0,0.018630591924027485,3.456658761132413e-20,0.0,0.0,0.0008575805016685285,0.009547954236364795,0.0,0.0,2.7439192555844423e-19,0.0,0.0010514125598868086,0.004371949164901431,0.0032866637252243437,0.000645411814182341,0.0015089348034393133,0.0,0.0008354600725341746,0.00037499671764280705,0.007094805457980805,0.0,0.0007178460489620038,0.004678177219230566,0.00127204294158854,0.0052967973257142306,0.0,0.0,0.0031721035886128407,0.003818004450362959,0.0,0.006165932651329873,0.0006063834640071237,0.008247058255653998,0.0,0.0,3.8352261309042724e-19,2.9461649528001345e-20,0.0,0.0016736015754059582,0.0,0.008238784784191239,0.033503051632634055,0.0017606950412944243,0.0,0.0005504652899374484,9.975721119773802e-20,1.9519175678280162e-19,0.0030170831839878474,0.0030332306286858153,0.0,0.005820194893428925,0.000495294569433005,1.124333043546588e-19,1.0725250074044916e-19,3.937249350505769e-19,1.1768637595518984e-19,0.0009534381461747708,1.3612733805696565e-19,0.0005520698356670761,0.0,0.004335939258687049,0.0,0.0,0.0001325114348964748,0.0,0.0014803074531820849,0.0,3.090848119896897e-19,0.0,0.00468826392572334,0.0034209779354335804,0.0024550484525744506,0.001048742455995339,0.01575176958782637,0.010410895110793631,6.466108860385977e-20,0.0,0.0,0.001737214839786852,0.0005701142064439527,5.666173324819061e-20,0.0003037566278812906,0.0012972318243728745,0.0012802888228453688,1.4621818894109128e-19,0.002788607459415645,0.0,0.0,0.005482793903892551,0.0,0.002492299085347926,0.005754302612312723,0.0013274421823710678,0.012307222150480586,0.0,0.0,0.0,0.006630776154027621,0.006699635583494731,0.0,0.0003565800381313049,0.0,0.0,0.0006786433824868313,0.003252967995460624,0.0006592368603462543,0.001591481317791081,0.0,0.0,1.2267934357306434e-19,0.0,0.0,6.998129694834227e-20,0.0,0.0025036215960388586,0.0,0.07503974201733003,0.02362352030604443,0.0038766002579021124,0.005314141581726085,0.03177384793547511,0.001388606699047455,0.03963989870207033,0.03203141687540763,0.00044647452374841425,0.0,0.0,0.0005903512746349874,0.0,0.05391485362410611,0.002918920854838426,0.0017836016475636935,0.03685172890645432,0.0545489872764179,0.0012015171934046712,0.01697956394414671,0.008905580439363093,0.0009868551346981752,0.0,0.014590247602623806,0.0,0.1246191565740069,0.12348491040431109,0.0,0.03756402139571891,0.0,8
glp_1e2141_sterile_8_CB4037_25.Rep_29,0.003259187456956427,0.004413734037240606,0.0,0.0013800265624317734,0.0006002006973241054,0.0,0.0,0.004045610799493604,0.0,0.0,0.0019792565761788264,0.02434896744283122,0.0031240101517947725,0.0,0.00026766407031987626,0.0,0.0026240704203648584,0.0,0.000352972925652836,0.021992066759704415,1.9492473837439807e-05,0.0,0.0,0.0,0.0,0.006621476441972844,0.0,0.003539715472882781,0.0,0.0,0.0,0.008807557889090385,0.0,0.04455973133677588,6.468363704793301e-20,0.0,0.0,0.0,0.014176210219310217,0.0,0.0,8.31646762044853e-20,2.5873454819173204e-19,0.0017773182365448247,0.0031435874333984467,0.005364060265710725,0.0008798611242048743,0.0017771176975853505,0.0,0.0,0.0012980211295002032,0.008072909486743074,0.0,0.000972480818215156,0.00375100918469662,0.004245253618925751,0.003999950441938512,0.0,0.0,0.006550553080749097,0.014547935291665223,0.0,0.01242707155801602,0.002055648584800908,0.01686979224276639,0.0,0.0,0.0,0.0034959052881538832,6.468363704793301e-20,0.002414992060940909,0.0,0.01269356063836453,0.04045928077765897,0.00190795452556044,0.0,0.0,0.0,0.0,0.0028395429620272777,0.003548644475594339,0.0,0.0016443111440351283,0.000611265817499961,0.0,0.0,0.0,0.0,0.0008188311381386786,0.0,0.0,0.0,0.005441648662890531,0.0,0.0,0.00014955225281368696,0.0,0.0027396578235751846,0.0,0.0,0.0,7.392415662620916e-20,0.0036053792533608567,0.0023319628651121854,0.001523256652488939,0.013484858729339803,0.02240032178962698,0.0,0.0,0.0,0.0,0.0005745345449311964,0.0,0.00034281938039706694,0.0025623651211374005,0.0,2.4025350903517977e-19,0.002889748525430473,0.0,0.0,0.00447598201561787,0.0,0.00215716462183576,0.005979784738161654,0.0,0.017677976358699624,0.0,0.0,0.0,0.015982827161061922,0.011794198080083966,0.0,0.0,5.8030133818286264e-05,0.0,0.0,0.0039050407531213503,0.0016028561447862055,0.0006344321925270666,0.0,0.0,7.762036445751962e-19,1.8481039156552288e-19,5.544311746965686e-20,0.0,2.0329143072207518e-19,0.002825584449924107,1.9405091114379904e-19,0.03535408421719829,0.02342629526876369,0.005698261770390815,0.0,0.03396074863794068,0.0009435822204717044,0.03573026577601863,0.04197780593436346,0.0005856491465851617,0.0,0.0,0.0010019077465097377,0.0,0.008376510309194916,0.0014422394517416678,0.0,0.017879201016957055,0.021114271383651694,0.0,0.025542131966611398,0.02196508922720141,0.0009224782323507989,0.0005298275400916769,0.01211707625758193,0.0,0.11546346414156464,0.12998669860835743,0.0,0.036563618138112944,0.0,8
glp_1e2141_sterile_8_CB4037_25.Rep_3,0.0048451008780041535,0.004768924971094404,0.0,0.0,0.0,0.0,0.0,0.0014087563543265591,3.8356965858866434e-05,0.0,0.0016873607948980406,0.01596976073002891,0.0032087505855730547,0.0,0.0,0.0003564290957006981,0.004709337074784514,0.0,0.00034951766622821456,0.017188678399017537,0.00249450265029539,0.0,4.644510708852142e-05,0.0,0.0,0.008630284467271312,0.0,0.0021715694156293516,0.0008924141699178055,0.0,0.0,0.018848112442705112,0.0,0.04177208342616982,1.4557757804494303e-19,0.0,0.0,5.125544204878633e-05,0.007789175577583618,0.0,0.0,0.0,0.0,0.0014428095355331486,0.002325884423490881,0.0034950648258323174,0.000797514508684104,0.0014862324200889622,0.002719181084452685,0.0,0.0,0.013083926097593885,0.0,1.6637437490850632e-19,0.0038037046032258453,0.00605205117253769,0.02163189587546195,0.0,0.0,0.005833727154512034,0.01201480678207903,0.0,0.01075336183495928,0.0031129921899936196,0.020292462362414287,0.0032309840373823495,1.1612771955842485e-05,0.00013926522931905676,6.654974996340254e-20,0.0,0.0017815196277240885,0.0,0.010162613986726465,0.04825325005766694,0.000861410468204973,0.0,0.00028168499531943064,8.318718745425317e-21,2.246054061264835e-19,0.0019521145638618227,0.0017695102348451342,0.0,0.007495097239885975,0.00045503363243354475,0.0,0.0,0.0,0.0,0.0013854190493962056,0.0,0.0,0.0,0.004927712909245043,0.0,0.0,0.004262855906592387,0.0,0.001168630834502664,0.0,1.6637437490850632e-19,0.0,0.004686551216165703,0.007722045672290504,0.005895320295731411,0.0018864969090433338,0.02035517656268075,0.022255851478647126,0.0,0.0,0.0,0.0,0.0008980532771593883,0.0,0.0003086209581448872,0.003207559444185301,0.0011400048296541637,1.58055656163081e-19,0.0029719721482208855,0.0,0.0,0.00487225706516338,0.0,0.0020012270402211124,0.005348883986383484,0.0015296106515276656,0.022747827339004427,3.7434234354413924e-20,0.0,0.0,0.010650841659007114,0.012049748320746078,0.0,0.0,6.325497524274167e-05,0.0,4.3257337476211646e-19,0.0017556588794114727,0.0010355392522787622,0.0010660292125438296,0.0,0.00038425187136777574,4.159359372712658e-19,0.0,2.1628668738105823e-19,4.2029649693285316e-05,3.0779259358073673e-19,0.0025437143584030957,0.0,0.00305802647131393,0.02347758760790513,0.0020445386561852574,0.0,0.03719426952057355,0.0014920742075320585,0.009842654595131265,0.0042945354387384175,0.00040432497369758677,0.0,1.6637437490850632e-19,0.0031662534784937363,0.0,0.02228818046256525,0.002533774133503918,4.806803984006849e-05,0.04131478618030839,0.06397602626973432,0.007891569584162346,0.01770317782408577,0.024308051845600975,0.0005827698847211615,0.004313263484208318,0.018903503271413002,0.00011246739410095047,0.09030683063376711,0.11181329566543899,0.0,0.03730029669391447,0.0,8
glp_1e2141_sterile_8_CB4037_25.Rep_30,0.003917291417125047,0.00475758522248931,0.0,0.0,0.0005255368750865973,0.0,0.0,0.0017995161851070982,0.0,0.0,0.0026305796415670214,0.01860231236632366,0.002441858514215703,0.0,0.0,0.00028267016605402595,0.002811272391240136,0.0009430537037436428,0.0,0.016577988570030077,0.0030900291736262802,0.0,0.0,0.0,0.0,0.009236228862436451,0.0,0.0036636283844332152,0.0,0.0,0.0,0.01514750106651104,0.0,0.04224919353783448,0.0,0.0,0.0,0.0007289278742048473,0.016991571282230774,0.0,0.0,0.0,7.144073151573482e-20,0.0011178867294063834,0.003638047549469388,0.00311248378381682,0.0,0.0,0.0,0.0,0.0010120878548962836,0.004447119499271286,0.0,0.0,0.0041845240366004165,0.0077371298739145975,0.04889250164372106,0.0,0.0,0.005425330831458072,0.00842123539634709,0.0,0.01133749918655093,0.0052927120815331324,0.018090128437445608,0.0,0.0,1.5875718114607738e-19,0.0,7.937859057303869e-20,0.0016714445360395851,0.0,0.010383850300165963,0.042950177013628583,0.0017910999548805455,0.0,0.0,0.0,3.175143622921547e-20,0.002913314872393499,0.002706309351660653,0.0,0.007054290409899503,0.0004850310016645034,0.0,1.1113002680225417e-19,0.0008445874732061957,0.0,0.0008873886318036563,0.0,0.0,0.0024216235037082946,0.0038691302603402426,0.0,0.0,0.003313757457174632,0.0,0.001804425211516087,0.0,4.1276867097980117e-19,0.0,0.0028181173743814457,0.00371854517183236,0.004301356537288954,0.0010746711912539581,0.01728447716315085,0.014387866983559275,6.350287245843095e-19,0.0,0.0,0.001380680142418535,0.0,0.0034763082080620676,0.00029449122429237,0.0036306362005140346,0.0004160352295430136,1.746328992606851e-19,0.0025503919317773306,0.0,3.175143622921547e-20,0.004329871187207927,0.0,0.0030094252665678668,0.007665274574602618,0.0013095201338602692,0.020389340377507538,0.0,0.0,0.0,0.01658096596149156,0.009166583877021675,0.00016524514019696497,3.9689295286519344e-20,0.0,0.0,0.0,0.0013738479601425532,0.0023133543346197244,0.0,0.000342525044543272,0.0,9.207916506472487e-19,0.0,6.985315970427404e-19,0.0001936289645210763,0.0,0.0015368615792574348,0.0,0.023019363112155473,0.021518172367919076,0.004032810029885233,0.0,0.027421352114782478,0.0031841255116213094,0.009865855870113252,0.008647972046291008,0.0012188410193190364,0.0,3.175143622921547e-20,0.0030163393970821972,1.5875718114607736e-20,0.03973098571273313,0.0,0.0,0.03291408532498655,0.05629316026252689,0.004780876138233177,0.021820293706957733,0.02589903757468741,0.0009263722524590367,0.009958942528171545,0.009142578272496775,0.0,0.09112575720634786,0.10351521957813618,0.004294648068341601,0.021761328028365997,0.0,8
glp_1e2141_sterile_8_CB4037_25.Rep_31,3.2938603655550916e-05,0.0,0.0,0.0,0.0005459645361212854,0.0,0.0,0.0013259632403517798,0.0,0.00019725068118493362,0.0018487945044496589,0.015374779059769429,0.0011296414131863907,0.00018269283804526264,0.0,0.0,0.0036982509889533694,0.0,0.0,0.021944026382073472,0.002414822552349627,0.0,0.0005649400813751103,0.0,0.0,0.006806862279446432,0.0,0.0011745894303245485,0.0,0.0013083228451884884,0.0,0.00437592805738317,0.0008596669604233578,0.046860947009805885,0.0,0.0,0.0,0.0,0.010526084030828596,0.0,0.0,0.0,0.0,0.0018831036031326256,0.0010574725135191207,0.0036030546186859224,0.00038365396203443266,0.0015877467516629401,0.00041163163274967164,0.0,0.0008445585355482867,0.015664827975429528,1.331378596344474e-19,0.0,0.005294152554028959,0.03442629261767261,0.0,0.0,0.0,0.009472635115165946,0.0066414744844910676,6.17554274671021e-05,0.015179968437440369,0.0005189557539442663,0.018779548667518874,0.0,0.0,0.0,0.0,0.0,0.00021034019340305182,0.0,0.010291926507912233,0.0577080292200768,0.0,0.0007807710370120137,0.0,0.0,0.0,0.0009058037893263789,0.0008292342644775916,0.0,0.014406588104650437,0.0005507752269221744,2.8758294219778313e-19,2.254691589929633e-19,0.0,0.0,0.0011016015314920643,1.2784333757332972e-19,0.0,0.0,0.0,0.0,0.0,0.0017841924394298586,0.0009806858790832077,0.0033108353375212634,0.0,8.832812414157326e-20,0.0,0.0,0.007334364047995017,0.0034572055757767276,0.0013343423231251417,0.0026544369954504907,0.016764845805462447,0.0,0.0,0.0,0.0,0.0,0.0,0.00030661391017954617,0.003867301106046298,0.0005425045157199451,0.0,0.0011658553211904143,0.0,0.0,0.003071929911780238,0.0,0.0035310643579618516,0.003814465543540443,0.0005081404183928191,0.01701982630511563,0.0,0.0,0.0,0.026688450071832688,0.01744552092877824,0.0,0.0,0.00013441871908418778,0.0,0.0006603953007647931,0.0,0.0015184977980723664,0.0008576985152583162,0.0,0.0029778255438597796,0.0,0.0,8.94128554906803e-19,0.0,0.0,0.0022832068858076406,1.514749848217331e-19,0.0,0.031398997618007435,0.0017484191140798592,0.01762573777906652,0.05020780814467528,0.007387053768044211,0.03875322736287151,0.04961896240657108,0.0009345121979470428,0.0,0.0,0.007096299942213206,0.0,0.019198270383764517,0.0,0.0036380708358900718,0.020376436734505617,0.024601146315362213,0.0028619561878607293,0.014369577134413353,0.02235801015819809,0.0006050164517798754,0.013357123489175657,0.024916621222044084,0.001066307907151828,0.08745428211103749,0.06224778757873851,0.0,0.050395383578691715,0.0,8
glp_1e2141_sterile_8_CB4037_25.Rep_32,0.00409014707068585,0.004661849621210011,0.0,0.0006754018396695757,0.0010978579148393285,0.0,0.0,0.000488659334402724,0.0,0.0,0.001574332657294895,0.017774631647145312,0.0029518497835192745,0.0,0.0,0.0,0.003104568986413791,0.0,0.0007815527914761306,0.014962431425940058,0.0003281039561065076,0.0,0.0,0.0,0.0,0.0049425533183069656,0.0,0.0019390105395381916,0.0012638414293231228,0.0,0.0,0.010296841721892738,0.0,0.03092394230280445,7.869702588016896e-20,0.0,0.0,0.00046457175664913375,0.010865012554792284,0.0,0.0,3.497645594674176e-20,0.0,0.0019553166921730237,0.002427602300059667,0.006136862919636214,0.0011822043798641003,0.0006645025171055207,0.0,0.0006214751811586321,0.0,0.013894761761794605,0.0,0.0011111605808673559,0.006924523569942884,0.0037234034061524725,0.02156147372053344,0.0,0.0,0.006011682739356454,0.006873966323651595,0.0,0.009688871427986676,0.00065894581741093,0.015011521875364262,0.0,0.0,0.0,0.0029955245157589337,0.0,0.002497427357921169,0.0,0.013889204116214955,0.03782351800544124,0.0021911151370775385,0.0,0.0002124169919226058,0.0,5.2464683920112643e-20,0.0027327853377660674,0.0018246736974189364,0.0,0.002606938363990469,0.0006733483535062926,5.2464683920112643e-20,0.0,0.0,0.0,0.0014080509553097158,0.0,0.0,0.0,0.004756622332354509,0.0,0.0,0.0001415182268151672,0.0,0.0020896634377161787,0.0,0.0,0.0,0.0005063931025151518,0.003635331634962381,0.004302325570866646,0.0015738949503174278,0.013411108741076561,0.017158598797833623,0.0,0.0,0.0,3.881589171216934e-06,0.0014043557637127943,0.0,0.0,0.004070402178569724,0.0008001613772667739,0.0,0.0016911500747258642,0.0,0.0,0.003989332092503185,0.0,0.0014083599043294907,0.0038929454993999898,0.0007646355888876041,0.01675274696309885,0.0,0.0,0.0,0.009300614572724852,0.006822065071371074,0.0,0.0,0.0,0.0,0.0009111627444826654,0.003173161700315,0.0,0.0019909855443325884,0.0,0.00038112590009874744,4.896703832543847e-19,2.4483519162719233e-19,2.0985873568045057e-19,1.5739405176033792e-19,0.0,0.00267379256110526,0.0,0.056226813614777396,0.02158729882122261,0.004912984879358254,0.0,0.035793719358579404,0.0,0.006932163248767016,0.002318659209980641,0.0,0.0,0.0,0.0010888663630530039,0.0,0.04203158111146102,0.0,0.0027094348149266125,0.037573958613343714,0.05908517477211872,0.00164875626597272,0.017785751645094435,0.015198381464925442,0.0011703234237175925,0.0,0.007498078092222706,0.0,0.12384926698412288,0.13283169256069952,0.0,0.04166032013770684,0.0,8
glp_1e2141_sterile_8_CB4037_25.Rep_33,0.002969962805068446,0.0033721253675791617,0.0,0.0,0.0014341877700531698,0.0,0.0,0.0,0.0,0.0001227003900114069,0.001614308974147216,0.019690766675055704,0.001178748019574392,0.0,0.0,0.0018160978800774654,0.0037274542332966596,0.0,0.00022691682094179972,0.017238021433017867,0.0019442888547093352,0.0,2.815051133789702e-20,0.0,0.0,0.004313157166184539,0.0,0.0021463340214112458,0.0007364015863486251,0.0,0.0,0.015882977275861517,0.00027643204495624306,0.03574019505496761,5.530454439834636e-20,0.0,0.0,0.002197650593735275,0.014150798637606026,0.0,0.0,0.0,3.064170703151622e-20,0.0011659870123227791,0.005854766999056532,0.002039532317767234,0.0,0.003279279068418612,0.0,0.0016228146145488235,0.0,0.017537479083145447,0.0,0.0,0.0027452216735821796,0.004770860973558694,0.019384613444074345,0.0,0.0,0.001914361414266622,0.011809183427995267,0.0,0.011365963351681779,0.004941279889671393,0.011671733308676636,0.0,0.0,0.0005450064405289151,0.0,2.6157554783001654e-20,0.0013191228372291558,0.0,0.010567673093530178,0.038738616536421994,0.0004490722351977231,0.0,0.0,0.0,0.0,0.0033514807109711114,0.00311985192208003,0.0,0.006687709231350807,0.0003953575136374065,0.0,0.0007025059974147351,0.0,0.0,0.0016045483494486431,1.1011084965796888e-19,0.0,0.0022695571612184047,0.0036996507006730427,0.0,0.0,0.0012713849526579685,0.0,0.0008433757180313048,0.0,0.0,0.0,0.0001981972214635857,0.0074295906621072065,0.005019693264598953,0.001389335768392605,0.013026610109106173,0.016981891163876054,0.0,0.0,0.0,0.0009394408753736767,0.0012921297858892872,0.0019807591620393966,0.0005048532073553029,0.0032948113092582127,0.0005721917766770118,2.765227219917318e-19,0.000699155041228679,0.0,0.0,0.004165987907517679,0.0,0.0030850990521195747,0.00690568025567685,0.0014849856525289919,0.020897849993582473,0.002078368373517288,0.0,0.0,0.012239219795985346,0.009768212159270937,0.0,5.929045750813709e-20,0.0,0.0,0.0004921193524378983,0.0030805636284689485,0.00020985108574423362,0.0013917447319720892,0.0,8.061956531163997e-05,0.0,0.0,1.0363374085455894e-19,0.0,0.0,0.002437640872110871,0.0,0.0,0.042734765803086674,0.0038742448068497044,0.005928876097714194,0.06872913126687856,0.0018314780891801506,0.01677591857981717,0.021768107557398466,0.001100217701006873,0.0,0.0021660435640707466,0.0015847768256703214,4.882743559493642e-20,0.014724763247224293,0.010235406317737415,0.0,0.034214486832551017,0.04396631605192967,0.0012798773400650779,0.009057181053607935,0.014602738240673652,0.0,0.006200340530020929,0.02669905182098401,0.0,0.07638106757776882,0.09959646907627594,0.009409078862504226,0.043444911298144165,0.015600634101467397,8
glp_1e2141_sterile_8_CB4037_25.Rep_34,0.002959726428661666,0.0055981570520333155,0.0,0.0,0.0005941704886673571,0.0,0.0,0.0005079049585212664,0.0,0.0,0.0022845453196436234,0.026245386391728565,0.0004127995922950985,0.0,0.0,0.0,0.0016926421277518302,0.0,0.00015953632488167058,0.015403758939911723,0.0,0.0,0.0,0.0,0.0,0.0027471721691282886,0.0,0.002006236730445954,0.0,0.0,0.0,0.011834165657192298,0.0,0.032488761095735195,0.0,0.0,0.0,0.0,0.010383497551416916,0.0,0.0,1.1662804954997839e-19,3.887601651665946e-20,0.0028577873304891153,0.002384732762271825,0.008407457004324166,0.000916494364583493,0.0020167254392562135,0.0,0.00043432188420499,0.0,0.011248632733136012,2.9157012387494597e-20,0.0012647824475934685,0.0017494836868008502,0.005099235241224055,0.005642119300509385,0.0,0.0,0.00821117310034763,0.0053283944010989225,0.0,0.011133788583723376,0.0010248400709157541,0.014370917495722758,0.0,0.0,1.1662804954997839e-19,1.0690904542081352e-19,0.0,0.0030131240493368756,0.0,0.011698786222373012,0.048455905190086204,0.004178151501702682,0.0,0.0006470699729342153,9.719004129164866e-20,1.7494207432496758e-19,0.003596206261944067,0.0037564794213253657,0.0,0.008618779019587915,0.0008799469146208699,0.0,1.7494207432496758e-19,0.0,0.0,0.002247494892696099,0.0,0.0,0.0,0.0053128990275651275,0.0,0.0,0.00015729623754482522,0.0,0.003379283063254078,0.0,1.1662804954997839e-19,0.0,0.0,0.007470879206673744,0.0031103337949923513,0.0008747704406095081,0.013543385469282989,0.017913585611765072,0.0,0.0,0.0,0.0,0.00016451881748433343,0.0,0.00036057095549798157,0.0024381787080058107,0.00079538755744945,0.0,0.00015452171623352962,0.0,0.0,0.005784475340966087,0.0,0.0031511329301234714,0.004074734118574312,0.0007600737184562527,0.016032292339116617,0.0,0.0,0.0,0.011666876226416312,0.007286125533229756,0.0,0.0,0.0026918161151363324,0.0,7.775203303331893e-20,0.0008471699840761023,0.0027260555791024845,0.00041922600102753296,0.0,0.0009586760503621127,0.0,0.0,8.163963468498487e-19,1.943800825832973e-20,3.887601651665946e-20,0.0029718964072840107,0.0,0.0,0.02580453226967136,0.006474371966205651,0.006182918641743768,0.04034593001812528,0.010605878978462857,0.01564843597123289,0.025609378074305925,0.0,0.0,0.0,0.00286325564126232,0.0,0.03293015381905306,0.0018454539098344553,0.001116352809948538,0.04181137694901505,0.06829967120979606,0.0018056910228447282,0.013107793617070257,0.015592010856901971,0.0,0.002834913149091574,0.016738450656031818,0.0,0.09499107342458227,0.12492149668895651,0.0,0.050923409254809475,0.0,8
glp_1e2141_sterile_8_CB4037_25.Rep_35,0.00499010610816282,0.00518424964930182,0.0,0.0,0.000556888749441739,0.0,0.0,0.0018012357271476327,0.0,0.0,0.002136538799463614,0.022886357336359776,0.0032469801383321253,0.0,0.0,0.0006055189279083469,0.003594754013010255,3.3839635109281824e-20,0.0,0.01734592783190805,0.0,0.0,1.353585404371273e-19,0.0,0.0,0.00576915940560159,0.0,0.0027231661231150997,0.0,0.0,0.0,0.009139363348076166,0.0,0.039984702966920305,5.92193614412432e-20,0.0,0.0,0.0,0.015318182644865265,0.0,0.0,1.5227835799176822e-19,3.3839635109281824e-20,0.0019683984643463098,0.004920470567620336,0.0036290559756544634,0.0011396291562937248,0.0019070648590664816,0.0,0.0,0.0007336505373455212,0.006833085646752144,0.0,2.0303781065569095e-19,0.003645159152372396,0.007983923974039584,0.014492830551941152,0.0,0.0,0.006521163951504963,0.008358275596998267,0.0,0.012233472663750114,0.0008176570044011934,0.016389961807559143,0.0,0.0,3.3839635109281824e-20,4.229954388660228e-20,1.0997881410516594e-19,0.0019572576203973615,0.0,0.014299475668285424,0.034462671727471035,0.0021119265713791303,0.0,0.0,1.8611799310105005e-19,2.707170808742546e-19,0.00324270339286295,0.0033723309422424,0.0,0.010053450169061135,0.0006833477207541453,1.6919817554640912e-20,1.6919817554640912e-19,2.707170808742546e-19,0.0,0.0016667284998705516,1.353585404371273e-19,0.0,0.0,0.005587667341882401,0.0,0.0,0.00013691853640145497,0.0,0.0018110980647260068,0.0,0.0,0.0,3.3839635109281824e-20,0.00807764758729147,0.003314824963352789,0.0013690500139692308,0.01789438805388065,0.019343287403264808,0.0,0.0,0.0,0.000286065574144558,0.001210000964246837,0.0,0.00017671203057155748,0.004081676843364614,0.0010722486840753353,2.1995762821033187e-19,0.003164793645133011,0.0,0.0,0.004874597783470322,0.0,0.0024063140231759287,0.006226732852891302,0.001525703894493912,0.023220235892604968,0.0,0.0,0.0,0.01323788147119202,0.010780450441928928,0.0,0.0,0.0014198872877168082,0.0,3.722359862021001e-19,0.002204387605397267,0.003226411579315147,0.0,0.0,0.0,6.767927021856365e-20,0.0,0.0,0.0,0.0,0.0025868877270895374,1.5227835799176822e-19,0.005998998815504794,0.02381371758662754,0.005266905736892178,0.0,0.03311160325399531,8.07157338408477e-05,0.011913598785878263,0.010381933183806683,0.00019235808583048573,0.0,0.0,0.002132650695160686,0.0,0.03463893247159871,0.0,0.0022880970051160766,0.04175373745711154,0.06781183251469547,0.012358666856574997,0.022723939854332045,0.019505203716678927,0.0,0.004718288032059453,0.014766289736076124,0.000503138101646678,0.09341589161538578,0.11445212600056397,0.0016773664531049464,0.03855131405035304,0.0,8
glp_1e2141_sterile_8_CB4037_25.Rep_36,0.00453997884702858,0.0044859300283393,0.0,0.0,0.0005132811920982483,0.0,0.0,0.0009316688061291098,3.6048287512807165e-19,0.0,0.0018508379392018243,0.022824654943615106,0.002936545494370169,0.00023655716539579808,0.0,0.000729929104377465,0.0022249910376732963,1.4419315005122867e-19,0.0,0.01837703358325051,0.0,0.0,0.0,0.0,0.0,0.005412767732042242,0.0,0.0030621984971482036,0.0,0.0,0.0,0.008217793094011513,0.0,0.02846345524804693,0.0,0.0,0.0,0.0,0.013877767976841888,0.0,0.0,0.0,0.0,0.0020211420511453007,0.002874887276858371,0.004658599780542474,0.0008639468739813608,0.0016785116722612193,0.0,0.0,0.0003934990635363735,0.00715330453563405,0.0,2.8838630010245733e-19,0.008050477047719287,0.0024148934930242768,0.012123694022585015,0.0,0.0,0.006752892725609586,0.008206053539857346,0.0,0.012692516019591236,0.0008721384902617923,0.01634002631317639,0.0,0.0,0.0006222141018934903,0.0,2.5233801258965015e-19,0.0015947164855290871,0.0,0.013718709728716017,0.030716629384128554,0.0008652570030363088,0.0,0.0,0.0,0.0,0.002852227347324415,0.0033482124262507137,0.0,0.004390456980074924,0.0006982660608057731,2.7036215634605374e-19,5.407243126921075e-20,0.0,2.7036215634605374e-19,0.0014800925521633612,0.0,0.0,0.0,0.006579841305306659,0.0,0.0,0.00014585496415942727,0.0,0.002379230946387663,0.0,0.0,0.0,0.00017350719427458404,0.004229268626782395,0.004167150013764734,0.0015612048459828028,0.011612260590687888,0.014977570753787646,0.0,0.0,0.0,0.0,0.0005490213763375381,0.0,0.0,0.0027243852031956263,0.001384365254213043,0.0,0.0030511980120248032,0.0,0.0,0.005287734281324408,0.0,0.0035548809468555417,0.005362688535302092,0.0017294964418700489,0.022540609040609002,2.7036215634605374e-19,0.0,0.0,0.016279920463929735,0.013330899410673818,7.287488786564581e-05,0.0,0.0010424498718318747,0.0,0.0,0.0032686878317240617,0.0004791950989026849,0.0014974821939592227,0.0,0.00040606017250857126,1.4419315005122867e-19,2.16289725076843e-19,6.48869175230529e-19,0.0,0.0,1.6221729380763226e-19,0.0,0.062432588529003324,0.024744517992460358,0.0040384943574359915,0.0,0.032293223221550364,0.002787891757758433,0.007465497269718721,0.0035905161017384837,0.0008381675297280206,0.0,0.0,0.003236384055158366,0.0,0.016284439880697492,0.003173502879544072,0.0,0.035323780309610524,0.059694905363662225,8.063803579998046e-05,0.01760678561091829,0.020293383659382686,0.0,0.004017717974063881,0.016071039745776023,0.0,0.12219796275409998,0.12648977059232253,0.0,0.04288219845003173,0.0,8
glp_1e2141_sterile_8_CB4037_25.Rep_37,0.0035448784491312582,0.002927719908817058,0.0,0.0,0.0010155409181464205,0.0,0.0,0.0006741743701567348,0.0,0.0,0.001664885829460987,0.014786177577680174,0.002975841387437034,0.0,0.00012168109398069245,0.0001693067002041278,0.0018270936502985564,0.0003422459968574369,0.0,0.01436541768350711,0.001994076432512218,0.0,0.0,0.0,0.0,0.005042458206566546,0.0,0.002107355515429991,0.0,0.0,0.0,0.008039760946803623,0.0,0.0384621537945204,0.0,0.0,0.0,0.0005049019371306718,0.012617555640963845,0.0,0.0,0.0,1.0846452841848518e-19,0.0013855188915107657,0.0024310460503352634,0.0019186273613179432,0.0007880309715711678,0.0018193442439916015,0.0,0.0,0.0,0.007620848519849354,0.0,0.0010473006246719866,0.008376322263176805,0.005981849149648662,0.03629668381979709,0.0,0.0,0.006050341424160692,0.004339787571189484,0.0,0.010736481172716146,0.0006941104199598405,0.016974379371069076,0.0,0.0,0.0,0.0015739388549597527,3.475243168501449e-20,0.001878408214424592,0.0,0.010785560740922776,0.05806776609284013,0.002985980605961568,0.0,0.0,0.0,1.409252151006493e-20,0.0030543832188382044,0.0,0.0,0.007660445286862714,0.0006144928190439482,0.0,2.559229270347229e-19,0.0,0.0,0.0005459568693223425,0.0,0.0,0.0,0.003121348482112938,0.0,0.0,0.0,0.0,0.0014571880720504432,0.0,0.0,0.0,0.0,0.0029985408970885793,0.005017979526213117,0.001277256161847032,0.014211557207761348,0.018781470307190563,0.0,0.0,0.0,0.0,0.0018550516127295211,3.6770535493494663e-20,0.00019615409771086864,0.0037725370791799255,0.0008696246029098625,0.00042223150892962817,0.0011563954884447362,0.0,0.0,0.004714035452931356,0.0,0.002464684275600125,0.004424592343848337,0.0008310147668317646,0.012864769601052761,0.0,0.0,0.0,0.012088267404765261,0.009609695524918449,0.0,2.4935553836983824e-19,0.0,0.0,0.0,0.0027589659121574953,0.001189368685392359,0.0001574369988543736,0.0,0.0,2.6146416122071925e-19,0.0,5.114353922778904e-19,0.00038440685113225984,0.0,0.0008136116132508626,0.0,0.04483571084363708,0.020329828987713936,0.005098948501540321,0.0007507486336434757,0.030688864524826085,0.004437455424979162,0.02325973843603695,0.02130619573329483,0.0,0.0,0.0,0.0048781238506749045,0.0,0.04067327445258061,0.012767704218688074,0.0,0.02996347357476388,0.049338379213473324,0.0013718602834225638,0.01549680957671553,0.02136611235952021,0.001151468171662676,0.0,0.0147648741954698,0.0,0.10128787891447229,0.10522823278150811,0.0,0.036755302248725405,0.0,8
glp_1e2141_sterile_8_CB4037_25.Rep_38,0.0036213823282869938,0.003160059721607,0.0,0.0,6.545446820158837e-05,0.0,0.0,0.0,5.045255483378111e-20,0.0,0.0009719084186694402,0.034939779127654905,0.00276107660277352,0.0,0.0,0.002605888897965982,0.003836587586508591,0.000988699322435316,0.0018991289633927926,0.014816149585725568,0.0,0.0,0.0,0.0,0.0,0.0,0.0,0.001677795881886695,0.0010281750716930303,0.0,0.0,0.004266098622337774,0.0,0.030993484184120804,0.0,0.0,0.0,0.0005165821111532234,0.01378512810831421,0.0,0.0,9.333722644249505e-19,0.0,0.001841533412575253,0.009897639049812413,0.005185236645993596,0.0007490003927073012,0.0003397691304238085,0.0034714621655514365,0.0014760803721393684,0.002495280647682642,0.016218883995913518,1.639708032097886e-19,0.0008445637004951859,0.004217919885793605,0.03294875736997627,0.005914660240736242,0.0,0.0,0.007468759982274105,0.013317757306756344,0.0,0.008951498943436175,0.000628299794443206,0.013000728979964482,0.0023281740585541603,0.0,2.774890515857961e-19,1.0090510966756222e-19,0.0,0.002339624556434922,0.0,0.013450148871318337,0.059323264049041986,0.0017132058147368368,0.0,0.0004490189746950108,0.0,1.7658394191823388e-19,0.0035749832179357978,0.004437473250408355,0.0,0.0023478864998593267,0.0006478917667438699,2.522627741689055e-19,0.0,8.829197095911694e-19,6.306569354222638e-20,0.0024367908512421396,1.2613138708445276e-19,0.0015617469688236412,2.522627741689055e-19,0.005386364057473952,0.0,0.0,0.0020599771974965774,0.0,0.001957297133104688,0.0,1.513576645013433e-19,0.0,0.004468090693525164,0.0021759137035197496,0.003690105749840557,0.0017607263232896331,0.005616502622049656,0.0330097055267849,0.0,0.0,0.0,0.0,0.0,1.8919708062667915e-19,0.0004679421281739368,0.00039074206307482674,0.0010152778629033104,0.0010383629283302572,0.0,0.0,6.054306580053732e-19,0.007040882415781556,1.2613138708445276e-19,0.0042649937114986125,0.004895491154016537,0.0005893417647039251,0.0046773044787996486,0.0012596844563409818,0.0,0.0023020139055166585,0.007973536183353735,0.008862089909502057,0.0,0.0,0.00027170613845423845,0.0,3.027153290026866e-19,0.0013562855116494292,0.013148135724092054,0.0,0.0018103817495244963,0.0,0.0,0.0,8.072408773404977e-19,0.0007205005361126084,0.0,0.0,0.0,0.008683826500214407,0.0254068510843694,0.00505760488265553,0.0,0.04559331142598092,0.0015524465551109332,0.01260446507742585,0.004955355597510306,0.0002501671834822675,2.0181021933512443e-19,0.0,0.00040590016631591883,0.0,0.01089917410499715,0.0,0.0012991343359479812,0.018377729148091566,0.004976931737224064,0.00046089690549361826,0.01751881397029222,0.013752422802761854,0.0005489340658920858,3.95196226063509e-05,0.0026370478741204206,0.0,0.13913462657000272,0.17382197782618922,0.0,0.04430208703520458,0.0,8
glp_1e2141_sterile_8_CB4037_25.Rep_39,0.004061877275119691,0.005578694460971328,0.0,0.0,0.0005630098265948829,0.0,0.0,0.0012846605052258433,0.0,0.0,0.0035598593208643163,0.024061809684889204,0.003348075078266938,0.0,0.0,0.0008116565451225697,0.0014482097312505933,6.983038158539491e-20,0.0,0.021206207263953423,0.0,0.0,1.4963653196870338e-20,0.0,0.0,0.004839814227784335,0.0,0.0034115172946170657,0.0,0.0,0.0,0.007583550182993035,0.0,0.043459344980369886,7.481826598435169e-20,0.0,0.0,0.0,0.014129072773253669,0.0,0.0,2.693457575436661e-19,4.987884398956779e-20,0.0022569499431624495,0.001703435249241947,0.002336274020367294,0.0007952235120097711,0.0019958778592751476,0.0,0.0,0.00028516912408941034,0.011995818486835454,0.0,0.0,0.0050169535148293035,0.011385468982634444,0.002508680824715449,0.0,0.0,0.008910559475675707,0.006794551076176706,0.0,0.015454249306379213,0.0010220303137810024,0.01675270432600674,0.0,0.0,0.0,0.0,0.0,0.0019868762761182162,0.0,0.009139597013126268,0.029412123486435463,0.0,0.0,0.0,0.0,0.0,0.003150203292486304,0.002874564339664474,0.0,0.007768567650850042,0.0007779292645492305,1.197092255749627e-19,1.7956383836244404e-19,0.0,0.0,0.0017035628102073266,1.4963653196870338e-19,0.0,0.0,0.0045994915555845495,0.0,0.0,0.00016145181930936177,0.0,0.0018784781437471956,0.0,0.0,0.0,1.2469710997391947e-19,0.0034136483069394353,0.0034047392365751396,0.0018876714023744832,0.01635814607376635,0.023822798708389176,7.980615038330846e-20,0.0,0.0,0.0,0.0,0.0,0.0003700968164522965,0.005660229820186115,0.0010010056854557752,0.0,0.005064776149460073,0.0,0.0,0.005277763556567237,0.0,0.004065256346641204,0.006786852341607952,0.0009325881677089268,0.01531919639076623,0.0,0.0,0.0,0.017984027866906532,0.015595943318970597,0.0,4.987884398956779e-21,1.5019513847725505e-05,0.0,0.0009519367591877914,0.002001914698106523,0.0007936342987261088,0.002396862951314804,0.0,0.0006682290592363749,2.9927306393740676e-19,0.0,3.1922460153323385e-19,0.0,2.9927306393740676e-19,0.003050410418229005,2.843094107405364e-19,0.005981503204899157,0.022197437366917927,0.0036976072741019,0.0,0.04153410720587782,0.0019052456675288008,0.007806644722064675,0.0010777212251812014,0.00014103058279775675,0.0,0.0,0.0025145158992574156,0.0,0.015165082916034,0.0064285655961459675,0.0003301927255656666,0.03132709592953347,0.05588649262214096,0.011163860471853533,0.025682222287362104,0.019844802790827263,0.0011608293520486933,0.0028436749486521096,0.013665946302624717,0.0,0.10955826702212236,0.13563538087906127,0.0,0.055614874301450165,0.0,8
glp_1e2141_sterile_8_CB4037_25.Rep_4,0.004045810176723034,0.007758558872872184,0.0,0.0,8.8400608698346e-05,0.00018509320445091,0.0,0.0022127705231522604,0.0,0.0,0.00253428985725581,0.02719805418599961,0.0019402115673105497,0.0,0.0,0.0002930251417457171,0.003902743436271406,0.0,0.0011214339567420758,0.01595671546048058,0.00027914983766271433,0.0007273456882994213,0.0009363855384430806,0.0,0.0,0.01066411151957956,0.0,0.002799927564819264,1.8865550716534961e-06,0.0,0.0,0.01931700367522356,0.0,0.020183809253188786,0.0,0.0,0.0,0.0002182211209774946,0.010643307450312944,0.0,0.0,2.383169546905656e-19,8.666071079656931e-20,0.0023760438138285996,0.006664515296951229,0.004971460335145639,0.0008344458163151919,0.0023539810445156015,0.0,0.0,0.0,0.008146375952659891,0.0,0.0012280252590059252,0.002900404048941739,0.009271620387545091,0.0,0.0,0.0,0.008306992358981547,0.018370355225662983,0.0,0.008338781941823753,0.006389407491696508,0.011068749890371083,0.0,0.0,1.7332142159313863e-19,0.0,2.383169546905656e-19,0.0034676251564831205,0.0,0.014600445990707905,0.03877376320068785,0.0020285688507468438,0.0,0.00039634594801594254,0.0,4.3330355398284656e-20,0.004256369402357576,0.003858220905771856,0.0,0.00740339862864009,0.0007624955540092027,0.0,6.499553309742698e-20,0.0,1.191584773452828e-19,0.002266745076370573,0.0,0.0012932372092169706,0.0,0.004765789982395554,0.0,0.0,0.00017531893661763265,0.0,0.0028947051898137077,0.0,0.0,0.0,0.0,0.004006046969827282,0.0,0.0012181032695999462,0.021876589448460444,0.025265154061075826,8.666071079656931e-20,0.0,0.0,0.0013564536779040826,0.0,0.0,0.0004018844791191877,0.002152660463457906,0.0013922907795319063,2.1665177699142328e-19,0.005380952175065173,0.0,0.0,0.006891713160377328,0.0,0.0036819029524331817,0.0067065335868117925,0.0010841215782642108,0.01692374841743809,0.0,0.0,0.0,0.01006022301233217,0.009284773520322736,0.0,0.0,9.891685981736614e-05,0.0,6.066249755759852e-19,0.003313604924659936,0.0010156499367816856,0.0,0.0,0.0,0.0,0.0,0.0,8.666071079656931e-20,0.0,0.0012712726545325021,0.0,0.0,0.027251080781563342,0.006551413308941032,0.0,0.03832123293652781,0.008237090732461122,0.018393487814242732,0.025593201136635227,0.0018716392331385783,0.0,2.1665177699142328e-20,0.0,1.0832588849571164e-19,0.03285016043276805,0.004959977376593551,0.001583158438232801,0.019909959382192685,0.0237205187435192,0.0,0.021446191516153273,0.012381161086870042,0.0009848865200965877,0.003232148502988381,0.017900486639421485,0.0,0.10559357507114836,0.1388246657838078,0.0,0.05583892454432469,0.0,8
glp_1e2141_sterile_8_CB4037_25.Rep_40,0.0009554859288783692,0.0004797986657373126,0.0,0.0,0.002021806113122516,0.0,0.0006373692653319191,0.0,0.0,0.0,0.0017219420863913894,0.017662610092924268,0.0,0.0010010291904534415,0.00011616654622346941,0.0,0.0028404735515736635,0.0,0.0,0.014822714715455128,0.0009904615269433275,0.0,0.0001062035964789974,0.0,0.0,0.003835611135257426,0.0,0.0015464453542658938,0.0,0.0,0.0,0.005541764585843868,0.0,0.02892160927902585,8.518632201431555e-21,0.0,0.0,0.0013638577133767175,0.011531995236069513,0.0,0.0,8.518632201431555e-20,3.407452880572622e-20,0.0019791729958417597,0.0011309320389640656,0.0009852011906400998,0.0006814540328674058,0.0019113163860700973,0.0,0.0016356339436630987,0.0,0.01089342525690538,0.0,0.0008774144877443351,0.0039853780882707635,0.008180700528248078,0.012547860854290127,0.0,0.0,0.006027895409136053,0.00548518865211456,0.0,0.010633215459608153,0.000710460179651511,0.018686716095243975,0.0,0.0,0.000693093118714836,5.963042541002089e-20,0.0,0.0,0.0,0.012122427469896153,0.07402826525371092,0.002019712523308083,0.0,0.0007250439904663543,0.0,1.703726440286311e-19,0.002485293102941134,0.002037279766995387,0.0,0.006919630263334142,0.0006166790814212667,0.0,8.518632201431555e-20,0.0,0.0,0.0012067192059510151,1.8740990843149422e-19,0.0,0.0,0.0,0.0,0.0,0.0,0.0016378191455326467,0.0022723584681927232,0.0,0.0,0.0,0.00019327212615926492,0.007055329159859799,0.0058094727443874635,0.0011699716207686371,0.013851551143259148,0.01478372553515252,0.0,0.0,0.0,0.0,0.0019566681824913163,0.0,0.0,0.004782232426810121,0.0021926720980482077,0.0,0.0008005793053029599,0.0,0.0,0.003960409443470139,0.0,0.002480151741140686,0.004873192876221239,0.0024461694711977837,0.01727093188746432,0.0,0.0,0.0,0.010810723319581994,0.00927086609482183,0.0,0.0,0.00013090974258309386,0.0,1.3629811522290488e-19,0.0020468014632337383,0.0025579594175612046,0.0,0.0,0.00048662846783472947,0.0,0.0,0.0,0.0,1.703726440286311e-19,0.0026048442924762618,0.00021418771094328882,0.025708338344330797,0.025103052666529187,0.004334122335279019,0.011623604800599603,0.043204063589135325,0.0001653145154991882,0.021625953349317977,0.023433802265950498,0.0,0.0,0.0,0.0067055180851586585,6.814905761145244e-20,0.02505136473797034,0.0,0.00027513981640200474,0.034277152675354056,0.06373393803357545,0.0,0.014565448962790776,0.02137903177387705,0.0007810596451285081,0.0017105014469011004,0.015241955706159662,0.0,0.09960520834440505,0.11325704121186463,0.0,0.047255505849924065,0.0,8
glp_1e2141_sterile_8_CB4037_25.Rep_41,0.0009748616031299299,0.0004629277392546497,0.0,0.0,0.0012993457449487602,0.0,0.0,0.0,0.0,0.0,0.0012687134642018374,0.016232308168399438,0.0,0.0010226039915396167,0.0,0.0,0.004120676657161098,1.662294255358186e-19,0.0,0.011364070587390137,0.001629831425152758,0.0,9.794701376271124e-05,0.0,0.0,0.004656395083128015,0.0,0.001265386699371912,0.0,0.0006396882434040087,0.0,0.0070633255319574595,0.0,0.020202621790740484,5.4024563299141047e-20,0.0,0.0,0.000986140320216976,0.01180635939857997,0.0,0.0,4.155735638395465e-20,4.5713092022350116e-20,0.0017801535649030933,0.001497325322708611,0.0009061755198336971,0.0007538606052329678,0.0013025139925753888,0.0,0.0016276089867385615,0.0,0.009731500506224197,0.0,6.649177021432744e-20,0.005035980641815716,0.014405919983301083,0.030138716304543862,0.0,0.0,0.005360227039518787,0.007555610161478526,1.9347718419925363e-05,0.008061396915528797,0.0006146028769703373,0.021822203210093195,0.0,0.0,0.0001421113341258346,9.973765532149116e-20,1.662294255358186e-20,5.103728939946564e-05,0.0,0.010061953977715097,0.06003190035538013,0.0027172203747325417,0.0,0.0,5.818029893753651e-20,9.973765532149116e-20,0.0016648205520204634,0.0015090902247831687,0.0,0.012589233143784932,0.0006275123801595602,1.2467206915186395e-19,2.992129659644735e-19,4.155735638395465e-19,0.0,0.001166391916369693,0.0,0.0,0.0,0.0,0.0,0.0,3.492391238443718e-05,0.002552086743435493,0.0011763388050611183,0.0,0.0,0.0,0.0009642178147905678,0.004020705401291762,0.005251464637062461,0.0012282405911184895,0.010513395491463615,0.016377635280505308,0.0,0.0,0.0,0.0,0.0015224735869505458,0.0,0.0,0.004818962951718852,0.0015669160841068296,1.662294255358186e-20,0.00021691150369287219,0.0,0.0,0.004302785930585105,0.0,0.0032438954988748174,0.00448915764875586,0.0016230818462009994,0.014530104780851682,4.155735638395465e-21,0.0,0.0,0.010149863029829608,0.006184647554928848,0.0,6.233603457593198e-20,0.0,0.0,0.0007589331004174851,0.0034802441082288768,0.0,0.00014435327797645772,0.0,0.0,1.0472453808756572e-18,1.3298354042865488e-19,6.150488744825288e-19,0.0,0.0,8.31147127679093e-21,9.973765532149116e-20,0.018351591572701862,0.02703844319088994,0.00461563525674285,0.0,0.05344242628365384,0.0005883536014699571,0.010161905036297826,0.002122221046006512,0.0,0.0,0.0,0.006598945718973581,5.818029893753651e-20,0.0705661852344791,0.0,0.0038863663009451464,0.03591842295061846,0.05697066637315352,0.002763114296384015,0.018340774952801137,0.031114325969588425,0.0009452128412281702,0.0004824889850024664,0.016198692163831453,0.0,0.09857401704776862,0.11606345006694692,0.0,0.03983780316958661,0.0,8
glp_1e2141_sterile_8_CB4037_25.Rep_43,0.002420840236862129,0.0,0.0,0.0,0.0013241646753312337,0.0,0.0,0.0,0.0,0.0,0.001971015055452708,0.016825657689589015,0.00021360350897771624,0.001251208920363322,0.0,0.0,0.005339897725950198,0.0,0.0,0.01345501780522328,0.002036090897609958,0.0,0.00048647237965053643,0.0,0.0,0.0,0.0,0.0011270414308133703,0.000657463709491638,0.0,0.0,0.00816808380339274,0.0,0.03893038409361158,0.0,0.0,0.0,0.0009008599099986462,0.010662265969860096,0.0,0.0,0.0,7.04266365098662e-20,0.0014719904688885004,0.0,0.0015451252138868592,0.0003955060321424285,0.0015998703011027473,0.0,0.0012865802027454895,0.0,0.017750668463135204,0.0,0.0009687986118336697,0.0038484660801081975,0.0066285056100221194,0.013652340316907687,0.0,0.0,0.005978973333759462,0.006281628141823874,0.00016094685961194597,0.009883996366696731,0.000625812617168602,0.019477500733428466,0.0,0.0,1.9367325040213202e-19,1.540582673653323e-19,0.0,0.00029164666109400154,0.0,0.011960036152342276,0.05320074030716185,0.0,0.0,0.0,2.9050987560319804e-19,7.922996607359947e-20,0.0011793581398470115,0.0010690388451786194,0.0,0.009670091462727945,0.0005227305828168062,0.0,8.803329563733274e-21,1.408532730197324e-19,1.540582673653323e-19,0.001089132081762696,4.3136314862293045e-19,0.0,0.0,0.0,0.0,0.0,0.0001424765953218459,0.002396264620347161,0.0013933440562284053,0.0,0.0,0.0,0.0,0.001362784149637125,0.0045922658758329234,0.0013637656207076759,0.005403220245823414,0.02220178128689668,0.0,0.0,0.0,0.0,0.001312912174085047,0.0,0.0,0.004464849799945644,0.0015516081121852304,0.0,0.0,0.0,0.0,0.004932066683569324,0.0,0.0032160009463493414,0.0040528230254103376,0.001476397903546667,0.019444214187679793,1.188449491103992e-19,0.0,0.0003764017041276319,0.010349784793187293,0.010514949413908167,0.0,1.1004161954666592e-19,0.0015509967789837287,0.0,3.52133182549331e-19,0.0034272053462077734,0.001555915909179824,0.0002134340846005794,0.0,0.0,2.1127990952959857e-19,2.640998869119982e-19,2.993132051669313e-19,3.4332985298559767e-19,0.0,8.803329563733274e-21,0.0,0.0022070262251391135,0.02781885646647835,0.0018596897179084168,0.012559790522633446,0.05053934307527529,0.0055661759515991715,0.03504649982288805,0.032997334510201905,0.0,0.0,0.0,0.009474313898423958,0.0,0.02343148340323999,0.0038340671412542466,0.0,0.022988991889416225,0.03328359343365527,0.008386259931735128,0.0193882152077033,0.023145340729020396,0.0,0.007658273910731751,0.012162946087352083,0.0,0.10011516482514976,0.1227258070178307,0.0,0.06120581152023051,0.0,8
glp_1e2141_sterile_8_CB4037_25.Rep_44,0.0005043349552901183,0.00030870000093288335,0.0,0.0,0.0,0.0,0.0,0.0006784766827320373,0.00033322514827350977,0.0,0.0016212190145375386,0.017135803570642132,0.0017199153811716633,0.0,0.0,0.0,0.009757444722665235,0.0,0.0,0.01531081248837034,0.0025299696214635,0.0,0.0,0.0,0.0,0.008646466897096486,0.0,0.0,0.0008142210041223125,0.00229330264905712,0.0,0.010420994415755575,0.000469126271676014,0.033603219732529735,0.0,0.0,0.0,0.00046287486031225834,0.010626428215937985,0.0,0.0,1.8696215578344497e-19,0.0,0.0015344043625431264,0.0003754351694993381,0.0016116202378008782,0.00096571571147517,0.0019128986156783639,0.00020515924960153045,0.0,0.0,0.015462330337004095,0.0,0.0,0.002376297587647136,0.015399538735234228,0.02926336609339703,0.0,0.0,0.005339794553219203,0.006263717334826289,0.0002961315276908119,0.0110403116312502,0.001635346681090681,0.021814074287886086,0.0002384902889985647,0.0,0.0,0.0,0.0,0.0008646681562290504,0.0,0.010059283992989401,0.07078595176581817,0.0,0.0,0.0,0.0,0.0,0.0026562288776292063,0.002360256260256905,0.0,0.015702087345139868,0.0007171317394587755,1.5296903655009134e-19,0.0,0.0,0.0,0.0013530037147036161,0.0,0.0,0.0,0.002737999516267142,0.0,0.0,0.00013753954846499792,0.0006670178942653864,0.002636161142120371,0.0,3.229346327168595e-19,0.0,0.0001204116367070441,0.0029537610298324725,0.006108563762122353,0.0014508164366052315,0.009231311971642552,0.01628283770635565,0.0,0.0,0.0,0.0,9.737251233038779e-05,0.0,0.0,0.00422645926980115,0.0014674073008796042,0.0,0.0034493867170362286,0.0,2.5494839425015222e-20,0.004589526241535056,0.0,0.003257869417412418,0.005479276567210381,9.762112266993228e-05,0.019166564972820023,0.0,0.0,0.0,0.01239980512811331,0.011617616970975147,0.0,2.1245699520846018e-20,4.201814991327857e-06,0.0,0.0,0.0010849557642812159,0.0003569736244423228,0.0002945092493096389,0.0,0.0005534957935807398,1.8696215578344497e-19,1.0197935770006089e-19,0.0,0.00021171827403268232,0.0,0.0005329443173802958,0.0,0.0,0.0269799368342509,0.0009728349356384197,0.0,0.049435965170779465,0.0011034198544747347,0.00812163209251148,0.00021930503611997676,0.0,0.0,0.0,0.0064768697045115035,7.648451827504567e-20,0.020135710285190952,0.0,0.0,0.03615727636909852,0.06445916485928353,0.0013047652524119913,0.01577856833586702,0.0318136511974454,0.0008160299751820606,0.014720964536214633,0.023833885356298184,0.0009987661690852156,0.08525895836933188,0.118255352825439,0.0,0.044473037248045855,0.0,8
glp_1e2141_sterile_8_CB4037_25.Rep_45,0.0027992514249873114,0.005652861765488237,0.0,0.0,0.0018383896700754532,0.0,0.0,0.002927489972772614,0.001981548102003611,0.0,0.0012586412218532747,0.009408813382233178,0.0036797588387338783,0.0,0.006929116675118653,0.00472410052598417,0.0022918927120007147,0.000255723487064715,0.0017117622003316206,0.014738427233026345,0.008263794176997234,0.0,0.005972038742300191,0.0,0.0,0.016003179266237736,0.0,0.00310961613495953,0.0016338493382479025,0.0,0.00044234487076189277,0.02728712510056741,0.0,0.018819212670171948,1.0354873065112634e-19,0.0,0.0,0.0012654751774205412,0.001664294198284003,0.0,0.0,0.0,0.0,0.0013565198697812555,0.005807420373530754,0.002043311977990055,0.000493783847472977,0.0009271255488588552,0.0,0.00013433907221800057,0.0013382408466909442,0.01554394556243827,0.0,0.0007153795004948948,0.008027197310761148,0.0008929940343462764,0.014769543960859815,0.0,0.0,0.004919225602668064,0.008118070510136625,0.0,0.00831221220209656,0.0005784477152749188,0.012101402489511706,7.181625877374001e-06,3.0774468930312938e-06,0.0,0.004205179409392414,2.5662076726583487e-19,0.002528304594817296,0.0,0.014679515492248399,0.039323697245887815,0.0006399776595393136,0.0,8.514137990358957e-05,9.904661192716432e-20,4.0519068515658135e-19,0.006211636928695506,0.00012964312083461044,0.0,0.009368145690731529,0.0005034697060618983,0.0,0.0,0.0,2.296080549220628e-19,0.0,0.0,0.0016376603429282448,9.00423744792403e-20,0.004054973246975187,0.0,0.0,0.0020960921102540966,0.0,0.0025500883938770215,0.0,0.0,0.0,0.0017396119742045589,0.007995768296215433,0.0033445557152471466,0.0009362844156755835,0.03397894201918166,0.024738494785037948,0.0,0.0,0.0,0.0049602696634353,0.0007602409366310798,0.0,0.00044932968222771567,0.0023465316914767034,0.0015154949766032313,0.0003154880255825395,0.010725297255385104,0.0,1.800847489584806e-19,0.006104202500960616,0.0,0.002691318994199866,0.010084098068239586,0.003098833214624658,0.025416028396201554,0.0,0.0,0.0,0.006601309488727551,0.00656972105945123,0.0,0.0005289747037198245,4.800414100286058e-05,0.0,0.000537364336757345,0.0011793480281443707,0.0007928715029536265,0.0005949288451909618,0.0,0.0003569630998344276,0.0,9.00423744792403e-20,0.0,8.065961905146098e-06,1.800847489584806e-19,0.0027533336302962316,1.170550868230124e-19,0.0,0.024792877290479513,0.0031698537863007643,3.2936167761930376e-05,0.045009112494429,0.0005995284138908083,0.002812956664510882,0.0,0.0011837053462887821,0.0,0.0,0.0006070980502992752,0.0,0.04417859440762856,0.0049832707208916855,0.0,0.03563369984206923,0.05227384402510031,0.0016911406378592756,0.024427120236302308,0.014070861957108029,0.0005233774516219601,0.0018757862523501921,0.012532525751090798,0.0,0.09209878550742077,0.11791423841775381,0.0,0.03965535946205774,0.0,8
glp_1e2141_sterile_8_CB4037_25.Rep_46,0.00324940364501989,0.006624931534691164,0.0,0.0007160298191658197,0.000952355218950763,0.0,0.0,0.00021355986206166518,0.0,0.0,0.0021565325837022997,0.021901627371078917,0.0023421460251305906,0.0,0.0,0.00017987147003428218,0.0006660070118743645,1.4015513055976448e-19,0.0009663093004058974,0.01968678522015348,0.000757092447449452,0.0,1.0011080754268891e-19,0.0,0.0,0.007487511697933702,0.0,0.0023019379172253235,0.0013546325395483788,0.0,0.0,0.010654451900658701,0.0,0.027474677842276182,0.0,0.0,0.0,0.000675863075045338,0.009899182886955297,0.0,0.0,2.4026593810245337e-19,2.0022161508537782e-20,0.0026975283904794845,0.0010928852337226329,0.005543325014170975,0.0012705173891620993,0.0013100954209128099,0.0,0.0,0.0,0.016670629017847854,0.0,0.0012094121747983223,0.007054365882365752,0.0033529438071266864,0.010132412336153584,0.0,0.0,0.0076972289609386745,0.008332375559401018,0.00018613572048589014,0.011505074276679956,0.0008132521743815984,0.017938772828147882,0.0,0.0,1.2013296905122669e-19,0.0031424067508869277,0.0,0.0026121905161783387,0.0,0.015645038974087977,0.0595748491544342,0.0027526657520764173,0.0,2.083370782913756e-05,1.0011080754268891e-19,8.008864603415113e-20,0.003425850148454832,0.0016629091986506703,0.0,0.002254977313348872,0.0008562612388900679,4.0044323017075564e-20,2.0022161508537783e-19,0.0,0.0,0.0018916473021718856,1.6017729206830226e-19,0.0,0.0,0.005052023985109464,0.0,0.0,0.0001620233220889904,0.0,0.002610744508041991,0.0,0.0,0.0,8.008864603415113e-20,0.0031643207367749357,0.004208080280921537,0.0014478488609808793,0.011214789764707678,0.019374821312097043,0.0,0.0,0.0,0.0,0.0006301095753078705,0.0,0.0002593882474710809,0.003330528029982719,0.0011640818048706124,3.403767456451423e-19,0.0018759178570250216,0.0,0.0,0.004768154242929412,0.0,0.0019277809819312096,0.004474571939942562,0.0011123985756736,0.017869543192035972,8.008864603415113e-20,0.0,0.0,0.012376494292746721,0.007559105694181322,0.0,1.0011080754268891e-19,0.00010687136224792449,0.0,0.0010372561788182498,0.004428765537345126,0.0018839138286686017,0.00014827435496135132,0.0,0.0,1.6017729206830226e-19,4.8053187620490675e-19,2.4026593810245337e-19,0.0,2.8031026111952897e-19,0.0,8.008864603415113e-20,0.0290424950214426,0.02632183314148908,0.005984097428667129,0.0,0.038992573964875744,0.0,0.021388474089717547,0.012548971904052578,0.0,0.0,0.0,0.0034193105900436377,8.008864603415113e-20,0.018145232489325303,0.0009518432236045594,0.002360777814837523,0.02254106855946026,0.0331548547955933,0.0,0.018384538311642946,0.02112453254970084,0.0011008969871777355,0.0,0.007348115821239384,0.0,0.1225169667489294,0.14181303980625692,0.0,0.049765074671935534,0.0,8
glp_1e2141_sterile_8_CB4037_25.Rep_47,0.0020929729048921536,0.007210070555200635,0.0,0.0,0.0004925683698191081,0.00026571959866279645,0.0,0.0014567741178691852,0.0,0.0,0.0022067902879051742,0.021671731841876447,0.0024700164035153698,0.0,0.0,0.0007724731981890787,0.0008766901019912984,1.887932409458586e-06,0.0,0.011139246167013483,0.0,0.0,2.675467704191399e-20,0.0,0.0,0.0074996979833418876,0.0,0.002742483487918105,0.0,0.0,0.0,0.018644033187930106,0.0,0.024253745555222115,0.0,0.0,0.0,0.0,0.01200083717909292,0.0,0.0,0.0,2.271239431492916e-19,0.0016450710196835767,0.002583589993698312,0.0038024233303545385,0.0009082522567693196,0.0018344221366976062,0.0,0.0005472397445898367,0.0,0.009060540679640895,0.0,0.0,0.00042278800340134654,0.001377204617520954,0.04094413763241085,0.0,0.0,0.008390140763391306,0.005891975070768922,0.0,0.007696203195369648,0.00131228194138527,0.019102103799848603,0.0,0.0,0.0,1.5005884080030021e-19,1.5732913347473336e-19,0.0019347793728558508,0.0,0.008824476262427973,0.04358290025397561,0.00016229344744964286,0.0,0.000689202738648919,0.0,0.0,0.0034388194972398314,0.003428303419285517,0.0,0.005912200003804048,0.0007786356962475778,0.0,1.2214091693047691e-19,0.0,0.0,0.0016014557813552432,8.026403112574196e-20,0.00029139659037887575,0.0,0.006464376935555489,0.0,0.0,0.0020280375462826106,0.0,0.0016676053762399513,0.0,0.0,0.0,0.0016262947353654347,0.007921463418807713,0.0043504911783335265,0.0016080831228670728,0.020591452016714976,0.0208597811317524,0.0,0.0,0.0,0.0016745741640168447,0.0016417815709412213,8.317214819551523e-20,0.0002087846616490211,0.0028437399309608857,0.0010804473530308897,0.0,0.0028822364848805305,0.0,0.0,0.005331394924635158,0.0,0.003066316651056922,0.006179634074018157,0.0013936452520723211,0.010694989482497553,4.8856366772190763e-20,0.0,0.0,0.007995306608991315,0.009376730154623094,0.0,4.711149653032681e-20,0.0,0.0,0.0,0.0027877928724342874,0.0,0.001883266477221574,0.0,0.0,0.0,0.0,2.338126124097701e-19,7.968240771178732e-20,2.7045488748891315e-19,3.0766973002850415e-06,2.5126131482840965e-19,0.0,0.02671962354060306,0.005372504442926002,0.0,0.048745974230589004,0.004919345366703785,0.01259187649425883,0.014329375949925047,0.0014959425612295647,0.0,0.0,0.00447737258330201,0.0,0.04085656966304639,0.003081711766912275,0.0,0.024731062461656936,0.033895304409513445,0.007245228604908188,0.021362338805743265,0.022936294468909404,0.0010104201789040265,0.00882421697876312,0.01795584733312483,0.0,0.09523460929541712,0.1264935993464059,0.0,0.05959890257285922,0.0,8
glp_1e2141_sterile_8_CB4037_25.Rep_48,0.0008690845761948988,0.0034223978244373823,0.0,0.0,0.0,0.0,0.0,0.001158924823901366,0.0,0.0,0.0010035758341828225,0.019285583235577976,0.002380419131817627,0.0,5.8403504417895693e-05,0.001566712764267695,0.009300925293046328,0.0,0.0012638417923615064,0.01287879105145123,0.0,0.0,8.177172911139213e-21,0.0,0.0,0.008154149450600853,0.0,0.0016981722632822636,0.0007906174792625307,0.0024381193754271207,0.0,0.010544072431643695,0.0,0.045036435721872874,7.359455620025291e-20,0.0,0.0,0.0005236506340505411,0.009321556308126382,0.0,0.0,9.812607493367055e-20,0.0,0.0013052491418420447,0.0035775769210488507,0.0052179520509962095,0.0009228719164517237,0.00043770796843481125,0.00048145099941974913,0.001864508154408061,0.00010519466072036497,0.013187206810431642,1.6354345822278426e-20,0.0008157551312774836,0.0046786862065639956,0.004226772665047615,0.03711084009683687,0.0,0.0,0.005751350522826708,0.0077360673141533675,0.0,0.006089220184564178,0.0008750076651217565,0.0176276456760246,0.0008095032614094958,0.0,0.0,0.0,0.0,0.0014257207810558143,0.0,0.012691723407119446,0.06999617079876061,0.0026864681240053225,0.0,0.0005942455731623724,0.0,1.6354345822278425e-19,0.002334657411155547,0.0027451014105424614,0.0,0.005100789845219389,0.0005837977516879317,8.994890202253133e-20,1.4718911240050582e-19,9.812607493367055e-20,0.0,0.0008486491991550775,2.126064956896195e-19,0.0,0.0,0.005216087177401334,0.0,0.0,0.00013234262642361751,0.0,0.0020884273295703067,0.0,3.270869164455685e-20,0.0,0.0,0.007140334848998731,0.003166764351352245,0.0015566441785566116,0.014231759883417763,0.01891122170745513,0.0,0.0,0.0,0.0006411224680343587,0.0007348109210571843,8.177172911139213e-20,0.0003033696673709543,0.002034641478883743,0.0009019166717553013,0.0,0.002064155723362008,0.0,0.0,0.005063088579336347,0.0,0.001413691665776755,0.004361944225164673,0.0,0.018281142541352834,2.4531518733417637e-20,0.0,0.0,0.008132528840825574,0.006354203921678797,0.0,0.0,0.0,0.0,0.0007091967452258834,0.001145287146130113,0.0007114583938234057,0.0008629255784025734,0.0,0.0005859140419550877,6.214651412465801e-19,1.308347665782274e-19,5.233390663129096e-19,0.00022350831958437627,0.0,0.000905203053303422,0.0,0.006500144573679381,0.02433522992502789,0.004984996056265143,0.0,0.0400252338886207,0.0,0.009865937210100798,0.013903213558639986,0.0002700215008680815,0.0,0.0,0.002179743543473287,0.0,0.06315926441359859,0.003483623528982257,0.0,0.03036315726522994,0.036358366305775366,0.0034131318549192693,0.019401428875674646,0.021077480673211312,0.0010858444590498635,0.00045554869007101716,0.016768512977457954,0.0,0.09067669326944786,0.11838746617688765,0.0,0.0419079440214533,0.0,8
glp_1e2141_sterile_8_CB4037_25.Rep_49,0.005314637789978382,0.006253901476937959,0.0,0.0,0.0004138011406336882,3.155899782543677e-05,0.0,0.0012803015013619524,0.0,0.0,0.0016385865467374316,0.015045498059144591,0.0027697401329669345,0.0,0.0,0.00017925965166254505,0.0031268889197817477,9.454974941818341e-20,0.0,0.013758332316718459,0.00148259840299168,0.0005876843835614883,0.0,0.0,0.0,0.006388953764017215,0.0,0.002369300067629204,0.0011343906717400786,0.0,0.0,0.016950129159614746,0.0,0.04558266339663384,4.254738723818253e-20,0.0,0.0,0.0,0.01444109555400401,0.0,0.0,0.0,0.0,0.001033928749244251,0.0026249565079681037,0.002647939859031464,0.0003166155652714827,0.0017321710948406514,0.0,0.0,0.0,0.010986057033766842,0.0,0.0009550288815854548,0.007978357580285929,0.009642105186767912,0.02189452323889508,0.0,0.0,0.007051258627545268,0.005317629061977766,0.0,0.009027046902873924,0.0006327064636659763,0.018929161520835836,2.836492482545502e-20,3.1201417308000525e-19,0.0,1.890994988363668e-20,1.7964452389454848e-19,0.0027192530025714583,0.0,0.013059272773107913,0.06264347041422302,0.0,0.0,0.0,2.4582934848727686e-19,2.3637437354545854e-19,0.0020129440927369687,0.002710473722312484,0.0,0.00716777460036262,0.0005023304032341237,7.563979953454672e-20,2.269193986036402e-19,1.9855447377818516e-19,1.087322118309109e-19,0.0014766823247424786,1.8909949883636682e-19,0.0021095204399293036,0.0,0.0056068264423053404,0.0,1.134596993018201e-19,0.0021487710433080415,0.0,0.001571854733854942,0.0,0.0,0.0,0.0003876221939166563,0.0042291733161206446,0.002164928209320658,0.0007694660713146171,0.019869041199850036,0.02557988822462448,0.0,0.0,0.0,0.0,0.0,0.0,0.000350775583966529,0.0025775786780710902,0.0011068574924818747,0.0,0.004765401410965287,0.0,3.2146914802182357e-19,0.006694669277322043,0.0,0.0027064397694963192,0.0049282986527963155,0.0010577149242937828,0.023628878557229206,1.418246241272751e-20,0.0,0.0,0.0067585506086410806,0.00954688008009523,0.0,0.0013300994778258923,0.0,0.0,0.0,0.003284944616240656,0.0,0.0,0.0,0.0,7.753079452291039e-19,4.16018897440007e-19,1.3236964918545677e-19,0.0,0.0,0.002891161037397849,1.3709713665636595e-19,0.03706721831070896,0.02304899933036742,0.0029763061285815115,0.0,0.04004664199309054,0.0007762934866558974,0.00896684322669975,0.0008973669442522344,0.000751615782304159,0.0,3.498340728472786e-19,0.003480179869877385,2.836492482545502e-20,0.030771871948741498,0.009704465522669547,0.0,0.03171328670181413,0.027832570383072963,0.0009730595154289803,0.022152575046969665,0.023047995937610866,0.001011435764697365,0.0,0.017086844756708023,0.0,0.11207352640960683,0.0969983753954636,0.0,0.04074617596152232,0.0,8
glp_1e2141_sterile_8_CB4037_25.Rep_5,0.004047142225346212,0.005677260942949546,0.0,0.0,0.0007061516522979901,0.0,0.0,0.0014436843227640524,0.0,0.0,0.0015747751285304888,0.018348519812463562,0.003147467904618348,0.0,0.0,0.0005712709293315073,0.0042296473891136,0.0,0.00034126159894315943,0.01662531572966322,0.0007704689250158805,0.0,5.3737272847768646e-20,0.0,0.0,0.00950667625633336,0.0,0.0009072401931076242,0.0008935809947560297,0.0,0.0,0.01537344119232567,0.0,0.04591313603475349,0.0,0.0,0.0,0.001624086213963381,0.005621043650966906,0.0,0.0,0.0,0.0,0.0014357442421469768,0.002358868164676757,0.004284759211766205,0.0010632755696649856,0.0014602548327782147,0.0016485840020813577,0.0,0.0,0.01448786166939589,2.312984031773061e-19,1.4245446858700934e-19,0.004772487312224841,0.0060009702526744625,0.010359774880392891,0.0,0.0,0.005735505485072682,0.01166297249897875,0.0,0.009805241418704052,0.0005051203553401442,0.017824449949175935,0.0023304261604397657,0.0008649995860219254,0.0,7.148071199561679e-20,2.3180535858153034e-19,0.0017081754797763804,0.0,0.01067414187429099,0.04638142229729844,0.0011528794548988442,0.0,0.00024156113579438477,3.5968485929709296e-19,0.0,0.0018757841192772375,0.0030569988146347824,0.0,0.008934081401692285,0.0004735520340313153,0.0,3.926369605716681e-19,4.245751510377947e-19,1.2851319497084294e-19,0.0015796901852002338,2.0531693871081416e-20,0.0,0.0,0.005099201040650957,0.0,0.0,0.002442956222729887,0.0,0.0017479968372269776,0.0,0.0,0.0,0.0029703330791379886,0.007318901468525753,0.0038026859654152053,0.0016346963430510038,0.02492030666738546,0.025178927244597707,7.680374373997123e-20,0.0,0.0,0.00044457549735655693,0.0012715866865174105,0.0,0.0,0.0035953459382374077,0.0008050600434464716,0.0,0.003876716449454401,0.0,0.0,0.004664307364086316,0.0,0.001952182364126454,0.006685126230362053,0.002406649010385348,0.020576501441772307,0.0,0.0,0.0,0.010744974012200943,0.010400758672103971,0.0,2.5221031360155568e-20,9.862316141367485e-05,0.0,0.0006310198992364763,0.001154643611143649,0.0032046323303751637,0.0020397383281816187,0.0,0.00028317003518280016,0.0,2.519568358994436e-19,2.7831851691910367e-19,0.00024700826783353216,2.2356733326288656e-19,0.002480285304040376,0.0,0.0,0.02087178784974429,0.0034754795855753413,0.004019473608506382,0.04044275053687288,0.003498508901379697,0.01949367349720824,0.018774687041951673,0.0014692048907217325,0.0,1.105162781208827e-19,0.002035247874573375,0.0,0.015011586995628263,0.0,0.0013797189514232892,0.03835300210476883,0.05456876181227344,0.014527407055462186,0.017656107926976885,0.021327268231574287,0.0006179713358675957,0.004558536856233519,0.01770969085569804,0.000895605913372286,0.08635906677781342,0.10994391462509848,0.0,0.040329883769423196,0.0,8
glp_1e2141_sterile_8_CB4037_25.Rep_51,0.0036137944073047806,0.007460772311990337,0.0,0.0,0.00013552866400166493,0.0008951356263411857,0.0,0.001978836465550683,1.098489843474831e-19,0.0,1.5692712049640445e-20,0.02126265689124874,0.0032536195229749217,0.0,0.0,0.004185820821873616,0.0009720977705859749,0.0,0.00258223860163211,0.008936775904078714,0.0013961272674266696,0.0,1.9877435262877895e-19,0.0,0.0,0.007781347810647611,0.0,0.0027546733929918084,0.002014791404506002,0.0,0.0,0.013447363240114349,0.0,0.022538803129339015,3.66163281158277e-20,0.0,0.0,0.0006814148971583743,0.00019784031484475098,0.0,0.0,1.5692712049640444e-19,1.2031079238057674e-19,0.002296286620757512,0.005010909167337364,0.005321995545110595,0.0,0.0,0.0,0.0008790103100193575,0.0007434759238854093,0.015413620367436594,0.0,0.001144069500051404,0.0,0.002305106753371008,0.002709739133956994,0.0,0.0,0.007304481568859168,0.007731942913764528,0.0,0.006686111659401568,0.0007852997778809928,0.010044952566447083,0.00029374177362875966,0.0001258732665892939,0.0,0.0,6.277084819856178e-20,0.0034213747940375796,0.0,0.014768239276907994,0.03399893929875071,0.0005500689673584256,0.0,0.001038565914469254,0.0,0.0,0.0045151345864247235,0.004445396294523571,0.0,0.009988368919170754,0.0008124609419476566,0.0,0.0,2.196979686949662e-19,7.846356024820222e-20,0.0021133122061976145,0.0,0.002582817901666803,0.0,0.005746929121474573,2.406215847611535e-19,0.0,0.00016931807206293036,0.0,0.002850427367159571,0.0,0.0,0.0,0.0038598284987751627,0.008696014021177513,0.0025877013821321328,0.0006133667465046678,0.01787443242623207,0.028069015759935957,0.0,7.846356024820222e-20,0.0,0.004807260608151805,0.0,0.0,0.0003881286671552391,0.0009313540591192873,0.001213089355923502,0.0,0.00436813968424434,0.0,8.369446426474904e-20,0.006708393802273206,0.0,0.004504015292898554,0.007603249689884924,0.002326330099300907,0.01884355000472647,6.80017522151086e-20,0.0,0.0,0.004762205582059045,0.005194134897170647,0.0,0.0,0.0,0.0,0.0009680633838836948,0.004252302122024108,0.0020567408347776277,6.717642708910327e-05,0.0,0.0,0.0,0.0,1.464653124633108e-19,0.0003299127518608584,0.0,0.0031990324619727865,0.0,0.0,0.031443361635320626,0.004556705415353882,0.001371600009764184,0.047630414499280745,0.00203828812765324,0.024241255123627015,0.02258655640278955,5.3795789989097355e-05,1.5622683098886955e-05,2.8246881689352797e-19,0.0,2.092361606618726e-20,0.015769630496925594,0.005678027315612225,0.0,0.04744495897072307,0.056520574540172154,0.0007207463041339858,0.022027779339185455,0.00978538529797575,0.001379492829272974,0.0028268917486039295,0.016378214070775263,0.0,0.10358304252177024,0.13495749160251597,0.0,0.0528791177609214,0.0,8
glp_1e2141_sterile_8_CB4037_25.Rep_52,0.0027541532024873126,0.006724283108506121,0.0,0.001627281479430572,0.0005963728306851637,0.0,0.0,0.0006594849768268699,0.0,0.0,0.001649216421443382,0.027647468990009944,0.003262409439301684,0.0,0.0,0.0035844111468032094,0.0,0.00022419131337767214,0.0,0.018081111631485732,0.0,0.0,0.0,0.0,0.0,0.00619244505839087,0.0,0.0024448377448139462,0.0,0.0,0.0,0.008270520051842445,0.0,0.0228395320397544,3.8346777959861194e-20,0.0,0.0,0.0,0.009069235276417502,0.0,0.0,0.0,0.0,0.003008290853769583,0.0024552486166425206,0.005803697074091987,0.0010226667343655033,0.0005765490025918444,0.0,0.0,0.0,0.01079717708468159,0.0,0.0013401496179548267,0.002943497660857841,0.0034420935045200002,0.04163230345813845,0.0,0.0,0.007970240605007126,0.011026446586496836,0.0,0.012779694232223552,0.0009802286822149391,0.015660584172106997,0.0,0.0,3.990134146225844e-05,0.004007605888296179,0.0,0.002698391123361032,0.0,0.015381636746308103,0.04151928989687207,0.0026139516480266052,0.0,0.0003417457422474732,2.5199311230765927e-19,0.0,0.004793677257318945,0.004560742166982405,0.0,0.008435592396462209,0.0008828252248432653,1.588652229765678e-19,0.0,0.0,2.191244454849211e-20,0.001995281524467471,1.3147466729095265e-19,0.0,0.0,0.006330967478760072,0.0,0.0,0.00017731986925205643,0.0,0.0037114440107197505,0.0,0.0,0.0,1.1126668109643203e-05,0.004848226476406939,0.003487180548493661,0.0014850104440408847,0.013795252261865242,0.01978845214571751,0.0,0.0,0.0,0.0,0.0,3.8346777959861194e-20,0.0004064712270487148,0.0029343751583082245,0.0009225008619395382,0.0002700826234184308,0.0010221792748288626,0.0,2.739055568561514e-19,0.005501404089680153,9.86060004682145e-20,0.004109177967248272,0.00533573383869832,0.0008815434109403261,0.018286136747016363,0.0,0.0,0.0,0.011579762269127478,0.007560780562173078,0.0,4.930300023410725e-20,0.0001966166120741032,0.0,0.001196663461473598,0.004246753431549954,0.0,0.003044584146240165,0.0,0.0,7.450231146487317e-19,0.0,2.191244454849211e-19,1.4243088956519872e-19,0.0,8.591344103260315e-06,3.8346777959861194e-20,0.010233013770871649,0.0315529409041002,0.005814689740481067,0.0,0.042044569342420075,0.0,0.010029597796521404,0.004530376326526632,0.0,0.0,7.669355591972239e-20,0.0011016116488348898,0.0,0.013811308209766412,0.0006399175350574294,0.0,0.02318328953861418,0.041690418754661354,0.0,0.017844097557579174,0.014928991799563198,0.001005919929231889,0.002835387856339345,0.010131155679614106,0.0,0.12232496992634287,0.14894001512017996,0.0,0.051882928080171135,0.0,8
glp_1e2141_sterile_8_CB4037_25.Rep_53,0.0029367547676547963,0.00274211571290726,0.0,0.0,0.0005076111890502992,0.0,0.0,0.0006187991191446047,0.0,0.0,0.0013743851544805873,0.015877857022806943,0.0019899094888055882,0.00046626557674759575,0.0,0.0,0.00414278773944032,0.0,0.0,0.01331281237828522,0.001774669000348988,0.0,5.119792098406499e-20,0.0,0.0,0.005208058740361192,0.0,0.0008191769093188175,0.0014557911507116403,0.0,0.0,0.007081856884888552,0.0,0.025572450302230623,0.0,0.0,0.0,0.0,0.01292202629849776,0.0,0.0,2.5598960492032494e-20,0.0,0.0011712969793813324,0.0027204159033295838,0.0004577807013482348,0.0005471673936393349,0.001651846610127395,0.0,0.0,0.0009265585168391111,0.014071163502784083,0.0,0.0005813653993159802,0.0046963641244950685,0.018711650657788584,0.005156684421226647,0.0,0.0,0.005197487549313643,0.003075976766487076,0.0,0.00994218154574656,0.0004040615150572862,0.017936590083456227,0.0,0.0,0.0,1.1519532221414621e-19,0.0,0.0011056038920774557,0.0,0.009764630033424272,0.041322557686545004,0.0,0.0,0.00045510119471370053,0.0,0.0,0.004413636080231593,0.0020687187238882625,0.0,0.007439251322012081,0.0004002065211790831,9.386285513745248e-20,0.0,6.826389464541998e-20,0.0,0.0009130428847208056,1.1092882879880747e-19,0.0,1.7065973661354996e-20,0.002589561065459497,0.0,0.0,0.00012423507186299878,0.0,0.001492248288027776,0.0,0.0,0.0,0.0016320105490094025,0.007131786404952069,0.0010853888140350465,0.001277728202415681,0.016743381915402655,0.015032049328065589,0.0,0.0,0.0,0.0013980275269158335,0.0006612773240993866,0.0,0.00031657021376874913,0.002249806655830307,0.0007698431140952956,0.0,0.00279153116011278,0.0,0.0,0.004574828965979719,0.0,0.002760851823587906,0.0058066894990101816,0.0007031629555782733,0.013352303155638517,0.0,0.0,0.0,0.007644806678389222,0.008284491723171826,0.0,1.0666233538346872e-19,0.00012120959694658495,0.0,0.0005392016190585478,0.0025178961451116613,0.0007751970394394342,2.2011455241905686e-05,0.0,0.0,0.0,0.0,0.0,0.0,0.0,0.0025763697675759392,0.0,0.06642879383361418,0.027713510916714198,0.0,0.0,0.056186881508675485,0.000612314755810526,0.0088389763132785,0.002963222762402275,0.0,0.0,0.0,0.007408206219156397,0.0,0.023444898174244014,0.0017028986335515767,0.0,0.02633066816943817,0.037851434923065405,0.0007556156355295762,0.019004895177739144,0.022893041605024183,0.0005995757828662223,0.002705934017119238,0.01830481068049609,0.0,0.1271660081290628,0.13298298023441693,0.003800966451006962,0.05339523257319622,0.0,8
glp_1e2141_sterile_8_CB4037_25.Rep_54,0.0029494809658505913,0.00665680254540756,0.0,0.0,0.00016779934048068807,0.0,0.0,0.00226131383814521,0.0,0.0,0.0023524309379491276,0.03044411214323924,0.003705298315799796,0.0,0.0,0.003746151320831488,0.0027465226116867377,0.0009336761582924584,0.0007029222454669519,0.019098851072141827,0.0,0.0,0.0006323178519289715,0.0,0.0,0.008201882999017023,0.0,0.0034483481426511304,0.0011696627667979016,0.0,0.0,0.013091803042113697,0.0,0.0236315046938052,7.888271159874044e-20,0.0,0.0,0.0,0.013631609446469718,0.0,0.0,1.0517694879832058e-19,0.0,0.0022470054113962914,0.00291999627640772,0.005165710092581387,0.000780450023674481,0.002235562727363562,0.00015739990485928173,0.0,0.0003154521293361034,0.009830770912503995,0.0,0.0,0.0028874574800262843,0.004195820538820027,0.02216676359783926,0.0,0.0,0.007247231153296875,0.007749099832982058,0.0,0.011370321230995338,0.0007536404565481143,0.0180266372272506,0.0,0.0,0.0,0.0007241404845655928,0.0,0.0029679655642178638,0.0,0.0020046373427089694,0.03136015811203321,0.0013953949255383735,0.0,0.0006265665983265099,6.310616927899234e-20,0.0,0.003150435943308843,0.004478700425171879,0.0,0.009831656856338977,0.0007932699014226648,0.0,4.207077951932823e-20,0.0,0.0,0.00196507769375903,0.0,0.0,0.0,0.00614556568661018,0.0,0.0,0.00017022256707120177,0.0,0.0026347630144003113,0.0,0.0,0.0,0.0,0.006476227122108025,0.0,0.0014582017408812538,0.026626975488487564,0.02232657486242528,0.0,0.0,0.0,0.0016713432297101238,0.0,0.0,0.00039020204560640947,0.003837322367310531,0.0014464808607894959,9.465925391848853e-20,0.005635139051412979,0.0,0.0,0.006011576799601787,0.0,0.0027324629894177636,0.008437289890600124,0.0023566333568389025,0.016864742162462382,0.0,0.0,0.0,0.011614687248589816,0.009837416996845783,0.0,0.0,0.00011715004628344323,0.0,0.0,0.0037883752003771386,0.00024877331526590305,0.0,0.0,0.0,0.0,0.0,0.0,0.00045004384727483646,0.0,0.0015215793219963121,0.0,0.0,0.02801720888704925,0.011182860268798792,0.0,0.048143285953372146,0.0012133390727494739,0.013273057324156356,0.0019707237613409297,0.0021459360961168118,0.0,3.155308463949617e-20,0.0025242511818365475,2.1035389759664116e-20,0.004520187493023894,0.010758907790993715,0.0,0.017588181969601078,0.031014883994989625,0.008160626816797264,0.021032667080109826,0.02135355070924652,0.0011640040449845813,0.0036723668885592967,0.02095834150510919,0.0,0.1072148121700488,0.14274043692333147,0.0,0.06163080757406824,0.0,8
glp_1e2141_sterile_8_CB4037_25.Rep_56,0.003377458319196182,0.006268381413961124,0.0,0.0017937312742343473,0.00015122125979527906,0.0,0.0,0.002415942134433895,0.0,0.0,0.0032344219325231714,0.01973960780027316,0.00323035825651898,0.0,0.0,0.0009545010582953636,0.002913347591523802,0.0,0.0008158027640389758,0.01658006135429203,0.002491227855692289,0.0,1.2430629977962557e-19,0.0,0.0,0.010161137749897325,0.0,0.003106711131192282,0.0008434899333303337,0.0,0.0,0.02769579287693763,0.0,0.03804144927459275,0.0,0.0,0.0,0.0013918286721114868,0.01528851266237447,0.0,0.0,0.0,0.0,0.0013618436701584734,0.005436275846827493,0.0024923044867676443,0.00016367836496162378,0.0,0.0,0.0,0.0003630739109908895,0.014840496550768335,0.0,0.000935767292013886,0.0038086744192504353,0.0043839130214003465,0.01796638841008687,0.0,0.0,0.006319836533701539,0.00812495836235971,0.0,0.010147213144150728,0.00045714298164597225,0.013664595177295754,0.0,0.0,0.0008610234875761203,0.003877514206763615,8.079909485675661e-20,0.0019041787194669134,0.0,0.004895299730902889,0.01918031658917206,0.0,0.0,0.0004088400016876454,0.0,0.0,0.004126280661617627,0.002899587327846232,0.0,0.010432549750445264,0.0004758249953771926,0.0,4.37558175224282e-20,0.0,1.6408431570910573e-20,0.0009550465782681244,8.452828385014538e-21,0.0007017792953659316,0.002531261242027232,0.004014153718893857,0.0,0.0,0.006837109141178123,0.0,0.0022653841712818976,0.0,0.0,0.0,0.0012491101369722646,0.00893027795535587,0.0022829043179646543,0.0012365160213301753,0.0346855027788823,0.026673560764986323,0.0,0.0012278687499485514,0.0,0.0020254186599213643,0.0,0.002275009426814218,0.00029514952398191924,0.002297215359521549,0.0025668867629094483,0.0,0.0065457680741532525,0.0,0.0,0.005151425939136803,0.0,0.0029198378658201723,0.01025505711024785,0.0018610383172757753,0.013992545030036108,0.00023122491195020855,0.0,0.0,0.010420881963045477,0.007491345979628888,0.0,0.0019238149429964665,0.0007074866460161735,0.0,0.0005760318488635152,0.0009611611366316513,0.0009099555645351177,0.00015689789766447915,0.0,0.00044110912178244965,0.0,0.0,3.729188993388767e-19,0.0,1.2530075017786256e-19,0.002236042438924155,0.0,0.0,0.03499100363056426,0.008367022890232336,0.0,0.06109085575329551,0.0008805311902896985,0.006720214471030092,0.0,0.0015942995357940096,0.0,0.0,0.001213218940977999,1.4270363214701014e-19,0.010309182813274271,0.008167698948276129,0.0008678011911666698,0.023309120040268392,0.027292373438449664,0.015586036472041842,0.012223029061425823,0.017102697459330858,0.0,0.0057610519932881,0.04094068224645302,0.0,0.07855150665738782,0.11191063087546997,0.002524438416672334,0.05948708736790255,0.0012551742536461696,8
glp_1e2141_sterile_8_CB4037_25.Rep_57,0.0009110407033853711,0.002335377991994914,0.0,0.0,0.000669150294594657,0.0,0.0,0.0,0.0,0.0,0.0022668183026597114,0.013408375623512893,0.0018431501776978085,0.0,0.000955554622114296,0.0037060824956663928,0.003392270040736129,0.0005834059252098565,0.0,0.016767881516606672,0.0037860972509169144,0.0,7.928185661176383e-20,0.0,0.0,0.007446140198589307,0.0,0.00021718661719369182,0.0,0.0,0.0,0.011665509286248677,0.0,0.03211846863234564,0.0,0.0,0.0,0.0,0.014350599031504697,0.0,0.0,0.0,2.973069622941144e-20,0.0013076884453851593,0.0007584360431470517,0.0029723389505785743,0.00028249847428812516,0.001791381720350692,0.0,0.0,6.734617231209237e-05,0.011659679072455607,0.0,0.0,0.007436070610389868,0.019799189279022588,0.017406878593844505,0.0,0.0,0.006517500103094313,0.006542092285380306,0.0,0.012878149106442773,0.0013962034824372904,0.017398574818997096,0.0,0.0,0.0,0.0,1.0405743680294003e-19,0.0014226276151915766,0.0,0.014277405578801625,0.0817308512136932,0.0,0.0,0.0,8.919208868823431e-20,0.0,0.0009010607840987865,0.0008167739277177193,0.0,0.0064874991592004955,0.0005631493777018386,0.0,0.0,0.0,5.450627642058763e-20,0.001171442258665321,0.0,0.0,0.0,0.0017873698927861664,0.0,0.0,0.000584174396115595,6.420582925920731e-05,0.003020639284385502,0.0,0.0,0.0,0.0019301475120381529,0.003576531061848286,0.004531013281612032,0.0016765255759781264,0.012513807433592131,0.020679320812169753,0.0,0.0,0.0,0.0,0.0,0.0,0.00036766543171813144,0.0034744762717120307,0.00048277166084208283,0.0,0.00274943231416725,0.0,0.0,0.005429156931513539,0.0,0.003766898500498385,0.005168021941358704,0.000461337429765946,0.021266009574075168,0.0,0.0,0.0,0.013025923614562816,0.011806418884505735,0.0,0.0,0.0,0.0,1.7838417737646862e-19,0.003092297001873511,0.0001841925956519185,0.0,0.0,0.0,3.9640928305881916e-20,0.0,9.910232076470479e-20,0.0,0.0,0.0009507561955452525,0.0,0.0,0.025438716814616083,0.0023726098914187044,0.0,0.04610780148980302,0.01994754352353999,0.017506311911225342,0.02545530660432226,0.0,0.0,0.0,0.00442154706352983,0.0,0.013001824221022206,0.0,0.006684051061583198,0.016933256000667744,0.018287362108144564,0.0,0.016169615407247456,0.022239248845602036,0.0010368940672708805,0.009633675042682763,0.018308437820436903,0.0010677503560768808,0.09291198403652204,0.1276180936831821,0.0,0.060260930839356394,0.0,8
glp_1e2141_sterile_8_CB4037_25.Rep_58,0.003887819693309379,0.0041548246056803805,0.0,0.0,0.0007408940502074742,0.0,0.0,0.0018994813907816847,0.0,0.0,0.0004070382957947577,0.015152676386334532,0.00343257301540578,0.0008515613102795341,0.0,0.002200037392788863,0.0018222222019794294,0.0003167929314415677,0.0012138282292049566,0.011075332185497755,0.0004548962416822908,0.0,4.3503078658449175e-20,0.0,0.0,0.008650308067689306,0.0,0.002234166337791317,0.0,0.0,0.0,0.013917774970120112,0.0,0.020246840264599344,4.3503078658449175e-20,0.0,0.0,0.0005435038022068458,0.006743243455493179,0.0,0.0,2.1751539329224587e-19,2.1751539329224587e-19,0.0015868683998276783,0.00301940751149106,0.003229579366385399,0.000313683714988866,0.0001422963780895198,0.0,0.00269366114636848,0.0,0.015745776185921274,0.0,0.0010564110562822113,0.0016168500602648643,0.005095535990363025,0.025099355412976997,0.0,0.0,0.007225787611651247,0.006398736660093303,0.0,0.005110008472875925,0.00065804921046367,0.01698089272752777,0.0,0.0,0.0,0.0017980339084355261,3.3714885960298107e-19,0.0020265937012511545,0.0,0.014047394626862504,0.04852087760644866,0.0018077569576428402,0.0,0.0005571087391916388,0.0,0.0,0.0034865321472034956,1.9576385396302127e-19,0.0,0.0096249318206763,0.0008696834536821197,0.0,0.0,0.0,0.0,0.0013864301266856293,0.0,0.001713777206024128,8.700615731689835e-19,0.004901529691229131,0.0,1.740123146337967e-19,0.0001760177921433456,0.0,0.0020264986188328242,0.0,4.3503078658449175e-20,0.0,0.0009071125985813228,0.00519950882210099,0.003506152863233635,0.0010140947211399335,0.017105761612419307,0.024869419259504904,0.0,0.0,0.0,0.001331019973797238,0.0,3.262730899383688e-19,0.0004034864691514624,0.0026068830334866322,0.00046317179026846695,2.1751539329224588e-20,0.0003928713146462905,0.0,3.262730899383688e-19,0.006162341868483874,2.61018471950695e-19,0.003560850287603992,0.004565249724060635,0.0008945493218541705,0.018043174033496135,5.437884832306147e-20,0.0,0.0,0.008107157689606832,0.006379329093564286,0.0,0.0,0.0,0.0,0.0008526965279489903,0.0035604925511973965,0.0004784503071132429,0.0028062734442555045,0.0,0.0,1.1745831237781277e-18,6.960492585351868e-19,0.0,4.3503078658449175e-20,0.0,0.0005162663409094983,1.522607753045721e-19,0.0006238330278424041,0.03303190031242796,0.005149737217417886,0.0,0.04859930980459687,0.0028867063458750735,0.020849327361666236,0.019490885413785925,0.0,0.0,0.0,0.0009253921075825303,0.0,0.017856846127777447,0.009450078794602561,0.0005969912842214523,0.025629082203450008,0.030098262933025335,0.003836759520852963,0.01914053104217376,0.016263214821378272,0.001286747944204643,0.00414525040110777,0.02569703371741025,0.0,0.11622480387533261,0.14507631734794948,0.0,0.05055279361672478,0.0,8
glp_1e2141_sterile_8_CB4037_25.Rep_59,0.0028985863976910215,0.002137823364342186,0.0,0.0,0.0005059406198228276,0.0,0.0,0.0007708754748929367,6.960386824860735e-20,0.0,0.001863257350928125,0.01771058959013873,0.0019573529413387434,0.00039878523356642935,0.0,0.0,0.004274761972423653,8.700483531075919e-20,0.0,0.018293426101705444,0.0006740759253878551,0.0,0.0,0.0,0.0,0.005333042582028034,0.0,0.0023879515071592006,0.0008914585040778209,0.0,0.0,0.00870275761565645,0.0,0.044931948073288173,0.0,0.0,0.0,0.0,0.016819086443823985,0.0,0.0,5.2202901186455516e-20,0.0009332707731105143,0.0019124807041264904,0.0022752390353055793,0.005741991177980863,0.0008553312980931228,0.0016747994007982746,0.0,0.0,0.0006180438770140195,0.007654013784548135,0.0,4.1762320949164413e-19,0.005187934846076659,0.01291907148671869,0.03283765338323736,0.0,0.0,0.003256784176803581,0.010386476176009855,0.0,0.013118973983234923,0.000760927980226695,0.01980213113273069,0.0,0.0,0.0,0.0009034294743074305,6.090338471753143e-20,0.0008625172145588349,0.0,0.011317113644500157,0.037993755809340814,0.00010038852338159912,0.0,0.0,0.0,2.262125718079739e-19,0.0017985811289721021,0.0016303385953021995,0.0,0.004302178543238306,0.0006645300541051262,1.9141063768367022e-19,0.0,0.0,0.0014934111467773431,0.0011616273492881348,5.2202901186455516e-20,0.0,0.0,0.0029265001240164823,0.0,1.392077364972147e-19,0.000788920491540318,0.0,0.0019303085835904899,0.0,1.392077364972147e-19,0.0,0.0019829076601571146,0.004027118736240649,0.002794092626174184,0.0012138856047010573,0.012920726589818365,0.014744887589504067,0.0,0.0,0.0,0.0,0.0,0.0,0.0020786456131191362,0.002683287968640841,0.0001443521831150571,2.262125718079739e-19,0.0018316708305123595,0.0,0.0,0.004794899361585994,0.0,0.004035217003572349,0.004478527391860116,0.0012619551986819918,0.014107468365862703,0.0,0.0,0.0,0.016105620420413008,0.009504590970489158,0.0003296426586462429,9.570531884183511e-20,0.0,0.0,0.0,0.00338022152636902,0.00010371729723646528,0.004190229365652943,0.0,0.0,6.960386824860735e-19,1.392077364972147e-19,3.132174071187331e-19,4.4151314919873895e-05,0.0,0.002462981094526498,0.0,0.05042197305216518,0.023820682410613966,0.004820352388842751,0.001243053877909267,0.03811288471423216,0.0010169598021400029,0.021106136921491332,0.021582650854327524,0.0,0.0,8.700483531075919e-20,0.006756241821874301,1.5660870355936655e-19,0.011470198896308225,0.0009114032031697987,0.0001226395901049217,0.02730331649377084,0.029938975296726976,0.003109016406644216,0.023117424573649636,0.02277572052567137,0.0,0.0,0.006245362686420969,0.0,0.11203068701386153,0.11841256281053646,0.002862396168427547,0.04523811952210546,0.0,8
glp_1e2141_sterile_8_CB4037_25.Rep_6,0.001639456414536379,0.0002947484512711401,0.0,0.0,0.00037599440507850887,0.0,0.0,0.0014848500863839222,0.0,0.0,0.0028133711929495043,0.01626731244052888,0.0007894645760297993,0.0007165507467095693,0.0043695530616202965,0.0,0.004451262443261538,0.0,0.0,0.016517001725902297,0.0034460357401064332,0.0,0.0,0.0,0.0,0.00850594677458833,0.0,0.0022868181459781835,0.0008171049942305986,0.0,0.0,0.006406137243171675,0.0005621107972372146,0.05037340715738674,0.0,0.0,0.0,0.0,0.00901494252071783,0.0,0.0,0.0,0.0,0.001518015685471805,0.0,0.0030635112936612395,0.00016621576934361658,0.0014058305305011262,0.0,0.0,0.0,0.019019051552036828,0.0,0.0,0.003756059891880607,0.017501504761817173,0.07338358415580482,0.0,0.0,0.01019522416310139,0.010929323853672923,0.00017365931386889008,0.012196627372557054,0.0008053788577242612,0.018702441327695926,4.79365978915372e-05,0.0,0.0,0.0,0.0,0.0019947832769210312,0.0,0.008994282176230273,0.03045470432824755,0.0,0.0,0.0,0.0,0.0,0.0021334772861887345,0.0026657148564891726,0.0,0.010240618878764983,0.0005245876666824824,1.8119434873767325e-20,0.0,0.0,0.0,0.00021859844599564216,3.623886974753465e-20,0.000481320260143692,0.0005481794588299073,0.0011276987909272194,0.0,0.0,0.004805350246386073,0.0006050060182980889,0.0027964298874497925,0.0,0.0,0.0,9.059717436883663e-21,0.004117394041583585,0.0004975513025052972,0.0016111008232394515,0.002791561274961707,0.02282609497032973,0.0,0.0,0.0,0.0009613462008214504,0.0,0.0,0.0003361116971806003,0.0031804261557620496,0.0016443050465584604,0.0,0.006945142695097309,0.0,3.623886974753465e-20,0.005218918750874207,0.0,0.0037801686975927323,0.007688305929192521,0.0025856849723101573,0.011529565935828306,2.7179152310650987e-20,0.0,0.0,0.011538189066595811,0.013059350487330089,0.0,0.0,8.069738931080038e-06,0.0,0.0,0.001438825330967903,0.001339218687475028,0.0004829092766572337,0.0,0.0003055525228473486,0.0,1.449554789901386e-19,0.0,0.0006189862632195648,0.0,5.435830462130197e-20,0.0,0.0,0.026567827951871903,0.0012144162600842001,0.027087133059312037,0.06207886090465121,0.002184061631883537,0.030618871291744485,0.019139572364955275,0.0015407554170685067,0.0,0.0,0.0019483719650353734,0.0,0.0033641036621402986,0.0,0.005803240887449638,0.013990769867044627,0.011174548064905159,0.009252190459492592,0.02757743363135134,0.020385468377485283,0.0008879692357028674,0.010329826086260261,0.024609139461863713,0.002490366461770031,0.07689223926260083,0.06331867440246548,0.0,0.08145219380272699,0.0,8
glp_1e2141_sterile_8_CB4037_25.Rep_60,0.0038616019381069464,0.003234069291079489,0.0,0.0,0.004680488839747635,0.0,0.0,0.0,0.00043018017573238817,0.0,0.0020999241203144073,0.018840967652641236,0.002225847424946564,0.0,0.00025721180060296833,0.0,0.005038844476290388,0.004362325074774795,0.0,0.015804324715747955,0.0005882589573373327,0.0,0.0,0.0,0.0,0.015247475284836281,0.0,0.0013071015265646844,0.0008949174677913326,0.0,0.0,0.013904660578419424,0.0,0.045983840077306194,0.0,0.0,0.0,0.0015370886881803127,0.003898811742869361,0.0,0.0,0.0,2.136295896819253e-19,0.0009400661711789944,0.008299343617749907,0.004140083325996254,0.0,0.001386149490281583,0.0,0.0,0.0,0.017020046089818656,9.757776383033965e-20,0.00047571819127755274,0.0019748179192432794,0.008893896417328236,0.0,0.0,0.0,0.007355659794790559,0.008428745643265977,0.0,0.01233293332232285,0.0005879920003877571,0.017157177109240185,0.0,7.129252122292922e-20,0.00052675451842363,0.0007139658397487703,9.323821906024831e-20,0.0014568587969142233,0.0,0.007142775329542289,0.021940582237152367,0.0,0.0,0.0,0.0,0.0,0.0037332784487046065,0.003689830166726642,0.0,0.013741622658695657,0.0003339841990921745,1.3750157571518003e-19,8.443514252663444e-20,0.0,0.0,1.8061568491088424e-05,1.5919929956563675e-19,0.001390393969288934,0.0020872096650393903,0.004302171279507106,0.0,0.0,0.006992052598752688,0.0,0.002356422785978663,0.001344222592827411,0.0,0.0,0.00014688786108352895,0.008672276594948002,0.007517581224932718,0.0010794259304423015,0.012028371408601045,0.023087985755373457,0.0,0.004465278582903295,0.0,0.0,0.0,0.0016358565756934354,0.0002943913716041653,0.002238414910295568,0.000222835806166649,0.00244252274248664,0.0,5.804706014288168e-05,0.0,0.007415750514290989,0.0,0.0021622551001741577,0.005045328715332175,0.002628888083320332,0.002836266189771052,0.0,0.0,0.0,0.014839960983914212,0.012371855915419165,0.0011553622028332325,0.005607340123367712,0.0,0.0,0.0,0.0,0.00451969285520414,0.0,0.0003029379018988453,0.0006488408851165548,6.392769381311706e-19,2.0879409693810924e-19,5.276886440431074e-19,0.0002402867291121583,0.0015791200884556571,0.00046561116791529994,0.0,0.0,0.025029485844261092,0.012536199483011937,0.0,0.059323015317270106,0.001318350421394416,0.0054099214419841505,0.0018009238650439512,0.00033157163915660374,0.0,0.0,0.002015147219390937,0.0,0.00719321164493132,0.018306876407115452,0.010767017862072022,0.03289020987092882,0.04928941562259934,0.0006739419897689146,0.02235259137355312,0.021081794302144467,0.0006270880762499672,0.03520175282893309,0.06093358821751543,0.0,0.08042032781605528,0.05334589055617409,0.0,0.06673736717205839,0.001744182166530527,8
glp_1e2141_sterile_8_CB4037_25.Rep_61,0.0034345283650924325,0.004604259224997368,0.0,0.0,0.0004210019911058132,0.0,0.0,0.0005056689960831475,0.0,0.0,0.0017111513245925568,0.026218596831406222,0.0022305447758993627,0.0,0.0,0.0024641581981954333,0.0016122395842670643,2.5209293021045615e-19,0.0,0.014752051285739582,0.0,0.0,0.0,0.0,0.0,0.004159581376041442,0.0,0.0027916992863970124,0.0005609702048319914,0.0,0.0,0.0,0.0,0.05316113939166712,6.655008011638563e-20,0.0,0.0005592542548844829,0.0008901775753626297,0.014535584854029037,0.0,0.0,0.0,0.0,0.001682154054090927,0.005867418610543446,0.00518739301306051,0.0,0.0006061709833825339,0.0015562673049448318,0.0007894596459125422,0.0,0.01575532164830109,0.0,0.0008431554595198252,0.0,0.0011682353075480746,0.00588769779969299,0.0,0.0,0.00489126473620244,0.009531824898858786,0.0,0.008937324968462942,0.0005705427101066068,0.01679179332774987,0.0,0.0,0.0007373117911366252,0.0,0.0,0.001907444596669635,0.0,0.010152945774759331,0.06152749875747347,0.001183964506180522,0.0,0.0,1.4720755048785762e-20,0.0,0.0036581326153528196,0.003735609043556997,0.0,0.007098189254829856,0.0005981611218529279,0.0,1.557946575996493e-19,0.0,9.10846718643619e-20,0.0020749908512597602,0.0,0.0011954855735931424,0.0026721568778025717,0.0042921172078655015,0.0,1.5640802239334871e-19,0.0019948580048854006,0.0,0.001424702409300682,0.0,0.0,0.0,0.00020560270137944008,0.007732687007885716,0.0019811199694613982,0.00070371153008882,0.012629237419032645,0.012522674168110664,3.2508334066068554e-19,0.0,0.0,0.0007629418609079123,0.0,0.003683850620023685,0.0003640892038629414,0.0038006139027496224,0.0006252883815694049,0.0,0.0037034679207220717,0.0,0.0,0.0047827735356579595,0.0,0.0035792199531349683,0.0067706565803958415,0.0010431677646855007,0.009365332904394416,0.0,0.0,0.0,0.007883328277770834,0.007991628454410335,0.0,0.0,0.0011385452505767405,0.0,0.0007141759254280381,0.0032302274291440415,0.0,0.002576913624017665,0.0,0.0,4.771978094981384e-19,0.0,0.0,0.0,3.9071337358652206e-19,0.00300089449910568,0.0,0.0,0.046150677447585976,0.00357392568193391,0.0,0.07763294255057689,0.0017339833681350825,0.012712865249083563,0.007456906479230577,0.0,0.0,5.949638498884245e-20,0.004379257633588272,0.0,0.0018043441251475057,0.003259620760658555,0.00043514376290846994,0.019842576002777352,0.03459252534970875,0.0020842621689331625,0.01635856485549592,0.023567189354247165,0.0,0.007476719184458493,0.0218362100774689,0.0001484897459353543,0.10456923181739294,0.13074721058108466,0.003123804416317896,0.050626024999569516,0.006163175127755464,8
glp_1e2141_sterile_8_CB4037_25.Rep_62,0.0030749603601945325,0.006312507576421728,0.0,9.548762038818977e-05,0.0009743508365229447,0.0,0.0,0.0013140766308481534,0.00039258231989432743,0.0,0.0021268143065431883,0.01638322118252284,0.004394588732391473,0.0,0.007630347478965844,0.008316436408380349,0.009337383446445935,0.0,0.0,0.020364724375368962,0.002370024689906154,0.0,0.0,0.0,0.0,0.0,0.0,0.0025816082283441327,0.0018175463877917058,0.0,0.0,0.03624022299428519,0.0003603419654004318,0.043834269771641364,0.0,0.0,0.0,0.0,0.007146564130422986,0.0,0.0,0.0,0.0,0.0016220421765301384,0.0074700255697495105,0.00044132673380339904,0.0003458291332375408,0.0020889858638288975,0.009365255195774337,0.0,0.002186127191179898,0.009502830029863902,0.0,3.7171208056070484e-20,0.0028616090310676534,0.007116413746882475,0.0025466871617920873,0.0,0.0,0.00450677235267721,0.022074334109797075,0.0,0.014940585363129722,0.008503128450784827,0.022234869130044195,0.005111520216332377,0.0,0.0,0.0,0.0,0.0009878250202993238,0.0,0.008170169339168273,0.05038286109942746,0.0009297871490642812,0.0,0.0,1.225273154440842e-19,0.0,0.0017899607777436513,0.0013029523925086192,0.0,0.004543369182316182,0.00045411968936558155,0.0,0.0,5.438010067462163e-19,0.0,0.0,0.0,0.0012049977622088774,0.0,0.006746395146377677,0.0,0.0,0.01253393563145785,0.0,0.0016601698797684887,0.0,0.0,0.0,0.009199562659107433,0.007793920914901892,0.003326349195005275,0.0010302960359005698,0.06688944187875079,0.04317587743144639,0.0,0.0,0.0,0.0002233174027507394,0.0,0.0,0.0003445976808559642,0.0032492292214223012,0.000808475944432385,0.0,0.0,0.0,0.0,0.005757799803300554,0.0,0.003146861892922819,0.005238093026593782,0.0010965198742692317,0.01876602120898552,0.0015662143721082418,0.0,0.0,0.017264571307847656,0.014803820220159377,0.0,0.0,0.0013895545601829156,0.0,0.0005541798428433371,0.0010483609281793196,0.0015757922514988043,0.0,0.0,0.0004121495140173348,0.0,0.0,0.0,0.0,0.0,2.5813338927826726e-20,0.0,0.0,0.013138077444422074,0.004911954913244241,0.0,0.041914755445325344,0.0007120441161900028,0.0038123360183885324,0.0,0.0,0.0,0.0,0.0022570668386627203,0.0,0.0026152435166175037,0.004488398611684758,0.005176236531346701,0.023703583985123112,0.042315270834048554,0.0009486282818698072,0.021634130631999836,0.03060020814869409,0.0,0.0,0.00599297612200482,0.0,0.10342821833761028,0.05991830788821114,0.0,0.03507861119821191,0.0,8
glp_1e2141_sterile_8_CB4037_25.Rep_63,0.0009202372756244327,0.0004223956889437759,0.0,0.0,0.001759949827010457,0.0,0.0,0.0,0.0,0.0,0.001954910174810732,0.019854032354694844,0.0,0.0010161921524961188,0.0,0.0002657693371160979,0.002730709096144188,0.0,0.0007482571688919266,0.016733592609422338,0.000849718113738498,0.0,0.000175118416176797,0.0,0.0,0.006204635293087242,0.0,0.0009556859663389208,0.0,0.0,0.0,0.011852521939859188,0.0,0.0287607205770214,0.0,0.0,0.0,0.0015023300149783142,0.015862925172508733,0.0,0.0,2.822557793953984e-20,0.0,0.0020726069058514406,0.0029376666698536255,0.000681930706638607,0.0010178613705646928,0.0022006201818960116,0.0,0.00224483109337454,0.0,0.011176504457256448,0.0,0.0,0.0020027950128833965,0.011991255064597145,0.03052347897935498,0.0,0.0,0.006650600578470484,0.007252675511073482,0.0,0.008730545510089258,0.0008258650596425502,0.017926018574642315,0.0,0.0,0.0,0.0,2.905574199658514e-20,0.0006384663362169176,0.0,0.016627455117023085,0.07291627462636284,0.003956059102016187,0.0,0.0,0.0,0.0,0.002244732323030564,0.00203475599927517,0.0,0.005002479970502074,0.0007326743471111949,0.0,0.0,2.213770818787439e-21,1.937049466439009e-20,0.0014898050875872546,2.0643412885192866e-19,0.0,0.0,0.0,0.0,0.0,0.00014331419802029132,0.00274204147877217,0.0018353043349760444,0.0,0.0,0.0,1.1068854093937195e-19,0.0023563719197120395,0.006200547315867904,0.0016430067715337772,0.011000285167308277,0.017331746591553496,0.0,0.0,0.0,0.0,0.0020685014806508615,0.0,0.0,0.005480785045771716,0.0012714612621289314,0.0,0.001339482717894156,0.0,0.0,0.004439227040650241,0.0,0.0014853769305546792,0.0042238942197389455,0.002472675058837131,0.020757717779844913,0.0,0.0,0.0,0.011330606818776214,0.008860144240164415,0.0,0.0,0.0,0.0,0.000890589233263692,0.002093354742083608,0.0003524717774813362,0.00044579001023568285,0.0,0.0006029011157877159,2.1362888401298785e-19,2.6565249825449267e-20,5.855423815692776e-19,1.3005903560376203e-19,0.0,0.0,0.0,0.006167528730162518,0.023777463634014992,0.006784792826585724,0.0,0.0428121241658419,0.0,0.008383078118424767,0.0101918940393672,0.0,0.0,0.0,0.006582122628036097,0.0,0.06431543369246645,0.0,0.0011466638807844881,0.028689480330287453,0.03860635525123241,0.003062516037347589,0.020889832922259554,0.021276424616993736,0.0011271814480392406,0.001263678422260483,0.011109055442312882,0.0,0.09771854128828646,0.11976589835741312,0.0,0.04851467715209638,0.0,8
glp_1e2141_sterile_8_CB4037_25.Rep_64,0.00201506880738575,0.0050843225650786085,0.0,0.0,0.0017098231273340687,0.0,0.0,0.00037457798458836593,0.0,0.0002233160865706054,0.002434114048664315,0.02023551325567561,0.0021338301845929882,0.0,0.0,0.00029907624060347736,0.0029222277923064686,0.0,0.0,0.01676072032929906,0.0,0.0,0.0,0.0,0.0,0.006948892788528806,0.0,0.002674115811698368,0.00038284306434438394,0.0,0.0,0.017125191304741116,0.0,0.047008372853494323,1.0050381479867597e-19,0.0,0.0,0.0007817793612102722,0.008536572272683037,0.0,0.0,0.0,1.6750635799779327e-20,0.0015864591870607201,0.0024457383512455832,0.004232514715260727,0.0007488496014235895,0.0018441243534727545,0.0,0.0,3.0384353679138106e-05,0.012805955459790451,0.0,0.0009042313516104961,0.0010875967743016596,0.008601807548150155,0.007383106937406995,0.0,0.0,0.003104520889552348,0.009113922762927315,0.0,0.011308119453867017,0.0005377638618235995,0.017005890655077453,2.6801017279646923e-19,0.0,0.0009392768600064177,8.375317899889664e-20,2.345089011969106e-19,0.0019646596758210585,0.0,0.01097852286675895,0.03909845135986205,0.00180519236797121,0.0,0.0,3.3501271599558654e-20,0.0,0.0022102833207165097,0.003184517080853766,0.0,0.010013494690079608,0.0005549725762084875,1.5075572219801395e-19,2.0100762959735195e-19,1.0050381479867597e-19,5.0251907399337987e-20,0.001173003686918397,4.690178023938212e-19,0.0,0.0,0.0051560547910938365,0.0,0.0,0.002342970961234499,0.0,0.002593148496769824,0.0,0.0,0.0,0.001080713649112056,0.006761629368316953,0.005388811709994849,0.0013983645761566955,0.015845491723747412,0.011709758308835973,0.0,0.0,0.0,0.00011561185408532979,0.001472884015476449,0.0,0.0,0.0040433379748090895,0.0013465081366476495,3.015114443960279e-19,0.002531728827797589,0.0,0.0,0.004310293393826363,0.0,0.003474301911487101,0.007173720444068718,0.0012867254922056324,0.021724471045677825,0.0,0.0,0.0,0.01343440634229011,0.012524753150587329,0.0,0.0,0.0005623820581439388,0.0,0.0006632480793370887,0.003786373925824676,0.0001525881554396267,0.0021116796471451066,0.0,0.0,4.020152591947039e-19,0.0,1.3400508639823461e-19,0.0,0.0,0.0025610213603934695,5.0251907399337987e-20,0.030282170401019843,0.027090754761183437,0.004987713759567916,0.0,0.04185688876563421,0.0007872988492150137,0.012162083578280218,0.005999675927118624,0.001830189862794121,0.0,0.0,0.004848165295240138,4.020152591947039e-19,0.007624132323630254,0.011954131136288772,0.0,0.0391800122616267,0.05616691304727091,0.0017337591874525794,0.016130359719391148,0.021625175354095007,0.0,0.0011145241620944134,0.01762889884869128,0.0,0.10576383296944504,0.12038036886292483,0.0,0.039541361502349916,0.0034448914035344683,8
glp_1e2141_sterile_8_CB4037_25.Rep_65,0.0058625331951882706,0.0028648558649495624,0.0,0.0,0.0006394049638655389,0.0,0.0,0.0018057819966765887,1.1622818703177537e-19,0.0,0.0015609506927983068,0.014270209685921159,0.0028154274773137243,0.0,0.0,0.0010988579535901961,0.00365628654729769,0.0,0.001322738939462738,0.010136884756026119,0.0029196487668301536,0.0,0.0014044348176483535,0.0,0.0,0.005955831684379152,0.0,0.002441226332823593,0.0012997381251653292,0.0,0.0,0.012217179091320364,0.0,0.04599086165448569,0.0,0.0,0.0,0.00121257771939468,0.013420261645030466,0.0,0.0,0.0,0.0,0.001717842612841655,0.003943861333623919,0.00461497170286172,0.0008928572204680559,0.0005306291624349721,0.0,0.0008095673665241563,0.0,0.011213579589652476,0.0,0.000944929066863432,0.006030367116334667,0.005962602430821159,0.007915617363760145,0.0,0.0,0.005536265157651327,0.006040527860788923,0.0,0.006818808622134308,0.0005833508717265523,0.01175374154069695,0.0,0.0,1.2756109415732263e-19,0.0,3.426227735630566e-21,0.0022620036844250616,0.0,0.014590504594882467,0.04204823751289785,0.002012015363003838,0.0,0.0007456727821447037,0.0,1.3125087787261708e-19,0.001889708532688684,0.0017129417767632082,0.0,0.00910669164727633,0.0005995094505873997,1.1069351145883367e-19,0.0,0.0,0.0,0.0011954471773937881,0.0,0.001012940856193436,0.0,0.0052404058653035225,0.0,0.0,0.00013649584153312217,0.0,0.0018700303448514258,0.0,0.0,0.0,0.0027477963812873054,0.0037620464443474844,0.0033791888655704096,0.0008206302479835148,0.018302379098651865,0.022800285764212253,0.0,0.0,0.0,0.002943052030221289,0.0007803255827127784,0.0,0.0,0.002582228782462328,0.0017407626990611049,7.379567430588912e-20,0.004186711163979491,0.0,0.0,0.005347281784650017,1.560251399610227e-19,0.002850363191416432,0.007335550885594694,0.002416321023397397,0.020074657192342412,0.0,0.0,0.0,0.00735645449838579,0.00694152255076436,0.0,0.00045934635832987593,2.2603200419777095e-05,0.0,0.0007371148525126494,0.002550719960961327,0.0007928674604646859,0.0,0.0,0.0,1.003621170560092e-18,2.1084478373111177e-19,0.0,3.5421923666826775e-19,0.0,0.00257890148800218,0.0,0.02411166118259604,0.023137183565875102,0.004806633251378992,0.0,0.04199085691914934,0.0009353081808585023,0.00840413794755271,0.001224094335302736,0.0,0.0,0.0,0.0015809093895272997,6.272632316000575e-20,0.058573930367045154,0.008722351535451273,0.0,0.03964554012968754,0.05439719367923191,0.0008403980451801969,0.014032924775063745,0.012615032901643699,0.0008868157960653118,0.0,0.01922435212359498,0.0,0.1030201571427162,0.1171963592176796,0.0,0.04851723164737133,0.0,8
glp_1e2141_sterile_8_CB4037_25.Rep_66,0.00517039720499049,0.005718077546429312,0.0,0.0,0.0011256240352450328,0.0,0.0,0.0014593509769598601,0.0,0.0,0.0027895765512768993,0.015625500523421394,0.004424139779927266,0.0,8.527754272024905e-05,0.0030068708601335863,0.0022201855301317787,0.0009437083447831491,0.0,0.016166962672016963,0.006828286355953388,0.0,0.0019791058479804,0.0,0.0,0.009360634735194228,0.0,0.004715712345132092,0.0,0.0,0.0,0.0267512011027059,0.0,0.03313481202684853,0.0,0.0,0.0,0.0016335893991960269,0.009322533608993608,0.0,0.0,0.0,1.0911516390505698e-20,0.0014680518773622269,0.0030356773188115454,0.003117739248523099,0.0008743062821395008,0.002197512974770012,0.0,0.0006205932739582592,0.0,0.013042559097676085,5.810382477944284e-20,0.001208410692388703,0.006244895348147296,0.003048749333177871,0.023196976168567158,0.0,0.0,0.00883881439458185,0.005411026739771575,0.0,0.00960225133962706,0.0009559260711499016,0.015447417415432036,0.0005278933114069446,0.00022621111970750864,0.00017134758374688535,9.847643542431392e-20,7.474388727496403e-20,0.0022577218734106883,0.0,0.015429123915590898,0.04874238683054084,0.001627571696687658,0.0,0.0003727056959655712,0.0,0.0,0.0020861168860331846,0.003682817909436935,0.0,0.010062943767115608,0.0005248629666768235,0.0,3.60080040886688e-20,0.0,1.260280143103408e-19,0.0006978089965499844,0.0,0.0,0.0,0.005997102910257459,0.0,0.0,0.00023970359315194273,0.0,0.0032462208477869853,0.0,0.0,0.0,0.006080430589958212,0.007824616153786624,0.005122937151467797,0.0013186103484165274,0.025268833024321712,0.024611049713313998,0.0,0.0,0.0,0.00551784792431933,0.0016838625409653111,0.0,0.0,0.0041462125537305005,0.0007002333764585984,0.0011642602165285538,0.006450668332802686,0.0,0.0,0.005456159972107416,0.0,0.0033073327452170726,0.007109792035574595,0.00268871401323301,0.019833573730142797,0.0,0.0,0.0,0.009396798550521304,0.011599893267473701,0.0,0.0014778798289053995,0.0,0.0,0.0006320980511801876,0.0005512912122024099,0.0010972041178650973,0.0013782971023086025,0.0,0.0007748457970007279,9.28570044832035e-19,4.921093892118069e-19,2.9461094254365384e-20,0.00023856707309126933,0.0,0.002669236142139673,1.3366607578369478e-19,0.0,0.023380081439542528,0.004676030870762788,0.00038858336455988674,0.03941990583216546,0.0,0.0048473343951374965,0.008987522419036671,0.0017644296441726877,0.0,0.0,0.0010684056067018517,0.0,0.017488112402187783,0.010146165426517377,0.0,0.025628443331909993,0.03810919756978251,0.006575871562132684,0.017855166654170335,0.015325021634918137,0.0009059349334934779,0.0046503960910091345,0.019755068305161418,0.0,0.09048822262659288,0.11701506144742053,0.0,0.04675880440740099,0.0,8
glp_1e2141_sterile_8_CB4037_25.Rep_67,0.003762023100823655,0.006789638044357797,0.0,0.0,0.00033523535948453174,5.044451868737495e-05,0.0,0.003271623494654455,0.0,0.0,0.0015673568606042669,0.023252775709944325,0.002964879594146765,0.0,0.0,0.0016236058143361731,0.0019848887398624367,0.0006891007212221714,0.0006191202286718922,0.017162302110420233,0.002067636963781475,0.0,1.8878964853875763e-20,0.0,0.0,0.007547779540299125,0.0,0.004624302462926829,0.0,0.0,0.0,0.01625827393460132,0.0,0.01528698084697478,0.0,0.0,0.0,0.0,0.006012911918322648,0.0,0.0,0.0,0.0,0.001757063706111654,0.0026206553672447667,0.0045395025908497744,0.0009663786171148485,0.001531473322268886,0.00029816805821806424,0.0,0.0007642667005657754,0.012521100195678514,0.0,0.0,0.008528620653078208,0.0021347807930819996,0.008158128006288026,0.0,0.0,0.006561357840316922,0.009029718706761761,0.0,0.011309203252462641,0.0006975558999960677,0.015176894155783473,0.00206647002907554,0.0,0.0009833029645968752,6.607637698856518e-20,8.495534184244094e-20,0.0029919584637567273,0.0,0.013884564607922619,0.03577150933508536,0.0011083214665653497,0.0,5.7065178962133277e-05,0.0,0.0,0.004623475091146272,0.003029261327086033,0.0,0.007953866882638733,0.000604523562493597,0.0,2.4542654310038495e-19,0.0,1.2271327155019247e-19,0.0011307808466407131,0.0,0.0,0.0,0.00463443721691782,0.0,0.0,0.00020890150350656714,0.0,0.001740903229648725,0.0,0.0,0.0,0.0014270536646627606,0.008471403735721845,0.0007048808286551131,0.001764053554399788,0.032241815773856396,0.02469653974717461,0.0,0.0,0.0,0.0047036655161430295,0.00042166322116184656,4.719741213468941e-20,0.000350200818196366,0.0024263338165634125,0.0009745961379640522,0.0008501488403013569,0.002437228235311842,0.0,0.0,0.006000007240022719,0.0,0.003652508698396123,0.006078694687861428,0.0019543436951963925,0.026055908621426087,2.8318447280813643e-20,0.0,0.0,0.010870110079620425,0.006117157145348796,0.0,0.0,4.4484357226596614e-05,0.0,0.0,0.003038687928151604,0.0,0.0,0.0,0.0,7.551585941550306e-19,0.0,3.775792970775153e-19,0.0,4.153372267852668e-19,0.0028864237053933413,3.020634376620122e-19,0.0,0.02658365539640634,0.004343708532984134,0.0,0.03989850610431245,0.001216545124567304,0.010306341742949065,0.009116845695356078,0.0024242178165971547,0.0,0.0,0.0,7.551585941550305e-20,0.02250280044380589,0.007107546407684015,0.0,0.024356358777099817,0.0619789343452538,0.011705492908390333,0.02110562275824411,0.01640702019375707,0.000926803502150189,0.003271709911603035,0.03129315295944274,0.0,0.09839494132124839,0.12216699012436741,0.0,0.05346980634903798,0.0,8
glp_1e2141_sterile_8_CB4037_25.Rep_68,0.0036753684942645616,0.0061018254913289185,0.0,0.0,0.0,0.0,0.0,0.0003984904015356937,2.434172395205503e-19,0.0,0.0023983647084446294,0.02262007348520251,0.003528793204537095,0.0,0.0008839923155240758,0.0004380453671925337,0.0005170149930673569,0.0012499070748847327,0.0007657658150967626,0.01495882722664556,0.0036464236210268963,0.0,0.0,0.0,0.0,0.008280735984041372,0.0,0.004764148045901194,0.0008201891110835479,0.0,0.0,0.014766929598214238,0.0,0.037430933193450276,0.0,0.0,0.0,0.0,0.012405705891835364,0.0,0.0,2.0596843344046564e-19,0.0,0.002040472334205672,0.002739735744766185,0.0011610650447401076,0.0007964482665949632,0.0011523865538416009,0.0,0.0,0.0,0.019396217673316,0.0,0.0,0.0029834487805092706,0.011737785896981904,0.02192949552887916,0.0,0.0,0.007108042366263026,0.007436279982747304,0.0,0.0082805416233797,0.0006799651528392013,0.017690294669893254,0.0,1.4979522432033864e-19,0.0,0.00198177792288997,1.0298421672023282e-19,0.0025599809622803837,0.0,0.006364468693986816,0.02760310837089052,0.0,0.0,0.0,0.0,2.2469283648050797e-19,0.002864516590687914,0.00341034000440874,0.0,0.012961003358754076,0.0007208541534737294,9.362201520021166e-20,1.1234641824025399e-19,0.0,3.744880608008466e-20,0.0005903403945177521,0.0,0.0,0.0,0.005619425664366888,0.0,0.0,0.0011026751183090577,0.0,0.002390831166998956,0.0,0.0,0.0,0.002677160471026738,0.005265826990989705,0.0,0.001707019156743325,0.017587382992845756,0.01932631037657805,0.0,0.0,9.234654894509961e-05,0.005270089921698251,0.00045846692378901575,0.0,0.0003446486859371474,0.0010656955357224178,0.00034742911191612167,0.0,0.0038915163719577574,0.0,0.0,0.005768501042366784,0.0,0.0024423942370913926,0.007613669725267768,0.0032934753189274037,0.018679597178852658,8.425981368019048e-20,0.0,0.0,0.01044053114442303,0.009501765610209425,0.0,0.0,0.002146582505322064,0.0,7.489761216016932e-20,0.0023317516530805614,0.00012347629797627427,0.0002713501722776988,0.0,0.0,2.2469283648050797e-19,0.0,0.0,0.001213335005498122,0.0,0.0020369297669972086,0.0,0.0,0.031033896705313636,0.008058125065487608,0.0,0.0603298009954756,0.006432510706652936,0.013593022114710175,0.013660637527557777,0.0020881952688992836,0.0,0.0,0.003407724930495549,4.681100760010583e-19,0.011028705732133296,0.008688665701669986,0.0,0.005956142229900076,0.018954242649320063,0.013880324269204682,0.02106988747237596,0.021233386615150868,0.0,0.0034438987997439784,0.028740933449794295,0.0033195470782829213,0.09643931566809016,0.12927829847460984,0.0,0.0625124497548922,0.0,8
glp_1e2141_sterile_8_CB4037_25.Rep_69,0.005798172861389982,0.006146109043255623,0.0,0.0013862372828759286,0.0005336659281560735,0.0,0.0,0.0025346738508985997,0.0,0.0,0.002022874637321183,0.025033804836786102,0.0028103772781997,0.0,0.0,0.0,0.003851297590463376,0.0,0.0,0.022393006142127303,0.0,0.0,0.0,0.0,0.0,0.006694438944068158,0.0,0.003247642424578598,0.0,0.0,0.0,0.007566143041347662,0.0,0.025776526764480927,1.09008829962473e-19,0.0,0.0,0.0,0.014293924900059114,0.0,0.0,0.0,0.0,0.0017013341303705287,0.0028969445074949877,0.004775922026707002,0.0005770312904296314,0.0015419001707744936,0.0,0.0,0.0012515437644629553,0.005790921718742867,0.0,1.1891872359542508e-19,0.00999415130365064,0.0028233034577405903,0.010173551844231712,0.0,0.0,0.006436879007689895,0.01197393476850177,0.0,0.018205921132814166,0.007100820488103706,0.012089783303220147,0.0,0.0,0.0006762267646769911,0.003272407048061568,0.0,0.0016852604289389458,0.0,0.012910587273317283,0.0262215286804179,0.0,0.0,0.0,0.0,0.0,0.0035773304803865986,0.003925964211194969,0.0,0.005881718357312463,0.0005868663064475969,0.0,1.9819787265904182e-19,0.0,0.0,0.0018165207687163938,0.0,0.0,0.0,0.005721016394337419,0.0,0.0,0.0001508345289153426,0.0,0.0026397786150595686,0.0,1.981978726590418e-20,0.0,0.0010206523076553842,0.004918331856036843,0.002363105020761849,0.0015216080549091903,0.020771978727332073,0.02370689476235502,0.0,0.0,0.0,0.0,0.0004817574117219734,0.0,0.0003676528756062923,0.003599957041974793,0.0008064046322101191,4.558551071157962e-19,0.0032418987928985593,0.0,0.0,0.0043780390926831,0.0,0.0036662454707301687,0.006521005186984462,0.000770601654053717,0.02571109446178426,0.0,0.0,0.0,0.027038541109203233,0.014450282964990773,0.0006298846323439113,7.927914906361672e-20,5.1414930096641875e-05,0.0,3.5675617078627526e-19,0.0018471509350819375,0.001015481575799619,0.000378031315326498,0.0,0.0,2.3783744719085016e-19,7.927914906361672e-20,0.0,0.0,0.0,0.0030302669793049763,0.0,0.027393006595815193,0.024172283132252892,0.002863340431960506,0.0,0.028976291324095228,0.0009657595457226407,0.01151570242189187,0.005072116527176695,0.000839118595284368,0.0,0.0,0.0009298736687579878,0.0,0.02320980714208932,0.008197447034194418,1.176100709134312e-05,0.014149789627648691,0.033478974251737806,0.0014188900020907793,0.025383948266926578,0.014226568033296505,0.0008326293257373735,0.0,0.023789688033138925,0.0,0.1205388021896063,0.13998570807030228,0.0,0.043271334682610456,0.0,8
glp_1e2141_sterile_8_CB4037_25.Rep_7,0.004975965664294153,0.004962816099472058,0.0,0.0,0.0007929727889563527,0.0,0.0,0.0012544386090630431,0.0,0.0,0.0015222769035727233,0.020974590534425137,0.002317665121376552,0.0,0.0,0.0,0.0032954115570416782,0.0,0.00038422073052975524,0.01840079830983298,0.0010663141291097685,0.0,0.0,0.0,0.0,0.007515077755025608,0.0,0.0008050888120169419,0.0006981536486057087,0.0,0.0,0.017584494595416333,0.0,0.04484176606329754,2.1656995573703604e-19,0.0,0.0,0.0012191858286577644,0.009984358547764204,0.0,0.0,1.9991072837264866e-19,1.0412017102742117e-19,0.0013957932882438962,0.0024461444912695267,0.0041660981517216015,0.0007080049159360216,0.0012215607554516106,0.0,0.0,5.013053119395214e-05,0.013632902701316996,0.0,0.0,0.004391401013225452,0.004687106835249323,0.011129836382685786,0.0,0.0,0.010653807285021615,0.010621102715705356,0.0,0.01211618610699276,0.005715759800279075,0.017228351154928753,0.0018565500271779203,0.0,0.00022391762088324,0.0,6.663690945754955e-20,0.0014189455247346804,0.0,0.010134972165419547,0.04762984654912297,0.001511041209036569,0.0,0.0002150684126689955,0.0,0.0,0.003263390829195963,0.002958127345322521,0.0,0.009302493122385826,0.00044213643880308695,0.0,8.329613682193694e-20,0.0004933409608619917,0.0,0.0015759440463248525,1.6659227364387386e-20,0.0,0.0,0.0046002697338134325,0.0,0.0,0.0020370603040439496,0.0,0.0016345922485615984,0.0,4.9977682093162165e-20,0.0,0.0011939468513986855,0.00758156512603694,0.003841465161558086,0.0023448369242803813,0.02104116664800796,0.022744550493108764,1.8325150100826126e-19,0.0,0.0,0.0,0.0014964164961213603,0.0,0.0,0.0033652532123776965,0.0007765698555870089,0.0,0.0030908613856286027,0.0,0.0,0.004768492282652928,0.0,0.0020677460830619957,0.005893607409645499,0.0018034437460358926,0.011807622982460818,2.0824034205484236e-20,0.0,0.0,0.011256653253692057,0.01207183114416398,0.0,7.08017162986464e-20,5.348019984826945e-05,0.0,0.0005452529795360812,0.002915329302821028,0.0003171114557398298,0.0,0.0,0.0,1.1828051428715045e-18,1.6659227364387386e-20,1.8325150100826126e-19,0.0,0.0,0.0020798234663893253,0.0,0.0,0.02323254351441546,0.004471332496238253,0.0,0.0457401622763542,0.0020663758145696804,0.008783964481178411,0.0042332088103629525,0.00030945960401710943,0.0,0.0,0.0020031255274603004,1.6659227364387386e-20,0.022916632651766373,0.004567348199516835,0.0,0.019081542418877964,0.06520377951359296,0.01314941749256487,0.01725800005015559,0.02104738974196123,0.0005934935833294844,0.008549484671167748,0.0272088993032716,0.0,0.09150361359719483,0.12210232351551972,0.0,0.040863397910293954,0.0,8
glp_1e2141_sterile_8_CB4037_25.Rep_70,0.00410521419985618,0.007398934330350944,0.0,0.0,0.00040026868617843114,1.0131003940509164e-05,0.0,0.001554721468599366,0.0,0.0,0.002076214076197327,0.02384472177129025,0.00312867027347799,0.0,0.0,0.0,0.0014384770574447803,0.0,0.0008312984956138919,0.014879326024188582,0.0,0.0,6.646231896426799e-20,0.0,0.0,0.0052868713907060615,0.0,0.002983255660490127,0.0012670695339247668,0.0,0.0,0.014982922312702707,0.0,0.020406435903036663,0.0,0.0,0.0,0.0,0.004482112869537241,0.0,0.0,0.0,0.0,0.0018679535251488388,0.0026561515873853823,0.004297990993945468,0.0008632425706639991,0.002243618078366913,0.0,0.00038316821893836914,0.0,0.0176323255622851,0.0,0.0010053755121301857,0.0031866338633427796,0.0026185778026679178,0.005043311342398679,0.0,0.0,0.008085861252081276,0.007672344261602596,0.0,0.008256162292067118,0.000628715390934104,0.01606517985240411,0.0,0.0,0.0,0.0,0.0,0.0018033179592629096,0.0,0.013867087798208331,0.03203431825577396,6.1738605598519034e-06,0.0,0.00010625832008471517,3.067491644504676e-20,0.0,0.0037158105583005984,0.004388935386063455,0.0,0.007061585771078335,0.0006601938629597838,4.0899888593395685e-20,0.0,0.0,0.0,0.001461712118197868,0.0,0.00068702488145381,0.0,0.005080743215679777,0.0,0.0,0.0001654850256838108,0.0,0.002016689147224884,0.0,0.0,0.0,0.0,0.004301578124941946,0.001765273253986943,0.0009596066141475107,0.02486577791541926,0.02691390522277343,0.0,0.0,0.0,0.0008523224338031033,0.00015541871902569719,0.0,0.0003793421556851645,0.0014844205187559824,0.00015168508693072264,0.0,0.002391303682769296,0.0,0.0,0.006198800065024175,0.0,0.002823104773179702,0.006020818097829708,0.0001449505300629769,0.01050363422630408,0.0,0.0,0.0,0.008738581251452097,0.009506521987015147,0.0,0.0,8.961639358234712e-06,0.0,0.0007970906613617605,0.0026505449540149494,0.001786673507604351,0.0003589497944160731,0.0,0.0005173241992839103,1.6359955437358274e-19,0.0,0.0,4.0899888593395685e-20,0.0,0.0,0.0,0.024577411945990325,0.029816299386241293,0.0030573004705187657,0.012169743475991672,0.04884653594462468,0.0,0.013549573398391855,0.01906951137998878,0.0010801305628204026,0.0,0.0,0.001094373170412691,0.0,0.010580469520204002,0.001997900911551408,0.0006816541083928321,0.03302508707221143,0.03610500114378619,0.002666268612548279,0.021471111811943788,0.015936744019138065,0.000975668083069679,0.0003288872881700772,0.015541109652266984,0.0,0.12235982088807684,0.1433653757082165,0.0,0.06278883870586643,0.0,8
glp_1e2141_sterile_8_CB4037_25.Rep_74,0.0008980488516379893,0.0008021669032681364,0.0,0.0,0.0020342245333548224,0.0,0.0,0.0,0.0,0.0005423254719168068,0.0018224965845774629,0.017007249163550012,0.0011258044028652112,0.0009965265324514815,0.0,0.0,0.007607180955918291,1.6966689371931016e-19,0.0,0.01813935835719616,0.0020169972858150365,0.0,0.00025989769224382155,0.0,0.0,0.0031066678840514874,0.0,0.0010882922242543684,0.0,0.0027987606095621945,0.0,0.00154213386143317,0.0,0.04610767305786764,0.0,0.0,0.0,0.001720974303280966,0.010443072804544604,0.0,0.0,9.64889399488817e-20,0.0,0.001182928580103459,0.004523635363842037,0.003068236209749255,0.0005507474550207305,0.0013472920245501817,0.0,0.000991139109095702,0.0,0.011797845468126504,0.0,0.0008733587422085143,0.004304745847101197,0.004311597695755262,0.006621122995621526,0.0,0.0,0.008126945110249731,0.00876322936451686,0.0,0.01174710810542083,0.004683698657011945,0.016980760236418695,0.0,0.0,0.0012775692580578853,0.0,5.913838254931459e-20,0.0,0.0,0.009603371538690115,0.06315406069669566,0.0018323863858209128,0.0,0.0,0.0,5.1721250583443104e-20,0.0014123694668006534,0.0013037467284393223,0.0,0.007252983793372067,0.00043088444328292705,0.0,0.0,6.352243733628505e-19,1.3089251187986594e-19,0.0011233229476760426,1.6794505951294714e-19,0.0,0.0,0.002013771944108422,0.0,0.0,0.00024510113207089,0.0,0.002242954729005392,0.0,0.0,0.0,0.0006326854784228478,0.006888925674345906,0.006817497152770442,0.0015982351397941593,0.012234970271042882,0.0230623649683084,0.0,0.0,0.0,0.0,0.002197250424769851,0.0,0.0,0.003540176175391763,0.0017118538815498556,1.2383961407303279e-20,0.0009796342392764817,0.0,0.0,0.004410843901567014,0.0,0.0022706403934689466,0.005211779398771299,0.002802953731752389,0.017972835509723995,0.0,0.0,0.0,0.01801570453674708,0.013628076813207513,0.0,3.430423534215561e-20,0.0,0.0,0.0,0.002545962087736992,0.0,0.0017684306084955709,0.0,0.00018914413759666063,0.0,4.997292662005911e-19,0.0,0.0,0.0,0.0018493198194939914,0.0,0.027654109686855326,0.02598227640474503,0.0,0.002274631791440408,0.038997277775534356,0.0,0.00810402396132917,0.01384385620655877,6.208446371134498e-05,0.0,6.291317292480275e-20,0.004021696224587268,0.0,0.025739678808791317,0.007355084539751644,0.0,0.036855975328862936,0.06731603092036208,0.0014868230807691303,0.01937610120174932,0.022749259403573266,0.0008131787749436649,0.0,0.01811125494146696,0.0,0.09935548292346727,0.11762458459782059,0.0,0.03012053911084375,0.0,8
glp_1e2141_sterile_8_CB4037_25.Rep_75,0.003938157809530435,0.003721841299718117,0.0,0.0,0.0004991374363065744,0.0,0.0,0.0012799651375862964,0.0,0.0,0.0017222040803392172,0.018251657789334824,0.0020055295248206056,0.0,0.0,0.0,0.004852049779180331,0.0007838506762535384,0.001066037864531424,0.020015531791155176,0.0034696762686856992,0.0,0.01017695670805914,0.0,0.0,0.008914035552897619,0.0,0.001340893240409839,0.0008213204891645892,0.0,0.0,0.01659792509373153,0.0,0.04418040234929444,0.0,0.0,0.0,0.0009350109507674958,0.013916234418249573,0.0,0.0,2.1658710674116304e-19,0.0,0.001997744452593131,0.0036089003864433747,0.003993215737988168,0.0009616350481758633,0.0016295489444827119,0.0,0.0,0.0009636670216830624,0.006379735138653364,0.0,2.8878280898821737e-19,0.007684654000889785,0.006778630342304435,0.04168434035493868,0.0,0.0,0.005949920144306925,0.00642366558948412,0.0,0.01240392260805738,0.0005919264110888582,0.015214316723834264,0.0,0.0,1.60434893882343e-20,0.0,0.0,0.0018155557272186067,0.0,0.014131811574067524,0.03367863295645855,0.001940725291793202,0.0013744943536984349,0.0005877949599483717,4.0108723470585744e-20,0.0,0.0017787089327103258,0.0033396546132850135,0.0,0.005797730648182555,0.0006154299505786157,1.2032617041175725e-19,2.647175749058659e-19,0.0,0.0,0.001734573328548243,1.0428268102352294e-19,0.0,0.0,0.006445267945901288,0.0,0.0,0.0037131790450756984,0.0,0.002344287189425325,0.0,1.764783832705773e-19,0.0,0.00022206347062625036,0.00395415732218283,0.002722840424419899,0.0019747350092965,0.020029451601467425,0.01977269673164711,3.8504374531762316e-19,0.0,0.0,0.0,0.0,1.2032617041175724e-20,0.0002976033460505609,0.002452545405999842,0.0005108903362315877,0.0,0.005671803823822548,0.0,0.0,0.0047655382906555774,0.0,0.003014342602847808,0.006506276493175344,0.0011874563433007205,0.01976001754443171,0.0,0.0,0.0,0.016971850998695685,0.011768450827029374,0.00047572253490513774,1.6444576622940156e-19,0.0016836181287067779,0.0,0.0,0.003136126709453788,0.0,0.00015190865413352837,0.0,0.0,5.133916604234976e-19,0.0,0.0,0.0,0.0,0.0015614789723298363,0.0,0.004825608765244474,0.02161994972682898,0.0047778379916244345,0.0019399238150301303,0.032044311569104346,0.01824498003683857,0.025219370430980742,0.03350032566123291,0.0012845023275106558,0.0,0.0,0.0029402132133491974,1.9252187265881158e-19,0.01309921414978189,0.0,0.0021499095165166708,0.03263423938530196,0.04595248784319425,0.012900205062586165,0.02111653504991878,0.017836674307165606,0.0,0.0,0.013965355937603677,0.0,0.08810690810290417,0.08469041205809498,0.0010085287037257967,0.03749884309221945,0.0,8
glp_1e2141_sterile_8_CB4037_25.Rep_76,0.0032354932149173364,0.006439798462704559,0.0,0.0012856268012425066,0.0009195149697013287,0.0,0.0,0.0005111717094617163,0.0,0.0,0.002976114478844745,0.021366566193375833,0.0031934382554718948,0.0,0.0,0.0011039443341334203,0.0009409401662953173,0.0,0.00012675303977992118,0.015084709444323347,0.001164073383226994,0.0,0.0,0.0,0.0,0.006885331384617039,0.0,0.002204290276917427,0.0015430548648339812,0.0,0.0,0.011265249206941377,0.0,0.023150918873867037,0.0,0.0,0.0,0.0013018711391275897,0.009105638695347673,0.0,0.0,9.38043980722475e-20,4.289835277694245e-20,0.0018858206247494961,0.005130139760375004,0.004924105780783894,0.0007969121968281541,0.002128140299306696,0.0,0.0,0.0010587861218127718,0.006986649293086678,0.0,0.0011061388338304977,0.0014144239523738904,0.0036053203902063507,0.02233058958147066,0.0,0.0,0.006387046892198461,0.004083728825288815,0.0,0.010653885239288998,0.0006285822924482968,0.008742653341947817,0.0007517048338138985,0.0,2.917087988832087e-19,0.003940508545346173,0.0,0.001898124434534238,0.0,0.008804929915904133,0.03468074500787741,0.0,0.0,0.0004164669656663553,0.0,3.363230857712288e-19,0.0033262391054960138,0.003571858188316179,0.0,0.010748841640548849,0.0006477958590242297,7.149725462823742e-20,1.9447253258880578e-20,0.0,1.6587363073751082e-20,0.001326075428470852,0.0,0.0,0.0,0.004725779117924735,0.0,0.0,0.00014811392934791078,0.0,0.002231912021074394,0.0,0.0,0.0,0.0030495298307258215,0.0036544780659885845,0.004334241710783014,0.0014407858487177113,0.023137368538188225,0.024243462054994277,0.0,0.0,0.0,0.0007115225167658116,0.0012342772930309758,0.0,0.0,0.0028525523145542043,0.0009104919849326017,0.0,0.003959030996897994,0.0,0.0,0.004659266922175484,0.0,0.002963993108251661,0.006296488253769983,0.002142741117761097,0.013467052351248263,0.0,0.0,0.0,0.010560615947406676,0.00831475085236407,0.0,0.0006838705303849321,4.256397272694145e-05,0.0,0.000802022000372224,0.0028504867031286405,0.0002312248158143602,0.0,0.0,0.0,0.0,0.0,0.0,0.00041592707424388563,0.0,1.3956264103431943e-19,1.9447253258880578e-20,0.049483987835630204,0.024956391996882578,0.0034947530196269548,0.0,0.035941034624549666,0.007675033308680368,0.012241665920313689,0.0006355750489668258,0.0009762194732171866,0.0,0.0,0.0,0.0,0.03332737279429329,0.004329361984004221,0.0010790966599223857,0.023410959906732375,0.04085418823936699,0.012881485221256874,0.013235350514362514,0.008581450033126546,0.0009864961671598718,0.0,0.014025610303945668,0.0,0.1298238051510048,0.14365557935968948,0.0,0.04255932031756731,0.0,8
glp_1e2141_sterile_8_CB4037_25.Rep_77,0.000970110607344696,0.0005651685372415195,0.0,0.0,0.001203498284461315,0.0,0.0,0.0006980097480757034,0.0,0.0,0.0016442197874817705,0.01811069337348861,0.000547066821299872,0.0011070669969628678,0.0,0.0,0.00263930110040093,1.843369155594042e-19,0.0,0.021123506492171158,0.0016465363615025047,0.0,0.00034872314948017916,0.0,0.0,0.005538409498225352,0.0,0.001196031462875957,0.0,0.0,0.0,0.006758114071496609,0.0,0.04557586158112043,1.675790141449129e-19,0.0,0.0,0.0004105992671037945,0.013585261418609978,0.0,0.0,0.0001388271470900233,0.0,0.0015059237501946353,0.002383635248359346,0.00576255997588032,0.0005969946770735569,0.0017484399399205314,0.0,0.0,8.939326078546095e-05,0.009245445095415942,0.0,0.0008128303172103793,0.0013973581838733124,0.0034045619083967185,0.008653391138082807,0.0,0.0,0.0063121045629405586,0.010067880350745479,0.0,0.01584243776590705,0.0005025936652923613,0.018397030479064665,0.0,0.0,0.0007058701367981693,0.002115005913786563,0.0,0.00123737239641028,0.0,0.010611206116153168,0.03924134630601136,0.00026454029960157105,0.0004512428434135887,0.0,2.178527183883868e-19,0.0,0.002650588607940439,0.00031272451762005626,0.0,0.006828256618237537,0.0005224472088243653,2.6812642263186064e-19,3.351580282898258e-19,0.0,0.0,0.0010153830564766087,2.010948169738955e-19,0.0,0.0,0.0,0.0,0.0,0.00010745553536720889,0.0012626964154135991,0.001939511157129319,0.0,0.0,0.0,0.0011634779413780135,0.007481996258117978,0.0044091533052354566,0.001582012403944991,0.009759156165161972,0.015834628899458556,0.0,0.0,0.0,0.0,0.000943547753674987,0.0,0.0,0.004222107886286398,0.0008892621288309374,0.0,0.0019573251833654983,0.0,0.0,0.003923078462347744,0.0,0.0032538352654793673,0.005268671081095124,0.0009402773962971558,0.013483409364595486,1.675790141449129e-20,0.0,0.0,0.02791537424164376,0.01578492776596691,0.0,0.0,7.266754742434784e-06,0.0,0.0006432863616643696,0.0025630911316727152,0.0011187919388282047,0.0,0.0,0.0002782522925337017,3.351580282898258e-19,3.351580282898258e-19,3.351580282898258e-19,0.0,2.346106198028781e-19,0.002562132207450032,9.624058168008284e-05,0.04419614387780881,0.027142175915019367,0.003077873007496302,0.0027896797193897272,0.035314342291854046,0.0,0.013976241693126334,0.020386802536949373,0.0003478369101649374,0.0,4.02189633947791e-19,0.005273566452407716,0.0,0.006109510227402423,0.0,0.0020360120389312218,0.033142163776687265,0.062190964504072514,0.0055518047280898744,0.018007039810825767,0.022144368236994668,0.0007748586858313021,0.0010223255137343226,0.013390745195241187,0.0,0.1133942248872086,0.12447132942635677,0.0,0.03938345463819529,0.0,8
glp_1e2141_sterile_8_CB4037_25.Rep_78,0.0025773487994927417,0.0055733188627001265,0.0,0.0008798723797262923,0.0036784998397880143,0.0,0.0,0.0003568462669513621,0.0,0.00033615592639413993,0.0019560256926121873,0.0212132742925581,0.0025305421398010793,0.0,0.0,0.0006463146782839763,0.0018509311765106521,0.0,0.0,0.018703236873412573,0.0019342917979716606,0.0,0.0,0.0,0.0,0.006700878594538112,0.0,0.0022938623552856145,0.0,0.0,0.0,0.012020318798266623,0.0,0.03769936074225036,0.0,0.0,0.0,0.0016880596368048929,0.010541145352710465,0.0,0.0,0.0,0.0,0.0014457337782835193,0.0023249070580111776,0.0034422125816755797,0.0005389169340808106,0.002054413317875011,2.6922202274090693e-05,0.0007524130153555652,0.0,0.009809455815998097,0.0,0.0,0.0049311352690169594,0.004328621127709041,0.029314006325390725,0.0,0.0,0.00567757793310962,0.008043904881487506,0.0,0.011324084987821061,0.0011005995128882888,0.016685067472787092,0.0012130860758686503,0.0,2.1982302186976465e-20,0.002631708408904057,3.7160558458936405e-20,0.0011717605082155421,0.0,0.012665680146334856,0.05104366924216463,0.001341595658524724,0.0,8.894021960961509e-05,0.0,0.0,0.002787740913897396,0.0032647486854571594,0.0,0.009467932553177735,0.0006292497287945758,0.0,0.0,0.0,8.478887986405209e-20,0.0013376514179063098,0.0,0.0,0.0,0.004573623639387555,0.0,0.0,0.0,0.0,0.002776057489986267,9.108145564563046e-05,0.0,0.0,0.0004921199035724189,0.0076267011956813865,0.008824887155043721,0.0017440114171021913,0.016876237752080924,0.018372720797606844,0.0,0.0,0.0,0.00038664872985828613,0.00229746926178832,0.0,0.0,0.004731490687360492,0.0011321105878229845,0.0,0.005180478176948084,0.0,0.0,0.0035602062092583648,0.0,0.0035191620849424504,0.005807459903680143,0.004433024845045744,0.01856622641689773,0.0,0.0,0.0,0.0140561554812103,0.013703379084761286,0.0,7.400552960411007e-05,0.0,0.0,0.0007696992714230809,0.0013817794693962388,0.0004815123918657369,0.0002818199392399656,0.0,0.0005630443050295839,2.4285210035135904e-19,0.0,0.0,0.0,2.2715045593209015e-19,0.0025606826937091954,0.0,0.013542129653991002,0.02464341772688878,0.004161707168252437,0.0,0.038356274285014716,0.001209933405358158,0.005716689993045476,0.0,0.0006516114360503034,0.0,0.0,0.0021343753042728513,0.0,0.016810582008024086,0.003979605624485097,0.0,0.03502817130125086,0.06336414430351901,0.004255354498117195,0.022854023642674845,0.015756055459776635,0.0011684178931380667,0.002184873327568021,0.029724313743834593,0.0,0.09661840160210734,0.1155019670220839,0.0,0.03485013474591922,0.0,8
glp_1e2141_sterile_8_CB4037_25.Rep_79,0.00326556011718764,0.00404105696037019,0.0,0.002687532900281858,0.0004529671260109409,0.0,0.0,0.0016266791063088268,0.0,0.0,0.0013195597231013833,0.019839462243771363,0.0024257529216744557,0.0,0.0,0.0024548732450268133,0.0016111454725575203,7.289342399142435e-20,0.0,0.01949231698327256,2.2703072797453998e-05,0.0001734651627122774,0.0014448192972940084,0.0,0.0,0.0062898999467050545,0.0,0.001681264523079131,0.0,0.0,0.0,0.005862388894954765,0.0,0.041828572316480954,0.0,0.0,0.0,0.0,0.013325534351490243,0.0,0.0,0.0,1.4578684798284868e-20,0.001496357072872239,0.0018180100642961531,0.004459614516952377,0.0011537942902961917,0.0016764885113802021,0.0,0.0,0.0,0.0064482782252514945,0.0,0.0008193093183004049,0.0043798255032831265,0.009001224342019434,0.02812878901943155,0.0,0.0,0.004693379690841173,0.005621838054546471,0.0,0.013199602620753103,0.00756725149440876,0.010535373185022966,0.0,0.0,0.0010890405273462115,0.0025767902177601934,5.102539679399704e-20,0.0014838795731925522,0.0,0.009555006899776126,0.027623419154152045,0.0,0.0,0.00042936429386155673,0.0,0.0,0.0025347505938027363,0.0023517378112088935,0.0,0.005179708856254815,0.0005166056866510652,0.0,1.6036553278113357e-19,0.0,0.0,0.00110088720533338,0.0,0.0,0.0,0.003561656079193492,0.0,0.0,0.00011797362346213931,0.0,0.002397666635517382,0.0,0.0,0.0,0.0029482955743793953,0.007507113032033139,0.002991949708634625,0.0013441777179080648,0.01950971857777466,0.012952739703346663,0.0,0.0,0.0,0.0,0.0,0.0,0.00018731140824825287,0.0015915023102246965,0.0013088827301223898,4.3736054394854605e-20,0.0016874160221768957,0.0,0.0,0.0034221864579601314,0.0,0.003314803520217496,0.006428100519928847,0.0029642414650233057,0.014122927777928144,0.0,0.0,0.0,0.02378076677854482,0.012712756821694114,0.0,0.0007130492025744889,0.0005282294775842326,0.0,1.7494421757941842e-19,0.00323022709335923,0.0,0.0,0.0,0.0,3.4988843515883684e-19,4.37360543948546e-19,8.747210878970921e-20,0.0,0.0,0.0022289496124883196,0.0,0.06680714216372953,0.01941248747589871,0.0018964701693540392,0.0,0.02604247986657057,0.0017214533287963863,0.01326749090383512,0.008537160523088396,0.0014833124466594747,0.0,0.0011158430727885513,0.0016342673346606254,0.0,0.007238807251907994,0.010940023518046274,0.0,0.05149575288089779,0.09510532720362957,0.003924508018754653,0.023101148688528257,0.01287547052880259,0.0,0.0003013585467312181,0.025963474348078927,0.0,0.09466479426355674,0.09082659214294898,0.001613339520071001,0.02319277285826714,0.0,8
glp_1e2141_sterile_8_CB4037_25.Rep_8,0.0038907045224731538,0.0038702926092888178,0.0,0.0,0.0008361037228445422,0.0,0.0,0.00044854007713395166,0.0,0.0,0.00204745461297087,0.019456682410951352,0.0028621450799110756,0.0,0.0,0.0,0.00427519475915044,0.0,0.00021122791800548562,0.01760760130780796,0.001505308049199215,0.0,0.0010222959439233905,0.0,0.0,0.004244169630657075,0.0,0.0026397094781822165,0.0009454297792075629,0.0,0.0,0.008056080572449404,0.0,0.044456910760488744,0.0,0.0,0.0,6.920902564260406e-05,0.014519248413137838,0.0,0.0,2.935573478654524e-19,8.714983764755618e-20,0.001839193464534838,0.005759670735000771,0.003426039619032763,0.0008198605227999194,0.0013529919176254017,0.0,0.0,0.0,0.019321713152939114,0.0,1.8347334241590774e-19,0.003420717049909215,0.006249990684611604,0.009220410661929508,0.0,0.0,0.00899055769161896,0.010699119726626696,0.0,0.011953017472913096,0.004018635317856334,0.020826336301828844,0.0,0.0,0.0,0.0,1.1467083900994235e-19,0.0018937835473442023,0.0,0.011857939302050908,0.04196267155683878,0.0,0.0,8.199723088929284e-05,3.761203519526109e-19,0.0,0.0023421165573536133,0.0025671474303366757,0.0,0.008803092412639985,0.00057822163316214,0.0,0.0,0.0,0.0,0.0009943255329358048,0.0,0.0,4.495096889189739e-19,0.0036646586019674827,0.0,0.0,0.00014847028598945292,0.0,0.00199601787934554,0.0,0.0,0.0,5.504200272477232e-20,0.002415768853690564,0.004002309352523615,0.0014853150859011172,0.012001315496057364,0.021411237961469202,0.0,0.0,0.0,0.0,0.0010628402996162231,0.0,0.0,0.003148821935140378,0.0010824795755047783,0.0,0.00041383246651129606,0.0,2.0182067665749851e-19,0.005186170638586075,0.0,0.002984696075157356,0.0055096049687091775,0.001034419344885405,0.015075154071745511,1.0091033832874926e-19,0.0,0.0,0.011545582019502811,0.01303663250700397,0.0,0.0,8.231747195279014e-06,0.0,0.0007092144400261751,0.002891080217190502,0.0009707829194671198,0.00023714488876196602,0.0,0.0,5.320726930061325e-19,6.238093642140863e-19,0.0,3.3025201634863393e-19,1.376050068119308e-19,0.002612795672884508,3.8529401907340625e-19,2.981441814258501e-20,0.025426150499782904,0.005119234903638173,0.0,0.058525023464310176,0.0002289227148311139,0.01438582464615394,0.005243760972633683,0.000678706138103756,0.0,0.0,0.0050424989106889265,0.0,0.012592156339059624,0.011905400661872624,0.0,0.022256205661325287,0.018378828099662577,0.00840886672105219,0.019400621355228204,0.029987361736052917,0.0008782102900933068,0.0,0.031479743609679686,0.0,0.09774804219527872,0.1283266785783143,0.0,0.07740932700120089,0.0,8
glp_1e2141_sterile_8_CB4037_25.Rep_80,0.003792745107656695,0.0030419879173734254,0.0,0.0,0.0025746472624052267,0.0,0.0,0.0,0.0,6.254528669052395e-05,0.0019706911837731743,0.019244610791497203,0.002744263794408042,0.0,0.0,0.0036999832318990646,0.0019200636899832234,8.349267455205144e-21,0.0,0.014938724860377747,0.0001828479440989119,0.0,0.003608000644705482,0.0,0.0,0.006482595762092722,0.0,0.0019092927232443103,0.0,0.0,0.0,0.008326069986801996,0.0,0.04575953945572778,0.0,0.0,0.0,0.0,0.013924028127777694,0.0,0.0,0.0,8.349267455205144e-21,0.001759816934572864,0.0029629095272474537,0.004047624226960773,0.001130542622940982,0.0018438812631562226,0.0,0.002719689436262743,0.0,0.009701297889999192,0.0,0.0,0.0045277688164778365,0.009749372252076583,0.009345398032081948,0.0,0.0,0.005776372582230695,0.005636728805917455,0.0,0.010279534903749287,0.0005970411951466408,0.0158921680508673,0.0,5.8444872186436e-20,5.009560473123086e-20,0.0,8.349267455205143e-20,0.0015585191559382588,0.0,0.011523226046992836,0.07364285808590279,0.00165495736870881,0.0,0.0,0.0,0.0,0.0018138898671895658,0.001644215326442804,0.0,0.006565301739715559,0.0006052783179247392,0.0,0.0,2.671765585665646e-19,1.16889744372872e-19,0.001332224832679721,0.0,0.0,0.0,0.0031300431621531853,0.0,0.0,0.0,0.0,0.0026521260188218576,0.0,0.0,0.0,0.0,0.007206881777354866,0.007231097019999944,0.0016633563334272048,0.010833238258543482,0.0158427270772844,3.3397069820820575e-20,0.0,0.0,0.0,0.002413939626269748,0.00034994009303924425,0.0,0.004322847792027103,0.0021697672400000046,0.0,0.00105225603827349,0.0,0.0,0.00429889547750713,0.0,0.0037637437009922,0.006109726959244644,0.00294150464897171,0.013951128885670334,0.0,0.0,0.0,0.011919508653746948,0.009540358879473531,0.0,1.1271511064526944e-19,0.0018422389925462678,0.0,0.0,0.0018380499499325719,0.00012992739155513514,0.0018798420260206722,0.0,0.0004905786133517676,0.0,0.0,4.1746337276025716e-19,0.0,2.2543022129053887e-19,4.2778796572552903e-05,0.0003521701468452679,0.0,0.027191541314623965,0.0034010196720075055,0.0,0.04201033291103199,0.017964107495284754,0.014237435477517397,0.014835328421833126,0.0,0.0,1.335882792832823e-19,0.004700519659016751,0.0,0.04283051742885263,9.96880087497325e-05,0.0018240347270834492,0.03666439495020326,0.06227626435945511,0.0032246816716339564,0.01968474856675157,0.019116939905245902,0.0,0.0,0.012241568028822153,0.0,0.08833281691666006,0.11089912016570296,0.0004752883480321838,0.03952772336017002,0.0,8
glp_1e2141_sterile_8_CB4037_25.Rep_82,0.005878477058461353,0.004621575117394208,0.0,0.0,0.0,0.0010620500545971637,0.0,0.001201871266382834,0.0004965737520729518,0.00010223969809880205,0.000947264318066463,0.02343859865368855,0.0030631242877124285,0.0,0.0023190691524237156,0.0026404503163308946,0.0013594736453997917,0.0,0.0016393360968963075,0.010846937287753867,0.000247120346115265,0.001536214133237674,0.0,0.0,0.0,0.008048951251373318,0.0,0.0026044416017054757,0.0010497079746636412,0.0,0.0,0.031779873176237185,0.0,0.01884454498226818,0.0,0.0,0.0,0.0005155166543554238,0.0012755816787596798,0.0,0.0,0.0,0.0,0.0016435113276684155,0.006014452180363309,0.003027360408564878,0.0005857483199896055,0.0019075392911948375,1.3494356753495585e-05,0.0013085224626777526,0.0,0.008267972400382063,0.0,0.0,0.007214097187898299,0.0038568713167702754,0.0015697106973840789,0.0,0.0,0.008345979254638662,0.011920625307998518,0.0,0.0055442765443710195,0.0005600303935077828,0.008740969838871456,9.48125699694522e-05,4.0628773185198705e-05,0.0,0.0,3.700384173140426e-20,0.002725953868272328,0.0,0.012473670128428259,0.030439731843654335,0.0,0.0,0.00042381747300397464,0.0012777776369139518,0.0,0.008436403243461175,0.0039053255539707927,0.0,0.01424370615808487,0.0005915885761171045,0.0,4.2554417991114896e-19,4.34795140344e-19,0.0,0.0,2.7752881298553194e-20,0.0032661144673199758,0.0,0.005820096425704642,0.0,0.0,0.00014972123176662907,0.0,0.0022935025795898707,0.0,0.0,0.0,2.312740108212766e-20,0.002636188040873379,0.0,0.0009379851240967051,0.020820338257956702,0.02863053554895112,0.0,0.0,0.0,0.0026194641323268554,0.0008272910092205208,0.0,0.0004946842240829866,0.0012285501455702908,0.0012289866272687181,0.0,0.0032317510631956555,0.0,1.2026248562706383e-19,0.005804737611262994,0.0,0.0017975032235568668,0.008365321415954344,0.0027433618675337034,0.015165846159869007,0.0,0.0,0.0,0.007915720067813688,0.006747072160450734,0.0,0.0,2.4027646406904158e-05,0.0,0.0007806520916730899,0.0021696498320865547,0.0018647137774405167,0.0010658697184371677,0.0,3.911811178559455e-05,0.0,0.0,0.0,0.00010648766596321712,4.717989820754043e-19,0.0028287770751959764,0.0,0.0,0.02580626080984679,0.0032913538533598883,0.013453084861590347,0.05054502240173031,0.016050704094409902,0.03633419843573764,0.03706365740254472,0.0033525681125958617,0.0012059837586726834,0.0,0.0012895929286693777,0.0,0.00911781703703198,0.009809605932690835,0.0,0.010505062270815104,0.02031869761895126,0.012652949344662955,0.019130743645172196,0.011031422672156337,0.0008421864401875411,0.02333234916126137,0.04064318840277581,0.0,0.09128268044413794,0.11936680218160353,0.0,0.041276431267950275,0.0,8
glp_1e2141_sterile_8_CB4037_25.Rep_84,0.0055416131560309285,0.005633451256480927,0.0,0.0,0.000520334420314263,0.0,0.0,0.00015274626167270045,0.0,0.0,0.00222212139420081,0.02280943174419479,0.0025448040974980148,0.0,0.0,0.00022717399324861687,0.001728170181230885,0.0013690772465024276,0.0,0.013587049725137957,0.0,0.0,1.5416912167004398e-19,0.0,0.0,0.004343247426018499,0.0,0.0021072775732715377,0.0,0.0,0.0,0.009891579608347387,0.0,0.02937574720927315,8.672013093939974e-20,0.0,0.0,5.63586682548067e-05,0.008078156474279353,0.0,0.0,0.0,0.0,0.0017414907271470275,0.00267509460459816,0.004881702640743916,0.0009455687910905082,0.0020824392557307267,0.0,0.0,0.0011677454623610125,0.01791630296415727,0.0,3.0833824334008797e-19,0.0063413020926826194,0.0031802831310536552,0.015078173143215945,0.0,0.0,0.0062206116774892635,0.011823924246065773,0.0,0.010475190044155064,0.0005784900519782418,0.01994283029020998,0.0,0.0,1.5416912167004398e-19,0.0,0.0,0.002519979084399359,0.0,0.011294773496282757,0.04383486474639961,0.0010493296763781862,0.0,0.0004177078447550789,0.0,0.0,0.0024352653717332087,0.003321690806377334,0.0,0.0057500629538541044,0.0006129115164103195,0.0,0.0,1.15626841252533e-19,0.0,0.0012856638275992001,0.0,0.0016677851772202773,0.0,0.006203055600261232,0.0,5.904437401393218e-06,0.00015594590802465815,0.0,0.001495090990610655,0.0,2.6979596292257697e-19,0.0,6.744899073064424e-20,0.007596242670093337,0.004601117831013895,0.0007754615616612686,0.017059224462728312,0.02398793297179654,1.5416912167004398e-19,0.0,0.0,0.0,0.0004790796789300589,0.0,0.00013278827508863113,0.0028840540351943956,0.0006509837312537763,3.8542280417510996e-20,0.0008438512158176867,0.0,0.0,0.005738782788442499,0.0,0.0029688280724688852,0.004408613866670773,0.0006220811736799512,0.01696199175500789,0.0,0.0,0.0,0.008398599491295377,0.009657322433753791,0.0,1.5416912167004398e-19,0.0,0.0,0.0,0.0034008207695414693,0.0012839317581298591,0.0011561865751193,0.0,0.0,4.62507365010132e-19,0.0,1.9271140208755498e-19,0.0,0.0,0.002231137220322196,1.3489798146128849e-19,0.0,0.027430229213292356,0.004365114553603536,0.0037619667540611237,0.05156328733034057,0.00643530893816279,0.026491202708921323,0.020455721758417363,0.00042183307708086994,0.0,9.635570104377749e-20,0.0008703634698888727,9.635570104377749e-20,0.020900057233375607,0.0001611098074980756,0.002369028613768404,0.01717364999637463,0.03882952193497006,0.006286723896072359,0.018898956590564682,0.024082976662913282,0.0010611127505637942,0.0011600566739813451,0.017737541485535156,0.0,0.10034164757443906,0.12940865918567904,0.0,0.06666537645614228,0.0,8
glp_1e2141_sterile_8_CB4037_25.Rep_85,0.0038718027665905325,0.0058575513014157594,0.0,0.0,0.0003843807124878566,0.0,0.0,0.0007211316957390896,0.0,0.0,0.0022695534290623452,0.025442626780869147,0.003171411000002003,0.0,0.00038134134160903326,0.0,0.0012156587816813708,0.0,0.0,0.023496452979947725,7.430030515858187e-05,0.0,1.6010843371543515e-19,0.0,0.0,0.009283213432835932,0.0,0.0026438691329325587,0.0,0.0,0.0,0.012477419043465061,0.0008351046661752918,0.050355222626294736,0.0,0.0,0.0,0.0,0.013557840745411658,0.0,0.0,0.0,0.0,0.0020812977090471215,0.005499680274724656,0.003839057391887759,0.001005154266074907,0.0019396220770998773,0.0,0.0,0.0001594428275728037,0.015374225431539079,0.0,4.520708716671111e-19,0.00431577110078144,0.013058282322325906,0.028163207565262496,0.0,0.0,0.010054175195624545,0.007625544585388325,2.1949817713389753e-05,0.014626049873440955,0.0008669473841561238,0.019233704941959254,1.1301771791677777e-19,0.0,0.0,0.0,0.0,0.003216318173388015,0.0,0.010280135411846069,0.0510065190103089,0.002404658111355296,0.0,0.0,0.0,5.650885895838888e-20,0.0029327732683492864,0.0031688640670766693,0.0,0.007148180195931862,0.0007233382463412486,0.0,0.0,0.0,0.0,0.0007837080436605095,2.0719914951409254e-19,0.0,0.0,0.0039623245927906045,0.0,0.0,0.0005521621034876216,0.0004344928252717442,0.002177789166652353,0.0,0.0,0.0,0.0,0.0038868340540452514,0.003699248825894351,0.0021814307691638488,0.012924433933723119,0.022490867680441767,0.0,0.0,0.0,0.0,0.00048684892587901095,0.0,0.00030168304026800347,0.0022143334506675738,0.0012599237937647384,1.5069029055570368e-19,0.004684157317545804,0.0,0.0,0.004334463483948613,0.0,0.0030050701848941194,0.005406831464305184,0.001692298303864597,0.01327014780863834,0.0,0.0,0.0,0.021979789240496074,0.015998501052308073,0.0,0.0,0.0,0.0,0.0,0.0031155144176549807,8.261887950414513e-05,0.0,0.0,0.0,4.143982990281851e-19,4.143982990281851e-19,3.3905315375033325e-19,0.0,2.448717221530185e-19,1.4127214739597218e-19,0.0,0.0,0.026620666023955616,0.004382580848104761,0.0,0.04610023524394739,0.0005840577521638806,0.013240221893217179,0.01595462541265643,0.0007559076994413874,0.0,0.0,0.007414912983845202,0.0,0.029679696918364994,0.001180188197130693,0.0,0.019241267131740278,0.015334478813758873,0.001042282149027311,0.02163421104717904,0.023262720579331257,0.00020803896122772588,0.005574647704945164,0.015722725819417936,0.0,0.08661834700474261,0.11816180050000549,0.0,0.05157713396605164,0.0,8
glp_1e2141_sterile_8_CB4037_25.Rep_86,0.003941532862512215,0.006142080133225093,0.0,0.00036111218026073176,0.00019305170577633542,0.0,0.0,0.0012168653295125348,1.1276778175719834e-19,0.0,0.001486499798621707,0.019215136058637425,0.002654881914217358,0.0,0.0,0.00012949160608033265,0.0033792727004111653,0.0,0.0,0.01894545610076407,0.0008273377872403113,0.0012788124221987094,0.006438763282586721,0.0,0.0,0.008146616911016402,0.0,0.0023236264150904586,0.0006855580093421609,0.0,0.0,0.020013772010833215,0.0,0.0486259317569103,0.0,0.0,0.0,0.00019209507667662535,0.016174466554675825,0.0,0.0,3.23123066958126e-19,1.542424707207833e-19,0.001734973507781864,0.004918165508120364,0.0026684217096641246,0.0004635431434093685,0.0019124879260814538,0.0005545269832653264,0.0,0.0,0.011734813648679147,0.0,0.0,0.0034694102419659477,0.012719322752789178,0.01395846865202779,0.0,0.0,0.006139900061428284,0.010346830651121467,0.0,0.012751531076837271,0.0010225279941274055,0.016255816856850736,0.0007841182316677853,0.0,0.0009545736912550753,0.00040561429258404824,1.7023597822961673e-19,0.0018047693444547116,0.0,0.011936049129631211,0.030249532162718532,0.0,0.0,0.00014721915326975954,3.6324237392943697e-19,0.0,0.002819804723541372,0.0026418120944118723,0.0,0.008416649990047964,0.0005092994238165239,1.0355118420973502e-19,0.0,0.0,1.9625931248127789e-19,0.0011873061387848772,0.0,0.0,0.0,0.0039285619349968045,0.0,0.0,0.0013335680748493596,0.0,0.0018609662043075474,0.0,0.0,0.0,0.001061436790171735,0.008294535444527504,0.0019050830443459999,0.001448817144893801,0.023419798036686246,0.020305764519047004,0.0,0.0,0.0,0.002073014187178184,0.0008886140334435805,0.0,0.0,0.003816207547754891,0.00174612739971514,1.2252653210157128e-19,0.00661359718907699,0.0,0.0,0.005295915069964956,0.0,0.0034926266983731843,0.006178752109176035,0.0046151393163931425,0.018212603292239362,5.746819647241839e-20,0.0,0.0,0.01529862196826581,0.010892234238926624,0.0,3.795069578367252e-21,0.0015330006212872114,0.0,0.0006154009377544235,0.0031514366585858066,0.0,2.2924431816416438e-05,0.0,0.0,4.250477927771322e-19,0.0,0.0,0.0,0.0,0.0026524889635548927,0.0,0.0,0.026738834614109874,0.0,0.0,0.05212408913486539,0.0011456600043817896,0.007483411675730742,0.006410584577551631,0.0020656883181763477,0.0,9.758750344372934e-21,0.002685547311646551,0.0,0.014136090112768512,0.004278213632043192,0.005020650057153167,0.02602336186899369,0.04143157832796118,0.010945374236665781,0.026490110433901454,0.020800483577413174,0.0,0.003689270068758968,0.019926696623599655,0.0,0.0807801589939928,0.10747528939764016,0.0022446774062101563,0.06256714406218011,0.0,8
glp_1e2141_sterile_8_CB4037_25.Rep_87,0.0035024810445004047,0.003759705060692707,0.0,0.0,0.0005577155691946953,0.0,0.0,0.0012148811039271992,0.0,0.0,0.0021467600434924117,0.02187413276504109,0.003231759868799279,0.0,0.0,0.0,0.0037389086548289614,3.993842035906841e-20,0.0,0.02225815946026528,0.004369048607117485,0.0,0.0004033751382558974,0.0,0.0,0.00821609362205849,0.0,0.0035562427299139126,0.0009520052573530394,0.0,0.0,0.017320848093981225,0.0,0.04934019118367363,1.6943572273544175e-19,0.0,0.0,0.0,0.01619317691873318,0.0,0.0,0.0,0.0,0.0018368370638745459,0.003385871268382266,0.0019070742983268362,0.001118315219798082,0.0019810473471320793,0.0,0.0,0.000878638434310141,0.011811181950434017,0.0,4.502149204113167e-19,0.004730561512978388,0.007879961117804956,0.008429831986303461,0.0,0.0,0.007758192822109231,0.00994642451922268,0.0,0.015260468643660773,0.0006112777788328293,0.021487647675492216,0.0,0.0,0.0,0.0,0.0,0.0022637902731337278,0.0,0.003928527100839102,0.03765368704219492,0.0006203965151551903,0.0,0.0,0.0,0.0,0.003611705664798559,0.004255833292157749,0.0,0.014376752515709692,0.0006416648813441624,1.258665368891853e-19,0.0,0.0,0.0,0.0007394718827370275,0.0,0.0,0.0,0.003633422861658859,0.0,0.0,0.0012840486671289754,0.0,0.0025013668047677226,0.0,0.0,0.0,3.509739970948436e-20,0.004216007858652979,0.002588506019819131,0.0017266554051520906,0.018874401769093,0.02347225432758846,0.0,0.0,0.0,0.0013693571793485552,0.0004597705159523127,0.0,0.00016536681239774992,0.003501505425657899,0.0010584356652740313,0.0,0.002223123298031205,0.0,0.0,0.00550483122276831,0.0,0.0037188276717436647,0.006508955192299441,0.001238417742660625,0.019610775236533155,0.0,0.0,0.0,0.01985286285718627,0.012593199267191234,0.00013564167085377657,2.8562021832545893e-19,1.5294613075055718e-05,0.0,0.0,0.0009773842172240068,0.0038677015568356855,0.0,0.0,0.00029135709514684885,5.083071682063253e-19,4.2116879651381236e-19,0.0,0.0,8.955888201730492e-20,1.7185623306023377e-19,0.0,0.0,0.02711871233404769,0.002372074012355184,0.0,0.047582982564784465,0.0010587146069442042,0.007407054698435442,0.0,0.002186060056544596,0.0,0.0,0.0037978398180104895,2.0574337760732212e-20,0.030339998373110386,0.00457405500527919,0.0,0.024861812513594535,0.03697187573317127,0.020124526105654753,0.030777129151124634,0.024706108939377126,0.0009452982901887302,0.009168399239791689,0.02456255911797503,0.0,0.09735652780056551,0.07205562065226088,0.0005988096842794903,0.060293724419901995,0.0,8
glp_1e2141_sterile_8_CB4037_25.Rep_88,0.005298234039258358,0.006208718098989254,0.0,0.0,0.0009775573016668829,0.0006931091938161818,0.0,0.0003271502118188591,0.002051634159673625,0.0,0.0010489408637762952,0.024090714869650195,0.0024311190800763226,0.0,0.0,0.0004298093016625267,0.003907576430864609,0.0,0.0,0.01328467135136901,0.0008495808670608456,0.0,0.0023460279886813483,0.0,0.0,0.013213895336188471,0.0,0.001768181646947069,0.002288734737863215,1.309995298574712e-19,0.0,0.03037093561314901,0.0,0.029524458383580098,0.0,0.0,0.0,0.0020021406436314857,0.014041703398847595,0.0,0.0,0.0,7.95354288420361e-20,0.001121703139734202,0.004995605797063142,0.0029726778293127556,8.403964834269915e-05,0.0010821349594322808,0.0,0.0002606977318969887,0.0013281207157204307,0.00809577175613484,0.0,0.0006502007458970585,0.00804388533935327,0.004201860722387538,0.0062214266357150955,0.0,0.0,0.005810824694928628,0.007579944753312242,0.0,0.006308468948554799,0.0004211762159677852,0.009786666703825823,0.0,1.122853113064039e-19,0.0,0.0,0.0,0.002170980543640162,0.0,0.010449722453812548,0.04566023559035289,0.0016020565928961208,0.0,0.0007837883895537632,9.357109275533659e-21,2.432848411638751e-19,0.005883762994702126,0.002825816918310888,0.0,0.01086088757559044,0.00044195592655827017,0.0,1.122853113064039e-19,0.0011935185631003797,0.0,0.0017835691266926317,0.0,0.0021847425048023505,0.0022638115421950503,0.004243074920223379,0.0,0.0,0.00015143918695543335,0.0,0.002178107605593334,0.0,0.0,0.0,0.0,0.007517995554516828,0.003118564144238549,0.0007005047075397671,0.01914963159755679,0.03221889906042536,0.0,0.0,0.0,0.003008180772485886,0.0,0.0,0.0003471448090091621,0.0013945585270680046,0.0015770397197806406,0.0,0.0021961363136065786,0.0,0.0,0.007028669872185554,0.0,0.0029939274203508713,0.00925240366880054,0.0013476392419699054,0.0219659260734034,0.0,0.0,0.0,0.006216092677299533,0.0064605762723902085,0.0,0.0016914007876878549,0.0,0.0,0.0,0.0032776907541835275,0.0007101939290267821,0.0,0.0,0.0,0.0,0.0,2.432848411638751e-19,0.0,4.6785546377668293e-20,0.0028612354793712677,0.0,0.010790668451559713,0.02356690683111352,0.004577468331650445,0.0,0.04105520636365643,0.008835709966374485,0.014320120427537242,0.005362932581794377,0.002199156922800169,0.0,0.0048930133300414186,0.0004935461837156183,0.0,0.014365138391252353,0.011186471086903451,0.0,0.02852128432382264,0.03147973548860983,0.00904261236578442,0.021962590101065216,0.011003197341343439,0.0007592624939399545,0.002892005172779725,0.03032062190742202,0.0,0.10559022957517672,0.12538961180548033,0.0,0.03556052888214894,0.0,8
glp_1e2141_sterile_8_CB4037_25.Rep_89,0.003054351629061367,0.007396562465292878,0.0,0.0012945072641165464,0.0015902336794798948,0.0,0.0,0.0012396758227463274,0.0005800097195158164,0.0,0.001771233303314076,0.019689482994958905,0.002740322226149473,0.0,0.0,0.000527158095605156,0.003288176132148185,1.4982891566864839e-19,0.0004506309583035467,0.019131573228194226,0.0037974213086747997,0.0,0.0,0.0,0.0,0.008042111353242514,0.0,0.0007812111817552585,0.0,0.0,0.0,0.014987674579322721,0.0,0.030121079446669474,0.0,0.0,0.0,0.0013572114844013692,0.0037495862238710836,0.0,0.0,0.0,0.0,0.0013901061243657114,0.0026161897723417206,0.0025507608607619253,0.0008642128447490915,0.002178733588779061,0.0,0.00016940072547571598,0.00021975337621748105,0.01439135101250383,2.3591476654581655e-19,0.0007330535799089049,0.0027293647472375923,0.0033430225246851544,0.03137447415959581,0.0,0.0,0.006812062110496187,0.014122568556313705,0.0,0.01382112006594026,0.00814691080838368,0.012568004825541301,0.0,1.772981523489601e-19,0.0,0.004243707890403954,0.0,0.0015470505045700586,0.0,0.011555156400258948,0.05066801880824823,0.00153144877479839,0.0,0.00022750824116530308,0.0,1.7442991843336415e-19,0.004035943075144153,0.001741841222227826,0.0,0.005642021539007312,0.0004859068761322283,0.0,1.6718931059610576e-19,0.0,8.676294782173782e-20,0.0010220297621557216,3.4833382807137627e-19,0.0,0.0,0.005232449456445308,0.0,0.0,0.00015824310270313188,0.0,0.0028199424651508204,0.0,3.6910429417562643e-19,0.0,2.1718624880603057e-19,0.008617085004752362,0.003971418072916874,0.0016432352036920062,0.0159413486053051,0.029754944005152283,0.0,0.0,0.0,0.0,0.0005392337955259518,0.0,0.0,0.0037140153213306324,0.0010740544328869319,2.2349904073232267e-19,0.003263734898839451,0.0,0.0,0.0045087764820523285,0.0,0.002426468740725914,0.007042904410008329,0.00223382542689532,0.02158913136632401,1.735198829841194e-19,0.0,0.0,0.014637354713601296,0.01407074604966536,0.0,2.9912997935247013e-19,1.0019345929914778e-05,0.0,0.0006598961926877242,0.0,0.0015161181231668074,0.0,0.0005854605854411369,0.0009263104193790739,3.8116198608570933e-19,0.0,9.501838047815825e-19,0.0,3.011854106455626e-20,0.0029897861242033585,0.0,0.0,0.029130403999072643,0.004271387324016108,0.0,0.03979922202196602,0.0026510530431820764,0.006253749294113133,0.010410768717402404,0.00019377130206254902,0.0,0.0,0.000858597630150629,2.4217320854043224e-19,0.007075702431474259,0.0013394904821332672,0.0,0.034576766787326074,0.050570338087025504,0.0014235360291448686,0.025500271617988925,0.014438308246655812,0.000719333760680704,0.0024745574499725298,0.013392886978792881,0.0,0.10397104648701651,0.13918624381037034,0.0,0.03551412628043846,0.0,8
glp_1e2141_sterile_8_CB4037_25.Rep_9,0.004105278111216101,0.004569791128595093,0.0,0.0,0.0,0.0007776467863889284,0.0,0.0022588354096031767,0.0,0.0,0.0012482627791096364,0.019493752815564553,0.0018123724260899281,0.0,0.0,0.0012034606128680917,0.002412596241322356,4.339065062024499e-20,0.0005439040605834301,0.013774147371747524,0.0040626001397608014,0.0,0.0,0.0,0.0,0.009318424138211502,0.0,0.0027145587489701742,0.0010828789827153887,0.0,0.0,0.010852681383810773,0.0,0.04337456427443753,0.0,0.0,0.0,0.0006957559448903616,0.01557372891589615,0.0,0.0,0.0,0.0,0.000983553469418196,0.0,0.0027346732996423027,0.0010044839681029622,0.0004630453703999027,0.0005485575253390495,0.0,0.0,0.01853422637201783,0.0,0.0009045928972575175,0.004896665245279701,0.002137415177666636,0.04042978321848269,0.0,0.0,0.0060368171269379245,0.0054458196421970214,0.00042132494417305104,0.008051838888359402,0.0014345274402127579,0.01575691166345953,0.0010184133965706703,0.0,0.0,0.0,1.7504182920667015e-19,0.0010147216988673025,0.0,0.007172216071502602,0.009774316220963237,0.0,0.0,0.00022539646639266548,0.0,0.0,0.002859857390012306,0.0037755315164063183,0.0,0.008906051664045301,0.0004219444223923577,0.0,6.903058053220795e-20,4.960340286814371e-19,1.9525792779110248e-19,0.0010283126370779492,0.0,0.0005033925458599228,0.0,0.0039031477198215696,0.0,0.0,0.00012768210697834567,0.0,0.0009900755873803171,0.0,9.664281274509113e-20,0.0,0.0037093506998345845,0.007165181439141162,0.0,0.0012270093077229088,0.004180160386718056,0.019422048745636886,3.4022214690873917e-19,0.0,0.0,0.005411046839338553,8.474104172677375e-05,0.0,0.00021447040546817542,0.0026452828913773813,0.002128953883434824,0.0,0.007420790854067969,0.0,0.0,0.005206639169349351,0.0,0.002294276661821449,0.01026177957436944,0.0023702869401919977,0.00979620126158291,0.0,0.0,0.0,0.0063409401476630925,0.006301065230213098,0.0,0.0010229493116514893,0.0,0.0,0.0005134236098313036,0.0015634280293151035,0.0008416066352022375,0.0001023192809668018,0.0,0.0003737342373433009,7.701840485093487e-19,2.25828613455366e-19,6.015522017806692e-20,0.0,0.0,0.0024123780767182257,0.0,0.024848353326563044,0.03417038177131224,0.0025252677294682188,0.0017409506647748482,0.06473671460197084,0.0025739018556729743,0.01122136181740285,0.005091204700245161,0.002386319110876757,0.0,0.0,0.002658382514129082,1.4397806796717658e-19,0.0038065174997456348,0.0032488519487463593,0.004074740423471531,0.010578782084667714,0.014157933597107202,0.03174760480364664,0.01898390270974829,0.026930722877326174,0.0007902329281498589,0.005160415550122981,0.05439913143690281,0.00018384359613330534,0.09761942975660243,0.11436274861747057,0.0029265060967893332,0.06468519735526734,0.0,8
glp_1e2141_sterile_8_CB4037_25.Rep_90,0.0023349284763666375,0.006623042778748024,0.0,0.0,0.0006434107894789598,0.0,0.0,0.0012568330747359012,0.0,0.0,0.0019207533549471041,0.02136682977819843,0.002649405066163003,0.0,0.0,1.939387291920843e-05,0.0020484104684040977,0.0,0.0,0.02007657753827114,0.0010269619087539814,0.0,0.0,0.0,0.0,0.0022430199826842263,0.0,0.0032712871445070954,1.0346284084762695e-05,0.0,0.0,0.012685593182602773,0.0,0.05043415462275882,0.0,0.0,0.0,0.0,0.014685702975008047,0.0,0.0,0.0,1.0886381099360907e-19,0.001254367862765435,0.0013356994489663436,0.002885643237801176,0.0007254626062728567,0.0018866021414223305,0.0,0.0,0.0012439688971731789,0.01262088117441386,0.0,1.6824407153557765e-19,0.004178526461471621,0.04660506832473732,4.948355045164049e-20,0.0,0.0,0.0053829119668023515,0.011538864404121364,0.000606974470298541,0.014188952471776664,0.0008859928670717926,0.01929075205529749,0.0,0.0,3.06798012800171e-19,6.432861558713263e-20,1.0391545594844503e-19,0.001623935269704256,0.0,0.01407162386955612,0.07161665028070169,0.0,0.0,0.0,0.0,0.0,0.002200810717845198,0.0033254693798907714,0.0,0.005184837585470152,0.0005434736676837153,0.0,0.0,1.2865723117426526e-19,4.9483550451640485e-21,0.0013862175641073044,1.0886381099360907e-19,0.0,0.0,0.004531813922088148,0.0,0.0,0.00016017230166711345,0.0,0.001356547969692542,0.0,2.3752104216787434e-19,0.0,1.0886381099360907e-19,0.00219006781837954,0.004194805003057852,0.001372410714958758,0.01374613457595321,0.030707265723024495,0.0,0.0,0.0,0.0,0.0004760293394617458,0.0,0.00036716377173334384,0.004023414979214036,0.00047123409957284645,0.0,0.0022570973361869004,0.0,6.927697063229668e-20,0.005840758384079247,0.0,0.003405306228166552,0.005843296812452173,0.00045031211636533666,0.03831824879614521,3.958684036131239e-20,0.0,0.0,0.01273944936094488,0.012915952237661496,0.0,0.0,0.0,0.0,4.552486641550925e-19,0.0027602694630401033,0.0,0.00027720004304213926,0.0,0.0,5.542157650583734e-19,4.948355045164049e-19,1.7814078162590574e-19,0.0,3.958684036131239e-20,0.0030262356894280675,1.1381216603877312e-19,0.0,0.02084718636831388,0.002885381108700296,0.0,0.04970612848771173,0.0005753746691826097,0.009500404131409523,0.0005983597864701777,0.0,0.0,0.0,0.00398622610393726,1.2865723117426526e-19,0.028666114172286983,0.0,0.002926875334384417,0.011075642018964993,0.009255294698525523,0.0017003367118388047,0.020024089637594864,0.023117159475176785,0.0010261922302907515,0.0,0.01195264050549623,0.0,0.09650490865755579,0.12971122197207569,0.0,0.05662893921978425,0.0,8
glp_1e2141_sterile_8_CB4037_25.Rep_91,0.004835283149428479,0.005962845567559957,0.0,0.0003488685156470704,0.0014926451977380086,0.0,0.0,0.0,0.0,0.0003276440181590892,0.0018009323339156602,0.02238316399211344,0.003273956991684159,0.0,0.0,0.0,0.002942156341835792,6.970425773288266e-20,0.0,0.016402859139461407,0.0009922853490572927,0.0010603580356041593,0.0,0.0,0.0,0.001244066549678382,0.0,0.0018020991678540802,0.001119378180997489,0.0,0.0,0.016192338590168578,0.0,0.032758130523471006,0.0,0.0,0.0,0.0017373830826297682,0.013568113648941657,0.0,0.0,1.2198245103254467e-19,0.0,0.0017436012558746674,0.0043890996243758805,0.0027028483504385812,0.0002623132192049022,0.001655860883767167,0.0,0.0,0.00015874344554248106,0.0059789321966305055,0.0,0.0,0.0034804604471470294,0.0027673046306506198,0.008358932426746209,0.0,0.0,0.006696033075563024,0.01220182242620204,0.0,0.01289231558520983,0.005139225174451907,0.013100794131943557,0.00015545635073504455,6.661564828638037e-05,0.0010786345950835957,0.0032874574727226416,0.0,0.0019194865224007867,0.0,0.010424235540156363,0.03414668869837238,0.0011697843522301638,0.0,0.0,0.0,0.0,0.004009475359165193,0.0031386010327654305,0.0,0.0035510849178793246,0.0005079935179295105,0.0,3.485212886644133e-20,0.0,0.0,0.00113334897047593,1.7426064433220666e-20,0.0,0.0,0.005564656023557281,0.0,0.0,0.00014101518705676478,0.0,0.0027576294427471494,0.0,0.0,0.0,0.000559009426782339,0.006898257662817857,0.005941120107190919,0.001797506796121171,0.018545895379591115,0.031913750698679244,1.3940851546576533e-19,0.0,0.0,0.0,0.0019250223103295962,0.0,0.0,0.003991826921304084,0.001219917556009846,0.0,0.002323155584324951,0.0,1.3940851546576533e-19,0.004241998385271723,0.0,0.0031015868315707722,0.006634911079883595,0.002933755785063478,0.018332713153250878,0.0,0.0,0.0,0.014608896733033129,0.013452549684386134,0.0,0.0,0.00012665253295433382,0.0,0.0,0.003682382842778033,0.0003034604656280294,0.0,0.0,0.0,0.0,0.0,0.0,0.0,3.485212886644133e-20,0.0026642883156506206,0.0,0.050981334399443134,0.018951523199199405,0.003519927689467319,0.0,0.03585860446258049,0.005349260017184868,0.014759244431312263,0.012135627561208675,0.0007493006431066506,0.0,0.0,0.00045025139032127187,0.0,0.017466181131697178,0.001093947304657593,0.0,0.03154833774293964,0.05403678408304226,0.0010384088265407822,0.018683113597898527,0.013939290496128503,0.0005774986640951852,0.0016644835164690102,0.006943119925848446,0.0,0.1173277475110229,0.12595330078438996,0.0,0.036949095487566405,0.0,8
glp_1e2141_sterile_8_CB4037_25.Rep_92,0.003038071277059005,0.004540993043333383,0.0,0.0,0.0006521082121102375,0.0,0.0,0.0016838796973631224,0.000164134782753807,0.00035259069852716,0.0019954706155457303,0.024024157898875565,0.0024966698505886867,0.0,0.0,1.5682918064652542e-05,0.0028001702533355147,0.0,0.0,0.020634567491524956,0.0008534525631977376,0.0,0.004866444281644829,0.0,0.0,0.006973667289535718,0.0,0.002956166921283411,0.0011350271265757406,0.0,0.0,0.017241365492409424,0.0010535942107717275,0.05075294794788105,0.0,0.0,0.0,0.0,0.016962681321769577,0.0,0.0,2.87388356112097e-19,3.5923544514012123e-20,0.0014395908752046498,0.0029054591250571972,0.004477677929565217,0.0007408404493113274,0.001915029139654998,0.0,0.0,0.0008573805660509517,0.0070593160017103475,0.0,0.0,0.004610428068332557,0.009482291529632382,0.008386374896658617,0.0,0.0,0.006388657904558032,0.008757266353768604,0.0,0.015407292603209699,0.0007284762319406642,0.016792887636000405,5.3885316771018185e-20,0.0,0.0010499428693244541,0.0,2.2452215321257578e-20,0.002178219697079245,0.0,0.012942207728442219,0.04863843448478327,0.0,0.0,0.0,2.245221532125758e-19,0.0,0.0035371535933841737,0.003206281845124115,0.0,0.009870891657281215,0.0006263514490061736,8.980886128503031e-21,3.143310144976061e-19,0.0,0.0,0.0016306823540670106,4.490443064251516e-19,0.0,0.0,0.005766148661269831,0.0,0.0,0.002373449521991756,0.0,0.0030951202251183973,0.0,3.5923544514012125e-19,0.0,0.0009649330754842113,0.003178412660022963,0.003520858630931336,0.0017499999806142486,0.025386248953469682,0.02816008325922748,0.0,0.0,0.0,0.0,0.000744514583363793,0.0,1.0486326625743463e-05,0.003919903332820208,0.0009572999114685415,0.0,0.0,0.0,0.0,0.005209301391876597,0.0,0.0037233503981123697,0.006587433514142923,0.0009147974425460871,0.02045638063624748,0.0,0.0,0.0,0.019879474766271093,0.016203303258723975,0.0,1.5267506418455154e-19,0.0,0.0,1.0777063354203637e-19,0.0029120408350712082,0.00016595842792957162,0.00041859586979623315,0.0,0.0,7.005091180232365e-19,1.6165595031305456e-19,4.1312076191113943e-19,0.0,0.0,0.0027461932174133565,0.0,0.005584001135964206,0.021611927267877216,8.885147779340294e-05,0.0,0.03411028257070953,0.001965015703370017,0.01863495999269072,0.023573068292507483,0.0016869233605520655,0.0,0.0,0.0017118180163023494,1.7063683644155758e-19,0.01748889618343485,0.0,0.0010211643826601989,0.01775318340860129,0.0194232235245231,0.007417042156328433,0.025178300446076742,0.016256179194422158,0.0011581599458489451,0.00932651552961242,0.009305432186451053,0.002107177548134162,0.09874062475047789,0.12359174914017114,0.002546220335448808,0.04185201568620404,0.0,8
glp_1e2141_sterile_8_CB4037_25.Rep_93,0.004592079097698072,0.00521628690021955,0.0,0.0010548112595449137,0.002243282224787669,0.0,0.0,0.00019877285445560127,0.0,0.0,0.0015861201336285098,0.019243708265371067,0.0029987984411995257,0.0,0.0,0.0004466049974888551,0.002926434824790149,0.0,0.0,0.01610466396220597,0.0013331634448214725,0.00012565318772453726,0.004975767602699575,0.0,0.0,0.006071684731749532,0.0,0.0018575493254634722,0.0011493629874668842,0.0,0.0,0.008317666464253862,0.0,0.028218055947579167,1.583693081209347e-19,0.0,0.0,0.0006391212097347054,0.005870528712953974,0.0,0.0,0.0006743723916919767,0.0,0.0009926818697621198,0.0049193090276909695,0.0031266077082633256,0.0005403865771672313,0.002200194681170383,0.0004524778835543045,0.0,0.0011543407509322474,0.005295342617901849,0.0,0.0005688019455705981,0.007657132214789246,0.003815336452029083,0.03755909029326875,0.0,0.0,0.004081021956251396,0.010112616451738174,0.0,0.010497292140487934,0.0005302070488565227,0.014122605114552808,0.0015744530163210556,0.0,0.00121482196329625,0.0009424533548875445,6.205113242165277e-20,0.0015289600383986226,0.0,0.00897127126866323,0.04115754734031254,0.0017945973476937477,0.0,0.0,0.0,0.0,0.002317232440590605,0.0029672672521060357,0.0,0.005082764026524806,0.0004285486162401704,1.0557953874728979e-19,4.723295154484017e-20,0.0007694569580904436,0.0,0.0007453819744148015,0.0,0.0,0.0,0.004016047188961101,0.0,0.0,0.0011926140365025122,0.0,0.0019564496658160753,0.0,0.0006887442779778559,0.0,0.0,0.005136704166592868,0.004758375649048759,0.0014369152222776765,0.013129449385666972,0.023058749063802016,0.0,0.0,0.0,0.0,0.0024603909464413964,0.0,0.0,0.0031929503078686194,0.0008560005792447715,0.0010619185532074122,0.001676463266671504,0.0,0.0,0.0035131740440464193,0.0,0.002058213151357091,0.006249117809846087,0.003073407045720485,0.014505219306570907,1.6670453486414178e-19,0.0,0.00010096264835191464,0.01631572196479535,0.011953159452450735,0.0,0.0,0.0,0.0,0.0,0.0025282072209084094,0.0019692015258907384,0.0,0.0,3.162726787395872e-05,1.278068100625087e-18,0.0,0.0,0.0,1.2965908267211026e-20,0.00128126910029646,0.0,0.06790463818530065,0.022058505526979726,0.002228425973110902,0.0,0.028980276385900828,0.011138800089833893,0.015430216792080053,0.017497062913341414,0.001621691930737694,0.0,2.9636361753625207e-20,0.0008131978060659202,3.426704327762914e-20,0.02180990839867272,0.004463602585833283,0.0008280616390633696,0.03087479507484888,0.061020290811188135,0.008314808368117675,0.0188016729003742,0.014837307875096486,0.0008003355678081505,0.0,0.014027565522840834,0.0,0.10205306939900241,0.09774294331330143,0.0,0.03558708079325744,0.0,8
glp_1e2141_sterile_8_CB4037_25.Rep_94,0.0009210072575386122,0.003186957101470189,0.0,0.0,0.0009608200904356882,0.0005115087561430837,3.287357328755448e-20,0.002549330583128526,0.0006523201216018418,0.0016600723020167214,0.0012142908079178288,0.015926745486544627,0.0058807038024219285,0.0,0.009627110122750707,0.011038625033166178,0.011203866801037164,0.0015053089343758537,0.0005752461448496759,0.013887665980113992,0.0014499300925679887,0.0,0.0,0.0,0.0,0.008091205056500567,0.0,0.003054226738192514,0.003954766855442486,0.0016246190574033454,0.0,0.054310588418403596,0.00047197691465033635,0.037444019682037095,7.396553989699758e-20,0.0,0.0,0.0,0.0,0.0,0.0,0.0,8.21839332188862e-21,0.001190088277406711,0.006856321027219875,0.0018254684373470481,0.0006354890495136613,0.0016770286625509736,0.001341356562816317,0.0011956264672388028,0.0010728945129649145,0.019571833689018114,0.0,0.0009845837569775948,0.006526829839428274,0.008825333814991083,0.0,0.0,0.0,0.005632652375210911,0.015513039910938163,0.0,0.006339736158196717,0.001618144174706244,0.011205249349379014,0.002338352200667798,0.0,0.0004725027478296865,0.0007982445412928024,5.752875325322035e-20,0.0017572572553296423,0.0,0.01006450681280876,0.04124577800297644,0.0,0.0,0.0,0.001242676984528128,0.0,0.00704859799743594,0.0025780138223332775,0.0,0.01606568703406723,0.0003479530761412178,0.0,0.0,0.0008480920148498176,0.0,0.0,0.0,0.002378368383930673,0.0018246398107933481,0.0062990583366357164,0.0,0.0,0.005272415340213968,0.0,0.0032934571472347765,0.0,0.0,0.0,0.004517818895975815,0.007414065574052811,0.0041924940823538405,0.0010650163134845714,0.043163618677028184,0.029645500614024597,0.0,0.0,0.0,0.0031999243007383923,0.0002495964125856269,0.0,0.00030489892723054577,0.002390916451650534,0.0010856595898490378,0.0008958307444324874,0.000656910716209402,0.005573513607541212,0.0,0.005578835179631992,4.931035993133172e-20,0.0021542846935097802,0.011326757651355514,0.0008954622906421684,0.006434126299719607,0.0,0.0,0.0,0.006504141017871332,0.006779528050552019,0.0,0.00025521140257598197,9.267286008328783e-05,0.0,0.0,0.00017821583566202175,0.0006821977568019656,0.0,0.0,0.0005529178116086406,0.0,2.301150130128814e-19,0.0,0.0004179778980761571,0.0,0.004140598270217311,0.0,0.0,0.02974678739875893,0.002955899715448587,0.0,0.04643104711611546,0.0005262154022852472,0.0025661142151050423,0.0,0.005487222273756844,0.0,0.0,0.0,0.0,0.009420286685823365,0.009603436492989236,0.005408852813935504,0.0361403526285022,0.05128139621364551,0.008258397591210578,0.0192562804435953,0.01261233194826305,0.00038934108221578775,0.012107389453815362,0.05035393069393476,0.0,0.08521653344276324,0.0361571973228616,0.0,0.03814210542382541,0.0,8
glp_1e2141_sterile_8_CB4037_25.Rep_95,0.004065827811332843,0.003000752920189391,0.0,0.0,0.005117014377708867,0.0,0.0,0.0,0.0,0.0012364983074053218,0.0019551601677826316,0.007794980804052584,0.003229414493076705,0.0,0.0012039439006106764,0.0007280198419720073,0.0027340193513800794,0.0,0.0004974228402789197,0.01886769981492835,0.005650797542484232,0.0,3.62423472968901e-19,0.0,0.0,0.009842888985449166,0.0,0.0009693172369759693,0.0,0.0,0.0011382745189851043,0.015758112732850053,0.0014488762426118672,0.015258064721770721,1.2791416693020035e-20,0.0,0.0,0.00123191847093383,0.005714936910627641,0.0,0.0,0.0,0.0,0.0013112198238191502,0.006546556755301033,0.0035963662531482837,0.00042940532479242147,0.0008094287202326882,0.0,0.0,0.0009344651361800087,0.013761543569104012,1.5349700031624043e-19,0.0007498297662202896,0.004615273845096138,0.003078493671884071,0.017104786787711594,0.0,0.0,0.006526804665912478,0.019301316774478872,0.0,0.010905271412616453,0.006524778852447902,0.01749067359413827,0.0006492953737886172,0.0,0.0006275566272861218,0.004519529939339882,0.0,0.0017353708656290716,0.0,0.012025968214649928,0.048157944404216405,0.0014292573749771851,0.0,0.0,0.0,1.108589446728403e-19,0.003197263051289673,2.984663895038008e-19,0.0,0.0072239065665814515,0.00046527211270908536,0.0,0.0,0.0,2.217178893456806e-19,8.96806375564801e-05,1.6202461144492044e-19,0.0,0.00125088986813775,0.00538947236087759,0.0,0.0,0.0029967180858659933,0.0,0.003722040003572166,0.0020770177129286072,1.876074448309605e-19,0.0,0.0020986792150418155,0.008148365849990572,0.010987500623610496,0.0016427967986948596,0.028564679345387985,0.02310839693725297,1.1938655580152032e-19,0.0,0.0,0.0,0.002301469507365255,0.0,0.0,0.004716621227747568,0.00030328309583483297,0.0,0.006619632209119105,0.0,0.0,0.0048723781851332465,0.0,0.0023110787254165704,0.006989530281283469,0.0049976420490993045,0.025724229230123272,0.0,0.0,0.0,0.020151940715578933,0.015335980311724296,0.0,0.002119608710011076,9.067396932679682e-06,0.0,2.0466266708832056e-19,0.0003962180195756589,0.0006100426845460614,0.0006937025128275973,0.0,0.0006673765242888564,0.0,1.0233133354416028e-19,0.0,0.0,1.2791416693020036e-19,0.0026075898867034424,0.0,0.010096956102125172,0.02517831092608029,0.0041473629902234075,0.0001850419584503025,0.030511542826297526,0.000776917719098223,0.0019735510004829137,0.0,0.0005571431551191845,0.0,0.0,0.001174418744928803,2.558283338604007e-20,0.015574653695519521,0.01390633395593901,0.0,0.049522754701286635,0.07942519591763716,0.010829031125582833,0.01857709787806198,0.017879339795957867,0.0006759302871010215,0.001651107562830393,0.02148493849517151,0.0,0.09637318960804604,0.08891943128693991,0.0,0.017914600077933832,0.0,8
