,ADF,ADL,AFD,AIB,AIZ,ASE,ASH,AVA,AVB,AVE,AVJ,AVM,AWB,AWC,Amphid sheath,Amphid socket,Anal muscle,Apoptotic germ cells,Arcade cells,BAG,Body wall muscle anterior,Body wall muscle middle,Body wall muscle posterior,CAN,Cephalic and inner labial socket,Cephalic sheath,Coelomocytes,DB_VB,DVB,Distal tip,Embryonic cells,Excretory cells,Excretory duct,Excretory gland,GLR,Glia_1,Glia_2,Glia_3,Glia_4,HSN,Hypodermis head,Hypodermis tail,I1,I2,I4,IL1,Intestinal-rectal valve,Intestine anterior,Intestine middle,Intestine posterior,M2,M3,M4,M5,Marginal cells,Mature sperm,Meiotic germ cells,Mitotic germ cells,NSM,OLL,OLQ,Oocytes,PDA,PDB,PHC,PLM_ALM,PLN,PVD_FLP,PVM,PVN,PVP,PVR,PVT,Phasmid sheath,Phasmid socket,RIA,RIC,RIF,RIH,RIM,RIV,RMD,RMD_LR,RME,RMF,Rectal gland,SAA,SAB,SIA,SIB,Seam cells (bus+),Seam cells (grd+),Seminal vesicle (male),Spermatheca bag distal,Spermatheca bag proximal,Spermatheca neck distal,Spermatheca neck proximal,Spermatheca-Uterine junction,Spermatids,Spermatocytes,Syncitial pachytene spermatocytes,URX_AQR_PQR,Unassigned sex-specific muscle,Unassigned sheath cells,Unassigned uterine cells,Uterine muscle,Uterine seam cells,Uterine toroid,Uterine-vulval cells,VC,VD_DD,Vulval cells,cat-4(+)ptps-1(+) intestine anterior,e1_e3 (pharyngeal epithelium),e2 (pharyngeal epithelium),g1A (pharyngeal gland),g1P (pharyngeal gland),g2 (pharyngeal gland),hmc,hyp4_to_hyp6,hyp7 (hypodermis),pm1_pm2 (pharyngeal muscle),pm3_pm4_pm5 (pharyngeal muscle),pm6_pm7 (pharyngeal muscle),sh2 (gonadal sheath distal),sh3_sh4 (gonadal sheath proximal),sh5 (gonadal sheath proximal),vm1 (vulval muscle),vm2 (vulval muscle),timepoints
LFQ intensity D1_1,0.0,0.0004607673526254368,0.02092765067172815,0.006378556298880889,0.007829011710128937,0.0,0.014084709123289291,0.0,0.011015714710034858,2.1093701540241934e-19,0.015612083460891078,0.0,0.007829011710128937,0.020767375446895373,0.0,0.0,0.032138133879581095,0.018175910670011345,0.0,0.0,0.0043635482359294505,0.0,0.008038706833073101,0.012745598613372123,0.004609879874598256,0.028235231826478975,0.0,0.0,0.0,0.02392940797219591,0.0,0.0,0.0,0.0028213965650476774,0.003071000298987963,0.02021161901450762,0.0,0.0,0.0018250942441720294,0.009274914470785052,0.027168121093549345,0.0,0.0,0.01702402497630946,0.0,0.0,0.03548352894734784,0.015022307501493687,0.01996008167585257,0.058845882614842214,0.0,0.0,0.0,0.0,0.0018703082035490687,0.0,0.027494252336375334,0.044022755130447684,0.0,0.0,2.1093701540241934e-19,0.0,0.0,0.0,0.0,0.0,0.0,0.0,0.0,0.0,0.017559819384432237,0.0,0.006758020733984944,0.0,0.0,0.0,2.1093701540241934e-19,0.0063785562988808815,0.00035415365917988235,0.006282233814588971,0.0,0.0,0.0028526785021625034,0.0,0.0028526785021625034,0.017183321067341682,0.0,0.0,0.0022035173972868595,0.0,0.035822598150841246,0.01578063119946453,0.02291108369836339,0.010229516857169984,0.020337037626616473,0.00636624348102046,0.0,0.015339276211527298,0.0,0.0,0.027693509663134486,0.0,0.010905935848356748,0.023039203353275254,0.011572316695351447,0.018382718031114985,0.019290798349581882,0.0024411372526464,0.0068506402849452435,0.015577026813839878,0.0,0.0,0.0,0.0,0.0,0.006985540135837697,0.0027695267617488016,0.0,0.0,0.014854611846460117,0.0,0.0,0.054676825502447936,0.00465779957612452,0.016498094073706074,0.0,0.002333179088238668,0.03475467610450935,0.016268508570545927,1
LFQ intensity D1_10,0.0,0.00133150154206289,0.0,0.009191758200579053,0.007508047688261213,0.0,0.010521363393487759,0.0,0.011983266684342096,0.0070680867113138085,0.016526715458335856,0.0,0.00750804768826121,0.02357534584931919,0.0,0.0,0.02934531938897067,0.017968461292704217,0.0,0.0,0.002767016737198034,0.0,0.02150017927328077,0.009186356686226393,0.005231263156652717,0.02167968993193589,0.0,0.0,0.0,0.015659253777775613,0.0,0.0013182120445609565,0.00013128681228269585,0.008309198499758008,0.0,0.019099020714671566,0.0,0.0,0.0017265180981139382,0.010654741095179018,0.0278008979789823,0.0,0.0,0.019994622859632948,0.0,0.0,0.035649646969713046,0.01262076948957812,0.01888200697757698,0.05286936879357606,0.0,0.0,0.0,0.0,0.0,0.0,0.031166470482250453,0.035785770213680644,0.0,0.0015230136828101068,0.0015230136828101068,0.0,0.0,0.0,0.0,0.0,0.0,0.0,0.0,0.0,0.019603836255768173,0.0,0.009550663537222441,0.0,0.0,0.0,1.2471498931402852e-19,0.009191758200579048,0.0016363700288630234,0.0017273485112062191,2.4942997862805706e-20,1.2471498931402852e-19,0.004052796487493724,0.0,0.0040527964874937225,0.015289820577106044,0.0,0.0,0.0029821666815897075,0.0,0.04002214503012663,0.030767991580191553,0.023897436795399973,0.007429595242564017,0.023772721091307545,0.011666670863211027,0.004457915443968789,0.0025862129583306987,0.0,0.0,0.026717589861210013,0.0,0.011329962457962682,0.026906110357417464,0.021149062144296942,0.01991500198628565,0.014932758507769865,0.005896500468243787,0.0,0.0,0.0,0.0,0.0,0.0,0.0,0.007901027621263209,0.006671748578411448,0.0,0.0,0.003456299608084387,0.0,0.0,0.045266489731076304,0.014265296983353616,0.01979713207273262,0.0,0.0013772552547688557,0.04393633905927681,0.020186947679539578,1
LFQ intensity D1_11,0.0,0.005814914777395637,0.0,0.00714195051160741,0.007607988320469738,0.0,0.009838869349584275,0.0,0.011562955550636104,0.0031939090421519867,0.018036167608674294,0.0,0.007607988320469737,0.023760974847159368,0.0,0.0001400071140433595,0.03423577874104158,0.013202412431035484,0.0,0.0,0.00545942791567031,0.0,0.010091916241742318,0.01567809815993501,0.012645566776898187,0.020273383667352474,0.0,0.0,0.0,0.014943454202071204,0.0,0.0,0.00012277057117638998,0.0,0.0,0.017665429664376203,0.0,0.0,0.0016145232667802265,0.00787434376860966,0.024487122983673577,0.0,0.0,0.01929308223723648,0.0,0.0,0.027349365063021085,0.013972997523661022,0.013054882923578537,0.05733463302009609,0.0,0.0,0.0,0.0,0.0,0.0,0.02581650466530396,0.04261538026132167,0.0,0.0014977806505155852,0.0014977806505155847,0.0,0.0,0.0,0.0,0.0,0.0,0.0,0.0,0.0,0.018332185331658646,0.0,0.0074776038684618296,0.0,0.0,0.0,0.0,0.007141950511607404,0.0038583683723795665,0.007034100022604328,0.00012277913491775272,0.0019497904039959752,9.33000364994534e-20,0.0,0.0,0.01610356821018333,0.0,0.0,0.0031418696544428452,0.0,0.04593430575814936,0.02465085030771304,0.017738049617616696,0.00820072400440822,0.02102386758757275,0.009407631548122616,0.0020886840008764087,0.023119998614998312,0.0,0.0,0.029483037519251562,0.0,0.0138141773813458,0.019340419953707166,0.01891196298745062,0.0220737579570219,0.019018798156001288,0.006315333736591997,0.00016700683849506058,0.01740052857906247,0.0,0.0,0.0,0.0,0.0,0.006129382897815729,0.004103544108166807,0.0,0.0,0.00472461209286931,0.0,0.0,0.04483943636502618,0.021807180041850116,0.023226526018861455,0.0,0.0,0.037048814524160575,0.018836793064808312,1
LFQ intensity D1_2,0.0,0.004781049531838979,0.02259906225325856,0.009183842991196161,0.008211496999191503,0.0,0.010376434138150389,0.0,0.010624591326070921,0.0007215640200020408,0.014005019450251325,0.0,0.0082114969991915,0.02257188748188924,0.0,0.0,0.03345469778946273,0.02203922968981654,0.0,0.0,0.0066025280454380395,0.0,0.004874611200222141,0.012661240496096186,0.0045715005250178435,0.018579849902356286,0.0,0.0,0.0,0.019790699955611286,0.0,0.0,0.00012947836795584205,0.006554253066640062,0.011783818696523268,0.018115699151118526,0.0,0.0,0.001702735725722823,0.01057540307985601,0.024865474525579658,0.0,0.0,0.018600928895377098,0.0,0.0,0.02855700963050195,0.013354668097923078,0.01862191186364627,0.0538869103077912,0.0,0.0,0.0,0.0,0.0005977655213127841,0.0,0.03133726406884953,0.03222857743098437,0.0,0.0011743345802181432,0.0011743345802181432,0.0,0.0,0.0,0.0,0.0,0.0,0.0,0.0,0.0,0.01933379811678867,0.0,0.009537802100702644,0.0,0.0,0.0,2.4599414054230485e-20,0.009183842991196156,0.0018045420150709127,0.0018204612809853916,2.7059355459653533e-19,2.4599414054230485e-20,0.003432467551953811,0.0,0.00343246755195381,0.016983416385058493,0.0,0.0,0.001760398991130962,0.0,0.032820384524686656,0.027519757409713422,0.023014515328665164,0.007413529334433679,0.023278914253343132,0.01129889349791438,0.0,0.025407109019748138,0.0,0.0,0.029498141189821414,0.0,0.013284008066205184,0.01913225371444051,0.018410777803760315,0.01844444975701992,0.01660316856026136,0.004483943445281008,0.0012330368365703222,0.008785480552491114,0.0,0.0035131648164683374,0.0,0.0,0.0,0.007074783362809641,0.0035294672236422142,0.0,0.0030993025550760576,0.0034561328363909246,0.0,0.0011605011096618783,0.04259747952195943,0.010994553649951026,0.013412033785996539,0.005706652840457921,0.0006341017818356746,0.029973345262072015,0.01980955058920162,1
LFQ intensity D1_3,0.0,0.0,0.01692339412348158,0.006522758403036891,0.00522045234492702,0.0,0.010411103713316971,0.0,0.0,0.002308451677305668,0.014757759410805394,0.0,0.005220452344927018,0.02272651302991014,0.0,0.0,0.03282137447847755,0.02227520352179468,0.0,0.0,0.0067077664342771156,0.0,0.009101849754482997,0.011862157592666782,0.004331476092361383,0.020472396352263295,0.0,0.0,0.0,0.02888791488223681,0.0,0.0,0.0001299109790003096,0.0,0.011462467705994118,0.019096385905229947,0.0,0.0,0.001708424878995118,0.0,0.02156423088498396,0.0,0.0,0.01798644852685556,0.0,0.0,0.023662319941554353,0.016395609034916464,0.018684131096622356,0.05947892743147298,0.0,0.0,0.0,0.0,0.00030114432281965636,0.0,0.024873593291109844,0.04531269179676659,0.0,0.0016795667068430613,0.0016795667068430617,0.0,0.0,0.0,0.0,0.0,0.0,0.0,0.0,0.0,0.019398395892685646,0.0,0.006877954405204574,0.0,0.0,0.0,0.0,0.006522758403036883,0.0022431958895104713,0.006424258324903737,0.0002643159309362194,0.0,0.003597216865139547,0.0,0.003597216865139546,0.017040161103244744,0.0,0.0,0.0,0.0,0.033043101939554766,0.029127131051571286,0.02285086604795898,0.006230583807122707,0.022866029658736044,0.010725844489924698,0.0,0.023016424814128286,0.0,0.0,0.025944095865182835,0.0,0.012771847268959071,0.022326318398505074,0.019717996888934268,0.022263794858726527,0.016478098514391644,0.007535048953576358,0.003739680713418987,0.0134598118756226,0.0,0.0,0.0,0.0,0.0,0.007690172343199896,0.004544845172435591,0.0,0.002636855305361191,0.004837590907430153,0.0,0.0005344977966285885,0.04232802710721543,0.010482373379028638,0.025871015011925444,0.0,7.677594026085348e-05,0.04058286820528143,0.017786386638838757,1
LFQ intensity D1_4,0.0,0.0040601795716680164,0.012120278662742566,0.008599889745384814,0.007945641784154453,0.0,0.01017639471709699,0.0,0.0,0.003448961757846371,0.01548547533545802,0.0,0.007945641784154451,0.02358901201097673,0.0,0.0,0.03286914972770315,0.021495288088781966,0.0,0.0,0.0008968733995448,0.0,0.02859546682877083,0.01092781038270404,0.004873974419006133,0.02583444408245781,0.0,0.0,0.0,0.011301697700971251,0.0,0.0,0.00012698225248688555,0.0,0.0,0.021156787242857942,0.0,0.0,0.0016699099722659405,0.0,0.02626163608235484,0.0,0.0,0.018995837596243452,0.0,0.0,0.023599384323895328,0.020719948263734154,0.0,0.05500089116991778,0.0,0.0,0.0,0.0,0.0037778325691381898,0.0,0.029670087236557008,0.034880030162093116,0.0,0.003278835625005468,0.0032788356250054687,0.0,0.0,0.0,0.0,0.0,0.0,0.0,0.0,0.0,0.01896107645436074,0.0,0.008947033345886929,0.0,0.0,0.0,0.0,0.008599889745384807,0.004436979723917336,0.0013846057633695001,0.002734106221732387,0.0,0.0034013654745881253,0.0,0.003401365474588125,0.01665600595331059,0.0,0.0,0.0,0.0,0.03306300343405336,0.032311666608404406,0.02293886736522049,0.005395965698013677,0.021478134221845004,0.010568154382455307,0.0,0.026301106701873907,0.0,0.0,0.03430552069345039,0.0,0.01250887364238668,0.023011177747882423,0.015830931080664884,0.021998824871347498,0.015403819771417908,0.0053151215500155564,0.0025147305644686786,0.017569525295818275,0.0,0.0,0.0,0.0,0.0,0.007910958590539629,0.005110855360923823,0.0,0.0,0.00015230544804579967,0.0,0.0,0.051088900272194135,0.01441669816932507,0.023192459460190926,0.0,0.0011391953272307108,0.03635388780084677,0.01901370966326817,1
LFQ intensity D1_5,0.0,0.007299113864056523,0.0,0.007931725454545216,0.009336199984721872,0.0,0.008259135676172149,0.0,0.00989769341854379,0.004686127440828891,0.01695498290467715,0.0,0.009336199984721868,0.020616676800125893,0.0,0.0,0.03165642139071888,0.019256615994048053,0.0,0.0,0.005454127913309318,0.0,0.027953578468517044,0.013163448778976183,0.006336712267644774,0.017880680661313434,0.0,0.0,0.0,0.026368128339647263,0.0,0.0,0.0,0.0,0.0,0.018284795079932678,0.0,0.0,0.002507150224296123,0.009957635971461069,0.015557912549942106,0.0,0.0,0.019834488046666952,0.0,0.0,0.03273157431787539,0.0031827297422364125,0.018213531771340944,0.05223053374279651,0.0,0.0,0.0,0.0,0.004896102075877615,0.0,0.03035348645321343,0.03015067125183658,0.0025491034833410348,0.004437842654401394,0.004437842654401395,0.0,0.0,0.0,0.0,0.0,0.0,0.0,0.0,0.0,0.015388760691420209,0.0,0.008213447116112469,0.0,0.0,0.0,0.0,0.007931725454545208,0.00521456061837203,0.002061442302306809,0.006117714515166054,0.0024446157327111992,0.005418954609383642,0.0,0.005418954609383641,0.017340665699204907,0.0,0.0,0.002826630641506581,0.0,0.038919113912297694,0.02857621863691631,0.02086053491310014,0.010330325452547046,0.017960793486027297,0.007649695549748253,0.003249160026242874,0.01904544347937689,0.0,0.0,0.03357504965622923,0.0,0.008832476808404922,0.019309564455357857,0.01857118254321015,0.017771653235999895,0.013012050518100442,0.00582006573749875,0.001129372145905059,0.014258874894804577,0.0,0.0,0.0,0.0,0.0,0.010230270451931311,0.004796678091024798,0.0,0.0,0.009095212627894833,0.0,0.0,0.03702933340592652,0.020531854589878256,0.020154473708048175,0.0,0.00024407127923695943,0.03376829031911444,0.015187798722876596,1
LFQ intensity D1_6,0.0,0.018033109131168956,0.0,0.007989970904251414,0.012695684828456557,0.016479653890975828,0.00540592175052495,0.0,0.0,0.0,0.021501669631421038,0.0,0.012695684828456556,0.021501669631421035,0.0,0.01154656250603417,0.032396462947342566,0.0239410616353873,0.0,0.0,0.0,0.00216810306144411,0.0,0.022264391067246102,0.009423782890296826,0.027315376605276574,0.0,0.0,0.0,0.017141986983312835,0.0,0.0,6.745572864781416e-05,0.0,0.0,0.0153296629068178,0.0,0.0,0.005560476189526781,0.0,0.0,0.0,0.0,0.021501669631421038,0.0,0.0,0.03003780017192481,0.016952564384606572,0.0,0.04235671581681578,0.0,0.0,0.0,0.0,0.0,0.0,0.027376173180368894,0.022360795161024134,0.0,0.010365115517420264,0.010365115517420266,0.0,0.0,0.0,0.0,0.0,0.0,0.0,0.0,0.0,0.01569442021662726,0.0,0.008174312161845804,0.0,0.0,0.0,0.011311628203903239,0.007989970904251407,0.018810520549300103,0.004105387081207877,0.01889923256868231,0.0,0.009815023183783283,0.0,0.009815023183783281,0.01988291913895287,0.0,0.0,0.0,0.0,0.035488667271507054,0.020346586440177557,0.02517179775958738,0.008433397852748058,0.019441492195098914,0.014574235603082164,0.008714528009311476,0.023822023617068377,0.0,0.0,0.015418677441324816,0.0,0.00799868964029394,0.023520972186438737,0.017328723720543518,0.021434519216159287,0.011124352113969352,0.003144154431304716,0.004430546776521277,0.0,0.0,0.0,0.0,0.0,0.0,0.020023958055131002,0.010090680109758826,0.0,0.0008099678375214162,0.0,0.0,0.002394960326787675,0.02743790349590506,0.016599057147374568,0.01631939393056875,0.0,0.0023949602637347057,0.04077724649675859,0.013485434369974443,1
LFQ intensity D1_7,0.0,0.0,0.012166714915619575,0.009231443887309891,0.007165983907810093,0.0,0.011051178816012544,0.0,0.011392498261882565,0.0007958638313238296,0.012910652756496065,0.0,0.007165983907810091,0.01980274263435648,0.0,0.0,0.03829579630323255,0.003636762060857389,0.0,0.0,0.004360698601821661,0.0,0.009661431867652082,0.012633177624512366,0.007095724532696563,0.018591674620878105,0.0,0.0,0.0,0.027506889410290815,0.0,0.0,0.0007576367996253282,0.005103095785247125,0.012550080867565101,0.02241232270666587,0.0,0.0,0.001813458913808517,0.008974923568517387,0.022683072827060974,0.0,0.0,0.01673951425601286,0.0,0.0,0.028645425596569945,0.01634526479079198,0.01983283227756925,0.06035247387425323,0.0,0.0,0.0,0.0,0.005690634253300779,0.0,0.02739717233779361,0.03416142270487569,3.1824932445486745e-20,0.002749420213590455,0.002749420213590456,0.0,0.0,0.0,0.0,0.0,0.0,0.0,0.0,0.0,0.017504489936754315,0.0,0.009608430846010355,0.0,0.0,0.0,0.0,0.009231443887309888,1.8650401364730536e-19,0.0013975455882432263,2.9507279963990975e-19,0.0,0.002838802181303626,0.0,0.0028388021813036245,0.018775547377852884,0.0,0.0,0.0019510635300994139,0.0,0.03721122900074309,0.03500361255416851,0.02006854280539136,0.006613109786198195,0.02493976960886062,0.012216746538508136,0.0,0.023003597440700855,0.0,0.0,0.01743921030261841,0.0,0.010813766827298895,0.026821124667576128,0.020655744418782335,0.021140722722907995,0.013430952196179818,0.00649564929305262,0.0,0.01666577261475062,0.0,0.0,0.0,0.0,0.0,0.006473248720718634,0.0029350334627550184,0.0,0.004712828223630138,0.0032159537459951005,0.0,0.0,0.043342797860026455,0.003991270493594235,0.023819742478674216,0.0,0.0,0.03645493000888306,0.015965128771706968,1
LFQ intensity D1_8,0.0,0.0038015777509796374,0.01551401022925033,0.007637615157792683,0.010858209928254174,0.0,0.026300310106411918,0.0,0.011860335432801256,0.0059135035864545755,0.01662648271505135,0.0,0.010858209928254172,0.023738790091137302,0.0,0.0,0.030682638938292307,0.013699129059577713,0.0,0.0,0.00960891251365768,0.0,0.009520238950799996,0.01127913236452441,0.005842433593109125,0.00860786820750851,0.0006290304695310359,0.0,0.0,0.02011862792375425,0.0,0.0,0.010821693644192006,0.00559164241251282,0.0,0.017451004024758486,0.0,0.0,0.007240948130557285,0.009477688024710641,0.02294777879906457,0.0,0.0,0.022223587075431272,0.0007954127488437005,0.0,0.031590471305166415,0.004825188220798769,0.014449164897416699,0.0625620001544912,0.0,0.0,0.0,0.0,0.001831226047936157,0.0,0.034188473359732706,0.0221943250372184,0.0,0.0027966833931717555,0.0027966833931717555,0.0,0.0,0.0,0.0,0.0,0.0,0.0,0.0,0.0,0.020290091480539344,0.0,0.008009122202953687,0.0,0.0,0.0,0.0,0.007637615157792676,2.0652925349192837e-19,0.007522279644301434,2.71069645208156e-19,0.0,0.004119749092241711,0.0,0.004119749092241709,0.008509196040321765,0.0,0.0,0.0025500125669189453,0.0,0.03745901615689982,0.024202890578175183,0.02293007467142249,0.00743331125127463,0.016958560149366444,0.009706299630729668,0.0070851455264867936,0.024627776973534805,0.0,0.0,0.018163648853639542,0.0,0.009974581163308896,0.025971383503399323,0.01746093187222247,0.01749049528126313,0.02084875353963381,0.0038474380946775452,0.0,0.0,0.0,0.0,0.0,0.0,0.0,0.01133647001411183,0.0,0.0,0.0,0.004775086017427767,0.0,0.0,0.04792395949306672,0.017361796680056617,0.016789928480704878,0.0,0.0026152187736961634,0.037465022183587285,0.017933368217685756,1
LFQ intensity D1_9,0.0,0.0007184406920213911,0.023355064641074837,0.007599431914366747,0.007678238156656552,0.0,0.022117500733435047,0.0,0.011160266548047802,0.004666162641869721,0.01801537532576491,0.0,0.007678238156656548,0.022496908886325412,0.0,0.005115508018990665,0.030027799870167012,0.011788002486792676,0.0,0.0,0.01144493013900498,7.462754119010558e-05,0.009215345813092848,0.012400863313829355,0.004792433452674989,0.021719998624689575,0.0,0.0,0.0,0.014226836167738966,0.0,0.0,0.00013153091170458144,0.0,0.011970620583075001,0.020047851231931375,0.0,0.0,0.0017297281849633823,0.011110065032827143,0.024341931457158062,0.0,0.0,0.02078537097797358,0.0,0.0,0.027891634436789697,0.017490453356776424,0.0,0.05538009915475245,0.0,0.0,0.0,0.0,0.0017725795939457036,0.0,0.028085261168854316,0.034754439703297835,4.248193575001822e-19,0.0018016870184878037,0.0018016870184878041,0.0,0.0,0.0,0.0,0.0,0.0,0.0,0.0,0.0,0.018517987271799805,0.0,0.007959036994153536,0.0,0.0,0.0,2.6238842669128904e-19,0.00759943191436674,0.001086834986627316,0.0001454475430138842,0.0012131820506365058,2.6238842669128904e-19,0.002229128014407589,0.0,0.0022291280144075888,0.016941448010936302,0.0,0.0,0.002151580301516386,0.0,0.03130560113028374,0.028405735193686082,0.02351923475033628,0.0024155267325647474,0.014141120270210547,0.011057680402374911,0.007804743404182277,0.023603098005651902,0.0,0.0,0.029201648807105355,0.0,0.012545955563805866,0.023510468127612278,0.01600234447936208,0.022219830350250595,0.01955152579404667,0.0036752067758490277,0.0,0.009432153135444175,0.0,0.0,0.0,0.0,0.0,0.0,0.011049545674041861,0.0,0.0030444894083461226,0.0052466790260626344,0.0,0.0,0.04221606950422026,0.01031451788009814,0.026478924418918293,0.0,0.004761445089942622,0.040374783141444666,0.012661554876877966,1
LFQ intensity D10_1,0.02108048073612475,0.0,0.005285729875076013,0.008011019860519915,3.094044906459026e-20,0.0049519864253882995,0.016918617186806505,0.0,0.006689470089100694,0.0,0.003986810510373929,0.0,3.094044906459026e-20,0.014698478393068542,0.0,0.0,0.045387084421304354,0.0,0.0,0.0,0.006823860533365909,0.0,0.0,0.009038336615475196,0.0,0.00271577983368764,0.0012400318988377002,0.0,0.0,0.015276480487709103,0.0,0.0010546302574636066,0.013820665620020442,0.0,0.006300618857044938,0.02303400790065184,0.0,0.0,0.0,0.0038167974073619096,0.058370898838567026,0.0,0.0,0.008893719317293524,0.0,0.0,0.0,0.0,0.01646193336626335,0.03224722067387825,0.0,0.0,0.0,0.0,0.020642062408240035,0.0,0.012143356043725573,0.031205223365932015,0.0,0.0,0.0,0.0,0.0,0.0,0.0,0.0,0.0,0.0,0.0,0.0,0.009370607562649071,0.0,0.008010858405698651,0.0,0.0,0.0,0.019176912129168566,0.008011019860519908,0.0,0.007890045568137709,0.0,0.0,0.023718837591366258,0.0,0.023718837591366254,0.023683571920514585,0.0,0.0,0.006617062957621464,0.0005216469050592573,0.0,0.0,3.094044906459026e-20,0.0,0.05187403177098278,0.025999963769866838,0.0,0.005382689624316269,0.0,0.0,0.024440291455599346,0.0,0.008885089346750774,0.050116531850148104,0.030837982324356545,0.020668577716613217,0.0005133520194455984,0.024933186269697198,0.007360716887914885,0.0,0.0,0.018753148507377995,0.0,0.0,0.009525137880257164,0.0,0.0,0.0,0.022446325012247036,0.0,0.0,0.0,0.02680579342424414,0.011142631696454996,0.03500205291971515,0.023454017885951254,0.0,0.06327840913286646,0.017765369089811384,10
LFQ intensity D10_10,0.01996331095671229,0.0,0.0,0.006974600233237066,5.798780457101775e-20,0.008428627685975913,0.01675652407065087,0.0,0.010560478906415857,1.884603648558077e-19,0.004797980930187126,0.0,5.798780457101775e-20,0.01578845101169126,0.0,0.004892875846772519,0.03912880487097892,0.012404855483542547,0.0,0.0,0.007314799747010241,0.0,0.0,0.013500877595023093,0.0,0.014585451488240492,0.004403622232274595,0.0,0.0,0.027435543624816,0.0,0.010401188342949147,0.008664290346267004,0.0,0.012843733975013536,0.02435646413902609,0.0,0.0,0.00194660231337196,0.007750296099477361,0.05244667808589782,0.0,0.0,0.005698449164816565,0.0,0.0,0.0,0.012253717493849535,0.0,0.029875297476063194,0.0,0.0,0.0,0.0,0.02567698062425419,0.0,0.015840345480821066,0.01703752725335534,0.0,0.0,5.798780457101775e-20,0.0,0.0,0.0,0.0,0.0,0.0,0.0,0.0,0.0,0.01094185143977558,0.0,0.0065570504407884405,0.0,0.0,0.0,0.01403819245883315,0.00697460023323706,0.0,0.006869276898311537,0.0,1.884603648558077e-19,0.023339076417222344,0.0,0.02333907641722234,0.020593585710770898,0.0,0.0,0.0027742746883572394,0.0,0.006198357382536394,0.0,2.8993902285508877e-19,0.0,0.044900646945558995,0.02006453507537504,0.0,0.006170483898494039,0.0,0.0,0.028834835020527555,0.0,0.008475565168356873,0.039396658093901686,0.033712223304625,0.02026943442180532,0.0,0.02657934643518391,0.008424709645385981,0.0,0.0,0.0,0.0,0.0,0.0,0.0,0.0026383103296286734,0.0,0.020308646029770675,0.0,0.0,0.0,0.028434995595269998,0.01744276963074626,0.03273735740624166,0.027884536315794094,0.0,0.06289609819361046,0.017475130923977168,10
LFQ intensity D10_2,0.0,0.0,0.027010984577375503,0.007438943904264162,0.0,0.0006255595978367758,0.019810287301457456,1.2570682940476723e-19,0.008015710124828108,0.0,0.00933477788727086,0.0,0.0,0.020371736326593327,0.0,0.0,0.04356648387707442,0.00735739961303647,0.0,0.0,0.007788109782196738,0.0,0.0,0.015113189315135672,0.0037950345434745545,0.0,0.0,0.0,0.0,0.0,0.0,0.0054661494430069115,0.0,0.0,0.004777667120690092,0.02967186539528115,0.0,0.0,0.0,0.0050377341434512226,0.016605759638376547,0.0,0.0,0.011758514967130597,0.0,0.0,0.0024629924387587015,0.0,0.009534925344963452,0.029482078637325562,0.0,0.0,0.0,0.0,0.005888767888033667,0.0,0.015259697459554543,0.054214283563421346,0.0,0.0,0.0,0.0,0.0,0.0,0.0,0.0,0.0,0.0,0.0,0.0,0.00875900474104637,0.0,0.0069863610001618,0.0,0.0,0.0,0.013365774953230214,0.007438943904264156,0.0,0.007326608522432904,0.0,1.2570682940476723e-19,0.023980557922976566,0.0,0.023980557922976563,0.021255793896478595,0.0,0.0,0.010279750258180731,0.0,0.0,0.0,0.0,0.004166977684089551,0.052367503228451046,0.02438112944918033,0.0,0.006976820987344597,0.0,0.0,0.04731522962039802,0.0,0.002191219155041048,0.04949643044829943,0.03871873594168325,0.016948991159883218,0.0,0.029144152657973366,0.007602166120086379,0.0,0.0,0.01981091993187584,0.0,0.0,0.01955550436430538,0.0,0.013202705719061065,0.0,0.017989606985203806,0.0,0.0,0.0,0.03131283704687301,0.0027211051536669634,0.028696048784919086,0.023785647347394728,0.0,0.06450475031279952,0.015349511889184687,10
LFQ intensity D10_3,0.01827311538712778,0.0,0.0,0.007368639087640897,1.3436128902098369e-19,0.00864887425678735,0.013912653579519419,3.135096743822953e-19,0.0039498967220127496,3.135096743822953e-19,0.005855164095726384,0.0,1.3436128902098369e-19,0.016790807352787505,0.0,0.0,0.04447693712541094,0.0062955930907447975,0.0,0.0,0.004351273199595612,0.0,0.0,0.014494614882362325,0.0,0.0,0.007497557735280378,0.0,0.0,0.01718792465073877,0.0,0.012295680426778715,0.0,0.0,0.013294814213204175,0.03182912309756937,0.0,0.0,0.0,0.0,0.030618204386176916,0.0,0.0,0.0062853769648460464,0.0,0.0,0.0,0.0,0.023469879102307294,0.027331612883565806,0.0,0.0,0.0,0.0,0.0,0.0,0.020077315405905308,0.029551907720167282,0.0,0.0,0.0,0.0,0.0,0.0,0.0,0.0,0.0,0.0,0.0,0.0,2.5379354592852474e-19,0.0,0.006938640490674008,0.0,0.0,0.0,0.022461042850220148,0.007368639087640888,2.0900644958819686e-19,0.007257365377805231,0.0,3.135096743822953e-19,0.026336192478975177,0.0,0.02633619247897517,0.015681876423990996,0.0,0.0,0.006415183087121433,0.0025987751099596935,0.0,0.0,0.0,0.0033209985995523356,0.046594727863412934,0.0202405562512167,0.0,0.011016952922763515,0.0,0.0,0.045907024570546365,0.0,0.007995000806630997,0.047732548857235046,0.028013007381064835,0.021072045876471043,0.015764390166251013,0.021357390081686016,0.005145290012299895,0.012535300694394543,0.0,0.0,0.0,0.0,0.008689779858574108,0.0,0.01384679081428625,0.0,0.023077914419506212,0.0,0.0,0.0,0.03294922786729322,0.0,0.027263704660598288,0.035485450773132754,0.0,0.07082112178506349,0.015919902986401873,10
LFQ intensity D10_4,0.007546631935724846,0.0,0.01346987634079247,0.00767414517392574,3.2464786067662473e-19,0.0,0.02353652851388206,0.0,0.00617202982154841,0.0,0.010677077416046909,0.0,3.2464786067662473e-19,0.02631483024574794,0.0,0.0,0.04495242986783311,0.0008827950724700658,0.0,0.0,0.00929175438876285,0.0,0.0,0.0183756707697763,0.011342227862972416,0.0,0.0,0.0,0.0,0.0,0.0,0.0,0.0,0.0,0.0,0.012592977083629978,0.0,0.0,0.0,0.0028039552335752697,0.052129636395485686,0.0,0.0,0.014093416892583388,0.0,0.0,0.004089307703022955,0.0,0.025453247267212084,0.03332519227160462,0.0,0.0,0.0,0.0,0.014301222792312746,0.0,0.032270736839172476,0.030828457337984234,0.0,1.5572309586015225e-19,3.2464786067662473e-19,0.0,0.0,0.0,0.0,0.0,0.0,0.0,0.0,0.0,0.006900195872888437,0.0,0.007189930654969007,1.5572309586015225e-19,0.0,0.0,0.0,0.007674145173925738,0.0,0.007558258021201382,1.5572309586015225e-19,0.0,0.014769297627580526,0.0,0.014769297627580521,0.020570105100832112,0.0,0.0,0.006105223487290231,0.0,0.0,0.0,0.0,0.0041104276072858985,0.05706577285609356,0.02629886917095206,0.0,0.016330435898923107,0.0,0.0,0.05514254372144964,0.0,0.004607483598470402,0.046816750867562575,0.0365012189914107,0.015361666645821658,0.0,0.022489334206539296,0.0022907930672124007,0.0,0.0,0.021195782462416733,0.0,0.0,0.01368070081119108,0.0,0.019933671464364044,0.0,0.009596337895149605,0.0,0.0,0.0,0.03225556946006558,0.014254570655732393,0.024619572051668166,0.02183506134178422,0.0,0.0514453177901315,0.016507518643440786,10
LFQ intensity D10_5,0.020929520491337308,0.0,0.007561949887675432,0.007953177951666337,0.0005016386327442769,0.009730437074856702,0.016924215271391662,2.3807133390944654e-19,0.0035928984981830653,2.3807133390944654e-19,0.006859849617162499,0.0,0.0005016386327442769,0.018068822710786806,0.0,0.0,0.037301458654945066,0.0,0.0,0.0,0.007155440962831938,0.0,0.0,0.014773915676123432,0.0,0.0056228809207800705,0.011968876875397437,0.0,0.0,0.022543023811017426,0.0,0.0,0.00240404748751257,0.0,0.014017300058811374,0.025716025493062435,0.0,0.0,0.0,0.0,0.05040744512113686,0.0,0.0,0.006543979542384107,0.0,0.0,0.009670818907466421,0.0,0.00802570165784787,0.03310908760702648,0.0,0.0,0.0,0.0,0.016661635917697187,0.0,0.021555281285587723,0.044085209343986825,0.0,5.290474086876589e-20,0.0,0.0,0.0,0.0,0.0,0.0,0.0,0.0,0.0,0.0,0.009303044815376417,0.0,0.007572197469687474,0.0,0.0,0.0,0.01185151628415664,0.007953177951666328,0.0,0.007833077129093896,5.290474086876589e-20,2.3807133390944654e-19,0.02246401377324259,0.0,0.022464013773242586,0.021562033280138136,0.0,0.0,0.005799449354785444,0.002026202097983369,0.0,0.0,1.0580948173753178e-19,0.0016824608582373891,0.040398821379725794,0.016066723674765204,0.0,0.01642422758733244,0.0,0.0,0.04012654927781386,0.0,0.007054393766320556,0.04455608375665437,0.02536598298591975,0.019045793848596945,0.005165085475834951,0.020511736250818962,0.005856411448068612,0.005887374048069308,0.0,0.0,0.0,0.0,0.017497940763588602,0.0,0.010734369632690085,0.0,0.021273864644424184,0.0,0.0,0.0,0.018100542480163403,0.008470690738188237,0.024293612419301856,0.02693731050269463,0.0,0.0646346286161262,0.01690039182312797,10
LFQ intensity D10_6,0.0054010615417314795,0.0,0.025909947392744475,0.0074144447106047895,0.0022273725928607167,0.0,0.022705159769794495,0.0,0.0026868362776958617,0.0,0.009226426275696394,0.0,0.0022273725928607167,0.022490864570125738,0.0,0.0,0.04698270859695335,0.0,0.0,0.0,0.012056570758983547,0.0,0.0,0.013890521749445248,0.014735858740406014,0.015635833807060844,0.0,0.0,0.0,0.0032280722087203767,0.0,0.0,0.0,0.0,0.0,0.02500113897056991,0.0,0.0,0.0018425685002227065,0.0,0.023168644193013885,0.0,0.0,0.011857093923140811,0.0,0.0,0.015640172381889972,0.0,0.02479157709011247,0.03505302032990754,0.0,0.0,0.0,0.0,0.025819599295225502,0.0,0.017892154061084756,0.05064910032316844,0.0,0.0,0.0,0.0,0.0,0.0,0.0,0.0,0.0,0.0,0.0,0.0,0.01078683909602912,0.0,0.007414295279213235,0.0,0.0,0.0,0.0,0.00741444471060478,1.3099799298000495e-19,0.016920805531525817,0.0,0.0,0.01695838501918483,0.0,0.016958385019184827,0.022040913223413998,0.0,1.9649698947000744e-19,0.0026577538384247356,0.0049572643953998225,0.0,0.0,0.0,0.0,0.047206873357518,0.025481655495005553,0.0,0.011832579926919579,0.0,0.0,0.03670597939277742,0.0,0.0052662852655806355,0.039685302076949,0.033065083658950375,0.012483270933922102,0.0,0.02062432679601177,0.0010003995791275403,0.004274083511183709,0.0,0.025553800094801103,0.0,0.0,0.01835505545919365,0.0,0.010896120282731972,0.0,0.0018958536487125861,0.0,0.0,0.0,0.03440556307212531,0.019273073917064135,0.030460207648487246,0.0197802203885602,0.0018032215501249485,0.039809639138617466,0.015498198038634557,10
LFQ intensity D10_7,0.021465961613474225,0.0,0.005788353735241506,0.00695175545104838,1.5576890996123586e-20,0.004715839005723129,0.011559126111820365,0.0,0.004988951098429533,0.0,0.008279345809857109,0.0,1.5576890996123586e-20,0.016081722390104084,0.0,0.0,0.04769116987965703,0.0,0.0,0.0,0.0057034201593998985,0.0,0.0,0.011676826394132676,0.0,0.0011324759236903844,0.011003010695595252,0.0,0.0,0.010042048999703138,0.0,0.0,0.0,0.0,0.0033597318953178775,0.03269831544960026,0.0,0.0,0.0,0.00012268521083113804,0.05562871626080334,0.0,0.0,0.007483689047531536,0.0,0.0,0.002389857404836987,0.0,0.024601913248913275,0.026499028663688813,0.0,0.0,0.0,0.0,0.004566437041835264,0.0,0.015528404459879014,0.046912264926601915,0.0,0.0,0.0,0.0,0.0,0.0,0.0,0.0,0.0,0.0,0.0,0.0,0.0,0.0,0.0065031115217045275,0.0,0.0,0.0,0.02328865537281861,0.006951755451048374,4.673067298837076e-20,0.006846777094840666,0.0,0.0,0.025642428060782842,0.0,0.02564242806078284,0.010423556772728116,0.0,5.6076807586044905e-19,0.004934950462606974,0.004266906936410386,0.0,0.0,0.0,0.0019417885185447964,0.05599645710957945,0.027062895026801977,0.0,0.012347417944412046,0.0,0.0,0.025571304434874317,0.0,0.007185765817561812,0.044085687734892194,0.02648336907622708,0.022275315012465567,0.017561249882842297,0.019899439469058203,0.0037226564280248074,1.5576890996123586e-20,0.0,0.0,0.0,0.0020550154751467365,0.013964347058147695,0.0,0.00710008403905179,0.0,0.022678897462208865,0.0,0.0,0.0,0.029886275656231774,0.007527245247557915,0.03210303993554986,0.027468347078887966,0.0,0.07519274167758327,0.01651903930291018,10
LFQ intensity D10_8,0.011883834628930076,0.0,0.015416642357374154,0.0,2.520945357978252e-19,0.010260017698300646,0.010236503786310051,0.0,0.0,0.0,0.005535649062488568,0.0,2.520945357978252e-19,0.015553088713172283,0.0,0.0,0.03961261042134038,0.016799643170237567,0.0,0.0,0.004234037187396243,0.0,0.0,0.014277935603400379,0.0,0.0,0.010422459904288238,0.0,0.0,0.023871833864116777,0.0,0.007165245553707771,0.0,0.0,0.011238977426029367,0.021046961428240807,0.0,0.0,0.0,0.0,0.0469319209875242,0.0,0.0,0.0024713257619867427,0.0,0.0,0.0074988827037420535,0.0,0.028786655543480588,0.035576721866883584,0.0,0.0,0.0,0.0,0.008015062590014999,0.0,0.022868777194126392,0.041607519144379934,0.0,0.0,0.0,0.0,0.0,0.0,0.0,0.0,0.0,0.0,0.0,0.0,1.8206827585398488e-19,0.0,0.0,0.0,0.0,0.0,0.018244141881996613,0.0,1.9607352784275296e-19,0.0,3.3612604773043367e-19,0.0,0.02451764336914286,0.0,0.024517643369142857,0.01022058122177425,0.0,0.0,0.005040079894454081,0.0023986877771656014,0.0,0.0,0.0,0.009606573209637556,0.04551792144836676,0.017155808048670906,0.0,0.015458669244827711,0.0,0.0,0.03693251927618699,0.0,0.005863192450038774,0.04192225325917855,0.029202002388388975,0.01964848814070165,0.007341160730880854,0.021153692338918402,0.006231627622357305,0.0,0.0,0.017657397109704338,0.0,0.0009867291510796453,0.013133641721235058,0.0,0.013054372166014147,0.0,0.02513303824856003,0.0,0.0,0.0,0.025414766854289877,0.00903894689247683,0.031489077410515355,0.03149807341524176,0.0,0.06619216238489062,0.014116802376689708,10
LFQ intensity D10_9,0.02148394621083535,0.0,0.005115816453661552,0.0077981011891693494,0.0,0.008554417136448167,0.01730974236364111,2.7398347865020087e-19,0.011128402554821538,2.7398347865020087e-19,0.004669739789395856,0.0,0.0,0.014649633233015297,0.0,0.0,0.045167775630514634,0.0,0.0,0.0,0.007202195794613216,0.0,0.0,0.012329408725177272,0.0,0.0011550858865510558,0.002793240542357369,0.0,0.0,0.015757782163836952,0.0,0.0,0.0,0.0,0.012447135414697962,0.030751764850729515,0.0,0.0,0.0,0.008148885837008008,0.05450581387687695,0.0,0.0,0.007815400878058005,0.0,0.0,0.0,0.0,0.023212072517093434,0.03136804363436555,0.0,0.0,0.0,0.0,0.0072869046538728485,0.0,0.019077607438806946,0.024365587998053103,0.0,0.0,0.0,0.0,0.0,0.0,0.0,0.0,0.0,0.0,0.0,0.0,0.00352689294459854,0.0,0.007797944025530313,0.0,0.0,0.0,0.019181129632430762,0.007798101189169346,3.3486869612802327e-19,0.007680342178492853,0.0,2.7398347865020087e-19,0.024837464440749094,0.0,0.02483746444074909,0.01998493843248892,0.0,0.0,0.0029527178530784374,0.0,0.0,0.0,6.392947835171353e-19,0.0,0.0487138817107053,0.02654894142300511,0.0,0.006466744278143464,0.0,0.0,0.03788977739915916,0.0,0.008221386198374885,0.04694413012227972,0.029486381636317067,0.0220664414608171,0.003028656874289063,0.02353267096878659,0.006677605171072471,0.0,0.0,0.0,0.0,0.0,0.01079648989380356,0.0,0.010739452131059422,0.0,0.02538926715099122,0.0,0.0,0.0,0.02746432258341248,0.006015051164113765,0.03248538739304051,0.026239022313794304,0.0,0.07103034165567405,0.017572548560272183,10
LFQ intensity D2_1,0.0,0.0,0.02005529045016706,0.009303923033117644,0.005138454054183103,0.0,0.019016507967316076,0.0,0.014342209351959586,0.0,0.008598442954036927,0.0,0.005138454054183103,0.02110387124684881,0.0,0.0,0.039883143724494405,0.019171130157205216,0.0,0.0,0.0055763330961873005,0.0,0.007596741899769685,0.010226268130985285,0.0,0.014725119650425665,0.0,0.0,0.0,0.01495816429402196,0.0,0.0,0.0,0.0014308740997249325,0.00978325453272507,0.028201551934900954,0.0,0.0,0.0020065910104163634,0.011666060550554651,0.03262207812027019,0.0,0.0,0.017245304078606492,0.0,0.0,0.025441584205076462,0.0015946503786430962,0.015592249721316873,0.062142810691580654,0.0,0.0,0.0,0.0,0.0,0.0,0.01835951404379698,0.04223664717195421,2.898920975054704e-20,0.0,5.797841950109408e-20,0.007947241095234557,0.0,0.0,0.0,0.0,0.0,0.0,0.0,0.0,0.014680365804443943,0.0,0.009303735521008513,0.0,0.0,0.0,0.006032417994503566,0.00930392303311764,2.3191367800437633e-19,0.0006494719951083285,0.0,1.1595683900218816e-19,0.007027688082131626,0.0,0.007027688082131626,0.019653120980335195,0.0,0.0,0.0038764734046685665,0.0,0.024756958020298,0.028196800277686063,0.014202990454251609,0.011093863684886305,0.03428359212507358,0.012831666072077513,0.0038882295460562423,0.0055030089773916106,0.0,0.0,0.010672709264682832,0.0,0.012232596158703573,0.033817967537080745,0.023970239733923846,0.015403067972038147,0.011848546414457465,0.014242475240052111,0.0,0.0,0.0,0.0066700150358705275,0.0,0.0,0.0,0.004610658851843954,1.4494604875273519e-19,0.0,0.008618010763031907,0.0,0.0,0.0,0.05274278618367504,0.004731223887161797,0.020772448172346313,0.01684763086226661,0.001785214449533699,0.03801635571221913,0.019601594006238943,2
LFQ intensity D2_2,0.0,0.0,0.0,0.00822142777714375,0.005939613323903437,0.0,0.011010334330223819,0.0,0.012367314403572062,0.0,0.010057046834973807,0.0,0.005939613323903435,0.019099473761759942,0.0,0.0,0.03482587909804542,0.02153407052238372,0.0,0.0,0.00826424140770858,0.0,0.009625723802188025,0.010281121143884114,0.0,0.019717876822527725,0.0,0.0,0.0,0.024438832800824827,0.0,0.0,0.0,0.0,0.012503696530819066,0.02171501195784188,0.0,0.0,0.0018067564797906938,0.00823988201149037,0.035121638761207406,0.0,0.0,0.013340041569583598,0.0,0.0,0.024505073794704155,0.021965970137381566,0.019759531333878283,0.05452774650493842,0.0,0.0,0.0,0.0,0.0022018477924124384,0.0,0.022287172300310028,0.03194473181223512,0.0,0.0012076850307029064,0.0012076850307029066,0.005525619864543066,0.0,0.0,0.0,0.0,0.0,0.0,0.0,0.0,0.018837426531870052,0.0,0.008597041083260332,0.0,0.0,0.0,0.004952081782203736,0.00822142777714375,0.0,0.0004312201004496948,0.0,0.0,0.008117029933072204,0.0,0.008117029933072204,0.017086368710638872,0.0,0.0,0.0029497674294295005,0.0,0.023504157586749033,0.03433763639148626,0.021048872532579806,0.0071071600315777105,0.02554321011952201,0.013037529329960763,0.0028419103751717635,0.005223020774301175,0.0,0.0,0.00640623139908005,0.0,0.010685285315153474,0.026928743922324538,0.028646900430159813,0.015070968815467418,0.0032670838403477355,0.016147834650372596,0.004618387040771486,0.017364837587516873,0.0,0.013908729277983702,0.0,0.0,0.0,0.004534224523364754,0.0006491062143878696,0.0,0.008030554117348215,0.0,0.0,0.0,0.03900560334877909,0.012515777312342035,0.024205463441388537,0.01768977091847074,0.0,0.04152002986295271,0.019668917293715022,2
LFQ intensity D2_3,0.0,0.0,0.0,0.008974140969300957,0.005285055797719856,0.0,0.022263149136297986,0.0,0.007162626956409022,4.014536557601103e-20,0.009622743279631316,0.0,0.005285055797719856,0.022021497204881824,0.0,0.0,0.03713556648651154,0.017665033117279686,0.0,0.0,0.0020835789103774856,0.0,0.0,0.009170107176320497,0.0,0.010501186281246027,0.0,0.0,0.0,0.024257339484475993,0.0,0.006612445809591292,0.0001408693828861982,0.002157332081333529,0.012820514299255702,0.02435928728571211,0.0,0.0,0.004930204460233608,0.004695803208678893,0.03522599289579132,0.0,0.0,0.013791837253145187,0.0,0.0,0.028017220433195496,0.017159464325558902,0.0,0.05874415715123207,0.0,0.0,0.0,0.0,0.0,0.0,0.025995780607354586,0.030503287924278654,1.8734503935471814e-19,0.003414140088032228,0.0034141400880322295,0.0,0.0,0.0,0.0,0.0,0.0,0.0,0.0,0.0,0.01957284998245914,0.0,0.009359260566632407,0.0,0.0,0.0,4.014536557601103e-20,0.008974140969300954,2.676357705067402e-19,0.0009783246027329348,0.0,0.0,0.008324052172984212,0.0,0.008324052172984212,0.019273917406529457,0.0,0.0,0.007399484950573592,0.0,0.023265628186383273,0.03085028719437853,0.020843917876836107,0.005279919058658225,0.025664528554486605,0.013248827022243946,0.0021818464779530503,0.013144090552987799,0.0,0.0,0.025517306607146243,0.0,0.013124201319845919,0.026551294698096927,0.027709411469046645,0.017692721567521365,0.0,0.016416702779472103,0.005259831652538522,0.01704385539880312,0.0,0.0036606804538800945,0.0,0.0,0.0,0.004844841195208932,2.676357705067402e-19,0.0,0.008792200718573798,0.0034091485621837742,0.0,0.0021639285707183856,0.04964263214449092,0.0,0.029986700298750783,0.019107324232188024,0.0,0.03816792880759309,0.020814603883332877,2
LFQ intensity D2_4,0.0,0.0,0.0,0.008365945097455382,0.005987058614260014,0.0,0.011115321419146411,0.0,0.013794732817626793,0.0,0.011560889450993107,0.0,0.005987058614260013,0.018469178395181658,0.0,0.0,0.03668481628287768,0.015690729381076227,0.0,0.0,0.006475356089263558,0.0,0.0,0.009028776609811835,0.0,0.013851488735746265,0.0,0.0,0.0,0.019810496714237503,0.0,0.0,0.0,0.0,0.0,0.02280173985977072,0.0,0.0,0.002446931749660948,0.009627111382083215,0.03388554676092916,0.0014201741734781303,0.0,0.013426037967979393,0.0,0.0,0.02447854757745809,0.02255902727426634,0.019947944838046284,0.062275233791033856,0.0,0.0,0.0,0.0,0.0,0.0,0.02402564860885967,0.03433704995404657,0.0,0.0025409030969098193,0.0025409030969098198,0.0,0.0,0.0,0.0,0.0,0.0,0.0,0.0,0.0,0.020710523235615147,0.0,0.008745138664933542,0.0,0.0,0.0,0.0077104905770379985,0.008365945097455378,1.185799241172464e-19,0.0005004567502410687,1.7128211261380035e-19,4.2161750797243165e-19,0.010874554362991682,0.0,0.010874554362991682,0.01642999970169778,0.0,0.0,0.004273212493268898,0.0,0.02768309247345856,0.02647336692568275,0.018424047333403228,0.0,0.03462076446979825,0.02166924617659248,0.0,0.0,0.0,0.0,0.005635621246423838,0.0,0.011245827795165435,0.026898915597448444,0.022999469787856896,0.01919887492033219,0.019049843049612356,0.009944859742382916,0.0009349353141475663,0.018047303535099403,0.0,0.010750813928830028,0.0,0.0,0.0,0.0,0.013284758120738331,0.0,0.0,0.009535117250569696,0.0,0.0,0.04319156620496031,0.010882723305741214,0.0226279924307486,0.019001039537971623,0.0,0.04696660256986164,0.019313694683572608,2
LFQ intensity D2_5,0.0,0.00036336743376643777,0.011105829889392899,0.008587368215904553,0.00533251835313381,0.0,0.01785534409319199,0.0,0.014432317152921335,0.0,0.009426212298667875,0.0,0.005332518353133809,0.02092930182354794,0.0,0.0,0.038891546916276595,0.01765121079356738,0.0,0.0,0.005043181322277509,0.0,0.029617684100252478,0.00934563081797385,0.0042055457205744445,0.013854817939968298,0.0,0.0,0.0,0.014856163808847049,0.0,0.0,0.005586460423939933,0.002418136947404782,0.003452394035345326,0.03162857519424485,0.0,0.0,0.0018879950580565988,0.009422517898364244,0.026997754838349756,0.002363732641399299,0.0,0.017744749877617736,0.0,0.0,0.026587224144166952,0.014840616953572007,0.01891720746945965,0.053544177232899705,0.0,0.0,0.0,0.0,0.0,0.0,0.02615296657258445,0.026781890439875236,0.0,0.0005528046071845476,0.0005528046071845477,0.004158576888544753,0.0,0.0,0.0,0.0,0.0,0.0,0.0,0.0,0.014389808985206776,0.0,0.008979870586475699,0.0,0.0,0.0,0.008029200879990997,0.008587368215904547,1.6365512791161848e-19,0.0004469397177345558,0.0,0.0,0.006787226245877574,0.0,0.006787226245877574,0.011765920807840642,0.0,0.0,0.004574989148536825,0.0,0.027363374597895142,0.022500254005581238,0.012131278194150066,0.008474104354740181,0.028339159093287773,0.012873945194587462,0.002946461977508733,0.007487341042092724,0.0,0.0,0.023997493668499063,0.0,0.008153499835449149,0.03149411624175889,0.025422325750987983,0.012181685532564096,0.0,0.01813497703501724,0.003929584137080814,0.012661755652294453,0.0,0.013509958515177684,0.0,0.0,0.0,0.004160647256380056,0.0,0.0,0.00198606895711203,0.0004801681853628062,0.0,0.0,0.05192768197989497,0.004142132558681162,0.024517702208382054,0.018165385590716735,0.0026394631089971697,0.03374950085388579,0.015860238774876714,2
LFQ intensity D2_6,0.0,0.0,0.009564332700970382,0.008978624995649463,0.006290268525576501,0.0,0.024392352569058962,0.0,0.011546461331992051,0.0012657672647571443,0.008291620899982952,0.0,0.006290268525576499,0.02292507552711252,0.0,0.00106896258590576,0.038437635260264384,0.011550951820627504,0.0,0.0,0.006866338056090677,0.0,0.010107454971214224,0.010421442480700347,0.0,0.007236060944468499,0.0,0.0,0.0,0.01300502287431332,0.0,0.0,0.0,0.0031042195514689726,0.007217726819808552,0.0259329581718853,0.0,0.0,0.006109670355143025,0.009017515048422822,0.03448920332716578,0.0,0.0,0.016479091898581568,0.0,0.0,0.021808793071394668,0.01787143128484035,0.0,0.05307740918961508,0.0,0.0,0.0,0.0,0.0,0.0,0.026962485385526237,0.02863678653248995,0.0,0.0016081548058138595,0.001608154805813859,0.0,0.0,0.0,0.0,0.0,0.0,0.0,0.0,0.0,0.02154160069523623,0.0,0.009373029362769536,0.0,0.0,0.0,0.004612278135813194,0.008978624995649456,0.0,0.0007933257068888576,6.852129515525233e-20,0.0,0.004910601213788754,0.0,0.004910601213788753,0.015959087779655913,0.0,0.0,0.0016731860124431326,0.0,0.028351634259105373,0.028762411494898502,0.016117325146628874,0.0025586874283753678,0.026961738424415592,0.013040571880494957,0.0,0.025573778706685223,0.0,0.0,0.011635826271751427,0.0,0.011693941810829476,0.03720509065924222,0.025620872162217603,0.01996683215591501,0.0,0.017563625715382142,0.0037022382728138415,0.018468343205605895,0.0,0.01035942680187214,0.0,0.0,0.0,0.0,0.014732900430017319,0.0,0.006997525205039007,0.0,0.0,0.0,0.04430427456633581,0.009821584540642867,0.03744775906314509,0.0,0.0,0.04409881663912465,0.02010021846119652,2
LFQ intensity D2_7,0.0,0.0,0.019281114586617704,0.009011094981680118,0.0039131494997002424,0.0,0.022702087056334835,0.0,0.0120442946837868,1.349774344624538e-20,0.005992318693677824,0.0,0.0039131494997002424,0.02077542539134766,1.349774344624538e-20,0.0,0.03605436227547255,0.01579080665440489,0.0,0.0,0.004801161482105555,0.0,0.009955141229220428,0.009249567335949995,0.0,0.013776724593295106,0.0,0.0,0.0,0.014423589042393457,0.0,0.0,0.0,0.008772008931144272,0.006316088639063676,0.024580934618841824,0.0,0.0,0.001954496537943594,0.00777608528008627,0.034059322701815546,0.0,0.0,0.014870631363490332,0.0,0.0,0.024368336326845395,0.014533093051517405,0.020435754141132804,0.05539466482363709,0.0,0.0,0.0,0.0,0.0003782718803055565,0.0,0.023725417744728215,0.026077811666956562,0.0,0.0007261897498475816,0.0007261897498475817,0.0,0.0,0.0,0.0,0.0,0.0,0.0,0.0,0.0,0.020428241855268318,0.0,0.009399552512368632,0.0,0.0,0.0,0.005650659491138592,0.009011094981680115,1.0798194756996304e-19,0.0009466100787110615,0.0,1.349774344624538e-20,0.007444273662142038,0.0,0.007444273662142036,0.01759282002764366,0.0,0.0,0.002312532206988246,0.0,0.02127133287389796,0.03727465671967044,0.015850216703876614,0.005730041250593195,0.03185158385701621,0.01207316350271917,0.0,0.016321631786533994,0.0,0.0,0.016843352219336603,0.0,0.011608945861984604,0.02535449788114346,0.026707891047466823,0.01793965875530213,0.0,0.019530719546834316,0.0048716395468421944,0.0,0.0,0.0028449657131615013,0.0,0.0,0.0,0.0,0.012259903637242059,0.0,0.005967382918904186,0.0,0.0,0.0,0.05061934340559964,0.006788072334509768,0.02906846152357802,0.01870740030408434,0.0023726526270313247,0.04230389888880423,0.01922924440289342,2
LFQ intensity D2_8,0.0,0.0,0.016004226532290722,0.0073248873688720635,0.00520997401694227,0.0,0.01201720719363797,0.0,0.013105621636087068,9.971218248831406e-20,0.007856921330098866,0.0,0.005209974016942268,0.020980682997964396,0.0,0.0,0.038404610194832586,0.01670024118394601,0.0,0.0,0.004327018798423913,0.0,0.010505976825980265,0.009761362279482632,0.0017887235090749646,0.014471136284155774,0.0,0.0,0.0,0.022861907186209198,0.0,0.0,0.0,0.0,0.01249666839836941,0.029418752687024496,0.0,0.0,0.001971980715107986,0.010476260858907982,0.03427168806679265,0.0,0.0,0.01436585914983362,0.0,0.0,0.028043900711239276,0.007747173731677441,0.021566500613571314,0.05919391746242268,0.0,0.0,0.0,0.0,0.0,0.0,0.02170128993295934,0.02634678438207371,0.0,0.0017833908399763029,0.0017833908399763035,0.0034835723755725404,0.0,0.0,0.0,0.0,0.0,0.0,0.0,0.0,0.018579700605023727,0.0,0.007734882975577386,0.0,0.0,0.0,0.005476149922824874,0.007324887368872058,1.7093516997996697e-19,0.007214274353094179,0.0,9.971218248831406e-20,0.008234655130721627,0.0,0.008234655130721627,0.018566261920177646,0.0,0.0,0.002831109145155225,0.0,0.020749170682541614,0.02350932828079305,0.014681513215867258,0.0030888697303231975,0.029026550454405085,0.01738326598075504,0.0,0.016157895431273172,0.0,0.0,0.006961109681134946,0.0,0.012951008070508675,0.02664422930675318,0.025726885051849713,0.020392697987237765,0.0,0.020086378246932282,0.004716862662628584,0.0,0.0,0.010767883529619418,0.0,0.0,0.0,0.005157218905261696,0.0,0.0,0.0058955684181327345,0.0008668987706075243,0.0,0.0,0.05347450262559768,0.006286844935870677,0.028960579043892293,0.018758217232879442,0.0017757533665316572,0.041808092061522265,0.018794497654466617,2
LFQ intensity D2_9,0.0,0.0,0.011726250068719883,0.008905546618869697,0.005991818661452659,0.0,0.02356049412579555,0.0,0.014507322299738171,0.0003606022796395146,0.008069453174790792,0.0,0.005991818661452659,0.021629149551838277,0.0,0.0,0.040216558661105226,0.016371621346065884,0.0,0.0,0.008354803464898157,0.0,0.0,0.010262334968986937,0.0,0.01099454694076781,0.0,0.0,0.0,0.017133852629295176,0.0,0.00014694964375792414,0.0001487561022130653,0.0005396568680824215,0.01353828416402422,0.027166630681706546,0.0,0.0,0.005079930279566279,0.009346603853126606,0.03817208450844584,0.0017753400287829626,0.0,0.01772425152451281,0.0,0.0,0.02472518945523229,0.013891214118517868,0.009813339225069526,0.053033603834266564,0.0,0.0,0.0,0.0,0.0,0.0,0.023468247102937073,0.026853105309215655,0.0,0.0005487876934624838,0.0005487876934624836,0.0034557872370781432,0.0,0.0,0.0,0.0,0.0,0.0,0.0,0.0,0.016649262667459194,0.0,0.00931223904694424,0.0,0.0,0.0,0.01154690735445265,0.008905546618869692,0.0,0.00047069911298765324,1.9783374678282015e-19,0.0,0.009277597095634985,0.0,0.009277597095634983,0.01841817653449922,0.0,0.0,0.00429845628640432,0.0,0.02094033617148406,0.03670756527558148,0.013222976492788972,0.005706923165049935,0.032050329201348024,0.014013663024615076,0.0019163680767977757,0.0026449309028279766,0.0,0.0,0.025856502580625912,0.0,0.012268437896329752,0.02949588015196476,0.020923565036438413,0.016452094616876422,0.010747952442418588,0.014720403417850336,0.0,0.005598561310110775,0.0,0.005691215403175385,0.0,0.0,0.0,0.004494992268042828,0.0,0.0,0.007431631679898369,0.01947648214485987,0.0,0.0,0.03450688640090685,0.005961733510003252,0.024002671411802866,0.020405954496931066,0.0,0.0341360876726648,0.018416650658842203,2
LFQ intensity D3_1,0.0,0.0,0.01150593671154358,0.00764050266747678,0.004863547250314564,0.0,0.019721373194957897,0.0,0.014206647788569346,1.4215476370367643e-20,0.006474264735334547,0.0,0.004863547250314564,0.02314913760875565,0.0,0.0,0.03978983485622951,0.017028915787854006,0.0,0.0,0.005482261023476189,0.0,0.0,0.009741406511685983,0.0,0.011446144083338402,0.0,0.0,0.0,0.010732596179968393,0.0,0.0,0.00014964557091420345,0.0,0.003656822104422701,0.02000936794013698,0.0,0.0,0.0056256696377742724,0.011581945252337269,0.0526314181758708,0.0,0.0,0.01576275795158948,0.0,0.0,0.02155422708783354,0.009626921766996024,0.02152241085784783,0.06320841384214261,0.0,0.0,0.0,0.0,0.0020167022480816975,0.0,0.017387500988990084,0.0331275245059546,0.0,0.0005492055751219457,0.000549205575121946,0.003476450689127614,0.0,0.0,0.0,0.0,0.0,0.0,0.0,0.0,0.020320136324538593,0.0,0.007640348680092651,0.0,0.0,0.0,0.008698342278522002,0.007640502667476778,2.416630982962499e-19,0.007525123549744528,0.0,1.4215476370367643e-20,0.01126045299562787,0.0,0.011260452995627869,0.02063465547137692,0.0,0.0,0.003940932568242309,0.0,0.004962078954176299,0.02738305155158751,0.010946537542443261,0.007080529226121208,0.03024868318563279,0.012134033428165596,0.0016129346309749493,0.005980337229114912,0.0,0.0,0.010035832573669476,0.0,0.014805407252141623,0.02709913730941489,0.025699348810793027,0.023596186309423527,0.0035942059346415448,0.0168648508356808,0.0035119031242493736,0.0,0.0,0.0005977847788196395,0.0,0.0,0.0,0.0,0.008513019381028138,0.0,0.010750914982685593,0.0,0.0,0.0,0.038285565348605236,0.009308683569462505,0.035091403651102,0.026869336666270876,0.0,0.04893269033805551,0.028092290434407138,3
LFQ intensity D3_10,0.0,0.0,0.01788256002988345,0.008618780555039835,0.0036920242753801943,0.0,0.017984981324948728,0.0,0.0071699744467224194,0.0,0.009983230525328825,0.0,0.0036920242753801934,0.022093422495783215,0.0,0.0,0.03889152485365578,0.017858618884950626,0.0,0.0,0.007492393053013335,0.0,0.003108700895367961,0.0100543710194012,0.0,0.010994048723231429,0.0,0.0,0.0,0.020592170701436627,0.0,0.0,0.014436605350249317,0.0,0.010218655004730556,0.02629406379220973,0.0,0.0,0.004711413378043876,0.007165415397271542,0.04075371428584455,0.0036770771912826754,0.0,0.013425667485932312,0.0,0.0,0.01948029278286004,0.011533124319541269,0.02221386652299133,0.05313035950902399,0.0,0.0,0.0,0.0,0.002081493325789226,0.0,0.018963149291498893,0.025824545461235925,0.0,0.0003893688012160885,0.00038936880121608893,0.01459892430244029,0.0,0.0,0.0,0.0,0.0,0.0,0.0,0.0,0.015303615265451586,0.0,0.008690076452533326,0.0,0.0,0.0,0.00984267753696575,0.008618780555039828,1.6414310898526842e-20,0.0,4.0000379515808126e-19,0.0,0.013325887709241303,0.0,0.013325887709241301,0.015989877123417734,0.0,0.0,0.007276292688161303,0.0,0.006202430787379034,0.0,0.011371119233370437,0.009701644322583077,0.031248269702638283,0.009096406451482035,7.53550768394276e-06,0.006172468960260279,0.0,0.0,0.017639113956865637,0.0,0.010642688249322569,0.03182380926281072,0.03164957287258951,0.01910717471843289,0.0,0.01678873608747539,0.002837747882548488,0.013767674474838362,0.0,0.014734929572628197,0.0,0.0,0.0,0.004667144706489747,0.0,0.0,0.009873773830611282,0.0,0.0,0.0,0.04419950804777963,0.004622582507010254,0.03157426750219536,0.02130745719826461,0.0011319529619129376,0.04618682555670102,0.02187613954317279,3
LFQ intensity D3_11,0.0,0.0,0.01740875392386262,0.005108302461773164,0.0038713971953724434,0.0,0.01795214402637531,0.0,0.008781991838033779,1.9621194105193642e-19,0.005139685744085241,0.0,0.0038713971953724434,0.020708895999894793,0.0,0.0,0.04047269753664618,0.016804910603046345,0.0,0.0,0.005696474476771316,0.0,0.002969488711623015,0.009604121544490857,0.0,0.010647010601677215,0.004035837644294793,0.0,0.0,0.015303080232328072,0.0,0.0,0.0037990139998239753,0.006411219317996769,0.00970880271591733,0.01988130108429064,0.0,0.0,0.00469448614825848,0.008776407782558502,0.05199353487581981,0.0019527722846041328,0.0,0.011973118646090877,0.0,0.0,0.017422598685763065,0.01378403517141211,0.020238905185917786,0.04926505986474039,0.0,0.0,0.0,0.0,0.00198828100299373,0.0,0.015442386242403225,0.03311520757636836,2.2424221834507017e-19,0.0013942792152110632,0.0013942792152110638,0.0,0.0,0.0,0.0,0.0,0.0,0.0,0.0,0.0,0.0167783294104002,0.0,0.005108199508581778,0.0,0.0,0.0,0.005936050244477035,0.00510830246177316,5.606055458626754e-20,0.01326348213006238,0.0,1.9621194105193642e-19,0.011337701728363752,0.0,0.01133770172836375,0.0184924237796299,0.0,0.0,0.008764894725695648,0.0,0.008384478895537268,0.0054791225317049,0.011392115153300048,0.0,0.03184374381927997,0.014343248977603041,0.0,0.009946592245390923,0.0,0.0,0.017932652359949414,0.0,0.00821049598574547,0.031959070337292624,0.027021789126894173,0.02224064432478928,0.0,0.020115266582095562,0.0056195747173216895,0.0,0.0,0.030630361416823064,0.0,0.0,0.0,0.0034001596454406,0.0,0.0,0.011000356468274821,0.0,0.0,0.0,0.0475307507851621,0.00486079391238172,0.03147628661779391,0.023989530012462283,0.00047106943629226123,0.04671987060775391,0.027693061572334456,3
LFQ intensity D3_2,0.0,0.0,0.018707443823555058,0.00911061289331223,0.006212852878825547,0.0,0.014955647544817671,0.0,0.009083075656575032,0.0,0.005771333362035821,0.0,0.006212852878825545,0.01959514693443972,0.0,0.0010029643107423443,0.04400783160165299,0.015491254488160347,0.0,0.0,0.0,0.0,0.0,0.010519940200380426,0.0,0.015684697762457997,0.0,0.0,0.0,0.028385824450087627,0.0,0.0,0.010659254564892605,0.002235445267412153,0.013586462885900256,0.022500758590835612,0.0,0.0,0.004538662133547759,0.00464991837330899,0.05421812056697298,0.0,0.0,0.0136731035184094,0.0,0.0,0.015695384426563264,0.025690723218632312,0.021470621783631412,0.05694838541714073,0.0,0.0,0.0,0.0,0.00966249142487567,0.0,0.017825830963104052,0.0251284761561844,0.0,0.00393903832524974,0.003939038325249738,0.0,0.0,0.0,0.0,0.0,0.0,0.0,0.0,0.0,0.020222393698489258,0.0,0.009518749124435346,0.0,0.0,0.0,0.007453879747285957,0.009110612893312227,1.1345015895782732e-19,0.0006431301573999504,1.70175238436741e-19,0.0,0.015752575926202064,0.0,0.015752575926202064,0.019228272505724005,0.0,3.40350476873482e-19,0.008984760028499645,0.0,0.011257875050045819,0.0,0.013199614820964059,0.00950311510651804,0.03258988984164301,0.009080831724486083,0.0,0.005398767962262688,0.0,0.0,0.010410557876254141,0.0,0.006073810226924352,0.03181023442801325,0.022261406770240508,0.01396860953092671,0.0,0.017362739636750796,0.0072416710561128885,0.0,0.0,0.0,0.0,0.0,0.0,0.0,0.0014047389092833476,0.0,0.00884541846569539,0.01090743906787911,0.0,0.0,0.03932228646703541,0.009646398019341427,0.030152766600360512,0.027790787131431117,0.0,0.04874845959621578,0.015252436976285678,3
LFQ intensity D3_3,0.0,0.0,0.00885916014570837,0.00930857546759127,0.0039227260313740245,0.0,0.019829596104101937,0.0,0.012343612174405516,3.9037347260581253e-19,0.006626607809735431,0.0,0.003922726031374024,0.022476389560370073,0.0,0.000950052502122411,0.04107298320204217,0.015883241969935485,0.0,0.0,0.003470152258710422,0.0,0.0,0.009907789773557912,0.0,0.011265853023598277,0.0,0.0,0.0,0.01724380332638213,0.0,0.0,0.00015220151785918376,0.0007163296365692611,0.008290162123985409,0.0223274777399583,0.0,0.0,0.005219835230718586,0.012335763452108982,0.05486374524704961,0.0,0.0,0.01288411550251932,0.0,0.0,0.014320333684622186,0.014172820107194953,0.021890013720697342,0.050822748760565514,0.0,0.0,0.0,0.0,0.0020511475304808994,0.0,0.015491245041428164,0.03567095529000832,0.0,0.0006138591182246858,0.0006138591182246862,0.0,0.0,0.0,0.0,0.0,0.0,0.0,0.0,0.0,0.015701621933891737,0.0,0.009308387861716552,0.0,0.0,0.0,0.010832798967604397,0.009308575467591267,1.1566621410542594e-19,0.0006753928594815094,0.0,3.9037347260581253e-19,0.013392770557272404,0.0,0.013392770557272404,0.018888251142143795,0.0,0.0,0.00455857401658973,0.0,0.002224124806248749,0.020218432649642487,0.011227732033865886,0.01212948116291697,0.030264395305502765,0.008134899425727487,0.0009557960799210849,0.00608248141271721,0.0,0.0,0.017677833487910005,0.0,0.011378775764993078,0.027700284962014165,0.028446025744512972,0.02378314283931193,0.0,0.02020829670557698,0.0041810052510523905,0.0,0.0,0.021514046741574696,0.0,0.0,0.0,0.0,0.006504004640999108,0.0,0.00931425805210388,0.001056913428602961,0.0,0.0,0.043665279836165756,0.004663943052919282,0.0341092864959701,0.02695918234252184,0.0,0.04584842879770554,0.0261729234127341,3
LFQ intensity D3_4,0.0,0.0,0.017753374088013182,0.008704755466745545,0.00406417464467505,0.0,0.018119020606015723,0.0,0.013988608090991268,2.2303002233842985e-19,0.006857230852340643,0.0,0.004064174644675049,0.02395436310804457,0.0,0.0,0.03940518487139758,0.017073098347469576,0.0,0.0,0.0039046549250727034,0.0,0.021635462919063993,0.00955220412292127,3.9030253909225223e-19,0.00905462972623653,0.0,0.0,0.0,0.00708698488813367,0.0,0.0,0.00014673908102990257,0.002806363759487731,0.008526172715861577,0.025977955005885005,0.0,0.0,0.00261913803599241,0.012144627716060648,0.041652978764450475,0.0,0.0,0.01325579594566993,0.0,0.0,0.02415405974481406,0.007205205629055739,0.02110439200796251,0.05472770329626805,0.0,0.0,0.0,0.0,0.0,0.0,0.013833408811309896,0.03822241291392902,0.0,0.0006141594375697531,0.0006141594375697534,0.008692891733287226,0.0,0.0,0.0,0.0,0.0,0.0,0.0,0.0,0.01496965587019932,0.0,0.008704580030313915,0.0,0.0,0.0,0.01283958607873639,0.008704755466745538,1.1151501116921493e-19,0.00038548682914706404,0.0,2.2303002233842985e-19,0.01107557972555434,0.0,0.011075579725554337,0.017089410441053953,0.0,0.0,0.00646037045357597,0.0,0.0,0.0024860663066703518,0.010270020570485875,0.007248570631658905,0.031408752478300585,0.013092519121877392,0.0023542621987184993,0.007754643598253465,0.0,0.0,0.016758126066595554,0.0,0.010913258655293549,0.028280183755339805,0.02741186906448407,0.020942302525455012,0.0,0.02211670501332797,0.006673736941001112,0.011804658995313282,0.0,0.014934485867091948,0.0,0.0,0.0,0.0022649700034693657,0.0,0.0,0.01394532550187274,0.0,0.0,0.0,0.04755714492523717,0.003108146997374824,0.03202561665558161,0.024651510957432062,0.0,0.040640852713258895,0.02853518049702509,3
LFQ intensity D3_5,0.0,0.0,0.008547637149747784,0.007352970162937637,0.004883619296367326,0.0,0.01767982623935667,0.0,0.013890890388311245,0.0,0.010413197452951176,0.0,0.004883619296367325,0.022311363148604376,0.0,0.0,0.03903680234209046,0.021515694174995444,0.0,0.0,0.004624579815125864,0.0,0.0048828755297043915,0.010479676253896241,0.0,0.010402930404876045,0.004192399510522098,0.0,0.0,0.013930063380310711,0.0,0.0,0.012820981090650468,0.0,0.004113840099844923,0.022852063384758956,0.0,0.0,0.0035000452157689724,0.013882057824587674,0.05751496344126132,0.0,0.0,0.011819212657343755,0.0,0.0,0.01580418909327442,0.011948149056714005,0.02315352487579847,0.05840981109112521,0.0,0.0,0.0,0.0,0.0021695415990542924,0.0,0.013450076792018149,0.03869085510334545,0.0,0.0012967087292160547,0.001296708729216055,0.0,0.0,0.0,0.0,0.0,0.0,0.0,0.0,0.0,0.018265748589380897,0.0,0.007352821970509699,0.0,0.0,0.0,0.01355907778494777,0.007352970162937634,0.0,0.007241933069302082,0.0,0.0,0.013903545863904786,0.0,0.013903545863904784,0.017658734901168337,0.0,0.0,0.00564745702314359,0.0,0.0027758615599448432,0.01000595884486184,0.011166369095851753,0.0,0.03140269942826635,0.0197911143039395,0.0,0.0,0.0,0.0,0.017681060283909172,0.0,0.011745217897961503,0.03137025866523569,0.029068273051554468,0.019006582640261248,0.0002686973569543724,0.022075240323455862,0.0050713970909866835,0.0,0.0,0.004316755479004181,0.0,0.0,0.0,0.005470185684233157,0.0,0.0,0.011259551205703966,0.0003176623480365185,0.0,0.0,0.0448994282170124,0.0036632197065357796,0.02821127880837228,0.021199313793000465,0.0010784594689587977,0.04417469098589361,0.0273440152007231,3
LFQ intensity D3_6,0.0,0.0,0.0,0.0072098036638919465,0.005010538043364016,0.0,0.020144215513096073,0.0,0.012351708249228743,0.0,0.0060403170952324885,0.0,0.005010538043364016,0.022768547599023952,0.0,0.0,0.0373508628453355,0.018037888969802844,0.0,0.0,0.002052955282758599,0.0,0.017689602475641938,0.010258418884985838,0.0,0.010783342865979503,0.0,0.0,0.0,0.019944523394994668,0.0,0.0016976370787488305,0.003824144446588236,0.0,0.008701907031481338,0.025783912882844953,0.0,0.0,0.005050683453501026,0.012343854379019095,0.055270718144873325,0.0,0.0,0.011876340648594469,0.0,0.0,0.019832388916104345,0.008317704240837229,0.020831277747410233,0.05426004754561732,0.0,0.0,0.0,0.0,0.009252968010527012,0.0,0.014006175946222516,0.046113978604873956,3.0269767861288357e-19,0.00014075006280932827,0.00014075006280932838,0.0,0.0,0.0,0.0,0.0,0.0,0.0,0.0,0.0,0.01724917972881397,0.0,0.007209658356854618,0.0,0.0,0.0,0.004986978814449805,0.00720980366389194,0.0,0.007100928525440182,3.7149260557035715e-19,0.0,0.015930802566728165,0.0,0.015930802566728162,0.02041306756718123,0.0,0.0,0.004936652786341883,0.0,0.010922642314529179,0.0058660319060649686,0.0124287262355954,0.01013979850409359,0.025300896111151425,0.006608569637683317,0.0,0.008010702715821416,0.0,0.0,0.015793591340281334,0.0,0.012120376088328432,0.029736185556160696,0.01968005008039466,0.016757440493872268,0.003193258957287817,0.01428966103601459,0.004913776339962458,0.0,0.0,0.0,0.0,0.0,0.0,0.004981404324450167,0.0,0.0,0.007291670885570946,0.02109522904922819,0.0,0.0,0.04064992334168235,0.012882891354443805,0.028619189379632943,0.024207815170188048,0.0013024471989171833,0.04830995795217056,0.021831387320481663,3
LFQ intensity D3_7,0.0,0.0,0.017720082344937722,0.008270289912172624,0.003698779739208738,0.0,0.018186779736232558,0.0,0.014184357841371294,0.0,0.008480383893882512,0.0,0.003698779739208738,0.02198245402660233,0.0,0.0,0.04120001855962685,0.02026001398236315,0.0,0.0,0.0019931917086445966,0.0,0.023562386359501895,0.009295428413094498,0.0,0.01050310485003061,0.0,0.0,0.0,0.015785334962806888,0.0,0.0,0.007710261265522714,0.0,0.009207865786006922,0.02330463275669392,0.0,0.0,0.004808464335826463,0.011679419246818042,0.04269259779499394,0.018760174745905387,0.0,0.013586887194334733,0.0,0.0,0.019538668045363177,0.008258266973658045,0.020537078415353714,0.05325655122704378,0.0,0.0,0.0,0.0,0.0019243742015161917,0.0,0.014849820880119134,0.0328121648550959,0.0,0.00045777779480017135,0.00045777779480017135,0.009107568347727357,0.0,0.0,0.0,0.0,0.0,0.0,0.0,0.0,0.016279842185332828,0.0,0.008270123231999212,0.0,0.0,0.0,0.010369464509420369,0.008270289912172617,1.0851734217252702e-19,0.0001776813700091957,1.0851734217252702e-19,0.0,0.01106820989855519,0.0,0.011068209898555188,0.016567086275937056,0.0,0.0,0.0043818257210402264,0.0,0.005978988556612489,0.0,0.010625554902981841,0.006006807415428484,0.027788060116167038,0.008711954378095878,0.0,0.009309834370551788,0.0,0.0,0.010369506607827253,0.0,0.011505088748568886,0.02760012857814785,0.024959054719223127,0.02232853667885191,0.0,0.020847913514471742,0.005101259224037234,0.014416049298656038,0.0,0.0027575650508160784,0.0,0.0,0.0,0.004030025381975082,0.0,0.0,0.010542857710934004,0.0,0.0,0.0,0.04744554492824072,0.008327081942061889,0.030552893745463414,0.023382444527992534,0.0,0.04165578415200271,0.027532594716605272,3
LFQ intensity D3_8,0.0,0.0,0.006971278435308194,0.0072245343046112714,0.004078725605754586,1.1281643634428753e-19,0.015613329613529245,0.0,0.012373681504007536,5.640821817214377e-20,0.0033077010804717466,0.0,0.004078725605754586,0.020315862121539633,0.0,0.001356061333825316,0.0358747956610632,0.015229211384784213,0.0,0.0,0.0044585588011583814,0.0,0.02058196415250532,0.00966368219921486,0.0,0.0103379368247499,0.0,0.0,0.0,0.025281194830482367,0.0,0.0,0.017152961376857092,0.002807950637010789,0.013463999705894557,0.023656285494327377,0.0,0.0,0.004222599081826678,0.01236581366203887,0.054779658619306934,0.0026910590211598417,0.0,0.013126009139059792,0.0,0.0,0.02024439085372813,0.008960714523568775,0.02135068877801875,0.05437556256362626,0.0,0.0,0.0,0.0,0.006294644455004866,0.0,0.016438085159836083,0.0327137884737206,0.0,0.0008389918244130497,0.0008389918244130502,0.0,0.0,0.0,0.0,0.0,0.0,0.0,0.0,0.0,0.018285849309400224,0.0,0.007630427709165708,0.0,0.0,0.0,0.010737381577991484,0.007224534304611264,2.2563287268857506e-19,0.007115436718971962,0.0,5.640821817214377e-20,0.011302451602761603,0.0,0.011302451602761603,0.02183438051361768,0.0,0.0,0.004776833390103855,0.0,0.0018323502008278868,0.020650955780688256,0.010671098842933109,0.008959986313739806,0.030504899510976253,0.009305341620092857,0.00044119815952440336,0.007983266892043376,0.0,0.0,0.0002901564473596326,0.0,0.011927215995142602,0.02830214837359433,0.021996856765671792,0.019774541120310334,0.0007346558148059415,0.017067818629341272,0.005395530833697448,0.0,0.0,0.005522533584855825,0.0,0.0,0.0,0.005017063677802009,0.0,0.0,0.009948670580033472,0.0007656586163836213,0.0,0.0,0.04320701830700339,0.007786946856394919,0.03195832814215983,0.024471477416470683,0.0,0.04694671006375944,0.025258386072430247,3
LFQ intensity D3_9,0.0,0.0,0.0,0.008934910546690445,0.004799649213799989,0.0,0.018597548326068924,0.0,0.012348940646711949,1.6290500501480253e-19,0.004390732271257733,0.0,0.004799649213799987,0.022050950719950554,0.0,0.0,0.04370681904318787,0.01831356289963901,0.0,0.0,0.004310791153111416,0.0,0.009954711060623756,0.010148503167137165,0.0,0.011496251811754609,0.0,0.0,0.0,0.012821116775945095,0.0,0.0,0.014633930918107047,0.0,0.01149350729258952,0.02202263201069993,0.0,0.0,0.005288807587525064,0.012341088536290543,0.05260575804109198,0.0,0.0,0.014434155258902846,0.0,0.0,0.021919987325183663,0.011048334647604572,0.022421839648440377,0.06349137155617764,0.0,0.0,0.0,0.0,0.002100980913513671,0.0,0.01483639626296524,0.03923946123426721,0.0,0.003163210566877999,0.003163210566878,0.0,0.0,0.0,0.0,0.0,0.0,0.0,0.0,0.0,0.016373543305161355,0.0,0.008934730471692454,0.0,0.0,0.0,0.007622464904948683,0.008934910546690438,1.1847636728349273e-19,0.00010103947019770548,3.1100046411916846e-19,1.6290500501480253e-19,0.0119964676822196,0.0,0.011996467682219597,0.015415571380212115,0.0,0.0,0.004377950501496464,0.0,0.0,0.02025218958717362,0.008301630357535172,0.010527372845881688,0.022966745616401586,0.0042965591523747,0.0,0.0062302575339007,0.0,0.0,0.010871779201575523,0.0,0.011724921362463395,0.03442094837703677,0.011513454961549322,0.021822411170871532,0.0,0.019219863932054798,0.009840076553188387,0.015890420434048362,0.0,0.00642613380703997,0.0,0.0,0.0,0.003734659183883078,0.0,0.0,0.012193398800023987,0.0013243628125729845,0.0,0.0,0.05216928603839757,0.005297967745316788,0.030657024025814748,0.02294388906188772,0.0,0.03992304364038864,0.03081964863698669,3
LFQ intensity D4_1,0.0,0.0,0.01627431007094317,0.007775148935646451,0.004589174370271385,1.8096279151140752e-19,0.01681833737317349,0.0,0.011634741583296316,0.0,0.004841072750399964,0.0,0.004589174370271385,0.021226502695137987,0.0,0.010226112659312843,0.0351746264736568,0.014617403153223118,0.0,0.0,0.005177484281485388,0.0,0.019187731536525175,0.008857710878288893,0.003030403405703415,0.010865708998266008,0.0,0.0,0.0,0.017347751097352943,0.0,0.0076406954799683015,0.010836646183107845,0.0,0.007333245628777886,0.02161279073576196,0.0,0.0,0.005726931825743899,0.009925677872350103,0.05016334881636906,0.0,0.0,0.010714097313592052,0.0,0.0,0.009937248630476868,0.00275331538378997,0.02209724370452786,0.049378171987275725,0.0,0.0,0.0,0.0,0.014891708663302531,0.0,0.019379089688248433,0.02390249993760193,0.0,0.0011566256048603355,0.001156625604860336,0.0,0.0,0.0,0.0,0.0,0.0,0.0,0.0,0.0,0.017589492196786943,0.0,0.008147166739941406,0.0,0.0,0.0,0.004670923537168171,0.0077751489356464466,0.0,6.52138077248198e-05,9.048139575570376e-20,0.0,0.014987059479606856,0.0,0.01498705947960685,0.021993749204439653,0.0,0.0,0.0046683145042070474,0.0,0.0,0.008111034393654367,0.0028552771337991027,0.0102694772690967,0.025211067546958527,0.007859411998248814,0.001235752611085653,0.006169917965466024,0.0,0.0,0.0192824936422507,0.0,0.008030062186386045,0.03062249267166283,0.02021431109435699,0.019202250488548542,0.0,0.0179128201364309,0.007663049008754077,0.013381642008367252,0.0,0.02658405172627463,0.0,0.0,0.0,0.004111666294932958,5.1703654717545004e-20,0.0,0.01269279841563902,0.0001552771868236469,0.0,0.0,0.04259321463804432,0.01312145360078954,0.030851571439663432,0.025320041816900413,0.0006301307616880866,0.04743426347338979,0.022760984912089745,4
LFQ intensity D4_10,0.0,0.0015361340751207525,2.357437469492931e-19,0.008930144168518929,0.003775679627292731,0.0,0.01790944288386005,0.0,0.01271927108221808,1.5254007155542497e-19,0.0050403189803741345,0.0,0.00377567962729273,0.01925994052430281,0.0,0.0,0.041694889231277885,0.016904221515715714,0.0,0.0,0.0061372308018463355,0.0,0.01542391623012729,0.009502798266725412,0.0,0.010970873704916204,0.0,0.0,0.0,0.012380388704020282,0.0,0.007198178804874652,0.023715871559423854,0.0024859657834812783,0.010107775648168744,0.022288963967371754,0.0,0.0,0.005227549573077816,0.012711183496094328,0.05546115745913346,0.0,0.0,0.015427026942959686,0.0,0.0,0.014627146004059191,0.018867120057856627,0.022214769870601263,0.04795961395271892,0.0,0.0,0.0,0.0,0.008973530765583139,0.0,0.015615193171868673,0.034630439907767735,2.357437469492931e-19,0.002991821388604937,0.0029918213886049373,0.0,0.0,0.0,0.0,0.0,0.0,0.0,0.0,0.0,0.018763550207466645,0.0,0.009329243336642161,0.0,0.0,0.0,0.004252309750941965,0.008930144168518924,1.8027463002004768e-19,0.0006498209267835372,0.0,1.5254007155542497e-19,0.015053792637466716,0.0,0.015053792637466715,0.020768100807211632,0.0,0.0,0.005242927175855368,0.0,0.0,0.0,0.0038709543319798167,0.007689817173497864,0.02582363685679185,0.009398637352922111,0.0017164844425275173,0.0030850901004452094,0.0,0.0,0.018418952994208128,0.0,0.01210795803982137,0.038003969102295566,0.019948987310801223,0.022850298100266814,0.0,0.018721923625460355,0.008602117897937826,0.0,0.0,0.0,0.00860189924954621,0.0,0.0,0.0,0.0,0.0,0.009027107516654517,0.0,0.0,0.0,0.033962495703286716,0.01660053983628559,0.02981941618879569,0.02634312486005178,0.0,0.04913294213459605,0.02877390636761384,4
LFQ intensity D4_11,0.0,0.0,0.0014469763231518432,0.009508063941526132,0.005546511587715429,2.4272932242192135e-19,0.019776691147053806,0.0,0.0068972989840275336,0.0,0.005799055426541397,0.0,0.005546511587715429,0.02198963096533402,0.0,0.0014054645808562808,0.04379003346698169,0.016972832629033388,0.0,0.0,0.007699608127218176,0.0,0.014963247358356194,0.010395909976972864,0.002519252655559474,0.01344719731507779,0.0038615194369838487,0.0,0.0,0.00808817139502631,0.0,0.005613874698034789,0.023226685955310283,0.0,0.0014974173588034024,0.019057807833761826,0.0,0.0,0.0031197591402241393,0.004101503115573022,0.054618602864951724,0.0011355643130944318,0.0,0.011151980161936909,0.0,0.0011655406519242174,0.01390438313174389,0.0171641303486609,0.019975120933988715,0.05574482057747008,0.0,0.0,0.0,0.0,0.017242538696929533,0.0,0.015768038781760058,0.03524539786261765,0.0,0.0004152037881223398,0.00041520378812233996,0.0,0.0,0.001916677564933432,0.0,0.0,0.0,0.0,0.0,0.0,0.019782687027983744,0.0,0.009507872315142605,0.0,0.0,0.0,0.002518044026453779,0.009508063941526127,3.64093983632882e-19,0.00045346914288094196,1.82046991816441e-19,0.0,0.015616007616146468,0.0,0.015616007616146467,0.02379793722979548,0.0,0.0,0.006299720768009198,0.0,0.0,0.0,0.0023736656605333906,0.010476368849745364,0.02918697950807026,0.0038789849297777373,0.0,0.010459626070214572,0.0,0.0,0.009442418210629109,0.0,0.012679603892720714,0.03830367294329832,0.023192459441223074,0.02131844266208101,0.0,0.018721979039122972,0.008464142806236244,0.0,0.0,0.0,0.0,0.0,0.0,0.0,0.0035260759095298968,0.0,0.012516035978021266,0.0,0.0,0.0,0.040411001551123864,0.00775325831319974,0.0366286861123991,0.02975654404180742,0.0,0.053161426288918644,0.022514589634167127,4
LFQ intensity D4_12,0.0,0.0,0.015866488864555963,0.0066573818746077625,0.002362920841176456,1.0978444819908147e-19,0.016222876307813657,0.0,0.008703593012402934,2.7446112049770366e-19,0.005406869966600987,0.0,0.0023629208411764546,0.022204044634381987,0.0,0.001510234532821266,0.03961573130484496,0.014786001156743193,0.0,0.0,0.0057773779032962705,0.0,0.03133008559158179,0.009403966763977731,0.0004749971344700216,0.014648825124505592,0.005630851454128379,0.0,0.0,0.014290245245682029,0.0,0.0,0.016090836424136955,0.0,0.006960750646585964,0.01625935010943116,0.0,0.0,0.0028447764467331477,0.008698058807052728,0.060361705679349696,0.0018535456906462499,0.0,0.011019999202473792,0.0,2.7446112049770366e-19,0.013767548370347977,0.012693335290172617,0.02077688023234388,0.046543937135716744,0.0,0.0,0.0,0.0,0.0033487288907897215,0.0,0.016211358156569888,0.030368359998592297,0.0,0.0009040067574996894,0.0009040067574996894,0.0,0.0,0.0,0.0,0.0,0.0,0.0,0.0,0.0,0.018306439071074737,0.0,0.0066572477011293115,0.0,0.0,0.0,0.006109761832217633,0.00665738187460776,2.7446112049770366e-19,0.006556848849422315,1.646766722986222e-19,2.7446112049770366e-19,0.014471420210967239,0.0,0.014471420210967237,0.022235933768162144,0.0,1.646766722986222e-19,0.008609384921897,0.0,0.0,0.004337752255434922,0.0004475471662022963,0.004684286775614732,0.02659007346076576,0.014318969251356608,0.0009893981151197753,0.012436658565805815,0.0,0.0,0.02125601865429817,0.0,0.011210341699183534,0.03198795866322719,0.025998446278109058,0.025196429758555614,0.0,0.021543413139228612,0.007153934124178599,0.0,0.0,0.0,0.0,0.0,0.0,0.0,0.0,0.0,0.013227927326589516,0.010744743917270913,0.0,0.0,0.03334764153359978,0.00793734431381389,0.035205269337422324,0.02660300514462214,0.0,0.04681819747220626,0.02702620745623942,4
LFQ intensity D4_2,0.0,0.0,0.015644664165819833,0.009024975487915223,0.00387267929916427,8.539161995408501e-20,0.01959967675685351,0.0,0.01565139869891995,0.0,0.004901192475800064,0.0,0.0038726792991642693,0.021376504189619193,0.0,0.0014830331455392323,0.043480231739437075,0.015671903431019246,0.0,0.0,0.0023143984497852217,0.0,0.02012431056667317,0.009752686215498074,0.0024480456705915574,0.012022369738528502,0.0,0.0,0.0,0.015028783049907363,0.0,0.0,0.01892398579926625,0.0,0.007308108060291955,0.02148472123676956,0.0,0.0,0.0063841101869748585,0.013022748795491632,0.06199647536314966,0.0,0.0,0.012574093580458493,0.0,0.0,0.018800253168464183,0.01090208991171459,0.0072059708763961275,0.046644186258312396,0.0,0.0,0.0,0.0,0.008439447407028343,0.0,0.016177571597821516,0.033359761489740146,2.846387331802834e-19,0.00216754852362117,0.00216754852362117,0.0,2.846387331802834e-19,0.0,0.0,0.0,0.0,0.0,0.0,0.0,0.01869900087075978,0.0,0.009024793597740225,0.0,0.0,0.0,0.003164536601653416,0.009024975487915216,0.0,0.0005290249123213796,0.0,0.0,0.012823505205687603,0.0,0.012823505205687601,0.020576513904295428,0.0,0.0,0.005358336676833187,0.0,0.0,0.00726612446983337,0.0023065737098171865,0.0054436905834415105,0.025331416508888285,0.009392456666148788,7.466561650727476e-05,0.005351864841278641,0.0,0.0,0.018290523762914797,0.0,0.012049650746143604,0.034563982242520205,0.019290057045692078,0.02653529993379004,0.0,0.017512250931393667,0.006192420165497912,0.0,0.0,0.004004493481302447,0.0,0.0,0.0,0.00029948122746842364,0.0,0.0,0.013265065963014322,0.0,0.0,0.0,0.04543930199718789,0.0061125670519297185,0.03656100846583314,0.027495275077768604,0.0,0.05165456405469679,0.029714919834679644,4
LFQ intensity D4_3,0.0,0.0,3.3303123545145706e-19,0.006259207007832452,0.0032027818559720216,2.7752602954288086e-20,0.01626995842703896,0.0,0.011422891554227316,8.325780886286426e-20,0.008610265106443785,0.0,0.0032027818559720207,0.020710876684272246,0.0,0.0011910592029511485,0.038859163659280764,0.013927706054724941,0.0,0.0,0.0059200251441120025,0.0,0.018412225111609854,0.009508980919509835,0.0015048439630886256,0.014381986868467455,0.0,0.0,0.0,0.014532437443760805,0.0,0.00657363312016288,0.015458795435031663,0.0,0.012040094662524686,0.021579821315042366,0.0,0.0,0.002301656631733187,0.011415628274859346,0.048755601614813876,0.003160958542854985,0.0,0.010629894629602609,0.0,0.0,0.011346150467355116,0.01874509335612217,0.02100889578354181,0.04664056282750141,0.0,0.0,0.0,0.0,0.008366608495767472,0.0,0.015283323823781302,0.030925724627951397,3.3303123545145706e-19,0.001106549332346971,0.0011065493323469714,0.0012460101144653442,0.0,0.0,0.0,0.0,0.0,0.0,0.0,0.0,0.01608666756995095,0.0,0.006259080859206395,0.0,0.0,0.0,0.0069729138878831635,0.006259207007832442,0.0,0.006164686815418756,0.0,8.325780886286426e-20,0.0139781677034806,0.0,0.013978167703480596,0.023270857886417397,0.0,0.0,0.0039558050786400005,0.0,0.0,0.0004921116618369493,0.002708237193748926,0.009736112029966054,0.029487628973755578,0.007712746037153006,0.0,0.010624521296706633,0.0,0.0,0.01835619003494338,0.0,0.011048515706662258,0.0321458359208946,0.027193124511952545,0.022325964436638566,0.0,0.02168641853775746,0.006477264596371252,0.0,0.0,0.02538055235830523,0.0,0.0,0.0,0.0032446701620516393,0.0,0.0,0.011942066455442763,0.0,0.0,0.0,0.04514222055188938,0.01135341565914896,0.032518727330197075,0.026821510316511425,0.0,0.04945091758535135,0.02161695088333486,4
LFQ intensity D4_4,0.0,0.0,0.01043014826488085,0.00924035440033416,0.0035999980534239364,0.0,0.01742396210255417,0.0,0.012696597195575044,6.820379425862855e-20,0.00382894158877951,0.0,0.0035999980534239355,0.021217704298212126,0.0,0.0,0.04110845804133707,0.013812356374459827,0.0,0.0,0.002367825138884445,0.0,0.01715357441889041,0.009347571171060411,0.0006328089484812327,0.010820025672731286,0.0,0.0,0.0,0.020001605530046093,0.0,0.007873495611499111,0.020091597444025486,0.0,0.009907439611276462,0.022961976898982203,0.0,0.0,0.003972568709274912,0.012688524026709154,0.053041396291042736,0.0077850263193345185,0.0,0.012052420049812983,0.0,0.0,0.017131565870330257,0.012856748253654963,0.02065228127223659,0.0453155868087416,0.0,0.0,0.0,0.0,0.008349989043219328,0.0,0.015504882543549143,0.03466242203652204,0.0,0.0020996674678231612,0.0020996674678231617,0.0,0.0,0.0,0.0,0.0,0.0,0.0,0.0,0.0,0.018326575181908417,0.0,0.009240168169393022,0.0,0.0,0.0,0.003938822118599967,0.009240354400334152,0.0,0.0010884019640498177,1.500483473689828e-19,6.820379425862855e-20,0.013935407312639543,0.0,0.013935407312639541,0.017896570719763655,0.0,0.0,0.005340375025422726,0.0,0.0,0.0,0.005188611248145979,0.007272119466531004,0.028474387169655436,0.0097601115535904,0.0019097840943713678,0.00293880001484596,0.0,0.0,0.006252114260553033,0.0,0.011156760600626888,0.03076584554532876,0.02477169515336358,0.02264332069937376,0.0,0.021586382220452366,0.005415895089330365,0.013400051219642337,0.0,0.0,0.006364887710115755,0.0,0.0,0.002703522857657004,0.0,0.0,0.016859505244346568,0.0,0.0,0.0,0.0419182052130196,0.012711972426657116,0.03178052320742846,0.023879038998200673,0.0,0.04609110668430628,0.026884092138774095,4
LFQ intensity D4_5,0.0,0.0,0.015499388827217882,0.009319569725633567,0.0044245817936896525,0.0,0.019136127130678006,0.0,0.009440395704040976,0.0,0.0045796028361368,0.0,0.0044245817936896525,0.02030107613142466,0.0,0.0,0.04087182962123041,0.014040157277240896,0.0,0.0,0.0028324788518384715,0.0,0.01867245882031746,0.009544917947479876,0.0027753067153343906,0.010414647749383646,0.003587399117804784,0.0,0.0,0.016743757233654934,0.0,0.0,0.01721677390687265,0.0017783187107309536,0.012782261917229658,0.019949497987782998,0.0,0.0,0.0044428560129489165,0.009434393000520845,0.05314281421487245,0.006425483496741113,0.0,0.012845864990776246,0.0,0.0,0.015392823511029932,0.014177302249092943,0.02108829412094343,0.047525682590950385,0.0,0.0,0.0,0.0,0.006103098452312753,0.0,0.0141542965649302,0.03222474097578598,0.0,0.002173015518006986,0.002173015518006987,0.0,0.0,0.0,0.0,0.0,0.0,0.0,0.0,0.0,0.019967526301131987,0.0,0.009319381898179577,0.0,0.0,0.0,0.0074478956064287895,0.009319569725633563,8.357246279172958e-20,0.0009972622440269406,2.2285990077794554e-19,0.0,0.015447587027822424,0.0,0.015447587027822422,0.01964878224834104,0.0,1.1142995038897277e-19,0.00933821242736079,0.0,0.0,0.0029798464075308983,0.002614922418797244,0.006268784623289809,0.028230356942788904,0.008927303090180153,0.0,0.005859711129156193,0.0,0.0,0.01749442388198248,0.0,0.011638444492370814,0.03395223138508882,0.024211391359442697,0.021754235530758684,0.0,0.01869551911243785,0.0035002004618088444,0.0,0.0,5.199589383631108e-05,0.0028745877135497237,0.0,0.0,0.0,0.0027677379930634897,0.0,0.01304856807453678,0.0,0.0,0.0,0.04626549846884089,0.00976195026843609,0.029449341622699347,0.027132546039149764,0.0,0.0491522398447021,0.02679554772247312,4
LFQ intensity D4_6,0.0,0.0,0.008290995037917194,0.006742297915688809,0.0045462734563123715,5.263782432128825e-19,0.018161141989837214,0.0,0.015493412545332192,1.422643900575358e-20,0.004099912083016019,0.0,0.004546273456312371,0.02057132793124219,0.0,0.0,0.042474918143042176,0.008589820811904864,0.0,0.0,0.004431135218166747,0.0,0.014740806667253432,0.009748918851403028,0.0,0.010652420429994137,0.0,0.0,0.0,0.0035618160154082864,0.0,0.0,0.017584743276433328,0.0,0.007633115936689079,0.022949285429071316,0.0,0.0,0.004558091310529776,0.008424391121364503,0.0546450673360274,0.0054679028913597865,0.0,0.011785463782227112,0.0,0.0,0.015385334675485772,0.010815888945897559,0.021539008426350908,0.04487107472045413,0.0,0.0,0.0,0.0,0.009571545192625578,0.0,0.015113898936599712,0.030898605469438185,0.0,0.001795369666297689,0.0017953696662976895,0.0034791316447529692,0.0,1.422643900575358e-20,0.0,0.0,0.0,0.0,0.0,0.0,0.01630269944472426,0.0,0.006742162030804758,0.0,0.0,0.0,0.004436863215429347,0.006742297915688804,0.0,0.006640482574623419,0.0,1.422643900575358e-20,0.01524725682376315,0.0,0.015247256823763147,0.02444921272520666,0.0,0.0,0.005205971236500555,0.0,0.0,0.0008256111084335906,0.009819553425980522,0.005723037063793833,0.028814919257958226,0.008727648867467278,0.0,0.0030871350692131816,0.0,0.0,0.01767210800342449,0.0,0.007979810969630413,0.03252656423114443,0.028994104391081063,0.022115557237314863,0.0,0.020711471658756937,0.005973387063367348,0.0,0.0,0.025980381569220858,0.0,0.0,0.0,0.0,0.007379269991063609,0.0,0.014379895058461342,0.0,0.0,0.0,0.04377519130557646,0.012479926765482041,0.03597256857192328,0.02698590394627132,0.0003009690638608736,0.05223725907452569,0.021558764534810766,4
LFQ intensity D4_7,0.0,0.0,8.656607807408104e-20,0.009770591201465135,0.004840443487162046,0.0,0.018788819813429898,0.0,0.014915911313742914,0.0,0.005220914440438545,0.0,0.004840443487162046,0.021679685158309585,0.0,0.00280652271895656,0.037476383034908245,0.012421116876363282,0.0,0.0,0.0076845416017663655,0.0,0.010641007468139872,0.009886822580679152,0.0019560104384331815,0.01230609839173288,0.0,0.0,0.0,0.019858490764246596,0.0,0.0,0.017464419421471235,0.0,0.008037505418794982,0.022822752342887522,0.0,0.0,0.006630022689127484,0.012251712059793534,0.05511366550031568,0.00032422996264990135,0.0,0.013283606286422712,0.0,0.0,0.01280443992294031,0.019656885552212087,0.0,0.05839800065357209,0.0,0.0,0.0,0.0,0.010602360197881161,0.0,0.02419428043076037,0.011706009527095662,8.656607807408104e-20,0.0013726928266979026,0.0013726928266979016,0.0,0.0,0.0,0.0,0.0,0.0,0.0,0.0,0.0,0.019378398885136275,0.0,0.010185808983663199,0.0,0.0,0.0,0.003954433408179633,0.009770591201465126,0.0,0.0011484040515176296,1.0099375775309456e-19,0.0,0.0164756224835201,0.0,0.0164756224835201,0.01783859290930277,0.0,0.0,0.004491571711222528,0.0,0.0,0.0,0.0021574107282607904,0.009634303554465687,0.03275434899341839,0.009890343617990596,0.0,0.011773070185973306,0.0,0.0,0.007677212075899645,0.0,0.013055443893719477,0.0349515899211081,0.026859099615033202,0.020878857547145427,0.009020090304759002,0.015371168761834348,0.0016808608652350162,0.0,0.0,0.006876404970845948,0.0,0.0,0.0,0.0,0.007493803019306081,0.0,0.01658877585158815,0.0,0.0,0.0,0.04889612771131039,0.013174920431719408,0.03216652847108898,0.030454430062339877,0.002587207552694959,0.05420875108051488,0.02100112626996403,4
LFQ intensity D4_8,0.0,0.0,0.0,0.009438103548983919,0.004642011260539537,0.0,0.01669575644374934,0.0,0.011486125188225251,5.278197688767552e-19,0.002781238063775803,0.0,0.004642011260539535,0.01865537639513238,0.0,0.0013098446080640732,0.043080900926562145,0.0070127581814601195,0.0,0.0,0.006267245265777633,0.0,0.0,0.010638171424975898,0.0,0.012692347258105,0.004231726830020553,0.0,0.0,0.015442228289647312,0.0,0.0,0.013383306108128691,0.0009789403653419919,0.006512739528779517,0.028766976270344233,0.0,0.0,0.006400669198549117,0.008622361776829218,0.06112950248235543,0.0,0.0,0.014034948754985607,0.0,0.0,0.018914230331668645,0.0023105834938232216,0.024085345873228345,0.05369823917828733,0.0,0.0,0.0,0.0,0.0,0.0,0.010140296909516008,0.024808423057416734,9.314466509589799e-20,0.000486529448152174,0.0004865294481521736,0.0,0.0,5.278197688767552e-19,0.0,0.0,0.0,0.0,0.0,0.0,0.018787742991293818,0.0,0.009437913332588485,0.0,0.0,0.0,0.015805975201489634,0.009438103548983912,3.1048221698632664e-20,0.00017690710577671656,9.314466509589799e-20,5.278197688767552e-19,0.016776275837532273,0.0,0.01677627583753227,0.021778723958488386,0.0,0.0,0.008534459598316722,0.0,0.0,0.0001914805049617397,0.010428679292457612,0.0053706231467115844,0.03579056883203079,0.018789604983723156,0.003969152082893075,0.0,0.0,0.0,0.00785189977898677,0.0,0.009240313329919222,0.03686218254851721,0.02624688539373639,0.02604886555346403,0.004241687324236502,0.020515638383739272,0.0012537743636913375,0.0,0.0,0.0,0.010759401786464907,0.0,0.0,0.0,0.0,0.0,0.012358534008020805,0.010752934367540745,0.0,0.0,0.04920458356732064,0.010955893365636812,0.032088038225169896,0.025013035317570886,0.0,0.05304726674121745,0.027731112518870088,4
LFQ intensity D4_9,0.0,0.0,5.645335032476687e-20,0.007004336533325377,0.003226973279613504,0.0,0.01769981905797375,0.0,0.007226966787281778,2.8226675162383436e-20,0.007364714491013935,0.0,0.003226973279613503,0.021896934105704816,0.0,0.0017047733250140289,0.04156876286491229,0.013993425333603525,0.0,0.0,0.007510268171914459,0.0,0.004793823417359291,0.00967141410059464,0.003128345340789392,0.010889396495965814,0.0,0.0,0.0,0.022535446640829637,0.0,0.0,0.021173631894512542,0.0,0.012085938593521955,0.025091770577302094,0.0,0.0,0.004951480221213298,0.007222371499082651,0.0557791955937066,0.0,0.0,0.012369450090673332,0.0,0.0,0.018829006884857478,0.0,0.021367771440364114,0.052479218135269214,0.0,0.0,0.0,0.0,0.009720742693686571,0.0,0.015337936859294408,0.029710261209631803,5.645335032476687e-20,0.0018523110512632581,0.0018523110512632575,0.0,0.0,0.0,0.0,0.0,0.0,0.0,0.0,0.0,0.018438241625555216,0.0,0.007004195367291246,0.0,0.0,0.0,0.011918192443187488,0.007004336533325366,2.8226675162383436e-20,0.006898564150972192,1.6936005097430064e-19,2.8226675162383436e-20,0.01550050104958797,0.0,0.015500501049587967,0.019458965186279133,0.0,0.0,0.009205304253460798,0.0,0.0,0.0,0.0029475590284025422,0.006351863089119946,0.028896062323591903,0.009640049908958623,0.0002830839558170714,0.005996026544993317,0.0,0.0,0.008799723282740358,0.0,0.012188228935372929,0.03520203171234403,0.02765985571546932,0.024867120982307853,0.002988028575420168,0.015846894170579204,0.003279299613403046,0.0,0.0,0.017965699440996016,0.0,0.0,0.0,0.0,0.004029632917419428,0.0,0.011028355380639888,0.009511113762124216,0.0,0.0,0.035916233243018764,0.019270869459758967,0.03230120560492598,0.026913116988656324,0.0,0.04744584480522413,0.026477527878316268,4
LFQ intensity D5_1,0.0,0.0,0.01696598529639116,0.0072343192231713056,0.0016014491612982506,0.0001997141940835597,0.017902071195919474,2.782238100414066e-20,0.005405894567112006,2.782238100414066e-20,0.005725311525309908,0.0,0.0016014491612982506,0.021811006225657553,0.0,0.0007820648588678884,0.04378301190734702,0.005772880172802804,0.0,0.0,0.005884954698681393,0.0,0.0034248469820094495,0.00953288924067674,0.0005670317410629533,0.014132426953720958,0.0023746434365261135,0.0,0.0,0.013590209051471834,0.0,0.0,0.011662668744040707,0.0,0.008230905600377415,0.022460340880388865,0.0,0.0,0.001925824818671853,0.005312650945485766,0.05545087720850276,0.005034199541132122,0.0,0.011687328164188535,0.0,2.782238100414066e-20,0.006747217510814141,0.01347147014845756,0.021061718208153512,0.03885138423659451,0.0,0.0,0.0,0.0,0.01449266011965267,0.0,0.012597232709847106,0.030888354041670972,0.0,0.0006020906954619794,0.0006020906954619796,0.0,0.0,0.0,0.0,0.0,0.0,0.0,0.0,0.0,0.011204688295533281,0.0,0.007234173422045176,0.0,0.0,0.0,0.009624785488223982,0.007234319223171299,0.0,0.007125073875621598,0.0,2.782238100414066e-20,0.019551185805896227,0.0,0.019551185805896223,0.025036331159971083,0.0,0.0,0.005347380916034995,0.0,0.0,0.0,0.000534263115382005,0.0006974451367067054,0.03137060810265082,0.018124464937760067,0.0,0.009663178008290592,0.0,0.0,0.016319620429095863,0.0,0.011388296166774439,0.033481752940379673,0.03073165709803506,0.02837497539618009,0.0,0.024869680241115983,0.009366484969860091,0.0,0.0,0.034502611049343226,0.0,0.0,0.0,0.0,0.0033521804069673576,0.0,0.016415420872098466,0.0,0.0,0.0,0.023451009903570748,0.009365736211337041,0.037207204956737044,0.02884446153409699,0.0,0.053668860602677455,0.026989790066235395,5
LFQ intensity D5_10,0.0,0.0,0.011015836884496064,0.0074558056261578515,0.0016637265033447365,6.610679534810539e-05,0.016377763085762168,0.0,0.005669481592416309,9.675799827306641e-20,0.010963765876598494,0.0,0.0016637265033447356,0.02023631475259676,9.675799827306641e-20,0.0019146738115644805,0.04034383784256244,0.019433084896278412,0.0,0.0,0.008741944212849713,0.0,0.00961470723450803,0.009472161284722128,0.0003390068904335578,0.014042398277219058,0.005259558492719595,0.0,0.0,0.009304534774605903,0.0,0.0,0.011588373321538694,0.0,0.008928109352077933,0.02107110120830118,0.0,0.0,0.0019135566173100313,0.005665876635783237,0.05857055269550475,0.0006701087811129186,0.0,0.01574834360704005,0.0,9.675799827306641e-20,0.010197460084545341,0.0,0.020927547437531783,0.04231211896371369,0.0,0.0,0.0,0.0,0.019719024065660458,0.0,0.008608190813051805,0.03761173791284652,0.0,0.00010765855337138023,0.00010765855337138003,0.012713167891585527,0.0,0.0,0.0,0.0,0.0,0.0,0.0,0.0,0.007091378554882007,0.0,0.007455655361174653,2.62628852455466e-19,0.0,0.0,0.014689334747968266,0.007455805626157846,1.9351599654613282e-19,0.007343215615713765,2.62628852455466e-19,0.0,0.01863599112835266,0.0,0.018635991128352656,0.01813375132071775,0.0,0.0,0.0056081148632713485,0.00017373532583637904,0.0,0.0,0.0003194157651200876,0.0,0.029500531360997062,0.018195855742267873,0.0011979641020704638,0.006786070721116961,0.0,0.0,0.01658019316259089,0.0,0.013453024407943001,0.03693442044649307,0.029257529876906798,0.021614115941651944,0.0,0.023559367343541384,0.006384669623043262,0.0,0.0,0.030548690572527917,0.0,0.0,0.003370158866074742,0.0,0.0020561840546970546,0.0,0.01783829308667494,0.005674297771309816,0.0,0.0,0.024311096842425065,0.006654159470003769,0.03274967637660237,0.027381380966515927,0.0,0.04974865559862454,0.020622252396498564,5
LFQ intensity D5_11,0.0,0.0,0.015712521243383133,0.007992253179026104,0.002752917068767169,0.00030941897280283937,0.018694024822791113,2.9549785662550818e-19,0.005977589152002641,2.9549785662550818e-19,0.0008986533851445045,0.0,0.0027529170687671683,0.022225380146592498,2.9549785662550818e-19,0.005400588684779867,0.0440358566855161,0.0,0.0,0.0,0.006487938366056822,0.0,0.0,0.010124756531977306,0.0007895556300148695,0.015009865162581145,0.004150198913331286,0.0,0.0,0.020008128169742505,0.0,0.0,0.01238676738660305,0.0,0.00837923602611983,0.02256385188561754,0.0012078178685584026,0.0,0.0020453932611628335,0.005973788284266848,0.05347212622338852,0.0,0.0,0.014104503221143238,0.0,2.9549785662550818e-19,0.010983963100826572,0.0,0.02560613682534401,0.04700868873311086,0.0,0.0,0.0,0.0,0.021722470022736143,0.0,0.01614404329468141,0.035984861989118586,3.841472136131606e-19,0.003987050699315868,0.003987050699315869,0.0,0.0,0.0,0.0,0.0,0.0,0.0,0.0,0.0,0.015977367444846697,0.0,0.007992092102430239,0.0,0.0,0.0,0.008818302689942475,0.007992253179026092,2.9549785662550816e-20,0.007871562282023462,0.0,0.0,0.019963312424983958,0.0,0.01996331242498395,0.019066336665449064,0.0,0.0,0.005678892716827699,0.005307330141557515,0.0,0.0,0.0007439274031968399,0.0,0.03076109351607318,0.01722312321997574,0.0,0.010922772368588178,0.0,0.0,0.007861970059495156,0.0,0.007716518630150937,0.03668030129277769,0.021100936468967203,0.023742736818281287,0.0,0.024721397875433832,0.011604905996969306,0.0,0.0,0.017538683253838862,0.0,0.0,0.0,0.0,0.0,0.0,0.0192911028293599,0.0,0.0,0.0,0.03522583005043649,0.004917518604475955,0.03490042492396932,0.03196915642356503,0.0,0.050703781392569376,0.024862744095218003,5
LFQ intensity D5_12,0.0,0.0,0.0,0.007829081277734976,0.0034348807635079426,0.0004368351333235346,0.01754865726118096,2.1622958562860447e-19,0.007115649622679233,2.1622958562860447e-19,0.0018317024207567328,0.0,0.0034348807635079426,0.021345792894257615,2.1622958562860447e-19,0.004382809149272614,0.048320167888806956,0.0,0.0,0.0,0.009539129608614673,0.0,0.01271691260385095,0.010583939034282926,0.0,0.015690599303975653,0.0031718999770963974,0.0,0.0,0.015883737213161934,0.0,0.0,0.013802206964898207,0.0,0.006014338000667402,0.024843733084681012,0.00047380703070636684,0.0,0.0021381568543310733,0.004322510517054129,0.05337179318162738,0.0,0.0,0.015151021683065825,0.0,2.1622958562860447e-19,0.004603074977410553,0.006188402378471008,0.020764351067991158,0.04642940561491627,0.0,0.0,0.0,0.0,0.015329326392961485,0.0,0.014888075581778938,0.031137378441378573,0.0,8.998906558503443e-05,8.998906558503444e-05,0.0,0.0,0.0,0.0,0.0,0.0,0.0,0.0,0.0,0.012924689542215808,0.0,0.00782892348972042,1.5444970402043176e-19,0.0,0.0,0.00989917677061821,0.007829081277734969,0.0,0.007710854437199432,1.5444970402043176e-19,0.0,0.02083090079940341,0.0,0.020830900799403407,0.024577181693707154,0.0,3.7067928964903623e-19,0.007038629504354925,0.0009363275832403454,0.0,0.0,0.0,0.0029174209876306804,0.034824685675436264,0.018471297222991487,0.0014738481613863973,0.00833632036235471,0.0,0.0,0.004933083406781681,0.0,0.012629575169255189,0.04202717902083634,0.03257960542574636,0.023438454576565095,0.0,0.02698882593203768,0.00789850765496507,0.0,0.0,0.0,0.0,0.0,0.0010965646471958902,0.0,0.0,0.0,0.017349438899965184,0.021967613749267072,0.0,0.0,0.022614850044390133,0.009746737789018403,0.044802031398644485,0.02157799755453668,0.0,0.05974818637008572,0.021266875234190945,5
LFQ intensity D5_2,0.0,0.0,2.510877107251532e-19,0.009141354798093677,0.0016625639201067078,2.953973067354744e-20,0.019878656766514343,2.510877107251532e-19,0.005369164807503258,2.510877107251532e-19,0.003809763700334282,0.0,0.001662563920106707,0.021760821222409053,0.0,0.0,0.046914698338897255,0.00973929207426255,0.0,0.0,0.007458094338752049,0.0,0.0,0.010121311352484178,1.476986533677372e-20,0.0023171042074263655,0.0,0.0,0.0,0.024528824444096507,0.0,0.0,0.01800848309109428,0.0,0.006371086343019119,0.02026018968272575,0.0,0.0,0.00821207481362077,0.00535677993416569,0.058801804425859874,0.0,2.0677811471483204e-19,0.012993255486445532,0.0,0.001978926023810095,0.005677736157871027,0.011083659161539887,0.02936107039873713,0.04237902429245337,0.0,0.0,0.0,0.0,0.005617099562749152,0.0,0.013967865200769713,0.031800982022189846,0.0,0.0008680375587527633,0.0008680375587527641,0.0,0.0,0.004120346356134643,0.0,0.0,0.0,0.0,0.0,0.0,0.013239197241231657,0.0,0.009141170562399504,0.0,0.0,0.0,0.007266651112815084,0.009141354798093672,0.0,0.0011669612105797158,1.624685187045109e-19,0.0,0.020846364554194446,0.0,0.020846364554194443,0.023819790836235366,0.0,0.0,0.005311048721031182,0.0,0.0,0.0,1.476986533677372e-20,0.0,0.03077240370033301,0.02000802728421205,0.0,0.007531390677118172,0.0,0.0,0.0166601312990169,0.0,0.009374261749498162,0.03927697541773461,0.027868575029301186,0.027598686783097556,7.738139847064089e-07,0.022802407101952436,0.006853658956626481,0.0,0.0,0.02734338761686562,0.005816861283800079,0.0,0.0056328726191394,0.0,0.0,0.0,0.019701063577692416,0.0,0.0,0.0,0.02908829921366685,0.0,0.03373571006452293,0.030942963704570968,0.0,0.05952826327427055,0.02659371128014262,5
LFQ intensity D5_3,0.0,0.0,0.015816572490192696,0.003329112595110866,0.0027968237489610984,0.0004070567886033246,0.017152649612829547,0.0,0.007427459009996701,2.937704750898447e-19,0.0016318981217744927,0.0,0.0027968237489610984,0.020424836653880854,2.937704750898447e-19,0.0012022011826046677,0.048917813953723834,0.010581392265172452,0.0,0.0,0.008022546292673804,0.0,0.021433465788802418,0.010065570595110797,2.3501638007187575e-19,0.0026629487863864152,0.004079100744302114,0.0,0.0006405975026424999,0.009630347077913059,0.0,0.0028771540228462286,0.012314358491613019,0.0,0.007497799151373687,0.021855188459674615,0.0,0.0,0.008645815656119611,0.007206816781236561,0.06123915584366512,0.0,0.0,0.012743839273182959,0.0,2.937704750898447e-19,0.0019405430054005904,0.0134694695940329,0.026367583627925083,0.040604839469342284,0.0,0.0,0.0,0.0,0.02077101911355427,0.0,0.009668304075684706,0.02620217973627168,0.0,0.0008713516061815624,0.0008713516061815619,0.0,0.0,0.0033045060068750175,0.0,0.0,0.0,0.0,0.0,0.0,0.014012425988852176,0.0,0.003329045499873508,8.81311425269534e-20,0.0,0.0,0.011746143803389671,0.003329112595110864,2.937704750898447e-19,0.0032788397150698358,8.81311425269534e-20,0.0,0.019465837194879883,0.0,0.01946583719487988,0.018884318335300417,0.0,0.0,0.00676885460720295,0.0005907903602466038,0.0,0.0,0.0,0.0,0.031097855644136092,0.016865432815488177,0.0,0.010923900337621103,0.0,0.0,0.0,0.0,0.01009534517800098,0.035937871129900746,0.02958535448474677,0.02770901141454458,0.0,0.023192468644270697,0.007785125348386834,0.0,0.0,0.031079299594733472,0.0,0.0,0.002792050631486124,0.0,0.00038952236707178676,0.0,0.01899679502730248,0.0,0.0,0.0,0.026776784960043404,0.004431370518329043,0.037462522461990215,0.031231963825772077,0.0,0.05727324122249255,0.028032386618072846,5
LFQ intensity D5_4,0.0,0.0,0.017547596275970568,0.0068030289915665815,0.0028840496233702856,0.00030109059693869537,0.0181537472549204,0.0,0.006095536431706377,0.0,0.005622724693515461,0.0,0.0028840496233702856,0.022611110292252243,0.0,0.002313871881233803,0.039008657795064426,0.014372961767057392,0.0,0.0,0.007935115798755483,0.0,0.008680756415922067,0.009238537791260507,0.0019027819920928342,0.0010089021341889966,0.009090527008034728,0.0,0.0,0.017499489291532062,0.0,0.0,0.014126503822266247,0.002929464784802235,0.007817565030830077,0.01621703367068366,0.0,0.0,0.00519267857881071,0.0036575269921336317,0.052501506573442866,0.007887004951114126,0.0,0.013731110820075738,0.0,0.0,0.008163101728921707,0.011326087324860918,0.020411385751198823,0.037778358847201286,0.0,0.0,0.0,0.0,0.02451534424480973,0.0,0.012298333036935756,0.03305970756674593,0.0,0.0012087544537438958,0.0012087544537438954,0.0013517286404679946,0.0,0.006699048184339329,0.0,0.0,0.0,0.0,0.0,0.0,0.013141434397279961,0.0,0.0064147161700515015,0.0,0.0,0.0,0.011679350880662602,0.006803028991566575,0.0,0.006700296551422943,1.2133483389670609e-19,0.0,0.01866279275072725,0.0,0.018662792750727245,0.017627671611187726,0.0,0.0,0.006029558065413041,0.0007074163508031822,0.0,0.0,0.0017928206859859543,0.0007426724523182133,0.027666762370825927,0.016429903695129134,0.0013419135899909878,0.003535162147055196,0.0,0.0,0.020874632234894778,0.0,0.014117181251567124,0.03456267584012212,0.027763246373255043,0.022370120407296867,0.0,0.024075473291154392,0.007862720724037733,0.0,0.0,0.03343725790040663,0.0,0.0,0.0,0.0,0.0,0.0,0.015845914841777595,0.0,0.0,0.0,0.024381722468079254,0.005107069184903061,0.03481649679958135,0.029103120317757712,0.0,0.05151879856750413,0.020189741220632853,5
LFQ intensity D5_5,0.0,0.0,0.015919683919028767,0.007033913576028419,0.0026840840062366893,0.000307890314041576,0.01957060509724767,0.0,0.005021438184819244,2.9531421541507614e-20,0.0036813095876473824,0.0,0.0026840840062366893,0.022520490395356023,0.0,0.004868381397048511,0.04248324465211538,0.01065206059868461,0.0,0.0,0.0063116350174771,0.0,0.012157631158721849,0.01011846436266652,0.0,0.015067611438212013,0.0,0.0,0.0,0.013297447690398308,0.0,0.0,0.01237906945951082,0.0,0.005490428897613675,0.023709645382464895,0.0,0.0,0.002133709155360219,0.0050182452885029144,0.0592112864490101,0.01269457600005803,0.0,0.014416584623597302,0.0,0.0,0.0066810089356717055,0.012166876453579658,0.022355472693040234,0.04106860950488841,0.0,0.0,0.0,0.0,0.019958549459537404,0.0,0.013152044128956483,0.03351312404947458,5.020341662056295e-19,5.229397165252598e-05,5.2293971652525565e-05,0.0,0.0,0.009064274636173753,0.0,0.0,0.0,0.0,0.0,0.0,0.011429549529024929,0.0,0.007033771813895886,0.0,0.0,0.0,0.011387454928758478,0.007033913576028413,3.543770584980914e-19,0.006927694551190998,5.610970092886447e-19,2.9531421541507614e-20,0.018093776331094335,0.0,0.01809377633109433,0.019072263994557782,0.0,0.0,0.004967085907281532,0.0,0.0,0.0,2.362513723320609e-19,0.0,0.03227944935041278,0.018903765189103656,0.0,0.0028251043772553517,0.0,0.0,0.011513645367616837,0.0,0.010868962099238336,0.04587955881291543,0.028363921238816796,0.020777755410897866,0.0,0.023425274404597893,0.007667287412282927,0.0,0.0,0.005193436419414531,0.0,0.0,0.0,0.0,0.0,0.0,0.016672834575058464,0.0005346040622293399,0.0,0.0,0.03961307609511266,0.014139315642881406,0.04753839468692841,0.008751523514852743,0.0007028358847627709,0.053197262534407236,0.019614637495576008,5
LFQ intensity D5_6,0.0,0.0,0.019761902953084973,0.009051113153039985,0.0046562525165884565,0.00030078652517483997,0.017921363889009792,0.0,0.004526657879870596,1.758181781168891e-19,0.006933645633448052,0.0,0.004656252516588456,0.023895270206960563,1.758181781168891e-19,0.001874463195526707,0.04166014656774057,0.015603208525880045,0.0,0.0,0.008226174563595735,0.0,0.012063605751471697,0.010040209584245861,0.0007139488210897986,0.0033232533999714444,0.000686314058105636,0.0,0.0,0.007240750097032187,0.0,0.0,0.012283331479627025,0.0,0.002275051433452096,0.014527792918132753,0.0,0.0,0.009514920887218925,0.0045237795910740486,0.06363459318907629,0.0,0.0,0.01412651563519468,0.0,1.758181781168891e-19,0.009288133466342498,0.009697897638739381,0.022182578615502373,0.03962726085057394,0.0,0.0,0.0,0.0,0.022877844239093354,0.0,0.010608895614222569,0.0392066587141655,4.1024241560607454e-19,0.0,0.0,0.0,0.0,0.00463507701952884,0.0,0.0,0.0,0.0,0.0,0.0,0.007052159310987222,0.0,0.009050930736084114,0.0,0.0,0.0,0.01255491370656342,0.009051113153039978,0.0,0.0003083128080457249,0.0,0.0,0.018960093855755367,0.0,0.018960093855755367,0.020253932741666942,0.0,0.0,0.00447766112707798,0.0,0.0,0.0,0.0006726898932742418,0.0,0.032495687027062264,0.018707470481061955,0.0,0.009209068871494308,0.0,0.0,0.023313125393648486,0.0,0.01196057713247661,0.03992281529161264,0.030222785413778975,0.025629160737282008,0.0,0.024803139235815643,0.007404571235773185,0.0,0.0,0.0,0.0,0.0,0.0,0.0,0.0,0.0,0.013609247469233558,0.010567229606367181,0.0,0.0,0.03150001652811239,0.012004203133965104,0.039467619287416524,0.015650353350435457,0.0,0.05540765139091399,0.024637726094929726,5
LFQ intensity D5_7,0.0,0.0,0.011864618537237614,0.007262141049084289,0.0030216037636715937,9.815476424385369e-05,0.01877328561853054,1.444878992387975e-20,0.006761325957602277,1.444878992387975e-20,0.00387002225415812,0.0,0.003021603763671593,0.021347905184203143,1.444878992387975e-20,0.001514203878949108,0.04613359060061426,0.00798651748741139,0.0,0.0,0.007275246838079708,0.0,0.0035572005542677037,0.00990128874920179,0.0,0.011033115264293155,0.0,0.0,0.0,0.020291758271520896,0.0,0.0,0.009956391509998693,0.0,0.006829390045040345,0.02721943718835597,0.0,0.0,0.005383011834392091,0.006757026748501426,0.058638119316109114,0.012373007844545394,0.0,0.01352236144564875,0.0,1.444878992387975e-20,0.0034395693562971003,0.017211889420801194,0.023852593728667548,0.0439976587173364,0.0,0.0,0.0,0.0,0.011243317081937883,0.0,0.012061618082703087,0.03295504694620196,7.224394961939875e-20,0.001632699840638663,0.0016326998406386629,0.0,0.0,1.444878992387975e-20,0.0,0.0,0.0,0.0,0.0,0.0,0.014484371944215412,0.0,0.007261994687234553,3.178733783253545e-19,0.0,0.0,0.012313091178665714,0.007262141049084282,1.444878992387975e-20,0.007152475564553121,3.178733783253545e-19,1.444878992387975e-20,0.020776032929536607,0.0,0.020776032929536604,0.024576688581649565,0.0,0.0,0.0064780428240299075,0.0006384159743450705,0.0,0.003897040817086269,0.0,0.0,0.030437982764795573,0.018893725546527233,0.0016210384980528782,0.007364927328394724,0.0,0.0,0.0,0.0,0.010438494929898219,0.036550298210293354,0.02963384560418283,0.02601712381329819,0.0,0.023790240352305782,0.005929136062283178,0.0,0.0,0.0,0.0,0.0,0.0,0.0,0.0,0.0,0.019885170221575477,0.011926485356087995,0.0,0.0,0.02794891807062567,0.004145008358672203,0.03516448723389693,0.03242958562634949,0.0,0.052237964113245196,0.027549817945022717,5
LFQ intensity D5_8,0.0,0.0,0.015710684323984148,0.007280281520539667,0.0022657695081844133,0.00022458994917024262,0.01841991623173559,0.0,0.006682937993301351,2.3041361327400166e-19,0.0039580986773555355,0.0,0.0022657695081844125,0.020441999616388738,2.3041361327400166e-19,0.002686957919724006,0.04731188661043597,0.007975144224913031,0.0,0.0,0.0017318472600060546,0.0,0.0035453982529295223,0.009868437637303072,2.3041361327400166e-19,0.014629874588434396,0.001417625077068242,0.0,0.0,0.016908588461500163,0.0,0.0,0.012073183300398782,0.0,0.007099120816839393,0.01654608872185234,0.0,0.0,0.0019936119725738628,0.006678688627419365,0.06069585470343225,0.0,0.0,0.013777966939147152,0.0,2.3041361327400166e-19,0.005431504558804048,0.006600224865150588,0.03234701490092415,0.04063032651920959,0.0,0.0,0.0,0.0,0.016738065527342683,0.0,0.015488714696375867,0.028987791761198683,2.0161191161475147e-19,0.002048762281704528,0.0020487622817045286,0.0,0.0,0.0,0.0,0.0,0.0,0.0,0.0,0.0,0.01844264063206838,0.0,0.007280134793085222,0.0,0.0,0.0,0.014246763646810013,0.0072802815205396595,7.200425414812553e-20,0.007170342097017454,0.0,0.0,0.020767837594451072,0.0,0.02076783759445107,0.027972986022209906,0.0,0.0,0.0066106015655270625,0.0009189695223457206,0.0,0.0,2.1601276244437658e-19,0.0,0.03087591310506041,0.018545162673491957,0.0,0.0036855630636741005,0.0,0.0,0.01239375124020377,0.0,0.01045420883076798,0.03513622619790583,0.029381759746323618,0.025696508317457893,0.0,0.024475839202338156,0.005987953151920068,0.0,0.0,0.01988969646668355,0.0,0.0,0.0,0.0,0.0,0.0,0.018366337070968422,0.0,0.0,0.0,0.033268745775437494,0.006610332281875556,0.034860654708641504,0.030948691075116296,0.0,0.04988433145488155,0.025568440813509934,5
LFQ intensity D5_9,0.0,0.0007232868982312584,0.01849867550618855,0.008652129685729239,0.0031406584665686402,0.00035683681035001064,0.015990591425554975,0.0,0.0058519789881520375,2.954928606343189e-19,0.004597971790315003,0.0,0.0031406584665686394,0.02201540627723639,2.954928606343189e-19,0.0017297740866940264,0.04140930895637125,0.006203442044462621,0.0,0.0,0.010021252234091893,0.0,0.012164985707099316,0.010124585352412742,0.00041525217521274775,0.004316503448719939,0.005165628504131581,0.0,0.0,0.010913652814981672,0.0,0.0,0.003925052796851579,0.0,0.005005947583002172,0.014971604267036944,0.0,0.0,0.010884202656290615,0.005848257990010307,0.0640074145981404,0.0,0.0,0.016902015321357326,0.0,0.0,0.021747798197782185,0.0,0.02236899624900895,0.048872837967505994,0.0,0.0,0.0,0.0,0.019407571857023444,0.0,0.015616111861813204,0.031588819813682924,1.7729571638059135e-19,0.0014449813546203122,0.0014449813546203122,0.0,0.0,0.0,0.0,0.0,0.0,0.0,0.0,0.0,0.013304041656576455,0.0,0.008651955309922379,1.4774643031715946e-19,0.0,0.0,0.012193409613989056,0.008652129685729232,5.909857212686378e-20,0.008521474003362447,1.4774643031715946e-19,2.954928606343189e-19,0.020518130372337427,0.0,0.020518130372337424,0.024601201419173106,0.0,0.0,0.00578863689881387,0.0,0.0,0.0,0.0003912548535332984,0.0,0.031170114715633135,0.020340175663190428,0.0013802215830534348,0.010983994522686613,0.0,0.0,0.013480633659072715,0.0,0.015235749050401969,0.03953806811703264,0.02988820776180081,0.02370356387471945,0.0,0.02327785242416858,0.00699430645947307,0.0,0.0,0.0,0.005818742898026178,0.0,0.00015731653668025623,0.0,0.0,0.0,0.018304551112510364,0.0,0.0,0.0,0.02661429097345311,0.003556434916571355,0.03851637763977774,0.02266410114048591,0.0,0.05220154442382256,0.023564214833845763,5
LFQ intensity D6_1,0.003228189248880549,0.0,0.013244346232331285,0.007079586848514207,0.0040818889073343636,0.0009021282888311373,0.01606638143583388,2.734139113030902e-19,0.005677760438539812,2.734139113030902e-19,0.002900823428944165,0.0,0.0040818889073343636,0.021903193062017177,0.0,0.00368767099939624,0.04389822043535009,0.007432321921114659,0.0,0.0,0.009934300530891876,0.0,0.006108948176019891,0.009861142982333737,0.0,0.014619060324688748,0.007962028086385221,0.0,0.0,0.01568307242410435,0.0,0.0,0.013521739962555164,0.0,0.006818430388836173,0.025522879318035728,0.0,0.0,0.001992138313620221,0.005674150217777952,0.05014702489215695,0.0,0.0,0.01573099126418787,0.0,0.0,0.003869771937544691,0.008092370128850713,0.02178695351016998,0.04089456063109475,0.0,0.0,0.0,0.0,0.02004767551054169,0.0,0.012769838614987443,0.031050686168768982,0.0,0.0006713825236308783,0.0006713825236308778,0.0,0.0,0.0,0.0,0.0,0.0,0.0,0.0,0.0,0.014399569983753416,0.0,0.007079444165878398,0.0,0.0,0.0,0.014933511449040723,0.007079586848514205,0.0,0.006972678112264765,1.8707267615474592e-19,0.0,0.020565167443157752,0.0,0.020565167443157756,0.023212065994659713,0.0,0.0,0.005616304098784179,0.0,0.0,0.0,0.0,0.0,0.032653878511205374,0.023265817457754287,0.0023671148900710833,0.00837104420140423,0.0,0.0,0.017305154490454718,0.0,0.01263239366230214,0.037165097346295126,0.031436816148364535,0.021000020615109638,0.0,0.0253236389692633,0.009277252688194508,0.0,0.0,0.0,0.0,0.0,0.0040966836229170515,0.0,0.0,0.0,0.01807012861989134,0.010415531180772701,0.0,0.0,0.02363587343684698,0.006230801459955071,0.03666923485929809,0.030835192059439295,0.0,0.05024353467985338,0.02096636697616041,6
LFQ intensity D6_10,0.0008907298548822642,0.0007203342247408455,0.0,0.006577937200315077,0.003346112180955627,0.0007744087261685182,0.015510804105699582,2.417345130193707e-19,0.005054744221928465,2.417345130193707e-19,0.0032339631200170287,0.0,0.003346112180955627,0.02236520347079301,2.417345130193707e-19,0.0012884349012750895,0.04816170434988451,0.0,0.0,0.0,0.010184913379354016,0.0,0.012439796724194187,0.009867772475138016,1.2086725650968536e-19,0.015451177015095366,0.0,0.0,0.0,0.012098640963209083,0.0,0.0,0.001021407564092298,0.0,0.009697414818736401,0.022189556459064397,0.0003783794838879601,0.0,0.002228458268926553,0.005051530147869967,0.05193380669804642,0.0,0.0,0.015800790377663895,0.0,0.0,0.009690111063467862,0.009763823043747923,0.0228743192110404,0.03875424114953612,0.0,0.0,0.0,0.0,0.023329961541698075,0.0,0.016508463413954958,0.02945739082587097,6.043362825484268e-20,0.00022649159537637537,0.0002264915953763759,0.0,0.0,0.0,0.0,0.0,0.0,0.0,0.0,0.0,0.014040516500585652,0.0,0.0065778046279718,0.0,0.0,0.0,0.015356405097653757,0.00657793720031507,6.043362825484268e-20,0.01535309635823589,0.0,0.0,0.02181359614041728,0.0,0.021813596140417276,0.019905642649601957,0.0,1.2086725650968536e-19,0.005000031438315399,0.0,0.0,0.0,4.2303539778389877e-19,0.0,0.033241129222039104,0.023377062124649264,0.0023176363498400208,0.005681458153538465,0.0,0.0,0.021357414511876952,0.0,0.013354882215282313,0.03772743793624561,0.03378913876636555,0.0217828296381805,0.0,0.020089755821493825,0.005455163775828544,0.0,0.0,0.014703007971377061,0.0,0.0,0.0,0.0,0.0,0.0,0.020885064824254215,0.0,0.0,0.0,0.03194063962344943,0.01311110834953135,0.04103184663702356,0.031033143881321563,0.0,0.050247409789025414,0.021989817902199997,6
LFQ intensity D6_11,0.0040334174907731505,0.0,1.7602686336917824e-19,0.00957605008519197,0.0011673200987812823,0.000970948582083458,0.016806641340075357,0.0,0.006037701135330118,0.0,0.0033019978502415175,0.0,0.0011673200987812823,0.020810482666771966,0.0,0.005199484004245795,0.043099309877568215,0.0014216735568301374,0.0,0.0,0.007644779974750914,0.0,0.0,0.010052126689135502,1.4668905280764854e-20,0.0020163404697950784,0.0041504080107965845,0.0,0.0,0.011618140292608041,0.0,0.0,0.014799621054353437,0.0,0.007111891213940787,0.018841428933659397,0.0,0.0,0.00777538422016193,0.006033862045211994,0.0580317857979237,0.0,0.0,0.014980865923089573,0.0,0.0,0.010752864311557744,0.0,0.02454649250485589,0.04503152655016416,0.0,0.0,0.0,0.0,0.01887848421020649,0.0,0.013365467819858371,0.03339820603196265,1.7602686336917824e-19,0.0008878191342518706,0.0008878191342518704,0.0,0.0,0.0,0.0,0.0,0.0,0.0,0.0,0.0,0.012236047040548054,0.0,0.009575857088609531,0.0,0.0,0.0,0.012740004138711054,0.009576050085191965,5.867562112305942e-20,0.0008151077461384862,0.0,0.0,0.022334142688587598,0.0,0.022334142688587598,0.02169649736550608,0.0,0.0,0.005972348780941024,0.00020441860895805127,0.0,0.0,0.0,0.0,0.03234897887435412,0.02098321946343148,0.0028114613460127388,0.006546665121762227,0.0,0.0,0.018304803265818244,0.0,0.011422576128912029,0.03802652195199949,0.03192490424674126,0.022043764134974147,0.0,0.02670117360981718,0.008386333977547174,0.0,0.0,0.032654650523687406,0.0,0.0,0.0,0.0,0.007267653890920355,0.0,0.0203712234549796,0.0,0.0,0.0,0.027588025108017472,0.009590626414369965,0.03656094158539211,0.03068322975012673,0.0,0.04998474129801757,0.023916228512129097,6
LFQ intensity D6_12,0.00647445824990114,0.0,0.01752704653301507,0.007636838243867521,0.002436533301690886,0.0011444051052833947,0.016414866138335794,0.0,0.00634565217807349,2.8059804195275846e-19,0.013231257992159432,0.0,0.002436533301690886,0.023967088629698395,2.8059804195275846e-19,0.0,0.0389454890171915,0.01897976087749302,0.0,0.0,0.007944114978655641,0.0,0.012159777868879227,0.004535843857786288,0.0002861018234209554,0.015003185766029296,0.005705976729631284,0.0,0.0,0.005638835774370949,0.0,0.0,0.012381255269706973,0.0,0.0073657811461400055,0.021621325253155518,0.002463955271382569,0.0,0.0020444830602684345,0.006341617276374346,0.05064696586140382,0.0,0.0,0.015015743165540699,0.0,0.0,0.007925753092427523,0.0,0.022359420067300646,0.047135982421739164,0.0,0.0,0.0,0.0,0.028082083514917238,0.0,0.007793569955121084,0.026459200704284994,2.9536635995027206e-19,0.0005739829876597589,0.0005739829876597588,0.0027693813581126376,0.0,0.0,0.0,0.0,0.0,0.0,0.0,0.0,0.014958133821006324,0.0,0.0072114616666284935,2.2152476996270403e-19,0.0,0.0,0.018489023341759968,0.00763683824386751,5.907327199005441e-20,0.007521514462541972,2.2152476996270403e-19,2.8059804195275846e-19,0.020520025080667675,0.0,0.02052002508066767,0.0227362351282525,0.0,1.1814654398010882e-19,0.006276966547454133,0.0004596609117618204,0.0,0.0,0.00026956806899524455,0.0,0.03430885180810533,0.02486924830981799,0.0035714301115356336,0.00856175952684888,0.0,0.0,0.0012738112539958484,0.0,0.014569954449318502,0.043876425336475934,0.032594341874513516,0.022340840617685848,0.0,0.020661177493472935,0.005396805935927824,0.0,0.0,0.0,0.0,0.0,0.0,0.0,0.002715056903622031,0.0,0.020720342096186787,0.010912320153165029,0.0,0.0,0.02162408138234156,0.012368624239390195,0.04588623472941741,0.004177605692235464,0.0,0.05119275725513395,0.023410628716836728,6
LFQ intensity D6_2,0.003777331804207212,0.0,0.011329041351489684,0.009834904812573344,0.0022935237384026203,0.0009847156309303886,0.016634849309245345,0.0,0.006766471606585979,0.0,0.004731016700253708,0.0,0.0022935237384026194,0.024800828213204385,0.0,0.0,0.04519561474657713,0.0,0.0,0.0,0.008246306552392736,0.0,0.0,0.0076637850278564006,0.0,0.003839294763124334,0.00901562669340047,0.0,0.0,0.008226924803662805,0.0,0.0,0.012857144829376397,0.0,0.010075506365831136,0.01812865325568486,0.0020970454148749157,0.0,0.007836680885534212,0.006733842887788486,0.05331836954998594,0.0,0.0,0.01655899144399021,0.0,0.0,0.00449447830063398,0.011220039888152572,0.02321883329629085,0.0398746444538412,0.0,0.0,0.0,0.0,0.024384927089937735,0.0,0.013153427751659478,0.039137471675581716,0.0,0.0004034979268135028,0.00040349792681350225,0.0,0.0,0.0,0.0,0.0,0.0,0.0,0.0,0.0,0.013436205857588713,0.0,0.009834706599009233,1.2268765920359664e-19,0.0,0.0,0.01257803279274126,0.009834904812573339,0.0,0.0006782353011124886,1.2268765920359664e-19,0.0,0.023267452745097686,0.0,0.02326745274509768,0.020752092068174577,0.0,0.0,0.006693231007144951,0.000645515238881171,0.0,0.0,0.0,0.0014053987626691817,0.0351358719499959,0.0216018042819036,0.0037931864883190528,0.011401295565997125,0.0,0.0,0.019193623928127256,0.0,0.01062537298961456,0.0386998325739583,0.024192660243741837,0.023580810753572157,0.0,0.019789324358289916,0.0069450404530514405,0.0,0.0,0.0,0.0,0.0,0.0,0.0,0.0,0.0,0.02143771196695514,0.0,0.0,0.0,0.03763222745434058,0.005226641969256196,0.04198353721390133,0.030869526861171212,0.0012173647898419016,0.050891752070504614,0.023858373722267706,6
LFQ intensity D6_3,0.002405680007001023,0.0,0.015826909808166072,0.0064721615837965325,0.0012804446873575885,0.0014703500509565958,0.017338690666556515,0.0,0.006282976063219409,0.0,0.003996387817555108,0.0,0.0012804446873575885,0.019929839187751958,0.0,0.0037928607541813375,0.04379198511791075,0.0014479548081365698,0.0,0.0,0.007876406136494693,0.0,0.0,0.00857545091232733,0.0,0.014495309995141665,0.0055889318509247925,0.0,0.0,0.012618863543607235,0.0,0.0,0.01674878659319189,0.0,0.011952091478876456,0.0209016579618488,0.0,0.0,0.001975274864989564,0.003702799424106649,0.05690449055735628,0.0,0.0,0.01504302301125653,0.0,0.0,0.003786693679788268,0.0021259679063083013,0.01577134399648524,0.04726960908702178,0.0,0.0,0.0,0.0,0.022139057679447488,0.0,0.010214765947055797,0.035632724719582134,7.134196390659135e-20,0.001205982987068813,0.0012059829870688132,0.0,0.0,0.0,0.0,0.0,0.0,0.0,0.0,0.0,0.014169376942515438,0.0,0.006472031143264634,0.0,0.0,0.0,0.010655744522592837,0.0064721615837965265,4.280517834395481e-20,0.006374425567482094,0.0,0.0,0.02203163998305532,0.0,0.022031639983055316,0.025475651213966027,0.0,0.0,0.007321694800122959,0.00236384142400754,0.0,0.0,1.5695232059450097e-19,0.0,0.03088182233540129,0.017049066885749534,0.0,0.00606190147291519,0.0,0.0,0.01395951668552431,0.0,0.010939236463589713,0.0398990201819508,0.030726730106382827,0.02734970285502098,0.0,0.018802479047515003,0.006334496554120661,0.0,0.0,0.017979286716673606,0.0,0.0,0.0012974770360277166,0.0,0.011785746323532083,0.0,0.022590640737871454,0.0,0.0,0.0,0.027570912055291483,0.011622387871048292,0.033066139937346625,0.027450013109623868,0.0,0.05277726483658602,0.027436051064074242,6
LFQ intensity D6_4,0.003979895070013065,0.0,0.019912717727771475,0.010024790871125296,0.0037966150124954063,0.0009700190627604475,0.019559172080418463,2.2091450744879836e-19,0.005673293056098174,2.2091450744879836e-19,0.0045063217035674315,0.0,0.0037966150124954055,0.020850329730542145,2.2091450744879836e-19,0.0014730074585999724,0.04491381865078985,0.0,0.0,0.0,0.00921866045659224,0.0,0.005832473699466698,0.010092371465761722,0.0011547634399733595,0.01451811878840074,0.004040956648225781,0.0,0.0,0.014661088885234664,0.0,0.0,0.012480963259235825,0.0,0.005773696740045958,0.021145737009509266,0.0,0.0,0.001850445840026316,0.005669685675934649,0.057871828463458216,0.0,0.0,0.015416822254059529,0.0,0.0,0.007026710384459593,0.009206447902942337,0.022297823723460442,0.04074509832302291,0.0,0.0,0.0,0.0,0.020981677202358672,0.0,0.014055623854109212,0.033754575404797385,0.0,0.00039387917401260036,0.0003938791740126002,0.0,0.0,0.0,0.0,0.0,0.0,0.0,0.0,0.0,0.014983670957830354,0.0,0.01002458883058034,0.0,0.0,0.0,0.009446092782066987,0.01002479087112529,0.0,0.0012225756766343929,0.0,0.0,0.021741558911650003,0.0,0.02174155891165,0.024339271978089945,0.0,0.0,0.0056118850714952685,0.0,0.0,0.008044173489857608,0.0010880299431084452,0.0,0.03335856838713448,0.021514495657925636,0.0,0.006743644774759032,0.0,0.0,0.018169581200131447,0.0,0.012454015040882806,0.041347011713595644,0.027317158899197377,0.022957001827320446,0.0,0.024797412127889423,0.009084699099338794,0.0,0.0,0.0,0.0,0.0,0.0,0.0,1.7673160595903867e-19,0.0,0.016583352532877543,0.0,0.0,0.0,0.026794277759390122,0.0053306957885946105,0.036897279585191976,0.022239812358861393,0.0,0.0578248689926835,0.02027800362435919,6
LFQ intensity D6_5,0.0025527263445557303,0.0,0.01561107741230067,0.003005245527988872,0.0021447439946883067,0.0008670615300054126,0.018811743721660588,0.0,0.005408128722635765,0.0,0.003246246082846288,0.0,0.0021447439946883067,0.023210070015949207,0.0,0.0030919172001640863,0.04625632368662258,0.007209789739265463,0.0,0.0,0.008367555431347182,0.0,0.0,0.00763658773549931,2.9273523473156067e-20,0.014194792713905807,0.004187602855525173,0.0,0.001585364984720016,0.010350027174456444,0.0,0.0036158250682313043,0.01227096297716252,0.0,0.00965529697863311,0.025797276496988163,0.0,0.0,0.0017397821397811281,0.005404689947997665,0.058976375619806606,0.0,0.0,0.012317359032047906,0.0,0.0,0.00903023500471502,0.012481885550517697,0.028538873994307278,0.038434635102227575,0.0,0.0,0.0,0.0,0.018347577688691975,0.0,0.008172406236559718,0.025180688955985273,0.0,0.0012529432239089915,0.0012529432239089912,0.0,0.0,0.0,0.0,0.0,0.0,0.0,0.0,0.0,0.016274997436746683,0.0,0.0030051849599977754,0.0,0.0,0.0,0.011695673282781014,0.003005245527988869,2.9273523473156065e-19,0.0029598633597364963,0.0,0.0,0.022839110903991607,0.0,0.022839110903991603,0.021924427709567273,0.0,0.0,0.005349590888956755,0.0,0.0,0.0,0.0,0.0,0.030162279599697965,0.018543430207056722,0.0010085673692240198,0.007900095094220998,0.0,0.0,0.0009086265295836564,0.0,0.009026233662462782,0.03561387916199136,0.03238811406136917,0.026569763029082424,0.0,0.02504571601900482,0.00815063873244634,0.0,0.0,0.018781307465316126,0.009055068553872407,0.0,0.0051110579331199975,0.0,0.0,0.0,0.02117077371611735,0.0,0.0,0.0,0.02737482083204836,0.008091616739386465,0.03795186448384429,0.032157162195288844,0.0,0.05595771703919589,0.026786556491615834,6
LFQ intensity D6_6,0.002482642340937475,0.0,0.017201903874999674,0.009129961137509773,0.002243832394640207,0.0023061043209558906,0.016868710395141696,0.0,0.005924997189581071,1.1940375269756607e-19,0.003381892207980411,0.0,0.0022438323946402062,0.020279623470018195,1.1940375269756607e-19,0.0,0.04674637022057488,0.008445705909112904,0.0,0.0,0.0020190156586110232,0.0,0.0036745559447805875,0.008119020075112794,0.0,0.015162836106185318,0.01125858588948232,0.0,0.0,0.014208120744302053,0.0,0.0,0.012513005395726416,5.195490008583385e-06,0.008714329284445356,0.02761039039701711,0.0,0.0,0.0020662386007986424,0.005921229762600077,0.049339012998840824,0.0,0.0,0.01282211132662914,0.0,0.0,0.0016647373857690572,0.008821983156115211,0.028429862243453997,0.036283922574283166,0.0,0.0,0.0,0.0,0.02508133273264559,0.0,0.008352162017078953,0.02181043480304387,1.791056290463491e-19,0.0,0.0,0.0,0.0,0.0,0.0,0.0,0.0,0.0,0.0,0.0,0.011913373833000541,0.0,0.009129777131444465,0.0,0.0,0.0,0.01439944456461493,0.00912996113750977,0.0,0.0002250527566470048,0.0,0.0,0.021875121676541234,0.0,0.02187512167654123,0.022467062671446204,0.0,0.0,0.005860864747877048,4.603454297112992e-07,0.0,0.0,0.0,0.0,0.03642656653279466,0.021560148840172624,0.0,0.00637060969592086,0.0,0.0,0.0,0.0,0.010497677376177496,0.039262650259996215,0.032900513581963206,0.027616927093697678,0.0004099103379228466,0.02032164652441407,0.00434821962867868,0.0,0.0,0.0,0.0,0.0,0.0,0.0,0.004765914457256945,0.0,0.024854272577827182,0.014530082138573385,0.0,0.0,0.03539728329214382,0.00712716107629178,0.039239626329583485,0.03299574611885919,0.0,0.05691725478191155,0.026447890371739714,6
LFQ intensity D6_7,0.002239828621280477,0.0,0.018181344119886148,0.008927151249425528,0.002901964929900067,0.0008603776408320245,0.017927161741703397,0.0,0.006057024710336543,0.0,0.001015881058178838,0.0,0.002901964929900067,0.022123928407136687,0.0,0.0014301422118453654,0.04488021693319684,0.0,0.0,0.0,0.006438107344555369,0.0,0.003681482825129208,0.010247222196426176,0.0016283995297430927,0.00462039655826087,0.00820562485939525,0.0,0.0,0.012096665237459834,0.0,0.0031913980554039508,0.012536593576851008,0.0008708858306011734,0.00924991193231162,0.02367309267770439,0.0,0.0,0.011352098001617787,0.006053173333266119,0.05581726076379849,0.0,0.0,0.01562921322966987,0.0,0.0,0.0055527276846436945,0.011953292462022792,0.022639946911010442,0.033670027676219356,0.0,0.0,0.0,0.0,0.01789386840734156,0.0,0.015385925738246061,0.026323478044241212,5.981441994868216e-20,0.0,0.0,0.0,0.0,0.0,0.0,0.0,0.0,0.0,0.0,0.0,0.01065742341969814,0.0,0.008926971330809106,0.0,0.0,0.0,0.015084175163799597,0.008927151249425523,0.0,0.00879234247049458,0.0,0.0,0.021242927627468697,0.0,0.021242927627468693,0.02366936034744299,0.0,1.1962883989736432e-19,0.005991463196684087,0.00011535615506970501,0.0,0.0009456821294815975,0.0015342947190509172,0.0,0.03251129780206717,0.021056215372364136,0.0021432827621726274,0.005623245430235812,0.0,0.0,0.017352338236236123,0.0,0.009885556371054371,0.036201186669478067,0.032955425574015554,0.02581710526960901,0.0,0.020897012698582813,0.005185481486639987,0.0,0.0,0.0,0.0,0.0,0.0042569120062083965,0.0,0.005721544204868761,0.0,0.02281878861506516,0.0,0.0,0.0,0.02583163641110396,0.00430444036148792,0.039561174141706935,0.030574392884548385,0.0,0.05435855507384601,0.027656553762273807,6
LFQ intensity D6_8,0.003812880471570139,0.0,0.0126992689125931,0.0023020063381852104,0.004184106029317084,0.0010117972834550943,0.02153081245896165,9.514717983491897e-20,0.0049999357850777975,9.514717983491897e-20,0.005602471192076847,0.0,0.004184106029317083,0.0240104999804485,9.514717983491897e-20,0.001468989281738592,0.04883280030901671,0.0,0.0,0.0,0.008902312446195236,0.0,0.0,0.010502040336584589,0.0,0.01611005864510571,0.004572902181885423,0.0,0.0017724354976247907,0.01878910572252374,0.0,0.0050683749593404635,0.013503911879002793,0.0,0.007246898072108732,0.02206190418336739,0.0,0.0,0.002195316548997625,0.0049967565611259155,0.05991246425856706,0.0,0.0,0.016837341946694867,0.0,0.0,0.012636698764631216,0.0,0.0,0.0473932526243394,0.0,0.0,0.0,0.0,0.020148029482393276,0.0,0.021416413438344006,0.017174511052224783,1.5857863305819829e-19,0.0013274242558110308,0.0013274242558110317,0.0,0.0,0.0,0.0,0.0,0.0,0.0,0.0,0.0,0.01285755980564626,0.0,0.0023019599433405664,2.220100862814776e-19,0.0,0.0,0.011637773750066223,0.002302006338185207,0.0,0.0022672437745328918,2.220100862814776e-19,0.0,0.018748340271173992,3.1715726611639657e-19,0.018748340271173985,0.023379728247632865,0.0,0.0,0.006218079950433153,0.0008098276667658524,0.0,0.0,0.0,0.0,0.03494820121918284,0.025316270619409866,0.0029370160448515532,0.010675295604790625,0.0,0.0,0.018239810921851538,0.0,0.01351084998360998,0.04782138604640113,0.03678857938459627,0.02211701330575147,0.0,0.024204250293516964,0.005870432496619336,0.0,9.514717983491897e-20,0.0,0.0,0.0,0.004068685880161795,0.0,0.008813413963215621,0.0,0.019639189701765043,0.001006036375513255,0.0,0.0,0.02393365724567762,0.013235925570773003,0.04232451354802604,0.017798045445455397,0.0,0.05651960939768416,0.022425705747758654,6
LFQ intensity D6_9,0.0022805236371517593,0.0,0.01632040634219128,0.01018108087152015,0.0044515741206362786,0.0008651605519463828,0.018611876712646566,0.0,0.006358669497181395,0.0,0.0025548525542231867,0.0,0.0044515741206362786,0.022537929138777058,0.0,0.002221226417968987,0.04175858465697112,0.0,0.0,0.0,0.009468240356927093,0.0,0.012346705864799941,0.010275826076503377,0.0005513898676481775,0.00618224476134276,0.00428095753991966,0.0,0.0,0.014015123577706743,0.0,0.0,0.011005148302656855,0.0,0.007948859135515438,0.026194448714053964,0.0,0.0,0.007804100017019376,0.006354626318381406,0.056449054553909944,0.0,0.0,0.017325394708736973,0.0,0.0,0.015475771022067684,0.0,0.02270314358167721,0.049609522694241584,0.0,0.0,0.0,0.0,0.01507313311845244,0.0,0.017421121471242192,0.029280431592622214,0.0,0.0006308874474115897,0.0006308874474115899,0.0,0.0,0.0,0.0,0.0,0.0,0.0,0.0,0.0,0.01424317352031116,0.0,0.010180875681092333,0.0,0.0,0.0,0.011026666635927423,0.010181080871520141,0.0,0.0012192546110361393,0.0,0.0,0.019097890901734006,0.0,0.019097890901734003,0.01893726188223881,0.0,0.0,0.006289842966502151,0.000386365949832624,0.0,0.0,0.0005195251820075463,0.003511336764032566,0.032792284274687396,0.01794808868080636,0.0038331589858255776,0.0025845076279880806,0.0,0.0,0.01670424260069649,0.0,0.014807154274078279,0.04535272194401579,0.03096992836493589,0.02444564860868417,0.0,0.018638073566301924,0.006604011593079266,0.0,0.0,0.0,0.0,0.0,0.0,0.001332498407552266,0.0,0.0,0.02083428375350886,0.0,0.0,0.0,0.023720661028496588,0.011985387171775334,0.0472536249319047,0.013353646091630898,0.0,0.054340298657531545,0.02418813677643302,6
LFQ intensity D7_1,0.014641233472863589,0.0,0.0,0.010037417418464744,0.0010024080375215388,0.005811442920151399,0.01643500284573829,0.0,0.007606728419710329,8.652143341215729e-20,0.0034518291411253506,0.0,0.0010024080375215382,0.01329771279598691,8.652143341215729e-20,0.006842974455141801,0.04093888216320171,0.0019723220063201474,0.0,0.0,0.00522898505887033,0.0,0.0007750062016181788,0.011195707716754667,2.0188334462836699e-19,0.014649570998812887,0.010050104513853289,0.0,0.0,0.015547642354287051,0.0,0.008677044786737285,0.012089437600558493,0.0,0.0068452650662977595,0.02032602347792892,0.0,0.0,0.001996296001019214,0.004998294003973957,0.05450220086668709,0.0,0.0,0.006032460195755377,0.0,0.0,0.006886037590783388,0.0,0.022313193397896013,0.045145677413157136,0.0,0.0,0.0,0.0,0.031087337173878453,0.0,0.014856542420216648,0.005339963601579998,0.0,1.0094167231418349e-19,1.2978215011823592e-19,0.0,0.0,0.0,0.0,0.0,0.0,0.0,0.0,0.0,0.010232016698282024,0.0,0.010037215123443206,1.0094167231418349e-19,0.0,0.0,0.014887056142649156,0.010037417418464738,1.4420238902026214e-19,0.0014155715506501908,1.0094167231418349e-19,8.652143341215729e-20,0.020502811892830437,0.0,0.020502811892830434,0.02874902637890168,0.0,1.153619112162097e-19,0.00752439284193263,0.0017898620049957973,0.0,0.0,3.172452558445767e-19,0.006814220385042043,0.04561313493790172,0.019130321457806947,0.0,0.010372727096039449,0.0,0.0,0.005721656693379929,0.0,0.011471987791248774,0.04515164701418031,0.027031213508808834,0.023924765956453084,0.004856554091207788,0.019655340931885,0.006129354983885122,0.0,0.0,0.019056625987754112,0.0,0.0,0.0,0.0,0.013284440733627173,0.0,0.01584432949694721,0.0,0.0,0.0,0.0211144166602264,0.010153919062061133,0.03378431836422455,0.028372641292321907,0.0,0.06542115364713642,0.019833895808468293,7
LFQ intensity D7_2,0.008248941122939779,0.0,0.004228243750886908,0.007720638933638027,0.0006825016662182192,0.004274708382384992,0.01818800622409804,0.0,0.0075290055725517275,2.513804001307153e-19,0.006374689934755923,0.0,0.0006825016662182192,0.01737700324752628,2.513804001307153e-19,0.008392562626073151,0.045447166538399864,0.009564093386576123,0.0,0.0,0.006130153497128758,0.0,0.0,0.013358755625034859,2.661674824913456e-19,0.0020438671837154326,0.0044019539288416365,0.0,0.0,0.009796361014981186,0.0,0.0,0.00208593020767292,0.0,0.007342251291299754,0.015641203831870096,0.0,0.0,0.007853094330392517,0.004854386392298822,0.0549333896553689,0.0,0.0,0.0098040570269901,0.0,0.0,0.007598404392173918,0.00048043664767182046,0.01909824024422973,0.044640219947875634,0.0,0.0,0.0,0.0,0.018741818253713866,0.0,0.01680437874810848,0.02491765784981073,2.957416472126062e-19,0.00011899441640355044,0.00011899441640355051,0.0,0.0,0.0,0.0,0.0,0.0,0.0,0.0,0.0,0.012584207480700353,0.0,0.007720483331180318,0.0,0.0,0.0,0.00903581803275205,0.007720638933638026,0.0,0.007604049679336177,0.0,0.0,0.022748219793994228,0.0,0.022748219793994225,0.024641279432445505,0.0,1.478708236063031e-19,0.007447511270441336,0.0015775443346152777,0.0,0.0,0.0,0.004300623165691156,0.03922536564065239,0.016577787764692,0.0,0.0092942785320164,0.0,0.0,0.02349872425228146,0.0,0.010670253589087837,0.04452420191421722,0.03312814065944272,0.02133447838042219,0.0,0.020775359879838327,0.005989775997909285,0.0,0.0,0.021218142458224877,0.0062155955283004745,0.0,0.0,0.0,0.00781639515763983,0.0,0.01501662543862378,0.0,0.0,0.0,0.030617142003721783,0.014872168443595967,0.035957571417894976,0.029730613302318968,0.0,0.05667059989484076,0.01926357254123658,7
LFQ intensity D7_3,0.008378253671958774,0.0,0.013286042830398321,0.0076307516850748535,0.0026019806973101548,0.004862875129073005,0.017940098245037443,0.0,0.006097023674786625,3.653058010782025e-19,0.003090656444398838,0.0,0.0026019806973101535,0.01717075539212266,3.653058010782025e-19,0.0051436103224668794,0.04520434102808979,0.0049788257253827635,0.0,0.0,0.007973765064389078,0.0,0.0,0.009523027739284954,1.2176860035940084e-19,0.015463143229725395,0.004600298641109494,0.0,0.0,0.013981195840417203,0.0,0.0,0.013110756166070013,0.0,0.007357526584942027,0.02162405284222274,0.0,0.0,0.002107161431224816,0.0033449569374112806,0.053924657209290454,0.0,0.0,0.008250709223491727,0.0,0.0,0.0002040106577527958,0.005232423938086158,0.009236208719011298,0.04156988146866197,0.0,0.0,0.0,0.0,0.025232652245336745,0.0,0.01681786959057786,0.017830660953625895,0.0,0.0008539375904878562,0.0008539375904878554,0.0,0.0,0.0,0.0,0.0,0.0,0.0,0.0,0.0,0.013892842713678731,0.0,0.007630597894212903,2.1309505062895147e-19,0.0,0.0,0.01089491803755259,0.007630751685074848,1.2176860035940084e-19,0.007515519816783572,2.1309505062895147e-19,3.653058010782025e-19,0.021475570692401507,0.0,0.021475570692401504,0.02589526622388257,0.0,0.0,0.006031029210505881,0.004161677234199432,0.0,0.0,2.1309505062895147e-19,0.0,0.03558627014894917,0.02015399354287213,0.0020841143631276753,0.009597196240437174,0.0,0.0,0.004629964917021266,0.0,0.010799553008930311,0.05043961710525641,0.03557270258564851,0.02158860280977984,0.0,0.022823086937000508,0.00658210522335604,0.0,0.0,0.027834714194897154,0.0,0.0,0.004539020951516418,0.0,0.01212007595262481,0.0,0.02111539306765178,0.0,0.0,0.0,0.022287017760154064,0.013761591493861695,0.031139073806579973,0.02300458966123411,0.0,0.05921701477196864,0.020440528049420835,7
LFQ intensity D7_4,0.008990061670014041,0.0,0.015590843441070524,0.00945863114720452,0.0026766942395938936,0.0022264005254757297,0.01695839140831015,3.516223019463925e-19,0.007054193843386315,3.516223019463925e-19,0.0063509536445485095,0.0,0.0026766942395938936,0.021234425273810725,3.516223019463925e-19,0.0026892324542210663,0.042831139506055556,0.011411526385955375,0.0,0.0,0.006963359623776192,0.0,0.0,0.010177541587741831,0.0,0.014883930125705432,0.004029408906828383,0.0,0.0,0.006567630131642312,0.0,0.0,0.012282840536447789,0.0,0.005043025203125029,0.01907184696042657,0.0,0.0,0.0020282321026194494,0.004404459240185644,0.05659509159469465,0.0,0.0,0.01134542778983403,0.0,0.0,0.010201304107987795,0.0,0.02218169201680662,0.036159605643089995,0.0,0.0,0.0,0.0,0.020984965698588414,0.0,0.014803720003666008,0.031489148994952906,1.4650929247766353e-19,0.0,4.1022601893745793e-19,0.0,0.0,0.0,0.0,0.0,0.0,0.0,0.0,0.0,0.01293877021127121,0.0,0.009458440517094017,0.0,0.0,0.0,0.012717587157431922,0.009458631147204511,2.0511300946872896e-19,0.0007100208504915409,0.0,0.0,0.019772590589401597,0.0,0.019772590589401593,0.023290880806139013,0.0,8.790557548659813e-20,0.00697783892523962,0.0011775387394606061,0.0,0.0,0.0,0.004981898600978355,0.03463887053924609,0.019799562612054684,0.002928774529021797,0.010134096984917624,0.0,0.0,0.023540844587741253,0.0,0.009835349089706496,0.038709831495187814,0.03081472405006659,0.02134661089236846,0.0,0.024312621349824936,0.005844795436873739,0.0,0.0,0.0,0.0,0.0,0.008122926596099816,0.0,0.008545692379107609,0.0,0.018232336248585668,0.0,0.0,0.0,0.02232154732881007,0.014047822666887876,0.03823090889491426,0.02934526715988638,0.0,0.06001960667336058,0.01860860430386476,7
LFQ intensity D7_5,0.011648335218882743,0.0,0.01637683384770183,0.008848412628182359,0.0011596559659674509,0.0030194785536312215,0.018495904855380947,0.0,0.006259168807728512,9.052952846078467e-20,0.005847691588299919,0.0,0.0011596559659674502,0.01803117947974942,9.052952846078467e-20,0.002833482687208432,0.04582053110521133,0.0,0.0,0.0,0.007697400262025207,0.0,0.0,0.00983364952679808,1.207060379477129e-19,0.015328210622189796,0.004427841601843818,0.0,0.0,0.020181319476417037,0.0,0.003353415124821366,0.013090027055026782,0.0,0.004941665652854779,0.02401349346744044,0.0,0.0,0.0020887741743657435,0.0035309798919663502,0.05618351580756399,0.0,0.0,0.009367505348644086,0.0,0.0,0.009522478433882198,0.0,0.0,0.04021754342922143,0.0,0.0,0.0,0.0,0.016363455112076413,0.0,0.01677591369384454,0.02340595062500207,3.017650948692822e-19,0.0,6.035301897385645e-20,0.0,0.0,0.0,0.0,0.0,0.0,0.0,0.0,0.0,0.01444943321848266,0.0,0.008848234296471259,0.0,0.0,0.0,0.011275988774268034,0.00884841262818235,6.035301897385645e-20,0.0,0.0,9.052952846078467e-20,0.02067049490543518,0.0,0.020670494905435183,0.02201299614518413,0.0,6.638832087124209e-19,0.006191419277081786,0.0002567154149336155,0.0,0.0,0.0,0.0,0.039262589427378966,0.022369550436007607,0.00025835484776800556,0.004753396130765225,0.0,0.0,0.02871881043207569,0.0,0.008755085721597795,0.0411604903906575,0.031231103219508272,0.019732061329371553,0.0,0.02701018973721163,0.010461300039261802,0.0,0.0,0.01873052980050997,0.0,0.0,0.007202769561904127,0.0,0.00898378337768044,0.0,0.018518098659921826,0.0,0.0,0.0,0.029570107932709408,0.008355826337922725,0.03833989229893013,0.029201615063215464,0.0,0.05669755812892986,0.017639227551302112,7
LFQ intensity D8_1,0.01560868629248571,0.0,0.004582252108456304,0.006442027903360438,0.0030327948882307196,0.004212048326833384,0.018894948924316392,0.0,0.006577847783778771,0.0,0.006158438912789701,0.0,0.0030327948882307187,0.01895174133579419,0.0,0.0008356014144712326,0.04279278171687955,0.016248405766632612,0.0,0.0,0.00651127868845332,0.0,0.0,0.00777820243777318,0.0006380275471756085,0.01487918125353353,0.010436899479537808,0.0,0.0,0.015116034615880902,0.0,0.0031930797728269705,0.01056354582089689,0.0,0.0039906608597894576,0.02511951697005269,0.0,0.0,0.0020275849741453883,0.003929260060794014,0.054372815896419686,0.0,0.001988993229768149,0.007568847970323821,0.0,0.0,0.00833827078873884,0.0,0.0,0.03718068711736373,0.0,0.0,0.0,0.0,0.0162962668750488,0.0,0.015502080142259376,0.02244666024016398,0.0,2.4898633018797155e-19,0.0,0.0,0.0,0.0,0.0,0.0,0.0,0.0,0.0,0.0,0.014909353372516405,0.0,0.006441898070145467,2.4898633018797155e-19,0.0,0.0,0.00944675048223327,0.006442027903360436,0.0,0.006344746935308409,2.4898633018797155e-19,0.0,0.02264681529746808,0.0,0.022646815297468075,0.022416661117557763,0.0,0.0,0.008426738416240595,0.003806157309058089,0.0,0.0,0.0006011560912173606,0.002566451704328468,0.0401735030987021,0.022419111431643494,0.0,0.00920576266975579,0.0,0.0,0.027567517128284254,0.0,0.01090170118982241,0.04348613280411438,0.033893823591504287,0.022602319455793097,0.0,0.02356326624483957,0.006929353853965084,0.0,0.0,0.0,0.0,0.0,0.012640967436643042,0.0,0.015600770991433047,0.0,0.017148337683172584,0.0017846702076900517,0.0,0.0,0.02001940891252646,0.006912897104205548,0.03262808847726171,0.026943253974019213,0.0,0.0637683809893244,0.019866895755191197,8
LFQ intensity D8_2,0.0016976236493076583,0.0,0.0171477047996852,0.009562861819012855,0.0014767968913161327,0.0,0.01725401853193866,2.045828368778893e-19,0.006434014096469753,2.045828368778893e-19,0.007531020162351453,0.0,0.0014767968913161327,0.022135143453318643,2.045828368778893e-19,0.008867717184946429,0.04433436779137956,0.0062025004765831095,0.0,0.0,0.010996244044675292,0.0,0.0,0.011593617389155842,0.0,0.015987416736583337,0.0,0.0,0.0,0.003377716296488339,0.0,0.006755440754931619,0.0012238202653166714,0.0,0.0,0.018308257684857502,0.0,0.0,0.0021786041448213925,0.006429923009583543,0.04675184925769674,0.0022802686778288944,0.0,0.008690997572126533,0.0,0.0,0.003023458698484254,0.018821771342894828,0.02072110925551067,0.03193502530556443,0.0,0.0,0.0,0.0,0.018121062641545466,0.0,0.01929837978676149,0.025042417571046575,0.0,0.0,0.0,0.0,0.0,0.0,0.0,0.0,0.0,0.0,0.0,0.0,0.02456395544734637,0.0,0.00956266908822793,0.0,0.0,0.0,2.045828368778893e-19,0.009562861819012846,0.0,0.009418453184176598,0.0,2.045828368778893e-19,0.01919128375013239,0.0,0.01919128375013239,0.03178019589908132,0.0,0.0,0.006364372032387377,0.00017807355289837446,0.0,0.0,0.0,0.0007466993753942906,0.05067011528641461,0.02736417935240395,0.0,0.011888850516620687,0.0,0.0,0.02261379827715771,0.0,0.010165342466050997,0.04829551484929535,0.03181213645767965,0.018007710096274217,0.0,0.021612363283719044,0.003362132592665014,0.0,0.0,0.024558773987430928,0.0,0.0,0.00861147195813628,0.0,0.007577340584890876,0.0,0.009669368528938474,0.0,0.0,0.0,0.031077201224638223,0.009742959396676892,0.024003668264074896,0.024915642013880912,0.0002815627086800161,0.04731066829828157,0.02024140577380096,8
LFQ intensity D8_3,0.01877743620973961,0.0,0.0,0.01010850872489716,0.0,0.004701201575933332,0.017453530313265166,0.0,0.005443252419351021,0.0,0.005314686453972429,0.0,0.0,0.01768209547120616,0.0,0.005992113150308473,0.05662705637935503,0.0025356879637663606,0.0,0.0,0.0,0.0,0.0,0.012099280572950004,0.0014240464444321562,0.01460030170112603,0.008779576253075577,0.0,0.0,0.019378224265876435,0.0,0.01344225719990072,0.013574908506903405,0.0,0.01176084323008886,0.03438156138179319,0.0,0.0,0.001989582077317746,0.0028449500510672756,0.04649205479117418,0.0,0.0,0.007433163825343754,0.0,0.0,0.0006281052939016296,0.005178893128849906,0.0013540856649261357,0.04497292596468586,0.0,0.0,0.0,0.0,0.02119003610451991,0.0,0.01584330830280046,0.022246899104314263,4.886391903233598e-19,0.0,0.0,0.0,0.0,0.0,0.0,0.0,0.0,0.0,0.0,0.0,0.019305849048825253,0.0,0.01010830499709498,0.0,0.0,0.0,0.01568950873871322,0.01010850872489716,1.724608907023623e-19,0.0015140764430064237,0.0,0.0,0.019917543453554672,0.0,0.019917543453554672,0.02601766999274364,0.0,0.0,0.0072689105032529245,0.0027741729207875743,0.0,0.0,0.0013417511485772768,0.008569265685198084,0.03935505718027206,0.019220664247384462,0.0,0.010337841639041383,0.0,0.0,0.021312464932574587,0.0,0.006189955927578733,0.04693453029137718,0.03069588225898283,0.016442676841698273,0.0026143410004988436,0.01965798738442285,0.0047654854560068806,0.0,0.0,0.0,0.0,0.0,0.010569817820861692,0.0,0.005177576636125742,0.0,0.014197270886277025,0.0,0.0,0.0,0.024287796676066897,0.012587024184231766,0.033459398640017825,0.02559329044011376,0.0,0.058005620315737264,0.011811639603681827,8
LFQ intensity D8_4,0.012676953333753302,0.0,0.0,0.009816502572813685,0.0006286159171936713,0.005212587962666515,0.017001721473730736,2.9266374828549187e-19,0.007131233628197775,0.0,0.005410575030369712,0.0,0.0006286159171936713,0.016853662395036842,2.9266374828549187e-19,0.007782305446837627,0.04187195151190043,0.0,0.0,0.0,0.005335758451828044,0.0,0.0,0.009130819889336424,0.0,0.014865906135177083,0.007806472120869397,0.0,0.0,0.01078484582151607,0.0,0.0025119240417675304,0.006696978294942741,0.0,0.005082459977542392,0.022145303307130156,0.0,0.0,0.0020257759747084637,0.0043537205636839755,0.053406248697140175,0.0,0.0,0.006393298744711626,0.0,0.0,0.004634526998593713,0.0,0.016652868329245243,0.04740208490083391,0.0,0.0,0.0,0.0,0.013644098527588926,0.0,0.015514419321315712,0.030709014795012854,0.0,0.0,3.6582968535686484e-19,0.0,0.0,0.0,0.0,0.0,0.0,0.0,0.0,0.0,0.011934709900020348,0.0,0.009816304730129987,0.0,0.0,0.0,0.011685246357443568,0.009816502572813678,0.0,0.0010729093997831317,0.0,2.9266374828549187e-19,0.02145744335976069,0.0,0.021457443359760686,0.02433130794087167,0.0,2.633973734569427e-19,0.007054044827881989,0.001257472169184902,0.0,0.0,1.1706549931419674e-19,0.003421050952538486,0.045334921759402964,0.02013179291241112,0.0,0.009197549342226535,0.0,0.0,0.027852640514942902,0.0,0.010744108323755283,0.04601292441795207,0.0326747834865203,0.02351651511981185,0.0,0.021529549798027195,0.004918975035419723,0.0,0.0,0.014240539739991098,0.0,0.0,0.005814523136086413,0.0,0.01494472556075176,0.0,0.018256987861418935,0.0,0.0,0.0,0.0216948631579563,0.007928237372965819,0.033787405867558566,0.02879306861039408,0.0,0.06411760767225051,0.021092594657328913,8
LFQ intensity D8_5,0.013766169148492543,0.0,0.0,0.007791019774156061,0.002458971631567457,0.007026151908690265,0.01683107472912783,3.1619794529860644e-19,0.008740333813678152,3.1619794529860644e-19,0.0032661529194435495,0.0,0.002458971631567457,0.013353249106917355,3.1619794529860644e-19,0.011667822534450896,0.038109886731866056,0.0026555863078267868,0.0,0.0,0.007596927780301838,0.0,0.0,0.00995507206603204,0.0005272184686697491,0.005671225104735537,0.007643876835456777,0.0,0.0,0.014118159406683234,0.0,0.010101512511641014,0.006311641178401545,0.0,0.004572587364950846,0.016176907942247798,0.0,0.0,0.004556385641755921,0.00873477624658083,0.053452114587157644,0.0,0.0,0.0076504041751814635,0.0,0.0,0.0009194869109434936,0.005240805360918088,0.020848565583404307,0.03577679581967255,0.0,0.0,0.0,0.0,0.019800293428756263,0.0,0.011548805422378475,0.020746008100342096,0.0,5.749053550883754e-20,8.048674971237255e-19,0.0,0.0,0.0,0.0,0.0,0.0,0.0,0.0,0.0,0.017144590219963316,0.0,0.0077908627532364974,5.749053550883754e-20,0.0,0.0,0.010784498546480727,0.007791019774156054,1.4372633877209384e-19,0.007673367699822889,5.749053550883754e-20,3.1619794529860644e-19,0.021612087927892855,0.0,0.02161208792789285,0.02464491254368509,0.0,0.0,0.010540722998557678,0.0,0.0,0.0,0.0004967506422663536,0.002032286073531141,0.03654967532251452,0.019183035950167383,0.0,0.0045279472955893985,0.0,0.0,0.01478051844365831,0.0,0.011248413781923953,0.04912173771667524,0.0307826943765211,0.023007565132143838,0.0,0.023112353633857576,0.0077271234450880626,0.0,0.0,0.03891519639211828,0.0,0.0,0.00994757561036783,0.0,0.014163968954168143,0.0,0.014375993291261706,0.0,0.0,0.0,0.021560604760166933,0.01078812230712346,0.027034458700262855,0.02231446033431904,0.0,0.06754642254382671,0.02111398472676423,8
LFQ intensity D8_6,0.014319208570581478,0.0,0.019819663120718135,0.010575482675664336,0.0011727487500416748,0.00450804804367532,0.017720229204476197,0.0,0.0066877921548273035,1.6750839230889587e-19,0.005260354125646387,0.0,0.0011727487500416748,0.018026433730348006,1.6750839230889587e-19,0.004546771255165915,0.05561341783157072,0.019744606596064928,0.0,0.0,0.0,0.0,0.0006799688627532517,0.011563516826158943,0.00010076564455630002,0.015470214547374593,0.010546226621728967,0.0,0.0,0.018685400881576025,0.0,0.0005016569468891767,0.0029646042837530415,0.0,0.010201881222840612,0.02829634612297972,0.0,0.0,0.002108125039179356,0.006683539702412359,0.050594602068747746,0.0,0.0,0.007733153306291834,0.0,0.0,0.014636345996686147,0.0,0.0,0.037136178054450256,0.0,0.0,0.0,0.0,0.0068751956501839325,0.0,0.016375826162202893,0.023428510726293407,9.136821398667047e-20,0.0,3.654728559466819e-19,0.0,0.0,0.0,0.0,0.0,0.0,0.0,0.0,0.0,0.013007389246625844,0.0,0.01013681026913809,0.0,0.0,0.0,0.013000618715437689,0.010575482675664327,0.0,0.0014710216092454031,0.0,0.0,0.02086837615771951,0.0,0.0208683761577195,0.01993544056473879,0.0,0.0,0.006615403185385715,0.0006114426929243685,0.0,0.0,9.494242259384799e-05,0.0033531434450460693,0.04190164467343283,0.0204768559196037,0.0,0.0068053891513692195,0.0,0.0,0.027627509871282676,0.0,0.0075518439824304425,0.0442709890501977,0.032963375851120566,0.01850626950905537,0.0016838000252456145,0.0216246252369619,0.006434215106847382,0.0,0.0,0.0,0.0,0.0,0.008806869215970925,0.0,0.00961573369392469,0.0,0.010941009114903817,0.0042238347370703415,0.0,0.0,0.026443627171186642,0.008816958737163396,0.0337782367587034,0.028135304029205707,0.0,0.06142522580299194,0.013678671743212007,8
LFQ intensity D8_7,0.01737777542894921,0.0,0.0,0.009267894528132493,0.0024787080356822883,0.006077008440937428,0.01677397185040346,0.0,0.005925219496807513,0.0,0.003343341727971388,0.0,0.0024787080356822875,0.015736284542536637,0.0,0.007575003855226083,0.04407325974304446,0.005175075811979236,0.0,0.0,0.007656074495380599,0.0,0.0,0.010009735632529056,0.0,0.002614073423940246,0.0043384921940992785,0.0,0.0,0.017797722928464738,0.0,0.011188171804984007,0.004346436266787426,0.0,0.006931255166041139,0.011612322682785108,0.0,0.0,0.007743582029708838,0.005921451928471812,0.058694914623390694,0.00154682012321148,0.0,0.005873024764559221,0.0,0.0,0.007220094347004293,0.0,0.0,0.05230062991063754,0.0,0.0,0.0,0.0,0.018364904024050218,0.0,0.0159541900084616,0.016826520304658556,0.0,0.0005777279787967694,0.0005777279787967686,0.0,0.0,0.0,0.0,0.0,0.0,0.0,0.0,0.0,0.014474548670867993,0.0,0.009267707742145121,2.087199242125209e-19,0.0,0.0,0.004816462416686382,0.00926789452813249,3.2798845233396143e-19,0.00037083187378918984,2.087199242125209e-19,0.0,0.02092653621658093,0.0,0.020926536216580926,0.02167729460838088,0.0,0.0,0.005861084648839862,7.0501247742235455e-06,0.0,0.0,0.0,0.0005661136512938708,0.04540475933830712,0.018765277228101156,0.0,0.010723989229264576,0.0,0.0,0.0179226385826621,0.0,0.008921413995480014,0.051670854690485636,0.034891595557502555,0.021817559612008406,0.0,0.021435389281308902,0.008047329237684975,0.0,0.0,0.03964231360115256,0.0,0.0,0.007252692035299861,0.0,0.009246338042240296,0.0,0.016471054091047974,0.0,0.0,0.0,0.02182943547535623,0.012782744446231271,0.027915974560175895,0.02632733795138392,0.0,0.06845995591895297,0.017931162313169817,8
LFQ intensity D9_1,0.01024002774353759,0.0,0.020599386646943482,0.007692706172072497,2.414622072865217e-19,0.0017856651518611349,0.02146923371810648,0.0,0.0064314384410833255,1.6097480485768114e-20,0.004191346897665741,0.0,2.414622072865217e-19,0.01980511822296286,0.0,0.0,0.04513686375407827,0.0017954191748159277,0.0,0.0,0.005445652097400641,0.0,0.0,0.008264903153890118,0.0,0.0002428187162845179,0.011005530274230032,0.0,0.0,0.0076332869610299895,0.0,0.0,0.002527556550465368,0.0,0.0072902862870133,0.017364849359729,0.0,0.0,0.005901555582477593,0.0033243718897478813,0.05536303335055708,0.0,0.0,0.008564336550436426,0.0,0.0,0.0,0.0,0.01972827439567499,0.041345071538051496,0.0,0.0,0.0,0.0,0.012994276960672466,0.0,0.01372841356616928,0.03462464011668027,0.0,4.829244145730434e-20,2.414622072865217e-19,0.0,0.0,0.0,0.0,0.0,0.0,0.0,0.0,0.0,0.002033339562742998,0.0,0.007229058029818785,0.0,0.0,0.0,0.019010919395886356,0.007692706172072492,1.126823634003768e-19,0.007576538729989751,4.829244145730434e-20,0.0,0.025767623099636705,0.0,0.0257676230996367,0.0261025997610429,0.0,0.0,0.007039944703769905,0.0011273099456741444,0.0,0.0,3.219496097153623e-20,0.0,0.03788735691616841,0.02588070258745632,0.00249644965442923,0.004311757344034343,0.0,0.0,0.031731171903658616,0.0,0.01056824922760936,0.04983741593596507,0.02979793039917971,0.021369538827712344,0.0,0.02357519048100825,0.004309102812974812,0.0,0.0,0.019513513945065068,0.0,0.0,0.018044254898754723,0.0,0.0,0.0,0.026069193039174734,0.0,0.0,0.0,0.027698988878197512,0.0004332894904465614,0.029397549044625996,0.02868528980052462,0.0,0.06490541512723383,0.019643913911871848,9
LFQ intensity D9_10,0.016003098467603612,0.0,0.007158120068291931,0.008065717041658906,0.0,0.0039039895176836022,0.019387216829934703,0.0,0.007637392851444359,0.0,0.006269109713676141,0.0,0.0,0.017116104552396778,0.0,0.000189545348735618,0.04131929899387998,0.0016249417301278078,0.0,0.0,0.007083486817123928,0.0,0.0,0.009444712355496999,4.1158260547639546e-19,0.0,0.008793126736800834,0.0,0.0,0.013801969973016607,0.0,0.005139056448285411,0.007708536822744197,0.0,0.013600091266011215,0.023777639145935177,0.0,0.0,0.0037789376100123193,0.004685308804947391,0.05737483403128035,0.0,0.0,0.010318133382023136,0.0,0.0,0.008502655248672324,0.001380195135793375,0.024071648373966827,0.030238474017439333,0.0,0.0,0.0,0.0,0.02318730114586893,0.0,0.016656403079216668,0.012595001054235014,0.0,1.5243800202829462e-20,0.0,0.0,1.219504016226357e-19,0.0,0.0,0.0,0.0,0.0,0.0,0.0,0.011682792845945379,0.0,0.007626641310441986,0.0,0.0,0.0,0.018720306912229884,0.008065717041658899,1.219504016226357e-19,0.007943916767953618,1.5243800202829462e-20,0.0,0.023405371197055425,0.0,0.023405371197055422,0.02286519136477347,0.0,7.317024097358141e-19,0.007554725360449213,0.0015082392672654467,0.0,0.0,0.0,0.0,0.039128713293823954,0.023114763726597008,0.00025867270242629686,0.0067859436321417626,0.0,0.0,0.017510703063303674,0.0,0.009496332152137287,0.04205119197376233,0.03289249881743592,0.019344304259274196,0.0,0.026520496321372985,0.007803873165397359,0.0,0.0,0.018478674852048096,0.0,0.0,0.013075124683666695,0.0,0.010446356494140165,0.0,0.02498759525905788,0.0,0.0,0.0,0.023266483816663956,0.0068160318887933325,0.031825053783462065,0.02537823125782429,0.0,0.05872280234477018,0.018505832682768248,9
LFQ intensity D9_11,0.015746280887523004,0.0,0.022584161403576997,0.010149649918434556,2.4647637832439243e-19,0.002711658009682611,0.01947829730787377,0.0,0.007261269201464242,0.0,0.008615518151393631,0.0,2.4647637832439243e-19,0.020712042716087287,0.0,0.0,0.04287404738097178,0.006488516078788637,0.0,0.0,0.006853917827877587,0.0,0.0,0.010193830896721644,0.0,0.0021267747121952846,0.008714335966582104,0.0,0.0,0.004990484331985743,0.0,0.0,0.00238556217934105,0.0,0.00886562781358758,0.033825510574659524,0.0,0.0,0.0,0.00571316222760299,0.025314266310962348,0.0,0.0,0.01198183412348749,0.0,0.0,0.0047009219087399655,0.0,0.0,0.03823915100017284,0.0,0.0,0.0,0.0,0.01175680543535753,0.0,0.01942334841224095,0.048603624149729976,0.0,0.0,2.4647637832439243e-19,0.0,0.0,0.0,0.0,0.0,0.0,0.0,0.0,0.0,0.0036466551026099665,0.0,0.009705897295645576,0.0,0.0,0.0,0.021041118078847117,0.01014964991843455,1.2323818916219622e-19,0.0009478056299509522,0.0,0.0,0.023780315235556328,0.0,0.023780315235556328,0.019002257149767502,0.0,0.0,0.0071826728901311305,0.001089930388844307,0.0,0.0,0.0,0.00019928629614898206,0.0386982683975156,0.023764263075129008,0.0022486538596085282,0.008930737240258845,0.0,0.0,0.0492120845331228,0.0,0.009067982349526809,0.04665333660607252,0.03280587849669449,0.019470039278771587,0.0,0.02742590143771344,0.008178000083685709,0.0,0.0,0.0,0.0,0.0,0.013626410326778752,0.0,0.01350438287613133,0.0,0.02282657952803476,0.0,0.0,0.0,0.024770467670138137,0.0,0.03252989509580723,0.0276761121742741,0.0,0.059745953702536825,0.018028551119665573,9
LFQ intensity D9_12,0.01165669385092351,0.0,0.0031353508180826904,0.005852075296716888,0.0003419407500955392,0.00805493415716134,0.018822593218366428,0.0,0.007211635842904322,1.971388838994848e-19,0.005879804403415007,0.0,0.0003419407500955392,0.019110052985493193,0.0,0.0,0.03779172627246001,0.003169372405740402,0.0,0.0,0.007383875941594603,0.0,0.0,0.010454253707780685,0.0,0.003174786668379231,0.011183209917053924,0.0,0.0,0.003554568888527275,0.0,0.0,0.004402009903356432,0.0,0.010379397525170232,0.023699290286618508,0.0,0.0,0.0022769668503567512,0.0044690697609072174,0.054585365598842854,0.0,0.0,0.010638617220491843,0.0,0.0,0.0049026320257059405,0.0004234742582083923,0.012194035227824673,0.037111856494230634,0.0,0.0,0.0,0.0,0.0105498398121411,0.0,0.023094934788341175,0.046946877902496284,0.0,0.0,0.0,0.0,0.0,0.0,0.0,0.0,0.0,0.0,0.0,0.0,0.007799178862872057,0.0,0.0054153266117589315,0.0,0.0,0.0,0.01659810484642841,0.0058520752967168846,2.729615315531328e-19,0.01467116133137825,0.0,0.0,0.024342367143256924,0.0,0.024342367143256917,0.023493703221498956,0.0,0.0,0.00713357676532383,0.0011334031143390834,0.0,0.0,3.639487087375104e-19,0.0,0.03903787201282809,0.02321249872236383,0.0012280436469848807,0.00709944314390112,0.0,0.0,0.042939684595776205,0.0,0.01045892027389534,0.04610783651375553,0.03224289376595904,0.02102663167677188,0.0,0.026789252004544108,0.008052319011856594,0.0,0.0,0.0,0.0,0.0,0.01652141475788389,0.0,0.007075143372211081,0.0,0.021625466125267983,0.0,0.0,0.0,0.024196569147641248,0.0,0.03171691598485794,0.026665829822326854,0.0,0.06094747835754873,0.0194813391973128,9
LFQ intensity D9_2,0.0,0.0,0.00506768688417781,0.00915850281225726,0.0006524353102654302,0.00040013402542869524,0.022582727028654846,0.0,0.006638419551098207,0.0,0.008074076127008493,0.0,0.0006524353102654302,0.02080631990429658,0.0,0.0,0.060085015265398445,0.0,0.0,0.0,0.0,0.0,0.0,0.01252763441135334,0.0,0.006008329797796286,0.0,0.0,0.0,0.007667580438536977,0.0,0.011825885158785293,0.0,0.0,0.00900197239677568,0.024981978231671753,0.0,0.0,0.0026164212837122836,0.0030962746305222416,0.026182340430276122,0.0,0.0,0.010755524057659338,0.0,0.0,0.009542021895151355,0.0,0.011078307554476937,0.033035933971584504,0.0,0.0,0.0,0.0,0.007811613138436729,0.0,0.015872637081040798,0.03027522408455707,0.0,3.651362930124532e-20,0.0,0.0,0.0,0.0,0.0,0.0,0.0,0.0,0.0,0.0,0.013492617432179624,0.0,0.00863265164131441,3.651362930124532e-20,0.0,0.0,0.02248755352307807,0.009158502812257259,2.9210903440996257e-19,0.009020200396799096,3.651362930124532e-20,0.0,0.025165333504728393,0.0,0.025165333504728386,0.02691735702072028,0.0,0.0,0.006566564992986973,0.0,0.0,0.0,0.0,0.0,0.05027898196670654,0.027759082351568445,0.0,0.016299591729237454,0.0,0.0,0.0281605843477288,0.0,0.0,0.05362896079368406,0.03376035253397682,0.013076798046733644,0.0,0.02858664959985987,0.009806524802147054,0.0,0.0,0.022131078686031674,0.0,0.0,0.020464731576249253,0.0,0.0,0.0,0.022450094142006483,0.0,0.0,0.0,0.026222095654503196,0.0,0.03543267042010454,0.028115884963288793,0.0,0.07160079035479801,0.009221582421394828,9
LFQ intensity D9_3,0.015590184942358655,0.0,0.006001565392879317,0.006102275748243433,0.0004993094224665551,0.007877809124491441,0.01317075004626542,0.0,0.007932040678896907,1.8101719300096622e-19,0.008413574014907553,0.0,0.0004993094224665551,0.014393677367116142,0.0,0.0,0.0470193823541076,0.012537432738414643,0.0,0.0,0.006803175670360027,0.0,0.0,0.012428179810169297,0.0,0.0,0.009918397808728585,0.0,0.0,0.021563930344714106,0.0,0.008766469339174741,0.0,0.0,0.010738011467309494,0.028155398674418273,0.0,0.0,0.0,0.0032175444465399774,0.04929449846709791,0.0,0.0,0.011251327217317898,0.0,0.0,0.0,0.0,0.01592573761207882,0.031849636620629375,0.0,0.0,0.0,0.0,0.01401746240578774,0.0,0.016575243451128627,0.03533508650551522,0.0,0.0,0.0,0.0,0.0,0.0,0.0,0.0,0.0,0.0,0.0,0.0,3.6203438600193244e-19,0.0,0.005667818641471412,0.0,0.0,0.0,0.02607645626099797,0.006102275748243425,0.0,0.0060101253724588214,0.0,1.8101719300096622e-19,0.02581498798212602,0.0,0.025814987982126017,0.01987860718863998,0.0,2.1118672516779392e-19,0.007846183906284793,0.0018483607017132162,0.0,0.0,4.374582164190016e-19,0.0,0.03994277006532405,0.021737797701491725,0.0,0.008562107402968519,0.0,0.0,0.029518412359955996,0.0,0.006679823364674887,0.04805902940825223,0.027762744999419275,0.019779375486622227,0.004854966970713324,0.021735248399233145,0.005519079956398987,0.0,0.0,0.019018415752565646,0.0,0.0,0.015273261073673142,0.0,0.0,0.0,0.02279569140755791,0.0,0.0,0.0,0.02056722944061456,0.003452666636071763,0.027548109230878148,0.027881252721947483,0.0,0.0722917126727052,0.0160830900712859,9
LFQ intensity D9_4,0.009837662711863744,0.0,0.00692130000679722,0.006008612819017688,1.929344135750128e-19,0.002523603646594084,0.021443076247086554,2.7332375256460147e-19,0.006661024666563323,2.7332375256460147e-19,0.0035999368677296917,0.0,1.929344135750128e-19,0.013281830958414025,2.7332375256460147e-19,0.0012359410061830423,0.05090785250362097,0.0,0.0,0.0,0.007367982139070021,0.0,0.0,0.011845584505206801,0.012900723142881656,0.006217941046025327,0.0,0.0,0.0,0.015822797167344527,0.0,0.0,0.0059574548356375314,0.0,0.013264057736119227,0.028665340583711795,0.0,0.0,0.0,0.0036072507729352616,0.028415224353286098,0.0,0.0,0.00932240855119374,0.0,0.0,0.0,0.0023777069922937305,0.01640003378645767,0.032231120234300886,0.0,0.0,0.0,0.0,0.012260719908462059,0.0,0.013860263509509904,0.028365332111083923,0.0,0.0,1.929344135750128e-19,0.0,0.0,0.0,0.0,0.0,0.0,0.0,0.0,0.0,0.009235490787113195,0.0,0.005545563324241708,0.0,0.0,0.0,0.02204146198387473,0.006008612819017688,5.627253729271207e-19,0.015361818647829388,0.0,2.7332375256460147e-19,0.024553016352742194,0.0,0.024553016352742194,0.01923868165853405,0.0,0.0,0.007472881607437907,0.001683115732755184,0.0,0.0,0.0,0.0,0.04265083540062551,0.02788229943206473,0.0,0.004054693876905483,0.0,0.0,0.017760179528659912,0.0,0.006886519094741625,0.056617073240462515,0.0334026089548465,0.021381565804616687,0.0,0.029257464472371958,0.009007453167775294,0.0,0.0,0.020270488286311266,0.0,0.0,0.018022270319296152,0.0,0.009095826646577761,0.0,0.025175039611588776,0.0,0.0,0.0,0.024445390953051475,0.0,0.03399320342099568,0.025941689791513546,0.0,0.06903018011274142,0.01812877580917501,9
LFQ intensity D9_5,0.01229016965641337,0.0,0.007229203940338306,0.007717075073732455,0.0,0.005403574063889451,0.0214572620716375,3.0568158035901066e-19,0.006366375030978316,3.0568158035901066e-19,0.0020337504240713878,0.0,0.0,0.018989011507119544,3.0568158035901066e-19,0.0006407995926915122,0.04440964095711102,0.0,0.0,0.0,0.0075450769134256385,0.0,0.0,0.007665913932257932,3.2177008458843224e-19,0.00771274007586851,0.009067743139954188,0.0,0.0,0.008501148171856506,0.0,0.0036527107923040917,0.0159462972281569,0.0,0.010360196649877343,0.030223207973819305,0.0,0.0,0.0011712453937736636,0.003457521271600043,0.024195287167277226,0.0,0.0,0.014627650405344608,0.0,0.0,0.0,0.0031950810259744,0.01557126956638573,0.03547964291061196,0.0,0.0,0.0,0.0,0.012313702337783249,0.0,0.013909504057357086,0.03429427841103845,0.0,0.0,0.0,0.0,0.0,0.0,0.0,0.0,0.0,0.0,0.0,0.0,0.006968703958964631,0.0,0.007253684892772995,0.0,0.0,0.0,0.02063511871798241,0.007717075073732448,0.0,0.0076005396372262985,0.0,0.0,0.025303388876050544,0.0,0.02530338887605054,0.024769974463769027,0.0,0.0,0.006297465095247352,0.0,0.0,0.0,9.653102537652967e-20,6.803488824388275e-05,0.03822100677613364,0.02338657000436694,0.0030522207413695253,0.011960765614088988,0.0,0.0,0.03433811892660018,0.0,0.010224364571624008,0.049809625660245625,0.03421176608962103,0.017775262493983483,0.0,0.027180004584197726,0.006390624783843951,0.0,0.0,0.01950263284453838,0.0,0.0,0.017168155643312647,0.0,0.011756185884038105,0.0,0.02227448010950556,0.0,0.0,0.0,0.02782620888460349,0.0002549357076378835,0.029381156421170614,0.024891435710639617,0.0,0.053552401499550185,0.019497622826238573,9
LFQ intensity D9_6,0.01820539566160554,0.0,0.002753087458767509,0.007907723432642828,0.0,0.008488502057153693,0.016812028660363035,6.258499501391811e-20,0.012768091123201493,6.258499501391811e-20,0.003272711486775083,0.0,0.0,0.014383023533293005,0.0,0.0066848663604108325,0.045754447530441285,0.00949792369145909,0.0,0.0,0.008105157546917046,0.0,0.0,0.013140418996004028,0.0,0.009780459282761427,0.012583306116477016,0.0,0.0,0.018462144530389524,0.0,0.010456690887893907,0.0,0.0,0.009100255656296154,0.01970188323663767,0.0,0.0,0.0,0.007875225406759466,0.04985967152887588,0.0,0.0,0.009942949544229448,0.0,0.0,0.0,0.0,0.012581393184445058,0.04018229816763819,0.0,0.0,0.0,0.0,0.011071998746289577,0.0,0.014017755594865284,0.002580300874497366,0.0,0.0,0.0,0.0,0.0,0.0,0.0,0.0,0.0,0.0,0.0,0.0,0.007190337663900904,0.0,0.0074570632258475445,0.0,0.0,0.0,0.02063842674676757,0.00790772343264282,0.0,0.007788309018089615,0.0,6.258499501391811e-20,0.02779737676356169,0.0,0.027797376763561688,0.019681009495450784,0.0,0.0,0.00434977454811684,0.0,0.0,0.0,0.0,0.00391105280928936,0.03576895591777221,0.016501342489656776,0.0031558522770735544,0.005377442264511699,0.0,0.0,0.0045911070600903985,0.0,0.01001416331224111,0.06045008126359532,0.030891725919318477,0.02203514389841817,0.0,0.0257746747675416,0.007351401183403348,0.0,0.0,0.019726316080493893,0.0,0.0,0.01753845273903038,0.0,0.0,0.0,0.02478437244094352,0.0,0.0,0.0,0.02821933727048084,0.004660755010420661,0.033080637515965426,0.026974375004243847,0.0,0.07255784903534405,0.020057853785135527,9
LFQ intensity D9_7,0.017479801421015895,0.0,0.0018716183489972463,0.00671715769780045,0.00033091034822555816,0.0019516604755695731,0.021007573858682557,0.0,0.00962719162469328,1.5751331169229096e-19,0.006621888172227538,0.0,0.00033091034822555816,0.012750848293512564,1.5751331169229096e-19,0.0,0.04107112523373142,0.00989601756691055,0.0,0.0,0.007696112270027859,0.0,0.0,0.008984263370866113,0.0,0.003367666626903662,0.008761287158577826,0.0,0.0,0.020907000527762152,0.0,0.009391790086308876,0.003464507307886541,0.0,0.006415205457909405,0.021296055478086853,0.0,0.0,0.0,0.006513933755404211,0.06161914494415851,0.0,0.0,0.007308955982192519,0.0,0.0,0.009971342952205305,0.0,0.016237639738423983,0.027276087104664882,0.0,0.0,0.0,0.0,0.019692243989332957,0.0,0.017210965605558865,0.018511736118148825,0.0,4.725399350768729e-19,2.2051863636920734e-19,0.0,0.0,0.0,0.0,0.0,0.0,0.0,0.0,0.0,0.004125938619593392,0.0,0.0062634958585681,4.725399350768729e-19,0.0,0.0,0.020755329516647828,0.006717157697800445,1.5751331169229096e-19,0.006615721998793416,4.725399350768729e-19,1.5751331169229096e-19,0.02606427502397028,0.0,0.026064275023970275,0.025691812417387855,0.0,0.0,0.011781996970379268,0.0,0.0,0.0,0.0,0.0,0.04071988563737539,0.023495550844431196,0.0,0.00777442456206763,0.0,0.0,0.02063547551514553,0.0,0.009404780357724846,0.05040097850393324,0.030245364315500133,0.02275328000558344,0.0054277126722477665,0.02381744529024055,0.006325028117233637,0.0,0.0,0.0,0.0,0.0,0.0190809788860913,0.0,0.017139588940229798,0.0,0.02093702875682851,0.0,0.0,0.0,0.01842266472669544,0.002006994473403221,0.030115516082843026,0.023632662931724165,0.0,0.0706480149610679,0.018653979428510888,9
LFQ intensity D9_8,0.01794555984670386,0.0,0.0200329825068395,0.00872816863490831,0.001827895130567621,0.0055239189440824555,0.01679377571717676,0.0,0.009103503280902578,0.0,0.004817421802454174,0.0,0.001827895130567621,0.010824705597050904,0.0,0.0027153094266640526,0.04764957010967429,0.0,0.0,0.0,0.006891805083195433,0.0,0.0,0.009817360013565321,0.0,0.006646236965395895,0.008243852626105592,0.0,0.0,0.013180268618100548,0.0,0.00437259856906079,0.010248323179046703,0.0,0.011603599411557319,0.025438859360886024,0.0,0.0,0.0,0.006218141857006445,0.05683839392799494,0.0028971211456656058,0.0,0.011278323978343139,0.0,0.0,0.005335190037203902,0.0,0.012824639643873776,0.03262234121196456,0.0,0.0,0.0,0.0,0.0,0.0,0.015711586410338617,0.016602104992894946,0.0,2.870775107177787e-19,3.508725130995073e-19,0.0,0.0,0.0,0.0,0.0,0.0,0.0,0.0,0.0,0.00879294158867155,0.0,0.008727992726605571,2.870775107177787e-19,0.0,0.0,0.02397177260928887,0.008728168634908304,0.0,0.00859636468949504,2.870775107177787e-19,0.0,0.0243100791778015,0.0,0.024310079177801498,0.021988477321191163,0.0,0.0,0.010026561191181806,0.004274563172543375,0.0,0.0,3.508725130995073e-19,0.0,0.03736723716284632,0.025493495184775748,0.0012014417047689272,0.001635252301938902,0.0,0.0,0.00472275586529358,0.0,0.008701664543498402,0.04937695174013412,0.027699648889644584,0.020083519686167096,0.006092628391734668,0.023350807710422306,0.005818635259953327,0.0,0.0,0.029924902136082406,0.0,0.0,0.009715907551414518,0.0,0.0,0.0,0.024179547135096627,0.0,0.0,0.0,0.0336907842439467,0.0,0.02912593546823938,0.028862924189377324,0.0,0.06654119231548156,0.01812631506990316,9
LFQ intensity D9_9,0.015542163588461652,0.0,0.0017950379520265316,0.007681657310198426,0.0009314204095507746,0.003949008081463588,0.018299768096398456,3.219625686841518e-20,0.00647818175333107,3.219625686841518e-20,0.004140601540868095,0.0,0.0009314204095507746,0.015537707540754616,0.0,0.0002303275983556151,0.04673062851157376,0.0,0.0,0.0,0.0075189055497708445,0.0,0.0,0.009425327683874734,0.0,0.0,0.008822545170026721,0.0,0.0,0.004330118047428841,0.0,0.00909695671580341,0.010805194849642907,0.0,0.009041044153636872,0.023614381054816135,0.0,0.0,0.004421407676488869,0.003364479087830789,0.06422358140904816,0.0,0.0,0.009597713579710261,0.0,0.0,0.0,0.0,0.0015167435252914489,0.034114713191933876,0.0,0.0,0.0,0.0,0.019607493907083513,0.0,0.012836228879531763,0.024684057744322165,0.0,0.0,0.0,0.0,0.0,0.0,0.0,0.0,0.0,0.0,0.0,0.0,0.010369002480336318,0.0,0.0072179907343115895,0.0,0.0,0.0,0.019508043897580974,0.007681657310198426,0.0,0.007565656716815358,0.0,0.0,0.026026022070603096,0.0,0.026026022070603096,0.02217422768074548,0.0,0.0,0.0074852020526987905,0.0018115040277743286,0.0,0.0,0.0,0.0,0.03926017232311038,0.023538587111480307,0.0028733030103360296,0.0027745765437347035,0.0,0.0,0.0226594366030112,0.0,0.009071746505958447,0.05249728217017845,0.03362689489694088,0.01899578032246955,0.0,0.026928156124014363,0.007109823736180057,0.0,0.0,0.0202960322823031,0.0,0.0,0.018044981207869577,0.0,0.01079753303730674,0.0,0.025906924292860296,0.0,0.0,0.0,0.028734524502498394,0.009857498200068836,0.031169761741081686,0.021521336016135772,0.0,0.060677079762410026,0.018524425549608897,9
